confederation,month,log_mean,log_p5,log_p95,elo_mean,elo_p5,elo_p95
UEFA,1992-01,7.251923194197194,7.226124359767057,7.276747225463158,1410.9916445783094,1374.883610996579,1446.2759561176192
UEFA,1992-02,7.25186402131433,7.2260839132664865,7.276576636993629,1410.9070935973589,1374.8280031218133,1446.0292591062005
UEFA,1992-03,7.2518120142337805,7.226107008940303,7.276600099958613,1410.8327713635601,1374.8597560532826,1446.0631876058944
UEFA,1992-04,7.251767092678047,7.225917651625706,7.276272669254583,1410.7685542330782,1374.5994410546161,1445.5897797620607
UEFA,1992-05,7.251729176369627,7.226054348362057,7.276146060889875,1410.714319265851,1374.787356561297,1445.4067674400574
UEFA,1992-06,7.251698185031028,7.225933235004711,7.276001274740743,1410.669944201586,1374.6208615470873,1445.197508046964
UEFA,1992-07,7.251674038384752,7.225823051039756,7.275991497571752,1410.63530743616,1374.469408698554,1445.1833779931171
UEFA,1992-08,7.251656656153298,7.225954962466316,7.275976500014761,1410.610287998413,1374.6507288931316,1445.161703778848
UEFA,1992-09,7.25164595805917,7.225967330755308,7.275971449719633,1410.594765527341,1374.6677310530488,1445.154405345975
UEFA,1992-10,7.251641863824869,7.226054424051955,7.2757818954401685,1410.5886202496733,1374.7874606153068,1444.8804960964806
UEFA,1992-11,7.251644293172899,7.226151213550372,7.2757912051965326,1410.5917329578403,1374.920532039988,1444.8939476363428
UEFA,1992-12,7.25165316582576,7.226260047640045,7.275781708376982,1410.6039849883202,1375.070178431958,1444.8802259952643
UEFA,1993-01,7.251668401505956,7.226238090595281,7.275893548662547,1410.6252582003642,1375.0399863384393,1445.0418306350823
UEFA,1993-02,7.251689919935987,7.226208013462092,7.2759609433887595,1410.6554349551018,1374.99862980181,1445.1392221852966
UEFA,1993-03,7.251717640838357,7.226105242721397,7.276067324721458,1410.6943980950118,1374.8573273865504,1445.2929661287353
UEFA,1993-04,7.251751483935567,7.226062559563102,7.27605610603238,1410.7420309237648,1374.7986453347103,1445.2767520598413
UEFA,1993-05,7.251791368950119,7.226153113442706,7.276111946550656,1410.7982171864332,1374.9231445112407,1445.3574592027082
UEFA,1993-06,7.2518372156045166,7.226244003817751,7.276226229878613,1410.8628410500617,1375.0481172621546,1445.5226489020704
UEFA,1993-07,7.251888943621259,7.226243340758603,7.276244192494504,1410.9357870845963,1375.0472054650363,1445.5486145011216
UEFA,1993-08,7.251946472722852,7.22646883164131,7.276290314266782,1411.0169402441772,1375.357302824217,1445.6152872925584
UEFA,1993-09,7.2520097226317946,7.226441663915987,7.27633156921001,1411.1061858487788,1375.319937472637,1445.674927367821
UEFA,1993-10,7.252078613070592,7.226371334328276,7.27640366045047,1411.203409566206,1375.223213930255,1445.7791516337713
UEFA,1993-11,7.2521530637617415,7.226538520060053,7.27653530696963,1411.3084973944415,1375.4531508491996,1445.9694962750104
UEFA,1993-12,7.25223299442775,7.226712231302285,7.276662285886102,1411.4213356443383,1375.6921032838864,1446.1531151660665
UEFA,1994-01,7.252318324791117,7.226881228495187,7.276714800028606,1411.5418109226596,1375.9246116414777,1446.2290611402823
UEFA,1994-02,7.252408974574346,7.226964898728152,7.276787354469294,1411.669810115461,1376.039740696402,1446.3339948389416
UEFA,1994-03,7.252504863499937,7.227011600715254,7.276882024834975,1411.8052203718166,1376.1040052903688,1446.470926510907
UEFA,1994-04,7.252605911290394,7.227141926068072,7.276981470058707,1411.9479290878805,1376.2833581896068,1446.6147790044615
UEFA,1994-05,7.252712037668219,7.227345149775299,7.277078728832987,1412.097823891294,1376.563081298181,1446.7554815155493
UEFA,1994-06,7.252823162355913,7.227546737497698,7.277265891636361,1412.2547926259226,1376.8406084607632,1447.0262850125016
UEFA,1994-07,7.252939205075979,7.227655374155286,7.277364081340643,1412.4187233369285,1376.9901912449645,1447.1683754674082
UEFA,1994-08,7.253060085550919,7.2277256024520575,7.277516307736798,1412.5895042561813,1377.0868972312983,1447.3886892943724
UEFA,1994-09,7.253185723503235,7.227789375145608,7.277679900529848,1412.767023787998,1377.1747199646716,1447.6254908050587
UEFA,1994-10,7.253316038655429,7.227912958753636,7.2777704607760265,1412.95117049521,1377.3449267585352,1447.7565940388115
UEFA,1994-11,7.253450950730002,7.2280749502250945,7.277841854838457,1413.1418330855688,1377.5680629979047,1447.859958985123
UEFA,1994-12,7.253590379449459,7.228203389636396,7.277973476008095,1413.3389003984726,1377.7450082831822,1448.0505405179329
UEFA,1995-01,7.253734244536299,7.228399320087256,7.278099867254539,1413.5422613920205,1378.014977397839,1448.2335731017383
UEFA,1995-02,7.253882465713027,7.22853755700263,7.278228285567119,1413.751805130401,1378.2054832095894,1448.4195651071327
UEFA,1995-03,7.254034962702143,7.228640505549915,7.27837054909463,1413.9674207715964,1378.3473744495545,1448.6256368730303
UEFA,1995-04,7.254191655226148,7.228731012244178,7.278563606667622,1414.188997555418,1378.4721294838912,1448.9053317313985
UEFA,1995-05,7.254352463007547,7.228880020369822,7.278683101345085,1414.416424791864,1378.6775483737572,1449.0784787944597
UEFA,1995-06,7.254517305768842,7.229063666771873,7.278811304613316,1414.649591849802,1378.9307612698249,1449.2642679096155
UEFA,1995-07,7.254686103232532,7.229260919338666,7.278974909543292,1414.8883881459697,1379.2027868479743,1449.5013945163157
UEFA,1995-08,7.25485877512112,7.2294359551621055,7.27914663095034,1415.1327031343053,1379.4442190696634,1449.7503266900787
UEFA,1995-09,7.255035241157112,7.229616549876471,7.279324845622925,1415.382426295594,1379.693361645071,1450.0087168068178
UEFA,1995-10,7.2552154210630055,7.229737160722642,7.279520710772957,1415.6374471274366,1379.8597763089379,1450.2927506627736
UEFA,1995-11,7.255399234561304,7.22985758948164,7.2797268642848145,1415.8976551345427,1380.0259602099475,1450.5917640048845
UEFA,1995-12,7.255586601374512,7.22998059011161,7.279937428870371,1416.1629398193413,1380.1957143825323,1450.8972390544511
UEFA,1996-01,7.255777441225128,7.230196468937742,7.2801761092956285,1416.4331906729121,1380.4937017042075,1451.2435806141978
UEFA,1996-02,7.255971673835655,7.230423797507947,7.280437640471732,1416.7082971662405,1380.80756303284,1451.623175260152
UEFA,1996-03,7.256169218928596,7.230656217319007,7.280684124021697,1416.9881487417886,1381.1285273906947,1451.9810205162016
UEFA,1996-04,7.256369996226453,7.230890875396514,7.2808872376760725,1417.272634805389,1381.4526584358518,1452.275967698779
UEFA,1996-05,7.256573925451727,7.2310856709103275,7.28109275678837,1417.5616447184584,1381.721785304816,1452.5744688147533
UEFA,1996-06,7.256780926326922,7.231285450988129,7.281302176352813,1417.8550677905334,1381.9978532865398,1452.878698156034
UEFA,1996-07,7.256990918574538,7.231501566677993,7.281515373610226,1418.1527932721187,1382.2965569940147,1453.1884809132966
UEFA,1996-08,7.257203821917078,7.231696364322332,7.281721325071998,1418.4547103478683,1382.5658513277442,1453.4877980301117
UEFA,1996-09,7.257419556077046,7.231912142719126,7.2819211314452,1418.7607081300778,1382.8642113731248,1453.7782432089248
UEFA,1996-10,7.257638040776942,7.232171141041235,7.2821572246730595,1419.070675652498,1383.2224172909023,1454.1215109039276
UEFA,1996-11,7.257859195739268,7.232493062848476,7.282409252440437,1419.3845018644768,1383.6677786131781,1454.4880360669993
UEFA,1996-12,7.258082940686527,7.2326929254098165,7.282643086656707,1419.7020756254155,1383.9443494611082,1454.8281849275904
UEFA,1997-01,7.258309195341219,7.232979299353909,7.282880361902963,1420.0232856995458,1384.3407317724245,1455.1734206684475
UEFA,1997-02,7.258537879425848,7.233240107711753,7.28314813394816,1420.3480207510386,1384.7018265406034,1455.563127514076
UEFA,1997-03,7.258768912662918,7.233375052311133,7.283364823686186,1420.6761693394242,1384.8886971568427,1455.8785676545606
UEFA,1997-04,7.2590022147749265,7.23351347924774,7.283657332475306,1421.0076199153389,1385.0804163102166,1456.30448708498
UEFA,1997-05,7.259237705484379,7.233655420300063,7.283959313591362,1421.3422608166013,1385.2770300280997,1456.7443298151568
UEFA,1997-06,7.259475304513777,7.233891077052118,7.2842536788860155,1421.6799802646044,1385.6035185004716,1457.1732078084244
UEFA,1997-07,7.259714931585623,7.2341064238639685,7.284509312386999,1422.0206663610306,1385.9019358909895,1457.5457578564349
UEFA,1997-08,7.259956506422416,7.234407120068188,7.284819134451419,1422.3642070849037,1386.318734448136,1457.9974075247967
UEFA,1997-09,7.260199948746661,7.234683989594326,7.285132208209027,1422.7104902899546,1386.7026174996117,1458.45393969598
UEFA,1997-10,7.26044517828086,7.234872467050512,7.285430637866383,1423.059403702314,1386.9640038628954,1458.8892505668546
UEFA,1997-11,7.260692114747514,7.235063944092039,7.285667133710272,1423.410834918541,1387.2296006665615,1459.2343127102122
UEFA,1997-12,7.260940677869127,7.235291160102312,7.285916363621719,1423.7646714039695,1387.5448371061261,1459.5980431213197
UEFA,1998-01,7.261190787368198,7.2355889549762,7.286180932143002,1424.1208004913822,1387.9581025011926,1459.9842575549972
UEFA,1998-02,7.261442362967232,7.235806295678884,7.286379405897157,1424.4791093800243,1388.259794914587,1460.274055050315
UEFA,1998-03,7.2616953243887306,7.236009225970487,7.286571902743895,1424.8394851349333,1388.5415434683841,1460.5551808956118
UEFA,1998-04,7.261949591355194,7.236214452037308,7.286867364257906,1425.2018146866028,1388.826537633724,1460.986781790788
UEFA,1998-05,7.2622050835891265,7.236422075775782,7.28708191741368,1425.5659848309838,1389.1149209313287,1461.300274897577
UEFA,1998-06,7.262461720813028,7.236632673616572,7.287338637802208,1425.931882229809,1389.407496334704,1461.675469004304
UEFA,1998-07,7.262719422749403,7.236844923853422,7.28763277477189,1426.2993934112465,1389.7024297182902,1462.1054649760986
UEFA,1998-08,7.262978109120751,7.237060351985452,7.287921863101241,1426.6684047709005,1390.0018429719696,1462.5282031676568
UEFA,1998-09,7.263237699649578,7.2372785853748685,7.288213683881761,1427.0388025731309,1390.3052208941192,1462.9550615328803
UEFA,1998-10,7.263498114058382,7.237499725918102,7.288506985313858,1427.4104729527096,1390.6127077510125,1463.3842113731973
UEFA,1998-11,7.263759272069667,7.237723875511588,7.288794606997962,1427.7833019168197,1390.9244479698998,1463.8051728310313
UEFA,1998-12,7.264021093405935,7.237911522206345,7.289084387356561,1428.157175347383,1391.1854747879454,1464.229416301234
UEFA,1999-01,7.264283502741965,7.2381358907751885,7.2893501005495045,1428.5319860961736,1391.497648152378,1464.6185330682813
UEFA,1999-02,7.264546444561649,7.238365896105781,7.289607605762291,1428.9076552892109,1391.8177368036158,1464.9957285449898
UEFA,1999-03,7.264809868301162,7.238648670352232,7.2898869854997965,1429.2841110923523,1392.211362672165,1465.4050758232552
UEFA,1999-04,7.265073723396667,7.238904712097679,7.290124856571886,1429.6612816232605,1392.5678725206133,1465.7536947754907
UEFA,1999-05,7.265337959284339,7.239185218410435,7.290398301633076,1430.0390949496373,1392.9585514732244,1466.1545526765249
UEFA,1999-06,7.265602525400348,7.239467280678554,7.290646614230698,1430.417479087508,1393.3515081185033,1466.5186625242106
UEFA,1999-07,7.2658673711808595,7.239750811185687,7.290866212800332,1430.796361999572,1393.7466220583926,1466.8407433323384
UEFA,1999-08,7.266132446062049,7.240010117131409,7.291090384433566,1431.1756715936283,1394.1080757876484,1467.1696043652676
UEFA,1999-09,7.266397699480085,7.240252335067175,7.291334975258966,1431.5553357210522,1394.445794570237,1467.5285044921839
UEFA,1999-10,7.266663080871135,7.240494468446067,7.291580728815016,1431.93528217534,1394.7834772150807,1467.8891991594758
UEFA,1999-11,7.266928539671373,7.240736476452039,7.2918275846950475,1432.3154386907245,1395.1210667202554,1468.2516009552546
UEFA,1999-12,7.267194025316967,7.240978318269042,7.292090145480323,1432.6957329408476,1395.4585060296795,1468.6371567869735
UEFA,2000-01,7.267459487244087,7.241219953081029,7.292356762583763,1433.076092537497,1395.795738033064,1469.028772724201
UEFA,2000-02,7.267724874888904,7.241461340071949,7.292608911055354,1433.456445029416,1396.132705565884,1469.399232781215
UEFA,2000-03,7.2679901376875895,7.241702438425756,7.292846625741713,1433.8367179011705,1396.469351409385,1469.7485720788266
UEFA,2000-04,7.268255225076311,7.241961010817495,7.293082952820228,1434.2168385720788,1396.8304865283535,1470.0959545117169
UEFA,2000-05,7.26852008649124,7.2422282824692585,7.293327206780334,1434.5967343952163,1397.203869666046,1470.4550751266233
UEFA,2000-06,7.268784671368545,7.242497922922942,7.293570615084281,1434.9763326564791,1397.5806631698536,1470.8130396722904
UEFA,2000-07,7.2690489291443985,7.24276945258078,7.29381572354493,1435.3555605737056,1397.9601992845407,1471.173592590508
UEFA,2000-08,7.269312809254969,7.2430431290721815,7.294062438682009,1435.7343452958814,1398.3428404343183,1471.5365981802117
UEFA,2000-09,7.269576261136429,7.243317942497445,7.294310667015247,1436.1126139023936,1398.7271766050205,1471.901920617615
UEFA,2000-10,7.269839234224944,7.243601894841587,7.294559806810695,1436.4902934023528,1399.1244048600333,1472.268675637701
UEFA,2000-11,7.2701016779566885,7.2438937236521,7.294809599252529,1436.8673107339916,1399.5327692735007,1472.6364831263784
UEFA,2000-12,7.270363541767831,7.244185440823319,7.295062029212809,1437.2435927641177,1399.941096604062,1473.0082676042236
UEFA,2001-01,7.270624775094542,7.2444348174021025,7.295316608038648,1437.6190662876324,1400.2902526066637,1473.3833121787302
UEFA,2001-02,7.270885327372991,7.2447227961780865,7.295571234814282,1437.9936580271274,1400.693564560809,1473.7585228257576
UEFA,2001-03,7.271145148039349,7.245044929207083,7.295826579238756,1438.3672946325346,1401.1448470390392,1474.134886911459
UEFA,2001-04,7.271404186529785,7.245349720099229,7.296095466329378,1438.7399026808446,1401.571968458749,1474.531315996951
UEFA,2001-05,7.27166239228047,7.245639774311958,7.2963936457109435,1439.1114086758998,1401.9785593482982,1474.971056277158
UEFA,2001-06,7.2719197147275745,7.24586576799768,7.296652701542188,1439.481739048246,1402.2954331648868,1475.3532056263766
UEFA,2001-07,7.272176103307268,7.246089020708048,7.2968556104764755,1439.8508201550485,1402.6085343013815,1475.6525985372034
UEFA,2001-08,7.27243150745572,7.2463096990286715,7.297114314269502,1440.218578280087,1402.918093764805,1476.0344048451052
UEFA,2001-09,7.272685876609103,7.246598368962664,7.297373409495423,1440.5849396338058,1403.3231326411756,1476.4168878555136
UEFA,2001-10,7.272939160203585,7.246912831860204,7.2976328026739665,1440.9498303534306,1403.7644953016963,1476.7999099918595
UEFA,2001-11,7.273191307675336,7.247215958669738,7.297892400324861,1441.313176503165,1404.1900784089971,1477.1833335350989
UEFA,2001-12,7.273442268460527,7.247431513179918,7.298152108967835,1441.6749040744426,1404.4927902087334,1477.56702062326
UEFA,2002-01,7.273691991995329,7.247738818860318,7.298411037715044,1442.0349389862438,1404.9244653304982,1477.949654657871
UEFA,2002-02,7.2739404277159085,7.2480497158564985,7.298669563213394,1442.3932070854976,1405.3613200766258,1478.331791656155
UEFA,2002-03,7.27418752505844,7.248333044428364,7.298925129894631,1442.749634147532,1405.759555407663,1478.7096522685422
UEFA,2002-04,7.274433233459091,7.248574115096496,7.29915806095724,1443.1041458765994,1406.0984835344802,1479.0541298306546
UEFA,2002-05,7.274677502354034,7.24887375557294,7.29938933897059,1443.4566679064749,1406.5198707628817,1479.3962421507342
UEFA,2002-06,7.274920281179437,7.249127207033388,7.299617507295593,1443.8071258011166,1406.876400366298,1479.73383197867
UEFA,2002-07,7.275161519371471,7.249362140087657,7.299847822445111,1444.1554450553908,1407.206961024943,1480.0746763103857
UEFA,2002-08,7.275401166366306,7.249594346361695,7.300074168593091,1444.5015510958783,1407.5337615519388,1480.4097234263688
UEFA,2002-09,7.275639171600111,7.24983007650617,7.300281884598146,1444.8453692817357,1407.8655985680164,1480.7172601576387
UEFA,2002-10,7.275875484509059,7.250064153553579,7.300488547439741,1445.1868249056286,1408.195186046347,1481.023301043202
UEFA,2002-11,7.276110054529316,7.250316406584679,7.3006932297411185,1445.525843194742,1408.5504523592717,1481.3264713759472
UEFA,2002-12,7.276342831097057,7.250585836541976,7.30089592138267,1445.8623493118491,1408.9300093035988,1481.6267543753959
UEFA,2003-01,7.276573763648448,7.250853861089139,7.301096612244787,1446.196268356448,1409.307687997823,1481.9241332656031
UEFA,2003-02,7.27680280161966,7.251120385432951,7.301295292207857,1446.5275253659813,1409.6833532527576,1482.218591275459
UEFA,2003-03,7.2770298944468665,7.251385314780195,7.301526922244647,1446.8560453171096,1410.056869744813,1482.5619571780317
UEFA,2003-04,7.277254991566233,7.251648554337653,7.3017598886379425,1447.1817531270574,1410.4281020179792,1482.9073843861318
UEFA,2003-05,7.277478042413933,7.251910009312111,7.301984413894422,1447.504573655038,1410.796914485935,1483.240371895057
UEFA,2003-06,7.277698996426134,7.25216958491035,7.30217911241526,1447.8244317037354,1411.1631714342864,1483.5291847890562
UEFA,2003-07,7.277917803039008,7.252427186339152,7.3023721239036306,1448.14125202086,1411.5267370229276,1483.81555077461
UEFA,2003-08,7.2781344116887245,7.2526846759532875,7.302562387745775,1448.4549593007794,1411.8902374919799,1484.0978941888686
UEFA,2003-09,7.278348771811455,7.252886820478192,7.302750955939638,1448.7654781862102,1412.1756705570313,1484.3777743602102
UEFA,2003-10,7.278560832843368,7.253038452737382,7.3029456172652925,1449.0727332699812,1412.3898160852864,1484.6667534968926
UEFA,2003-11,7.278770544220634,7.25318856337297,7.30316590984325,1449.3766490968744,1412.601845622622,1484.9938504186905
UEFA,2003-12,7.278977855379423,7.253374068401145,7.3033830125830015,1449.677150165526,1412.8639145275088,1485.316281518331
UEFA,2004-01,7.279182715755903,7.253605579664122,7.303598605047258,1449.9741609303985,1413.191046866371,1485.6365389301313
UEFA,2004-02,7.279385074786249,7.253771628973333,7.3038154165389155,1450.2676058038314,1413.4257259605668,1485.958676838575
UEFA,2004-03,7.2795848819066284,7.2539394426977895,7.304028938640846,1450.5574091581523,1413.6629376283277,1486.2759956920572
UEFA,2004-04,7.279782086553211,7.254105040301092,7.30423176441356,1450.843495327858,1413.897055932384,1486.5774813360238
UEFA,2004-05,7.279976638162168,7.25426795425301,7.304418150158972,1451.1257886118763,1414.1274181699248,1486.8545840108318
UEFA,2004-06,7.280168486169669,7.254475078144198,7.30460385187492,1451.4042132758868,1414.4203481564198,1487.1307211022677
UEFA,2004-07,7.280357580011883,7.254678201150628,7.304805381915387,1451.6786935547143,1414.7076788916354,1487.4304528134649
UEFA,2004-08,7.280543869124982,7.254879934252908,7.304998307421304,1451.9491536547966,1414.993101087084,1487.7174437701312
UEFA,2004-09,7.280727302945137,7.255079180156297,7.305144024834637,1452.2155177567195,1415.2750606438112,1487.9342459631525
UEFA,2004-10,7.280907830908514,7.255274687961907,7.305319089951496,1452.4777100178203,1415.5517849255243,1488.194754169894
UEFA,2004-11,7.2810854024512865,7.255466361699493,7.305491052505713,1452.7356545748646,1415.8231349620166,1488.4506899320727
UEFA,2004-12,7.281259967009626,7.25565410539881,7.305660409701375,1452.9892755467934,1416.0889717391303,1488.702791100154
UEFA,2005-01,7.281431474019696,7.255837823089617,7.305843769266268,1453.2384970375358,1416.3491562040356,1488.975783978722
UEFA,2005-02,7.281599872917675,7.256017418801666,7.306020384821423,1453.4832431388975,1416.6035492706599,1489.23878347834
UEFA,2005-03,7.28176511313973,7.256205038567535,7.3061784704494,1453.7234379335177,1416.869357037546,1489.474229366382
UEFA,2005-04,7.281927144122027,7.256361734815532,7.306332877961705,1453.9590054978926,1417.0913925443779,1489.704233146918
UEFA,2005-05,7.2820859153007405,7.256526412745748,7.306513307938953,1454.189869905475,1417.3247754763374,1489.9730446539893
UEFA,2005-06,7.28224137611204,7.2566805264109,7.3066669505957424,1454.4159552298388,1417.543221465986,1490.2019856936329
UEFA,2005-07,7.282393475992096,7.256821820078899,7.306811173361178,1454.6371855479147,1417.7435254132622,1490.416922376433
UEFA,2005-08,7.282542164377078,7.256995892366483,7.306950651257029,1454.8534849432995,1417.9903368370672,1490.6248173169163
UEFA,2005-09,7.282687390703156,7.257142190937503,7.307084052565,1455.0647775096304,1418.1978020523563,1490.823681968019
UEFA,2005-10,7.282829104406499,7.25728368214214,7.3072121412285815,1455.270987354028,1418.3984788612386,1491.0146518297577
UEFA,2005-11,7.282967254923281,7.257420272608899,7.307346412589415,1455.4720386006188,1418.5922319115114,1491.2148657555458
UEFA,2005-12,7.283101814980398,7.2575519979375684,7.307480857641321,1455.6678893182113,1418.7791088462545,1491.415365577683
UEFA,2006-01,7.283232850467685,7.257679502867914,7.307612169187099,1455.8586333324022,1418.960021701551,1491.61121838298
UEFA,2006-02,7.283360450565694,7.257802364384708,7.307740436252659,1456.0443985161942,1419.1343679580984,1491.8025551529786
UEFA,2006-03,7.283484704454992,7.257920713853212,7.307865747863911,1456.225312870157,1419.3023316403708,1491.9895069801296
UEFA,2006-04,7.283605701316135,7.258034682638685,7.307992173522314,1456.40150451732,1419.4640969507147,1492.1781446464686
UEFA,2006-05,7.283723530329684,7.2581444021063914,7.308092186813224,1456.5731016982036,1419.6198482609368,1492.327389751467
UEFA,2006-06,7.2838382806762,7.258250003621591,7.308177160042509,1456.7402327659715,1419.769770104136,1492.4542031054402
UEFA,2006-07,7.283950041536241,7.258351618549547,7.308303877978411,1456.9030261817225,1419.9140471667843,1492.6433357665346
UEFA,2006-08,7.284058902090367,7.258449378255521,7.3084281815804255,1457.0616105099098,1420.0528642810486,1492.8288882129523
UEFA,2006-09,7.284164951519139,7.258543445638402,7.308550145321476,1457.2161144138943,1420.186451200987,1493.0109702924951
UEFA,2006-10,7.284268279003117,7.258657775218046,7.308669843674492,1457.3666666516265,1420.3488298269535,1493.189691931897
UEFA,2006-11,7.284368973722858,7.25876177326534,7.308784600268183,1457.5133960714668,1420.4965510605366,1493.361055125016
UEFA,2006-12,7.284467124858927,7.2588323264144385,7.3088899931547235,1457.6564316081335,1420.5967750682773,1493.518453058214
UEFA,2007-01,7.284562821591878,7.2589004794881165,7.308991904113245,1457.7959022787848,1420.693596382902,1493.670666704207
UEFA,2007-02,7.284656153102276,7.25896634019621,7.309088778347803,1457.931937179236,1420.7871673382863,1493.8153719164538
UEFA,2007-03,7.284747208570679,7.259048700998661,7.309193759606393,1458.064665480309,1420.9041893361161,1493.9722027963112
UEFA,2007-04,7.284836077177645,7.259193191354712,7.309291987745638,1458.1942164243142,1421.1095114557218,1494.1189601546305
UEFA,2007-05,7.284922848103738,7.259336561115184,7.309387408028326,1458.3207193216676,1421.3132709614233,1494.2615361871449
UEFA,2007-06,7.2850076105295125,7.2594786819543105,7.309481290274835,1458.4443035476413,1421.5152847832046,1494.4018273839458
UEFA,2007-07,7.285090453635534,7.259596843519107,7.309573720021422,1458.5650985392494,1421.6832643528824,1494.5399609360395
UEFA,2007-08,7.285171466602358,7.259685673683348,7.309664782804344,1458.6832337922667,1421.8095590267135,1494.676064091448
UEFA,2007-09,7.285250738610546,7.25977337167661,7.3097545641598565,1458.7988388583815,1421.9342551405068,1494.8102641534185
UEFA,2007-10,7.285328358840659,7.2598599957095855,7.309842250241816,1458.912043342485,1422.0574350557488,1494.9413439542047
UEFA,2007-11,7.285404416473255,7.259938345861345,7.309923181120217,1459.0229769000941,1422.1688586089997,1495.0623357686425
UEFA,2007-12,7.285479000688895,7.259998709401276,7.310003090562117,1459.1317692349094,1422.2547086333009,1495.181810143544
UEFA,2008-01,7.285552200668138,7.260057072126346,7.310081447751305,1459.2385500965079,1422.3377179978324,1495.298972972073
UEFA,2008-02,7.285624105591544,7.260115109605607,7.310159130708729,1459.34344927817,1422.4202686086164,1495.4151367291317
UEFA,2008-03,7.285694804639676,7.260172199467442,7.310214960886975,1459.4465966148448,1422.5014756023832,1495.4986283714059
UEFA,2008-04,7.2857643869930895,7.260227681889509,7.31026860507698,1459.5481219812466,1422.580400604283,1495.578855395195
UEFA,2008-05,7.2858329418323455,7.260281681121515,7.310320701949095,1459.6481552900898,1422.6572200046162,1495.6567725112604
UEFA,2008-06,7.285900558338005,7.260334321413164,7.3103713850690575,1459.7468264904578,1422.7321102411836,1495.732579141868
UEFA,2008-07,7.285967325690628,7.260382988558098,7.3104207880026015,1459.8442655663064,1422.801351064273,1495.8064747590636
UEFA,2008-08,7.2860333330707725,7.260417791691426,7.310469044315467,1459.9406025351072,1422.850868850928,1495.878658881959
UEFA,2008-09,7.286098669659001,7.260451304246551,7.310516287573392,1460.0359674466208,1422.8985525228368,1495.9493310742612
UEFA,2008-10,7.286163424635872,7.260532572665005,7.310562651342111,1460.1304903818098,1423.0141939910463,1496.018690942099
UEFA,2008-11,7.286227687181943,7.260565107480659,7.3106126126196695,1460.2243014518845,1423.0604921605081,1496.0934362208766
UEFA,2008-12,7.286291546477779,7.260628583399133,7.310681594061306,1460.31753079749,1423.1508251342323,1496.196642398711
UEFA,2009-01,7.286355091703936,7.260679311428458,7.310750172987,1460.4103085880215,1423.223020556236,1496.2992533117433
UEFA,2009-02,7.286418412040976,7.260763102265539,7.310818219274886,1460.5027650210804,1423.3422786725346,1496.4010740728165
UEFA,2009-03,7.286481596669457,7.260848256338788,7.310893905183102,1460.5950303220677,1423.4634872544318,1496.5143340410762
UEFA,2009-04,7.28654473476994,7.260945007034449,7.311004310162744,1460.687234743907,1423.6012149013186,1496.6795651770299
UEFA,2009-05,7.2866079155229855,7.261090769702328,7.311052353911589,1460.779508566912,1423.8087381135538,1496.7514731346823
UEFA,2009-06,7.286671228109151,7.2612363273027904,7.311150328115846,1460.8719820987824,1424.0159998319593,1496.898123397385
UEFA,2009-07,7.286734761708999,7.261381676607634,7.311249256499101,1460.96478567474,1424.222995333383,1497.0462162338656
UEFA,2009-08,7.286798605503089,7.261482588005048,7.311318113700099,1461.0580496578023,1424.3667231527984,1497.1493022163274
UEFA,2009-09,7.286862848671978,7.261539646097288,7.311366306041807,1461.1519044391887,1424.447996714841,1497.2214551928735
UEFA,2009-10,7.286927580396229,7.261596955013159,7.311414128574976,1461.2464804388635,1424.5296322801225,1497.293057885402
UEFA,2009-11,7.2869928898564025,7.261654602237082,7.311462636458246,1461.3419081062189,1424.6117545413667,1497.3656902299376
UEFA,2009-12,7.287058866233056,7.261712675253471,7.3115539872951985,1461.4383179208908,1424.694488220299,1497.5024819209643
UEFA,2010-01,7.2871255987067505,7.261771261546743,7.311661067404014,1461.5358403937103,1424.7779580681276,1497.6628431324218
UEFA,2010-02,7.287193176458045,7.261807522853924,7.311715428837869,1461.6346060677972,1424.8296231608947,1497.7442604496407
UEFA,2010-03,7.2872616886675,7.261878001276346,7.311791353801411,1461.7347455197828,1424.9300464485916,1497.857980979838
UEFA,2010-04,7.287331224515676,7.261943627212198,7.311856944967246,1461.8363893611743,1425.0235618709394,1497.956230637204
UEFA,2010-05,7.287401873183132,7.262027358643067,7.311923599130291,1461.939668239855,1425.142886139135,1498.0560793113066
UEFA,2010-06,7.287473723850428,7.262110117270621,7.311991726790534,1462.0447128417186,1425.2608339345306,1498.1581423043785
UEFA,2010-07,7.2875468656981255,7.262180195352951,7.312075349021633,1462.1516538924445,1425.3607169256807,1498.2834272394527
UEFA,2010-08,7.28762138790678,7.262275820202832,7.312160469476982,1462.2606221594062,1425.4970234255431,1498.4109676480573
UEFA,2010-09,7.287697379656958,7.262356893475071,7.31224717140337,1462.37174845372,1425.6125979158178,1498.5408888465654
UEFA,2010-10,7.2877749301292125,7.262437779236511,7.312334286090222,1462.4851636324272,1425.7279144382123,1498.6714394606038
UEFA,2010-11,7.287854128504107,7.262520361230328,7.312422068536605,1462.6009986008162,1425.8456586221762,1498.8030018985
UEFA,2010-12,7.287935063962202,7.262602640182251,7.312511695922511,1462.7193843148818,1425.9629804400338,1498.937341354276
UEFA,2011-01,7.288017825684056,7.262684651474261,7.312603253832984,1462.8404517839192,1426.0799302555595,1499.074586875218
UEFA,2011-02,7.288102502850229,7.262787235486023,7.3126968278530695,1462.964332073259,1426.2262307754295,1499.2148675722412
UEFA,2011-03,7.288189184641283,7.262863579208977,7.312792503567811,1463.0911563071388,1426.3351183466857,1499.3583126224446
UEFA,2011-04,7.2882779602377745,7.262922975677744,7.312890366562253,1463.221055671709,1426.4198401626186,1499.5050512717723
UEFA,2011-05,7.288368918820263,7.262999719205407,7.312990502421442,1463.354161418184,1426.5293130733696,1499.6552128378023
UEFA,2011-06,7.2884621495693125,7.263079790064639,7.313092996730421,1463.4906048661232,1426.6435409758994,1499.808926712629
UEFA,2011-07,7.288557741665479,7.263160409863936,7.3131979350742355,1463.6305174068561,1426.758561209464,1499.9663223658674
UEFA,2011-08,7.288655784289326,7.263240972432987,7.313294331772994,1463.774030507044,1426.8735091290612,1500.1109211303938
UEFA,2011-09,7.28875636662141,7.2633523107675,7.313376031314868,1463.9212757123794,1427.0323837329095,1500.2334845751134
UEFA,2011-10,7.288859577842293,7.2634671842482055,7.313459560970292,1464.072384651425,1427.196321463524,1500.3588039342044
UEFA,2011-11,7.288965507132534,7.263583711058421,7.313544999210133,1464.227489039593,1427.3626380382175,1500.486997647905
UEFA,2011-12,7.289074243672694,7.263701946420059,7.313632424505258,1464.386720683261,1427.5314131299529,1500.6181842130527
UEFA,2012-01,7.28918587664333,7.26382194555503,7.313721915326531,1464.5502114840303,1427.702726462325,1500.7524821853913
UEFA,2012-02,7.289300495225004,7.263914563950218,7.313813550144824,1464.7180934431224,1427.834964112255,1500.8900101819904
UEFA,2012-03,7.289418188598278,7.264000417271521,7.313907407430999,1464.890498665914,1427.9575533345044,1501.030886883739
UEFA,2012-04,7.289539045943707,7.264090234954141,7.314034057571764,1465.0675593666167,1428.0858145917227,1501.2210048126626
UEFA,2012-05,7.289663156441854,7.2641841465307015,7.314163342598995,1465.2494078730927,1428.2199344156054,1501.4151028919575
UEFA,2012-06,7.28979060927328,7.2642822815338235,7.314293105491228,1465.4361766318145,1428.3600994780074,1501.6099429204612
UEFA,2012-07,7.289921493618542,7.264384769496129,7.314425320096628,1465.6279982129647,1428.5064965986821,1501.8084902898024
UEFA,2012-08,7.290055898658201,7.264505699597718,7.314560107235023,1465.8250053156767,1428.6792564728553,1502.0109279594576
UEFA,2012-09,7.290193913572816,7.264650982053893,7.3146975296888845,1466.0273307734208,1428.8868336696123,1502.217351808842
UEFA,2012-10,7.290335627542951,7.264801529036292,7.314837650240686,1466.2351075595245,1429.101964649613,1502.4278578001304
UEFA,2012-11,7.290481095262407,7.264944480910827,7.314980505349133,1466.4484182276644,1429.3062722325399,1502.642502425593
UEFA,2012-12,7.290630233477983,7.265060884101513,7.31512602617787,1466.6671431597474,1429.472657666524,1502.8611839985201
UEFA,2013-01,7.29078292444972,7.265180946612174,7.315274117566774,1466.8911121522221,1429.6442939834565,1503.0837612380515
UEFA,2013-02,7.290939050437661,7.265304561234031,7.315426491720555,1467.120154959055,1429.82102978256,1503.3128098048223
UEFA,2013-03,7.29109849370185,7.26543191977528,7.315582437524572,1467.354101284668,1430.0031412075516,1503.547263443647
UEFA,2013-04,7.291261136502324,7.265563993848572,7.315740706311635,1467.5927807771152,1430.1920198666362,1503.78524696719
UEFA,2013-05,7.29142686109913,7.265715053466254,7.315901200178834,1467.8360230214905,1430.4080804301504,1504.0266147967413
UEFA,2013-06,7.291595549752311,7.265893413153774,7.316098421288988,1468.0836575335738,1430.6632304424022,1504.3232698076179
UEFA,2013-07,7.291767084721906,7.2660748109960425,7.316301766467951,1468.3355137537023,1430.9227733978537,1504.6291976670082
UEFA,2013-08,7.291941348267958,7.266262755483819,7.316507599073993,1468.591421040888,1431.1917324859055,1504.9389311852892
UEFA,2013-09,7.292118222650512,7.2664531260468115,7.316708859834471,1468.8512086671567,1431.464215107406,1505.2418468247288
UEFA,2013-10,7.292297590129608,7.26668670773007,7.316844670398355,1469.1147058121305,1431.7986180517412,1505.446288769028
UEFA,2013-11,7.292479332965287,7.266927232456389,7.31698143425562,1469.3817415578405,1432.143042686753,1505.6521943414145
UEFA,2013-12,7.292663333417595,7.267171032209873,7.3171170058529365,1469.652144883775,1432.4922418068645,1505.8563325320342
UEFA,2014-01,7.292849473746574,7.267382707157321,7.317333536320575,1469.925744662161,1432.7954967905114,1506.182430448061
UEFA,2014-02,7.2930376362122615,7.267556463264169,7.3175594618424125,1470.2023696534823,1433.0444748158502,1506.5227532511801
UEFA,2014-03,7.293227703074706,7.267731420022361,7.317796202522119,1470.4818485022324,1433.2952172645585,1506.8794506935203
UEFA,2014-04,7.293419556593944,7.267933505351141,7.31801456064867,1470.7640097329,1433.5848944518723,1507.2085260096007
UEFA,2014-05,7.293613079030024,7.268108455703617,7.318192915970533,1471.048681746194,1433.835722577485,1507.4773689067924
UEFA,2014-06,7.293808152642985,7.268296041663156,7.318373106270743,1471.335692815503,1434.1047152521421,1507.7490267677988
UEFA,2014-07,7.2940046596928685,7.268521772759538,7.318552614528638,1471.6248710835864,1434.428473963255,1508.0197046941978
UEFA,2014-08,7.294202482439719,7.268752003779379,7.318731554683871,1471.916044559509,1434.7587618922523,1508.2895738383934
UEFA,2014-09,7.294401503143576,7.268946033467801,7.318911942511755,1472.209041115808,1435.0371745650455,1508.5616752081955
UEFA,2014-10,7.294601604064485,7.269141150777612,7.319093684769759,1472.5036884858955,1435.3172024616692,1508.8358693142118
UEFA,2014-11,7.294802667462486,7.2693288268717575,7.319276688215356,1472.7998142617032,1435.5866024676188,1509.1120165740047
UEFA,2014-12,7.2950045755976225,7.269522214378777,7.319460859606019,1473.0972458915605,1435.8642538358667,1509.3899773101775
UEFA,2015-01,7.295207210729938,7.269736549855445,7.319646105699217,1473.39581067831,1436.1720434722815,1509.6696117485885
UEFA,2015-02,7.295410455119472,7.2699629976757265,7.319839330545524,1473.6953357776667,1436.49729839715,1509.9613456080328
UEFA,2015-03,7.295614191026271,7.270117328487185,7.320051990012109,1473.995648196811,1436.7190112163316,1510.2824875946415
UEFA,2015-04,7.295818300710371,7.270315292053197,7.320265190413535,1474.2965747932178,1437.0034573925134,1510.6045154952246
UEFA,2015-05,7.296022666431821,7.2705175965078155,7.320475300067926,1474.5979422737355,1437.2941989982876,1510.9219415771377
UEFA,2015-06,7.296227170450659,7.2707231047742615,7.320681615136526,1474.8995771938958,1437.5896051904876,1511.2336989766468
UEFA,2015-07,7.296431695026929,7.270931161573338,7.320888045615745,1475.2013059574629,1437.88873660027,1511.545695499919
UEFA,2015-08,7.296636122420672,7.271135679835049,7.321065213052125,1475.5029548162306,1438.1828411786603,1511.8135158837301
UEFA,2015-09,7.296840334891932,7.271334745090561,7.321206937416715,1475.8043498700572,1438.4691620203423,1512.0277922298098
UEFA,2015-10,7.29704421470075,7.271462685921268,7.3214012357071505,1476.1053170671348,1438.6532126742243,1512.3216053183144
UEFA,2015-11,7.29724764410717,7.271571399052496,7.321665064379562,1476.4056822045115,1438.8096216201727,1512.720651379053
UEFA,2015-12,7.297450505371234,7.271743853279918,7.321928099574492,1476.7052709288494,1439.0577718453,1513.118602344052
UEFA,2016-01,7.297652680752984,7.271929357762874,7.322136942404362,1477.0039087374223,1439.3247484127303,1513.4346393145242
UEFA,2016-02,7.297854052512462,7.2721147050285495,7.322300606367577,1477.3014209793646,1439.5915482944636,1513.6823543910098
UEFA,2016-03,7.298054502909708,7.272300171359215,7.322463832575863,1477.5976328571567,1439.8585691064036,1513.9294474332223
UEFA,2016-04,7.2982539142047695,7.2724910954590785,7.3226265616109805,1477.8923694283533,1440.1334984752955,1514.1758281488114
UEFA,2016-05,7.298452168657686,7.272699463562672,7.32278873405469,1478.185455607563,1440.433607512998,1514.4214061869602
UEFA,2016-06,7.2986491485285,7.272875100597157,7.322950290488752,1478.4767161686643,1440.6866232082662,1514.6660911388556
UEFA,2016-07,7.298844736077252,7.273051691988817,7.3232031077482205,1478.7659757472675,1440.941058526277,1515.0490724923945
UEFA,2016-08,7.299038813563987,7.273271879656349,7.323480688787392,1479.053058843427,1441.258370956963,1515.4696786882182
UEFA,2016-09,7.299231263248748,7.273493530543315,7.323645894005295,1479.3377898245944,1441.577862595398,1515.7200629372317
UEFA,2016-10,7.299421967391575,7.273714667869835,7.323767783058292,1479.619992928813,1441.8966844562513,1515.9048241498635
UEFA,2016-11,7.299610808252511,7.273895428664248,7.323889161254416,1479.899492268169,1442.1573467458786,1516.0888335288098
UEFA,2016-12,7.299797668091599,7.274051250951079,7.324044018445045,1480.1761118324812,1442.382084284985,1516.3236290775553
UEFA,2017-01,7.299982429168879,7.274205336532585,7.324234998716405,1480.4496754932334,1442.604351558041,1516.6132443324952
UEFA,2017-02,7.300164973744398,7.274399437231742,7.324438650120127,1480.7200070077677,1442.884389323213,1516.9221358649575
UEFA,2017-03,7.300345184078194,7.274597528702679,7.324668596001419,1480.9869300237071,1443.1702409673278,1517.2709856824592
UEFA,2017-04,7.3005229424303115,7.274794537140812,7.324857261469019,1481.2502680836378,1443.4545857337546,1517.5572693702857
UEFA,2017-05,7.300698131060791,7.274962202447923,7.32502182643302,1481.5098446300346,1443.696623138882,1517.8070266803259
UEFA,2017-06,7.300870632229678,7.27512826333213,7.325190245219476,1481.7654830104339,1443.9363844797745,1518.0626753605711
UEFA,2017-07,7.301040328197011,7.275292968039936,7.325349157214057,1482.0170064828496,1444.1742271181233,1518.303932899272
UEFA,2017-08,7.301207101222835,7.275456224617924,7.325513926751485,1482.2642382214483,1444.4100172697115,1518.554123751578
UEFA,2017-09,7.3013708335671925,7.275618490082454,7.325654018411322,1482.5070013224606,1444.644414137915,1518.766875437177
UEFA,2017-10,7.301531407490124,7.275766998901692,7.325824600137632,1482.7451188103444,1444.8589725117572,1519.0259714003698
UEFA,2017-11,7.3016887052516735,7.275881411535835,7.325993186659451,1482.9784136442001,1445.0242920894702,1519.282080287862
UEFA,2017-12,7.3018426091118815,7.276045360447565,7.326159686947859,1483.206708724428,1445.2612216903071,1519.535062250426
UEFA,2018-01,7.301993001330793,7.276209155501816,7.326324009973928,1483.429826899634,1445.4979676954167,1519.7847773663436
UEFA,2018-02,7.302139764168448,7.276379450146488,7.326486064708736,1483.6475909737899,1445.7441492211647,1520.0310856444755
UEFA,2018-03,7.30228277988489,7.2765456238084045,7.326645079278164,1483.8598237136332,1445.9844137901575,1520.2728119456385
UEFA,2018-04,7.302421930740161,7.2766939592400535,7.326783743865487,1484.066347856318,1446.1989204135366,1520.4836345764984
UEFA,2018-05,7.3025570989943045,7.276840195587807,7.326911518381682,1484.2669861173165,1446.410422723481,1520.6779260787757
UEFA,2018-06,7.30268816690736,7.276991988139514,7.327031212208238,1484.4615611985637,1446.62999371931,1520.8599527530027
UEFA,2018-07,7.302815016739373,7.277133659880079,7.327148700095615,1484.6498957968495,1446.8349548271663,1521.0386460550608
UEFA,2018-08,7.302937530750382,7.2772619825642115,7.327272703720669,1484.8318126124611,1447.0206284976448,1521.2272722550736
UEFA,2018-09,7.303055591200434,7.277396284583091,7.327389367824524,1485.0071343580714,1447.2149794288623,1521.4047555052825
UEFA,2018-10,7.303169080349569,7.277522671314033,7.327496046445908,1485.1756837678683,1447.3978999079043,1521.5670653698292
UEFA,2018-11,7.303277880457829,7.277628744690925,7.327594985941551,1485.3372836069402,1447.551438530699,1521.7176157750982
UEFA,2018-12,7.3033818737852565,7.277726148972265,7.327686093283932,1485.4917566808979,1447.6924431910768,1521.8562616611318
UEFA,2019-01,7.303480942591893,7.277814674052048,7.327769180693975,1485.638925845746,1447.8206060184912,1521.9827139668887
UEFA,2019-02,7.303574969137785,7.277835476870578,7.327844060392613,1485.7786140179999,1447.850724718256,1522.0966838282848
UEFA,2019-03,7.303663835682969,7.277885148696871,7.327910544600774,1485.9106441850463,1447.922643818279,1522.1978826017705
UEFA,2019-04,7.303747424487492,7.277997852125784,7.327968445539384,1486.034839415744,1448.0858391086153,1522.2860218884498
UEFA,2019-05,7.303825617811393,7.278075780235588,7.328017575429376,1486.1510228712752,1448.1986902568021,1522.3608135587554
UEFA,2019-06,7.303898297914716,7.278121920913463,7.328057746491676,1486.2590178162325,1448.26551219752,1522.4219697776325
UEFA,2019-07,7.303965347057503,7.278270795250021,7.328151900063581,1486.35864762995,1448.4811383509232,1522.5653176362296
UEFA,2019-08,7.304026647499799,7.278386994533184,7.328265670838677,1486.4497358180772,1448.6494618302306,1522.738550677115
UEFA,2019-09,7.304082081501642,7.2784302217968415,7.32832122355153,1486.532106024394,1448.712084301605,1522.8231454303193
UEFA,2019-10,7.304131589501037,7.2784647361451915,7.328361061776507,1486.605668579223,1448.7620854897993,1522.8838138389472
UEFA,2019-11,7.304175344647834,7.278481158004706,7.328396404969817,1486.6706801350385,1448.7858764260684,1522.9376395687796
UEFA,2019-12,7.304213578269839,7.278509212279244,7.328427513671456,1486.7274840779417,1448.826521593026,1522.985018779988
UEFA,2020-01,7.304246521694864,7.278463812928893,7.328475129951884,1486.7764239725695,1448.7607472689108,1523.0575413524236
UEFA,2020-02,7.304274406250716,7.278441980138602,7.3285443559573205,1486.8178435390291,1448.729117147818,1523.162980967009
UEFA,2020-03,7.304297463265209,7.278482858777238,7.328616327319369,1486.8520866309407,1448.7883405159787,1523.2726063173131
UEFA,2020-04,7.304315924066145,7.2785052453647685,7.328685634093588,1486.8794972145922,1448.8207746036744,1523.378181007323
UEFA,2020-05,7.3043300199813395,7.278466699420315,7.32875236012452,1486.9004193492094,1448.7649292299504,1523.479832047938
UEFA,2020-06,7.3043399823385995,7.278472480122039,7.328816276070594,1486.9151971683375,1448.7733042891482,1523.57720934828
UEFA,2020-07,7.304346042465734,7.278452302129832,7.3287717364946685,1486.9241748623392,1448.744070973231,1523.509351884969
UEFA,2020-08,7.304348431690552,7.278417378793083,7.328760465591431,1486.9276966620102,1448.6934775759125,1523.4921815861815
UEFA,2020-09,7.304347381340863,7.278385308818116,7.328786498916981,1486.9261068233072,1448.6470186898516,1523.5318431203164
UEFA,2020-10,7.304343122744479,7.278366536972714,7.328805449814194,1486.9197496131985,1448.6198245372423,1523.5607148303673
UEFA,2020-11,7.304335887229204,7.278466619190381,7.328826986039922,1486.9089692966256,1448.7648137310493,1523.593526901672
UEFA,2020-12,7.304325906122853,7.278422824064427,7.328848442848944,1486.8941101245873,1448.7013659159613,1523.6262187322789
UEFA,2021-01,7.304313410753229,7.278403576171339,7.328867714431535,1486.8755163233386,1448.6734815026427,1523.6555817593746
UEFA,2021-02,7.304298632448149,7.278331647592689,7.3288819100447835,1486.853532084708,1448.5692839698818,1523.6772110581148
UEFA,2021-03,7.3042818025354155,7.278328306529357,7.328840735755594,1486.8285015575302,1448.5644442556277,1523.6144761463945
UEFA,2021-04,7.304263152342842,7.278314226071143,7.328892506932882,1486.8007688401988,1448.544048234255,1523.6933573912
UEFA,2021-05,7.304242913198234,7.2783314741350775,7.328921413073954,1486.7706779743326,1448.5690341528873,1523.7374021114101
UEFA,2021-06,7.3042213164294045,7.278348208795312,7.3288775721819,1486.7385729395592,1448.5932760433177,1523.6706016889036
UEFA,2021-07,7.30419859336416,7.278351674696051,7.3288306198488815,1486.7047976494155,1448.5982967766265,1523.599063565323
UEFA,2021-08,7.304174975330313,7.2783479878473045,7.328783170430651,1486.6696959483618,1448.592955973579,1523.5267714783447
UEFA,2021-09,7.30415069365567,7.278244787842381,7.328735597469134,1486.6336116099112,1448.443467591621,1523.454294608738
UEFA,2021-10,7.30412597966804,7.278142727246967,7.328752318514301,1486.5968883358742,1448.2956456194067,1523.4797681906853
UEFA,2021-11,7.304101064695236,7.2781509404756095,7.3286629889116615,1486.5598697567161,1448.3075408757456,1523.3436827723715
UEFA,2021-12,7.304076180065063,7.278200739167787,7.328595137078383,1486.5228994330257,1448.3796667412462,1523.2403248477228
UEFA,2022-01,7.304051557105331,7.278249166238951,7.328550069697243,1486.4863208581032,1448.449809698753,1523.1716779699534
UEFA,2022-02,7.304027427143853,7.27829633235014,7.328501977810533,1486.450477461652,1448.518129744033,1523.098426989176
UEFA,2022-03,7.304004021508434,7.278246261114556,7.328446301231389,1486.4157126145888,1448.4456013600864,1523.0136283825393
UEFA,2022-04,7.303981571526885,7.27819756052421,7.328441350912735,1486.3823696349607,1448.3750626202634,1523.0060890054967
UEFA,2022-05,7.303960308527014,7.278236361227279,7.328396526768816,1486.3507917949776,1448.4312625626424,1522.937823331639
UEFA,2022-06,7.303940463836632,7.278223978063294,7.328450440154193,1486.3213223291518,1448.4133264863024,1523.0199321115465
UEFA,2022-07,7.303922268783549,7.278202139252808,7.328406382836227,1486.294304443551,1448.3816950320524,1522.952833667989
UEFA,2022-08,7.303905954695573,7.278154079535336,7.328358950332207,1486.2700813261595,1448.3120872118718,1522.8805977986033
UEFA,2022-09,7.303891752900513,7.278167186429917,7.328372767373762,1486.2489961583533,1448.3310703321827,1522.9016394285181
UEFA,2022-10,7.303879894726177,7.278151710313557,7.32831899449425,1486.2313921274845,1448.308655948476,1522.8197509375464
UEFA,2022-11,7.303870611500377,7.278141453351459,7.3282648614506245,1486.217612440574,1448.293800634917,1522.7373181862015
UEFA,2022-12,7.303864134550922,7.27813921995233,7.328213477060475,1486.208000339121,1448.290566017228,1522.6590752685654
UEFA,2023-01,7.3038606952056195,7.278149051754076,7.328178060336102,1486.2028991150248,1448.304805412656,1522.6051486290494
UEFA,2023-02,7.303860524792279,7.278155905247285,7.32814574931944,1486.2026521276111,1448.3147313975564,1522.5559526390698
UEFA,2023-03,7.303863854638712,7.278180385956998,7.328157828443547,1486.2076028217853,1448.3501876447617,1522.574343856056
UEFA,2023-04,7.303870916072726,7.278130388976547,7.328190281371474,1486.218094747289,1448.2777762537858,1522.6237565815588
UEFA,2023-05,7.303881940422129,7.278131480802583,7.328222653115521,1486.2344715790805,1448.2793575552828,1522.6730473400285
UEFA,2023-06,7.303897159014736,7.278141741737789,7.3282549962855095,1486.2570771388318,1448.2942184293763,1522.722296204851
UEFA,2023-07,7.303916803178348,7.278160392377982,7.328268304438413,1486.2862554175417,1448.321230168195,1522.7425609713432
UEFA,2023-08,7.3039411042407805,7.278181054749546,7.32827945086348,1486.3223505992753,1448.3511562281385,1522.7595342078662
UEFA,2023-09,7.30397029352984,7.278204196092474,7.328316157733096,1486.365707086025,1448.384673502846,1522.8154309537765
UEFA,2023-10,7.304004602373336,7.278223946917736,7.328364939515278,1486.416669523698,1448.4132805818183,1522.8897184293774
UEFA,2023-11,7.30404426209908,7.278258552369366,7.328407703742498,1486.4755828292348,1448.4634043634528,1522.9548450121763
UEFA,2023-12,7.304089504034879,7.278310101178715,7.328446961992623,1486.5427922188576,1448.5380729617739,1523.014634726435
UEFA,2024-01,7.304140559508543,7.278355287792209,7.328466198741434,1486.6186432374548,1448.6035290710604,1523.043932863239
UEFA,2024-02,7.30419765984788,7.278406378950781,7.328510343003414,1486.7034817891079,1448.677541896307,1523.111168001841
UEFA,2024-03,7.304261036380702,7.2784635808269496,7.328580762226283,1486.7976541687576,1448.7604114290666,1523.218428074237
UEFA,2024-04,7.304330920434817,7.278506767231498,7.328634193147371,1486.9015070950163,1448.8229794386525,1523.2998172859243
UEFA,2024-05,7.304407543338033,7.278532312875027,7.3286697665187,1487.0153877441414,1448.859990715611,1523.3540070883678
UEFA,2024-06,7.30449113641816,7.278626870858517,7.3287318273001745,1487.1396437851538,1448.9969984618776,1523.4485508685666
UEFA,2024-07,7.304581931003009,7.278757618957887,7.3288384943021905,1487.2746234161275,1449.1864649173974,1523.6110610593773
UEFA,2024-08,7.304680158420386,7.278848467009768,7.328874921548131,1487.4206754016452,1449.3181265879007,1523.6665629435129
UEFA,2024-09,7.304786049998103,7.278855932191328,7.328883914194994,1487.5781491114255,1449.328945774579,1523.6802659404154
UEFA,2024-10,7.304899837063971,7.278988254798964,7.328940512353017,1487.7473945601337,1449.520737329952,1523.7665076453627
UEFA,2024-11,7.3050217509457935,7.279120523804707,7.329017253904446,1487.9287624483811,1449.7124766812565,1523.883448104365
UEFA,2024-12,7.305152022971385,7.279168097537272,7.32917913955528,1488.1226042049157,1449.7814466019174,1524.1301606982192
UEFA,2025-01,7.305290884468552,7.279299696597654,7.329354421772047,1488.329272030018,1449.9722490257723,1524.3973365698887
UEFA,2025-02,7.305438566765105,7.279494165914567,7.329547883017765,1488.5491189401102,1450.254251612336,1524.6922773435315
UEFA,2025-03,7.305595301188853,7.2795707410108355,7.329772529253952,1488.7824988135817,1450.3653091252575,1525.0348317408168
UEFA,2025-04,7.305761319067606,7.279632839696892,7.329990475698487,1489.0297664378418,1450.455377722142,1525.3672440125733
UEFA,2025-05,7.305936851729171,7.279836316010466,7.330223809378998,1489.2912775576197,1450.7505414823113,1525.7232049651911
UEFA,2025-06,7.30612213050136,7.280174899230903,7.330454711727183,1489.567388924505,1451.2418244502003,1526.0755386916378
UEFA,2025-07,7.306317386711981,7.280339192999856,7.330678324448206,1489.8584583477495,1451.4802735743476,1526.4168267570863
UEFA,2025-08,7.306522851688842,7.280554007427166,7.330904252825878,1490.1648447463451,1451.7921059705466,1526.7617266392363
UEFA,2025-09,7.3067387567597555,7.280745070444729,7.3311696285135834,1490.4869082023804,1452.0695162926459,1527.1669458051545
UEFA,2025-10,7.306965333252529,7.280927156221701,7.331495765630529,1490.8250100156874,1452.333942950233,1527.6650928498173
UEFA,2025-11,7.30720281249497,7.2811675400377736,7.331804647594395,1491.1795127598111,1452.6831013870828,1528.137033977076
UEFA,2025-12,7.30745142581489,7.281344977319609,7.332114624717118,1491.550780339287,1452.940884393374,1528.6107948808676
UEFA,2026-01,7.3077114045400995,7.281508180963824,7.3323642105026625,1491.9391780482576,1453.1780287170661,1528.9923625335016
UEFA,2026-02,7.307982979998405,7.281888497820937,7.332477364075476,1492.3450726304466,1453.7308018870344,1529.1653835095944
UEFA,2026-03,7.308266383517617,7.282151221665017,7.332878760975311,1492.7688323404943,1454.1127818079383,1529.779308964582
UEFA,2026-04,7.308561846425546,7.282405208438725,7.3333530728318586,1493.2108270066703,1454.4821557334956,1530.5050728156175
UEFA,2026-05,7.308869600049998,7.282492328291258,7.333761709442841,1493.671428095001,1454.6088739215443,1531.1306212044976
UEFA,2026-06,7.3091898757187845,7.282836812995384,7.334073898538861,1494.1510087747977,1455.110050796688,1531.60869789303
UEFA,2026-07,7.309522904759715,7.283119094778681,7.334251849705693,1494.6499439856277,1455.5208598312875,1531.8812738177826
UEFA,2026-08,7.309868918500598,7.283321293444805,7.33457210248574,1495.1686105057418,1455.8151939635236,1532.3719440189236
CONMEBOL,1992-01,7.36887645800058,7.259127708881719,7.482583170608036,1589.542035316,1421.0164580342184,1776.8246962708645
CONMEBOL,1992-02,7.369853945870465,7.260317505686709,7.483434230180845,1591.0874476630406,1422.708183579781,1778.3375313223366
CONMEBOL,1992-03,7.370815915499353,7.261562902594027,7.484865368538725,1592.610566454128,1424.4811238572029,1780.8843911373137
CONMEBOL,1992-04,7.371762505194161,7.263288776882498,7.486053160201101,1594.1114772038004,1426.9417309833448,1783.0009693639556
CONMEBOL,1992-05,7.372693853261812,7.264293810314817,7.487100435531446,1595.590270436703,1428.3765791714848,1784.8692389550818
CONMEBOL,1992-06,7.3736100980092365,7.26530432904713,7.488130003266632,1597.0470415743353,1429.8207070270664,1786.7078281360916
CONMEBOL,1992-07,7.3745113777433495,7.265861678306649,7.489016713292368,1598.4818908221112,1430.6178291530687,1788.2928233441096
CONMEBOL,1992-08,7.3753978307710755,7.26651607563955,7.48987928612846,1599.8949230568332,1431.5543286159636,1789.8360244284684
CONMEBOL,1992-09,7.376269595399339,7.267588647872185,7.4907225094728656,1601.2862477145554,1433.090600739977,1791.3458973854708
CONMEBOL,1992-10,7.377126809935063,7.2687460078156825,7.491546631039649,1602.655978678939,1434.7501724267927,1792.8227999390413
CONMEBOL,1992-11,7.377969612685169,7.269247519406057,7.492654539684816,1604.0042341701785,1435.4698965326188,1794.8101775598784
CONMEBOL,1992-12,7.378798141956579,7.269668206834725,7.4932239734733646,1605.331136634489,1436.0739043871972,1795.832497262512
CONMEBOL,1993-01,7.379612536056218,7.270086100394349,7.493898397105643,1606.636812634244,1436.674153073444,1797.0440842036714
CONMEBOL,1993-02,7.380412933291007,7.270667948470139,7.4947299453278955,1607.921392738848,1437.510316073647,1798.5390406656736
CONMEBOL,1993-03,7.381199471967871,7.27157369505382,7.4957880185632435,1609.1850114163212,1438.8129408819807,1800.4430124332116
CONMEBOL,1993-04,7.381972290393728,7.272150153314231,7.4968075724289625,1610.427806925698,1439.642583542669,1802.2795768462295
CONMEBOL,1993-05,7.3827315268755065,7.272863635956347,7.49735677579486,1611.649921210301,1440.6701070944541,1803.2696644469518
CONMEBOL,1993-06,7.383477319720129,7.273243929105208,7.497950083854856,1612.8514997918887,1441.2180885655096,1804.3398789916052
CONMEBOL,1993-07,7.384209807234513,7.273753148085382,7.498343861278183,1614.0326916657534,1441.952170299802,1805.0505558580523
CONMEBOL,1993-08,7.384929127725585,7.274493049691568,7.499150828291263,1615.1936491968424,1443.0194680393774,1806.5077694313597
CONMEBOL,1993-09,7.385635419500268,7.275218661261973,7.500262635473118,1616.3345280168921,1444.0669224564324,1808.5173577861833
CONMEBOL,1993-10,7.386328820865484,7.275938117563988,7.5013456523164335,1617.4554869226506,1445.1062444924498,1810.4770567730307
CONMEBOL,1993-11,7.387009470128156,7.276488534307221,7.502403508377649,1618.5566877752572,1445.9018744876616,1812.3932863700736
CONMEBOL,1993-12,7.387677505595209,7.276804580978821,7.503194491149017,1619.6382954007659,1446.3589129148138,1813.827428285874
CONMEBOL,1994-01,7.388333065573561,7.277242041348722,7.503896335523051,1620.7004774918867,1446.991773911246,1815.1009021355776
CONMEBOL,1994-02,7.388976288370137,7.277834812040365,7.504569266995973,1621.743404511007,1447.8497639756874,1816.322746227325
CONMEBOL,1994-03,7.389607312291863,7.278245395743624,7.505015810545908,1622.7672495944819,1448.444348040305,1817.1339969573783
CONMEBOL,1994-04,7.390226275645656,7.278659258932308,7.505416416717842,1623.772188458258,1449.0439294369435,1817.8621072972153
CONMEBOL,1994-05,7.390833316738443,7.279174602639581,7.505818987736044,1624.7583993048943,1449.7908780664486,1818.5940887992988
CONMEBOL,1994-06,7.391428573877148,7.279733603142701,7.506223360085632,1625.7260627319647,1450.6015379934172,1819.3296476215594
CONMEBOL,1994-07,7.3920121853686895,7.280396940013405,7.50662937025172,1626.6753616419044,1451.5640947572215,1820.0684895130285
CONMEBOL,1994-08,7.392584289519991,7.281081653163947,7.507036854719428,1627.6064811533556,1452.5583400507587,1820.8103198064919
CONMEBOL,1994-09,7.39314502463798,7.2817776871772715,7.5074456499738735,1628.5196085140033,1453.5697222416031,1821.5548434116267
CONMEBOL,1994-10,7.393694529029571,7.282317964012947,7.507849364444288,1629.4149330149492,1454.35526438485,1822.290394606208
CONMEBOL,1994-11,7.394232941001697,7.282930816567832,7.50824566801864,1630.2926459066873,1455.2468435831256,1823.012704430211
CONMEBOL,1994-12,7.394760398861273,7.283535595887421,7.508642767831035,1631.1529403166571,1456.1272131363824,1823.7367517571515
CONMEBOL,1995-01,7.395277040915224,7.284128491038368,7.509135788106908,1631.9960111684322,1456.9908001602432,1824.6360842693064
CONMEBOL,1995-02,7.395783005470474,7.284684617381896,7.509691630881263,1632.8220551025909,1457.8012958632803,1825.6505441932204
CONMEBOL,1995-03,7.396278430833945,7.285165495028496,7.510226026783107,1633.6312703992537,1458.5024877959113,1826.6264002764665
CONMEBOL,1995-04,7.396763455312559,7.285759582847793,7.510739394961382,1634.4238569023378,1459.3692247518534,1827.5643550870418
CONMEBOL,1995-05,7.39723821721324,7.286341196275131,7.5112321545650325,1635.200015945566,1460.2182625485398,1828.4651152190186
CONMEBOL,1995-06,7.397702854842912,7.286911246052007,7.511704724743006,1635.9599502802262,1461.050899066159,1829.3293911392427
CONMEBOL,1995-07,7.398157506508494,7.287419494033174,7.512147873898758,1636.7038640047124,1461.7936651268437,1830.1402347337114
CONMEBOL,1995-08,7.398602310516911,7.287850923321532,7.51239803052087,1637.4319624958966,1462.4244610963076,1830.5981156944479
CONMEBOL,1995-09,7.399037405175088,7.288283018022634,7.512640367087527,1638.1444523423131,1463.0565032983527,1831.0417954733612
CONMEBOL,1995-10,7.399462928789944,7.288715560109361,7.512875127108164,1638.84154127919,1463.6894739456977,1831.4717090644904
CONMEBOL,1995-11,7.399879019668402,7.289148331554598,7.513102554092217,1639.5234381253724,1464.3230547549563,1831.888292248287
CONMEBOL,1995-12,7.400285816117389,7.289581114331226,7.513459738154289,1640.1903527221166,1464.9569269378565,1832.542731172018
CONMEBOL,1996-01,7.400683456443824,7.290013690412128,7.513860455661015,1640.8424958737876,1465.590771193429,1833.2772068607676
CONMEBOL,1996-02,7.401072078954631,7.290445841770186,7.514259258214745,1641.4800792905028,1466.2242677011898,1834.0084642058046
CONMEBOL,1996-03,7.401451821956734,7.290877350378283,7.514656002526752,1642.103315532691,1466.8570961152916,1834.736236550232
CONMEBOL,1996-04,7.401822823757052,7.291316967084312,7.515050545308303,1642.7124179576128,1467.5020889311488,1835.4602568876098
CONMEBOL,1996-05,7.402185222662511,7.291759231703357,7.515442743270672,1643.3076006678625,1468.1512513852292,1836.1802578591746
CONMEBOL,1996-06,7.402539156980034,7.292200521552981,7.51583245312513,1643.8890784618375,1468.799270933078,1836.8959717517228
CONMEBOL,1996-07,7.402884765016543,7.292640584345937,7.516219531582946,1644.457066786204,1469.4457749518874,1837.6071304961824
CONMEBOL,1996-08,7.403222185078959,7.293079167794985,7.516527343368324,1645.0117816903846,1470.0903901730615,1838.1728547949378
CONMEBOL,1996-09,7.403551555474208,7.293629926500231,7.51675862772719,1645.553439783051,1470.9002788169946,1838.598047045859
CONMEBOL,1996-10,7.403873014509211,7.294074114263991,7.517098415902451,1646.082258190647,1471.5537800066681,1839.2228868619836
CONMEBOL,1996-11,7.404186700490892,7.294359595695359,7.517539106970326,1646.5984545179626,1471.9739408849355,1840.033592105068
CONMEBOL,1996-12,7.404492751726172,7.294768586597179,7.517757522272502,1647.1022468107474,1472.5760932879662,1840.4355320577347
CONMEBOL,1997-01,7.404791306521974,7.295102868852844,7.517970685200797,1647.5938535203795,1473.0684362986556,1840.8278970137867
CONMEBOL,1997-02,7.405082503185223,7.295439919013356,7.518175482351198,1648.0734934706165,1473.5650133827535,1841.204942601085
CONMEBOL,1997-03,7.405366480022841,7.295767640231324,7.518376144767102,1648.5413858264028,1474.0480077131624,1841.5744538755737
CONMEBOL,1997-04,7.405643375341749,7.296086097884296,7.518579074946956,1648.9977500647612,1474.517502368849,1841.9482186597552
CONMEBOL,1997-05,7.405913327448871,7.296423524835856,7.519032609932958,1649.4428059477848,1475.0151278032456,1842.7837872939956
CONMEBOL,1997-06,7.40617647465113,7.296862753995749,7.519478956508778,1649.8767734977062,1475.6631409373222,1843.6064833712758
CONMEBOL,1997-07,7.406432955255449,7.297082748796,7.519917660207933,1650.2998729740682,1475.9878141560898,1844.4154510298795
CONMEBOL,1997-08,7.40668290756875,7.297255868060113,7.520348266563938,1650.7123248530104,1476.2433577058885,1845.209833226535
CONMEBOL,1997-09,7.406926469897957,7.29750408037739,7.520770321110315,1651.1143498086478,1476.6098251913738,1845.988771802497
CONMEBOL,1997-10,7.4071637805499915,7.297754524812968,7.521183369380576,1651.506168696567,1476.979681226309,1846.7514075536828
CONMEBOL,1997-11,7.407394977831777,7.297996643650035,7.521586956908239,1651.8880025394465,1477.3373306811577,1847.4968803048866
CONMEBOL,1997-12,7.407620200050236,7.298230095173493,7.521980629226822,1652.260072514785,1477.6822596613283,1848.2243289880385
CONMEBOL,1998-01,7.407839585512291,7.2984549661789,7.52236393186984,1652.6225999447518,1478.0145874128225,1848.9328917245293
CONMEBOL,1998-02,7.4080532725248665,7.298671343461815,7.522736410370813,1652.9758062881756,1478.3344336204586,1849.6217059116125
CONMEBOL,1998-03,7.408261399394885,7.298886957069365,7.523097610263255,1653.3199131346423,1478.653214299155,1850.289908312869
CONMEBOL,1998-04,7.408464104429266,7.299094566855708,7.52343322839476,1653.6551422007317,1478.9602264478858,1850.9109983489222
CONMEBOL,1998-05,7.408661525934935,7.2992937735396985,7.523467319967327,1653.9817153283855,1479.2548724704113,1850.9741043576985
CONMEBOL,1998-06,7.408853802218816,7.29948137794124,7.523475446226936,1654.299854485402,1479.5324116483985,1850.9891565948833
CONMEBOL,1998-07,7.409041071587828,7.299641260841173,7.523477719790097,1654.6097817680666,1479.7689814366533,1850.9933744162347
CONMEBOL,1998-08,7.409223472348899,7.299842398302208,7.523480185395539,1654.9117194059188,1480.0666481858373,1850.997950085353
CONMEBOL,1998-09,7.409401142808949,7.300096408192972,7.523483502443117,1655.205889768653,1480.4426478449006,1851.0041041810446
CONMEBOL,1998-10,7.409574221274898,7.300275502609734,7.523488330332688,1655.4925153751503,1480.7078108151509,1851.0130572902287
CONMEBOL,1998-11,7.409742846053673,7.30043919986308,7.523495328464109,1655.7718189046573,1480.9502186418342,1851.0260300222383
CONMEBOL,1998-12,7.409907155452197,7.3006053167560365,7.5236827508443165,1656.0440232100932,1481.196250267379,1851.3729834722192
CONMEBOL,1999-01,7.410067294457316,7.300774240553613,7.523922941293525,1656.309362538895,1481.4464812714516,1851.8177101851188
CONMEBOL,1999-02,7.4102234347755935,7.300946062361686,7.524154706072866,1656.5681162489916,1481.7010488555384,1852.2469390985184
CONMEBOL,1999-03,7.410375754793513,7.301120799246348,7.5243783126842425,1656.820575337227,1481.9599806481299,1852.6611547419652
CONMEBOL,1999-04,7.410524432897562,7.301217975990214,7.524594028629551,1657.0670312356624,1482.1039994423784,1853.0608425067087
CONMEBOL,1999-05,7.410669647474228,7.301268524080377,7.524802121410694,1657.3077757913798,1482.1789177634757,1853.446488603638
CONMEBOL,1999-06,7.410811576909996,7.301318660352413,7.5250028585295725,1657.5431012469662,1482.253229747223,1853.8185800225217
CONMEBOL,1999-07,7.410950399591352,7.301368531168079,7.525196507488086,1657.7733002216946,1482.3271521937506,1854.1776044925912
CONMEBOL,1999-08,7.411086293904783,7.30141914392481,7.525380083886335,1657.9986656934066,1482.4021781875754,1854.518013496106
CONMEBOL,1999-09,7.411219438236776,7.3014727873985485,7.525553429692284,1658.2194909810912,1482.4817009375747,1854.8395037283797
CONMEBOL,1999-10,7.411350010973817,7.3015872326951134,7.525720267829937,1658.43606972816,1482.6513738419574,1855.1489786615016
CONMEBOL,1999-11,7.411478190502392,7.301714765400276,7.525880875403005,1658.648695886438,1482.8404730703642,1855.4469462303741
CONMEBOL,1999-12,7.41160415520899,7.301832349158465,7.526035529515202,1658.8576637008537,1483.0148422038626,1855.7339149331422
CONMEBOL,2000-01,7.411728083480093,7.301940372542883,7.526184507270235,1659.063267694831,1483.1750521990539,1856.0103937997226
CONMEBOL,2000-02,7.411850153702192,7.302039224126735,7.5263280857718176,1659.2658026564056,1483.3216747086485,1856.276892361755
CONMEBOL,2000-03,7.411970544261769,7.302129292483226,7.526466542123661,1659.465563625042,1483.455282025774,1856.5339206239355
CONMEBOL,2000-04,7.412089433545313,7.302210966185559,7.526600153429474,1659.6628458791631,1483.576447030523,1856.7819890367498
CONMEBOL,2000-05,7.41220699993931,7.30228463380694,7.526729196792969,1659.8579449244048,1483.6857431387502,1857.0216084706215
CONMEBOL,2000-06,7.412323421830248,7.302350683920572,7.526853949317858,1660.0511564825747,1483.783744253101,1857.2532901914685
CONMEBOL,2000-07,7.41243887760461,7.302409505099661,7.52697468810785,1660.242776481333,1483.8710247163058,1857.4775458376514
CONMEBOL,2000-08,7.412553545648885,7.3024614859174095,7.527070468818736,1660.4331010445965,1483.9481592667225,1857.6554648413585
CONMEBOL,2000-09,7.41266760434956,7.302507014947023,7.527133697748496,1660.6224264836526,1484.015722996155,1857.7729263759225
CONMEBOL,2000-10,7.412781232093119,7.3025464807617055,7.5271980598643005,1660.8110492890014,1484.0742913099252,1857.892500893909
CONMEBOL,2000-11,7.412894607266049,7.302580271934662,7.527263751329292,1660.9992661229167,1484.124439889222,1858.0145532128156
CONMEBOL,2000-12,7.413007908254835,7.302608777039096,7.527330968306613,1661.1873738127317,1484.1667446557283,1858.1394482623134
CONMEBOL,2001-01,7.413121313445969,7.302632384648213,7.527395885725216,1661.3756693448406,1484.2017817385201,1858.2600770427714
CONMEBOL,2001-02,7.4132350012259325,7.302654122067665,7.527459545378875,1661.5644498594352,1484.2340433625573,1858.378375823417
CONMEBOL,2001-03,7.413349149981213,7.30267224631108,7.527476800703067,1661.7540126459585,1484.2609436535133,1858.41044296525
CONMEBOL,2001-04,7.413463938098298,7.302807171180098,7.527431951669518,1661.944655139284,1484.4612215121756,1858.3270982075408
CONMEBOL,2001-05,7.413579543963673,7.302951004043906,7.527383489308706,1662.1366749166236,1484.6747512555094,1858.2370443209975
CONMEBOL,2001-06,7.413696145963825,7.303101279565886,7.527331841624425,1662.3303696951648,1484.8978777839454,1858.1410777955236
CONMEBOL,2001-07,7.413813922485239,7.303254377767688,7.527277436620475,1662.5260373304245,1485.125230182089,1858.0399950176156
CONMEBOL,2001-08,7.413933051914403,7.303459943290967,7.527220702300649,1662.7239758153416,1485.430552211088,1857.934592245351
CONMEBOL,2001-09,7.414053712637802,7.303677215814251,7.5271620666687475,1662.9244832800935,1485.753330918066,1857.8256655868704
CONMEBOL,2001-10,7.414176083041923,7.3038970490444415,7.527101957728566,1663.1278579926366,1486.079985460395,1857.714010982301
CONMEBOL,2001-11,7.414300341513253,7.3041194912650065,7.527238894058859,1663.3343983599846,1486.4105901221149,1857.9684130883795
CONMEBOL,2001-12,7.414426666438278,7.304344590759412,7.527436903973748,1663.544402930211,1486.745219281021,1858.3363369639296
CONMEBOL,2002-01,7.414555236203487,7.304572395811124,7.527638073971374,1663.7581703951769,1487.0839474106663,1858.7102083673205
CONMEBOL,2002-02,7.414686229195361,7.304802954703607,7.527842491657409,1663.975999594002,1487.4268490824031,1859.0901937017668
CONMEBOL,2002-03,7.414819823800389,7.305036315720331,7.528050244637518,1664.1981895172546,1487.773998967468,1859.4764595594334
CONMEBOL,2002-04,7.41495619840506,7.3052725271447585,7.528261420517371,1664.4250393118755,1488.1254718390949,1859.8691727270516
CONMEBOL,2002-05,7.415095531395857,7.305511637260358,7.528476106902636,1664.6568482868418,1488.4813425746966,1860.2685001916889
CONMEBOL,2002-06,7.415238001159268,7.305753694350595,7.528694391398982,1664.8939159195506,1488.8416861580565,1860.6746091466982
CONMEBOL,2002-07,7.415383786081779,7.30598750240099,7.528916361612079,1665.1365418629441,1489.1898320979678,1861.0876669978013
CONMEBOL,2002-08,7.415533064549876,7.306193198931812,7.529142105147594,1665.3850259533685,1489.4961852187369,1861.507841369361
CONMEBOL,2002-09,7.415686014950047,7.3064051226140165,7.529371709611196,1665.6396682191616,1489.8118787155968,1861.9353001107993
CONMEBOL,2002-10,7.415842815668775,7.3066233453832785,7.529586166523162,1665.9007688899799,1490.1370256959428,1862.3346476621666
CONMEBOL,2002-11,7.416003645092551,7.306847939175271,7.52974875503873,1666.1686284068614,1490.4717395398443,1862.6374669684521
CONMEBOL,2002-12,7.41616868160786,7.307078975925671,7.529911853632792,1666.4435474330248,1490.8161339070257,1862.941285035204
CONMEBOL,2003-01,7.416338103601186,7.3073165275701495,7.5300809614398,1666.7258268654002,1491.1703227439355,1863.2563493981509
CONMEBOL,2003-02,7.416512089459016,7.307560666044381,7.530238655936386,1667.0157678469113,1491.5344202909168,1863.5501978251825
CONMEBOL,2003-03,7.416690817567839,7.307772287588263,7.530377265969112,1667.3136717794853,1491.8500933367548,1863.8085226740575
CONMEBOL,2003-04,7.416874466314138,7.307841141674558,7.5305210066894075,1667.6198403378064,1491.9528081711132,1864.0764475343453
CONMEBOL,2003-05,7.417063214084403,7.307916639791861,7.530670155200979,1667.9345754838164,1492.0654456255495,1864.3544931820927
CONMEBOL,2003-06,7.417257239265121,7.308002631139843,7.53082498860754,1668.2581794819544,1492.193750556505,1864.643180860359
CONMEBOL,2003-07,7.417456720242773,7.308170567155656,7.530985784012801,1668.5909549151395,1492.4443636915414,1864.9430323079541
CONMEBOL,2003-08,7.417661835403849,7.308382252383864,7.531151230105347,1668.9332047015043,1492.7603258215588,1865.2516060735
CONMEBOL,2003-09,7.417872763134835,7.308534028550232,7.531420906653206,1669.2852321118758,1492.9869079640841,1865.7546860970579
CONMEBOL,2003-10,7.418089681822218,7.308798686806844,7.531759137801393,1669.6473407879985,1493.382092304215,1866.385847375767
CONMEBOL,2003-11,7.4183127698524824,7.309069612943175,7.532001546944314,1670.0198347615242,1493.7867452541846,1866.8383317225916
CONMEBOL,2003-12,7.418542205612118,7.309346930433174,7.532332225879982,1670.4030184737412,1494.2010588784087,1867.4557580400497
CONMEBOL,2004-01,7.418778167487607,7.30963076275078,7.5326662055310845,1670.7971967960627,1494.6252256282817,1868.0795538507002
CONMEBOL,2004-02,7.41902083386544,7.30992123336994,7.532990883215475,1671.2026750512816,1495.059438354689,1868.6861759611322
CONMEBOL,2004-03,7.419270383132102,7.310146653899277,7.533277493454903,1671.6197590355778,1495.3964953855013,1869.2218376456722
CONMEBOL,2004-04,7.419526993674078,7.310299385880274,7.5335734422074445,1672.0487550412863,1495.6249055767514,1869.7751141249807
CONMEBOL,2004-05,7.419790843877856,7.310462583524425,7.5338789149268175,1672.4899698804436,1495.869006002072,1870.3463677778693
CONMEBOL,2004-06,7.420062112129922,7.310643263380077,7.534194097066735,1672.9437109090918,1496.1392974569376,1870.935961916681
CONMEBOL,2004-07,7.420340976816761,7.310838412536688,7.534519174080908,1673.4102860523556,1496.431291194626,1871.5442608219653
CONMEBOL,2004-08,7.420627616324862,7.311104167108148,7.534854331423052,1673.8900038303034,1496.8290266035556,1872.1716297779099
CONMEBOL,2004-09,7.42092220904071,7.311530931187526,7.5351997545468805,1674.383173384581,1497.467958792924,1872.8184351085051
CONMEBOL,2004-10,7.421224933350791,7.311964050907655,7.535555628906105,1674.890104505821,1498.1166887728825,1873.4850442144696
CONMEBOL,2004-11,7.421535967641591,7.312403547205841,7.535922139954441,1675.4111076618585,1498.7752601028042,1874.1718256109566
CONMEBOL,2004-12,7.421855490299599,7.312849441019396,7.536299473145604,1675.9464940267167,1499.4437165775917,1874.8791489660039
CONMEBOL,2005-01,7.422183679711299,7.3132012445564305,7.536676805769878,1676.4965755103956,1499.97132609682,1875.5867272188727
CONMEBOL,2005-02,7.422520714263178,7.313451531952111,7.53706531612911,1677.0616647894653,1500.3467865433824,1876.31554793639
CONMEBOL,2005-03,7.422866772341723,7.313717389955082,7.537465235023397,1677.6420753384568,1500.7457068679457,1877.0660690573163
CONMEBOL,2005-04,7.42322203233342,7.313996119307033,7.537802099494528,1678.2381214620573,1501.164058322855,1877.6984923186426
CONMEBOL,2005-05,7.423586672624756,7.314288065435533,7.538060364958098,1678.8501183281346,1501.6023756964569,1878.183502475414
CONMEBOL,2005-06,7.423960871602216,7.3145935737681524,7.538328488554798,1679.4783820015698,1502.061195154108,1878.6871612644522
CONMEBOL,2005-07,7.424344807652287,7.31501470424501,7.5386066898559205,1680.1232294789108,1502.693892313312,1879.2098963570259
CONMEBOL,2005-08,7.4247386591614575,7.315523855410178,7.538895188432758,1680.784978723874,1503.459188398761,1879.7521364559902
CONMEBOL,2005-09,7.425142604516213,7.316044556601507,7.539194203856604,1681.4639487036707,1504.242250767639,1880.3143113389149
CONMEBOL,2005-10,7.4255568221030375,7.3165769554558295,7.539503955698748,1682.1604594261717,1505.0433288190716,1880.8968519022144
CONMEBOL,2005-11,7.425981490308417,7.317121199609982,7.539824663530484,1682.874831977945,1505.8626730576577,1881.500190206314
CONMEBOL,2005-12,7.426416718509217,7.317564379701171,7.54026969643125,1683.6072725346291,1506.5301932705763,1882.337716476458
CONMEBOL,2006-01,7.42686234004379,7.317955986972484,7.5407669505392025,1684.3575239045008,1507.1202763599965,1883.2739546500827
CONMEBOL,2006-02,7.4273181192408675,7.318358225054349,7.5412778433652,1685.1252128968972,1507.726618542794,1884.2363568628848
CONMEBOL,2006-03,7.427783820429181,7.318773917163149,7.541798079538776,1685.9099662071496,1508.353497884687,1885.2168539260895
CONMEBOL,2006-04,7.428259207937461,7.319202770319211,7.542319495676791,1686.7114103723125,1509.000497698168,1886.2000580294355
CONMEBOL,2006-05,7.428744046094436,7.319644491542864,7.542853191585673,1687.5291717278933,1509.6672013546188,1887.2069555751345
CONMEBOL,2006-06,7.429238099228839,7.320098787854437,7.543398829696766,1688.3628763655317,1510.3531922275663,1888.236947104626
CONMEBOL,2006-07,7.4297411316694,7.320565366274257,7.5439560724414205,1689.2121500916517,1511.0580536371508,1889.2894326116411
CONMEBOL,2006-08,7.430252907744849,7.321043933822655,7.544524582250982,1690.0766183871053,1511.7813687957848,1890.363811465551
CONMEBOL,2006-09,7.430773191783917,7.3215361845427225,7.544887815538029,1690.955906367763,1512.525724019982,1891.0505816177642
CONMEBOL,2006-10,7.431301748115336,7.322039736847776,7.545193496637215,1691.849638746074,1513.2875485238076,1891.6287397043534
CONMEBOL,2006-11,7.431838341067833,7.3225541981106685,7.545504814076486,1692.7574397936166,1514.0662739437362,1892.2177490860424
CONMEBOL,2006-12,7.432382734970145,7.323079280231175,7.545821719983015,1693.6789333045924,1514.861489499383,1892.8175295862459
CONMEBOL,2007-01,7.432934694150994,7.323614695109069,7.546423361630609,1694.6137425602917,1515.6727840446922,1893.9566740970338
CONMEBOL,2007-02,7.433493982939117,7.324160154644127,7.547038466448667,1695.5614902945474,1516.4997460222871,1895.122017987457
CONMEBOL,2007-03,7.434060365663243,7.324715370736126,7.547662796860058,1696.521798660138,1517.3419634189438,1896.3055734504633
CONMEBOL,2007-04,7.434633606652102,7.3252800552848365,7.548296030887428,1697.494289196158,1518.1990237222003,1897.506762745192
CONMEBOL,2007-05,7.435213470234425,7.325855925822858,7.548937846553429,1698.4785827963863,1519.0735596834265,1898.7250070862513
CONMEBOL,2007-06,7.435799720738944,7.326443485755787,7.549587921880712,1699.4742996786017,1519.9663665598148,1899.9597265892905
CONMEBOL,2007-07,7.436392122494386,7.327039847558285,7.550245934891922,1700.4810593548755,1520.8730859210557,1901.2103402183436
CONMEBOL,2007-08,7.4369904398294855,7.327747865438605,7.550911563609713,1701.4984806028647,1521.950273007019,1902.4762657350118
CONMEBOL,2007-09,7.437594437072971,7.328484693575866,7.55158280351679,1702.5261814380565,1523.07210353807,1903.7537120131014
CONMEBOL,2007-10,7.4382038785535745,7.329165617495112,7.552255158538662,1703.5637790870012,1524.109552432286,1905.034125524631
CONMEBOL,2007-11,7.438818528600025,7.329718590610001,7.552934016341022,1704.6108899615483,1524.952575653276,1906.327797548023
CONMEBOL,2007-12,7.439438151541055,7.33040926466439,7.553619064725751,1705.6671296340473,1526.0061861499594,1907.6341584875167
CONMEBOL,2008-01,7.440062511705393,7.331035105913297,7.554309991494729,1706.7321128135395,1526.9615245024609,1908.9526373723118
CONMEBOL,2008-02,7.440691373421768,7.331674624397762,7.555006484449835,1707.8054533229658,1527.9383556767125,1910.2826618181407
CONMEBOL,2008-03,7.441324501018919,7.332319656698996,7.555742748319927,1708.8867640773503,1528.9242421789836,1911.689640292392
CONMEBOL,2008-04,7.441961658825567,7.332969766741974,7.556493879579595,1709.97565706298,1529.9185336592025,1913.1261001572823
CONMEBOL,2008-05,7.442602611170446,7.33362469663956,7.557247646145098,1711.0717433176187,1530.9208508901481,1914.568687963025
CONMEBOL,2008-06,7.4432471223822905,7.334317132905152,7.558003754929888,1712.1746329117002,1531.9812831133593,1916.0168543968039
CONMEBOL,2008-07,7.4438949567898245,7.3350445367321475,7.558681780956399,1713.2839349305361,1533.0960579282826,1917.3164041444984
CONMEBOL,2008-08,7.444545878721783,7.335776413299714,7.559298559846275,1714.399257457567,1534.2185064460787,1918.4993316661487
CONMEBOL,2008-09,7.445199652506897,7.336512457376242,7.5600345187244615,1715.5202075586064,1535.348175699621,1919.911788864047
CONMEBOL,2008-10,7.445856042473894,7.337252363730115,7.5607735241855805,1716.64639126711,1536.4846114470936,1921.3311395042563
CONMEBOL,2008-11,7.446514812951506,7.337995827129722,7.561515256925814,1717.7774135705067,1537.6273581509424,1922.756783372681
CONMEBOL,2008-12,7.447175728268466,7.3387425423434545,7.562259397641345,1718.912878397532,1538.7759589581583,1924.1881185005213
CONMEBOL,2009-01,7.447838552753499,7.339492204139695,7.56300562702835,1720.0523886066048,1539.929955681898,1925.6245411452735
CONMEBOL,2009-02,7.448503050735342,7.340244507286833,7.5637536257830105,1721.1955459752758,1541.0888887845101,1927.0654457736257
CONMEBOL,2009-03,7.449168986542722,7.3409991465532585,7.564503074601511,1722.3419511906977,1542.252297361905,1928.510225046248
CONMEBOL,2009-04,7.44983612450437,7.341756123427851,7.565253654180026,1723.4912038411496,1543.4201921882548,1929.958269804468
CONMEBOL,2009-05,7.450504228949017,7.342516697850821,7.566003528150117,1724.6429024086538,1544.5945262953896,1931.4060376180003
CONMEBOL,2009-06,7.451173064205395,7.343193584111502,7.566746692185743,1725.7966442626237,1545.6403917364282,1932.8419169122103
CONMEBOL,2009-07,7.45184239460223,7.343777339018269,7.567490006505921,1726.9520256545884,1546.5429228179219,1934.2791565629268
CONMEBOL,2009-08,7.452511984468258,7.344360462560813,7.5682331568517425,1728.108641714016,1547.4450057200795,1935.7171497989077
CONMEBOL,2009-09,7.4531815981322085,7.344942811797939,7.568834939249159,1729.2660864451964,1548.346417764693,1936.8823820048221
CONMEBOL,2009-10,7.453850999922809,7.345524243788445,7.56942966017977,1730.4239527252055,1549.246935748496,1938.0346326836134
CONMEBOL,2009-11,7.454519954168793,7.346176693604772,7.570021668019562,1731.5818323029941,1550.2580714396647,1939.1823101940956
CONMEBOL,2009-12,7.455188225198891,7.346905267427169,7.570610757423641,1732.7393157995423,1551.3879612614755,1940.3250072405958
CONMEBOL,2010-01,7.455855577341831,7.347640524472563,7.571192513324628,1733.89599270912,1552.5290489334827,1941.4541365696905
CONMEBOL,2010-02,7.4565217749263475,7.34837403701314,7.571770269055334,1735.051451401686,1553.6682658987,1942.5761520734247
CONMEBOL,2010-03,7.45718658228117,7.3491422599238,7.572344633185203,1736.2052791263663,1554.862288067836,1943.6922246012753
CONMEBOL,2010-04,7.457849763735026,7.349932128850209,7.572915405902212,1737.3570620160576,1556.0909110092996,1944.8019546594987
CONMEBOL,2010-05,7.458511083616649,7.350718083873452,7.573482387394348,1738.5063850931836,1557.3144099183874,1945.9049419313171
CONMEBOL,2010-06,7.459170306254771,7.351380405676564,7.574045377849597,1739.6528322765487,1558.3461942076735,1947.0007852901676
CONMEBOL,2010-07,7.459827195978119,7.3519868771360155,7.574604177455938,1740.795986389332,1559.2915728723538,1948.0890828137678
CONMEBOL,2010-08,7.460481517115425,7.352692618862332,7.575158586401356,1741.9354291682455,1560.3924193013872,1949.169431799051
CONMEBOL,2010-09,7.461133033995421,7.353394207086362,7.575708404873839,1743.0707412738132,1561.4875586353505,1950.2414287778902
CONMEBOL,2010-10,7.461781510946834,7.354095410099125,7.576253433061367,1744.2015023017996,1562.582863664403,1951.3046695336534
CONMEBOL,2010-11,7.4624267122984,7.354774951079187,7.576793471151923,1745.3272907958185,1563.6450630396232,1952.3587491186238
CONMEBOL,2010-12,7.4630684023788465,7.355419132275366,7.577328319333494,1746.4476842610811,1564.652657036965,1953.4032618722288
CONMEBOL,2011-01,7.463706345516905,7.356059954525765,7.577857777794061,1747.5622591793012,1565.6556415988339,1954.4378014401018
CONMEBOL,2011-02,7.464340306041302,7.3566972094867245,7.578381646721608,1748.6705910248027,1566.653680628272,1955.461960794012
CONMEBOL,2011-03,7.464970048280776,7.357282861753627,7.5788997263041225,1749.7722542817717,1567.5714628479957,1956.475332252612
CONMEBOL,2011-04,7.465595336564052,7.35791682237564,7.579411816729584,1750.8668224626867,1568.5655570404697,1957.4775075030207
CONMEBOL,2011-05,7.466215935219861,7.358570771204328,7.5799177181859765,1751.95386812796,1569.591656372354,1958.4680776232833
CONMEBOL,2011-06,7.466831608576935,7.35918374653516,7.580433969380081,1753.0329629067357,1570.5540748047733,1959.479427484513
CONMEBOL,2011-07,7.467442120964003,7.3597958864906925,7.58117131064954,1754.1036775188807,1571.515768852981,1960.924738902947
CONMEBOL,2011-08,7.468047236709797,7.360406171032754,7.581898797058906,1755.1655817981932,1572.4751324561487,1962.3517803685597
CONMEBOL,2011-09,7.468646720143051,7.361011446428934,7.582615992115921,1756.218244716785,1573.4272002561358,1963.7596531160775
CONMEBOL,2011-10,7.469240335592487,7.361611506070399,7.583322459328324,1757.261234410663,1574.37163301397,1965.1474564722184
CONMEBOL,2011-11,7.469827847386844,7.362206143348323,7.584017762203857,1758.2941182065388,1575.3080908174236,1966.5142879453285
CONMEBOL,2011-12,7.4704090198548485,7.362795151653879,7.584701464250263,1759.3164626498206,1576.2362330975216,1967.8592433191516
CONMEBOL,2012-01,7.470983617325231,7.3633783243782345,7.585373128975281,1760.3278335338139,1577.1557186458049,1969.1814167507505
CONMEBOL,2012-02,7.471551404126724,7.363945531191824,7.586032319886652,1761.3277959301568,1578.05054526352,1970.4799008726438
CONMEBOL,2012-03,7.472112144588056,7.364480629913806,7.58667860049212,1762.3159142204465,1578.895183266139,1971.7537868990871
CONMEBOL,2012-04,7.47266560303796,7.365008378656022,7.587311534299423,1763.2917521290772,1579.7286626429568,1973.0021647365356
CONMEBOL,2012-05,7.4732115438051645,7.36552853563167,7.587930684816303,1764.2548727573228,1580.5505830943428,1974.2241230983168
CONMEBOL,2012-06,7.473749731218402,7.366094419471318,7.588535615550503,1765.2048386186088,1581.4452443724947,1975.418749623475
CONMEBOL,2012-07,7.474279929606402,7.36661348578945,7.589125890009763,1766.1412116750082,1582.266332512424,1976.585130999793
CONMEBOL,2012-08,7.474801903297894,7.367120481564988,7.589701071701824,1767.063553374975,1583.0687383470377,1977.722353091029
CONMEBOL,2012-09,7.475315416621611,7.367619510082347,7.590260724134429,1767.9714246922779,1583.858932060067,1978.8295010683134
CONMEBOL,2012-10,7.4758202339062825,7.36807119230746,7.59092173545743,1768.8643861661515,1584.574494396685,1980.1379463814876
CONMEBOL,2012-11,7.476316163271597,7.36845645893206,7.591580204676023,1769.7420754330412,1585.1850954254294,1981.4422203801632
CONMEBOL,2012-12,7.476803188001088,7.368971252798416,7.592233110851334,1770.6044400296973,1586.0013491908435,1982.7363244453452
CONMEBOL,2013-01,7.477281335169241,7.369489658020045,7.592880299870419,1771.4515054478293,1586.823754256774,1984.0199318001908
CONMEBOL,2013-02,7.477750631850547,7.369989899520761,7.5935216176203495,1772.2832977085748,1587.6177487246423,1985.2927150366613
CONMEBOL,2013-03,7.478211105119494,7.370441069704252,7.594156909988189,1773.0998433524248,1588.3341958086826,1986.5543461324912
CONMEBOL,2013-04,7.478662782050572,7.370860205066108,7.594785078714494,1773.9011694293522,1589.0000612287752,1987.802618168071
CONMEBOL,2013-05,7.479105689718267,7.3713171557458095,7.595399553290517,1774.6873034891553,1589.7263227887572,1989.024429103707
CONMEBOL,2013-06,7.479539855197073,7.371736887102383,7.596007355041372,1775.458273571989,1590.3937227306635,1990.2337177623072
CONMEBOL,2013-07,7.479965305561476,7.372153189904631,7.596604355447564,1776.2141081991026,1591.0559463830896,1991.4222390718203
CONMEBOL,2013-08,7.480382067885966,7.3725613871411175,7.596937326291,1776.9548363638023,1591.70554409468,1992.0854391234477
CONMEBOL,2013-09,7.480790169245031,7.3729615148475975,7.597260464349557,1777.6804875226069,1592.3425575599724,1992.7292739997931
CONMEBOL,2013-10,7.481189636713161,7.37335360905982,7.597566246212681,1778.3910915866172,1592.9670288644481,1993.3387165330955
CONMEBOL,2013-11,7.481580497364844,7.373737705813538,7.597856238133235,1779.0866789131123,1593.5790004806147,1993.9168538813599
CONMEBOL,2013-12,7.481962778274571,7.374113841144503,7.598136616004037,1779.7672802973516,1594.1785152640794,1994.475983706525
CONMEBOL,2014-01,7.482336506516831,7.374482051088465,7.598407538684524,1780.4329269645898,1594.7656164496198,1995.0164068411952
CONMEBOL,2014-02,7.4827017091661086,7.3748423716811775,7.598669165034132,1781.0836505623308,1595.3403476472602,1995.5384249949614
CONMEBOL,2014-03,7.483058413296899,7.375125309480966,7.598921653912303,1781.7194831527863,1595.791791971983,1996.0423407256499
CONMEBOL,2014-04,7.4834066459836865,7.3753950815356015,7.599165164178471,1782.3404572055576,1596.222348493859,1996.5284574110165
CONMEBOL,2014-05,7.483746434300963,7.3756534886270115,7.599399854692074,1782.9466055905586,1596.6348755366932,1996.9970792208928
CONMEBOL,2014-06,7.484077805323218,7.3759006239274685,7.599625884312551,1783.5379615711497,1597.029507912197,1997.4485110897522
CONMEBOL,2014-07,7.4844007861249375,7.3761365806092485,7.599843411899339,1784.1145587974993,1597.4063811867152,1997.8830586897184
CONMEBOL,2014-08,7.484715403780613,7.376361451844627,7.600052596311875,1784.676431300189,1597.7656316652774,1998.3010284040372
CONMEBOL,2014-09,7.485021685364734,7.3765753308058795,7.6002535964096,1785.223613484039,1598.1073963757285,1998.7027273009949
CONMEBOL,2014-10,7.485319657951786,7.376834355061961,7.600446571051948,1785.7561401221592,1598.5213987099016,1999.088463108268
CONMEBOL,2014-11,7.485609348616261,7.377099209196396,7.600631679098358,1786.2740463502525,1598.944830412152,1999.4585441877628
CONMEBOL,2014-12,7.48589078443265,7.377356479875302,7.600813856987819,1786.7773676611378,1599.356246139042,1999.8228334155397
CONMEBOL,2015-01,7.4861639924754355,7.3776062339736175,7.601247051234687,1787.2661398995094,1599.7557436079842,2000.689314739461
CONMEBOL,2015-02,7.486428999819114,7.377848538366283,7.601672050106522,1787.7403992569434,1600.143420913293,2001.539775949997
CONMEBOL,2015-03,7.48668583353817,7.378083459928238,7.602028660724073,1788.2001822671327,1600.5193765184927,2002.2536713811016
CONMEBOL,2015-04,7.486934520707093,7.378311065534422,7.602173787375106,1788.6455258013586,1600.883709248687,2002.5442787570853
CONMEBOL,2015-05,7.487175088400374,7.378531422059775,7.602294410156881,1789.0764670642163,1601.2365182829765,2002.7858453169292
CONMEBOL,2015-06,7.4874075636925,7.378744596379237,7.60240434364729,1789.493043589565,1601.5779031469326,2003.0060292193903
CONMEBOL,2015-07,7.487631973657962,7.3789568599115,7.6025053540144985,1789.895293236726,1601.917894823591,2003.2083625706853
CONMEBOL,2015-08,7.487848345371247,7.379163763472095,7.602597588383638,1790.2832541869254,1602.2493689055557,2003.3931347143762
CONMEBOL,2015-09,7.488056705906846,7.379339411756223,7.602681193879848,1790.6569649399776,1602.5308222538604,2003.5606355694574
CONMEBOL,2015-10,7.4882570823392465,7.379359361384704,7.602756317628261,1791.0164643112046,1602.5627829742673,2003.7111556049094
CONMEBOL,2015-11,7.488449501742937,7.379318542477084,7.602823106754014,1791.3617914286158,1602.4973629145138,2003.8449858146869
CONMEBOL,2015-12,7.48863399119241,7.379360892801885,7.6028817083822435,1791.6929857303155,1602.5652298774771,2003.9624176930936
CONMEBOL,2016-01,7.48881057776215,7.379548984126718,7.602890929405815,1792.0100869621629,1602.8666916317338,2003.9808964624006
CONMEBOL,2016-02,7.48897928852665,7.379624256666469,7.602887775838255,1792.3131351756788,1602.9873533193968,2003.9745771292107
CONMEBOL,2016-03,7.489140150560397,7.37961818826049,7.602876543023882,1792.6021707261953,1602.9776213336038,2003.9520675791641
CONMEBOL,2016-04,7.48929319093788,7.379592244591188,7.602857401062736,1792.8772342712484,1602.93603073974,2003.9137092285468
CONMEBOL,2016-05,7.489438436733589,7.3795619273243345,7.603045223573788,1793.1383667692253,1602.8874329795942,2004.2901228137603
CONMEBOL,2016-06,7.489575915022012,7.379616001545188,7.603276251283712,1793.3856094782493,1602.9741104204911,2004.7532228318767
CONMEBOL,2016-07,7.489705652877639,7.379722033818514,7.603518654309181,1793.619003955312,1603.1440885950658,2005.2392421003362
CONMEBOL,2016-08,7.489827677374958,7.379811231487847,7.603752052047641,1793.8385920556611,1603.2870953674328,2005.70732128812
CONMEBOL,2016-09,7.489942015588458,7.379837601320448,7.60397638621186,1794.044415932424,1603.3293696273242,2006.157330752945
CONMEBOL,2016-10,7.490048694592631,7.379973688198862,7.6041890574333575,1794.2365180364798,1603.5475755973032,2006.5840384086018
CONMEBOL,2016-11,7.4901477414619615,7.380115987886323,7.604378291545153,1794.4149411165854,1603.7757781796356,2006.9637794374396
CONMEBOL,2016-12,7.490239183270943,7.380195517672865,7.604558649105685,1794.5797282197384,1603.90333296504,2007.3257760491747
CONMEBOL,2017-01,7.490323047094062,7.380269320597548,7.604729144458771,1794.730922691791,1604.0217122332608,2007.668038869615
CONMEBOL,2017-02,7.4903993600058065,7.380342269008624,7.604886103235186,1794.8685681783097,1604.1387266224854,2007.9831789704072
CONMEBOL,2017-03,7.490468149080669,7.380412526967813,7.6049649843645915,1794.9927086256787,1604.2514318894418,2008.1415764046317
CONMEBOL,2017-04,7.490529441393135,7.380477189208205,7.6049012132847515,1795.1033882824506,1604.3551680571486,2008.0135231833162
CONMEBOL,2017-05,7.490583264017696,7.38053633939354,7.604827925065933,1795.20065170094,1604.4500676208177,2007.8663717228549
CONMEBOL,2017-06,7.49062964402884,7.38053675356589,7.604744411886849,1795.284543739065,1604.4507314005884,2007.6987020197892
CONMEBOL,2017-07,7.490668608501056,7.380630719457693,7.6047294239036916,1795.355109562428,1604.6015027474139,2007.6686139661679
CONMEBOL,2017-08,7.4907001845088335,7.380666113070084,7.604763646724095,1795.4123946466448,1604.6582972894653,2007.7373229429709
CONMEBOL,2017-09,7.490724399126662,7.3806972444153915,7.604786678198441,1795.4564447799123,1604.7082541660914,2007.783564885397
CONMEBOL,2017-10,7.49074127942903,7.380729803021283,7.604798439861794,1795.4873060658244,1604.7605008323374,2007.8071807227163
CONMEBOL,2017-11,7.490750852490425,7.38075709853938,7.604798853249221,1795.505024926422,1604.8043034377079,2007.808012161125
CONMEBOL,2017-12,7.490753145385339,7.380779207704293,7.604787839895788,1795.5096481054923,1604.839784347932,2007.7859017034655
CONMEBOL,2018-01,7.4907481851882585,7.380811664659222,7.604765321336562,1795.5012226721017,1604.8918733512244,2007.7406926690626
CONMEBOL,2018-02,7.490735998973675,7.380813024926236,7.6047312191066085,1795.479796024373,1604.8940564258753,2007.6722292136853
CONMEBOL,2018-03,7.490716613816074,7.380803519177221,7.604685454740993,1795.445415893499,1604.8788013028993,2007.5803563496315
CONMEBOL,2018-04,7.4906900567899495,7.380761787395011,7.604627949774783,1795.398130347996,1604.8118293245004,2007.464919965908
CONMEBOL,2018-05,7.490656354969786,7.380643601984572,7.604558625743044,1795.337987798191,1604.622175350488,2007.3257668485517
CONMEBOL,2018-06,7.4906155354300745,7.380525337459891,7.604477404180841,1795.2650370009496,1604.4324169137974,2007.1627447010317
CONMEBOL,2018-07,7.490567625245306,7.380408660217938,7.6043842066232425,1795.179327064637,1604.2452268755578,2006.9757021647806
CONMEBOL,2018-08,7.490512651489966,7.380309690316941,7.604278954605314,1795.080907454312,1604.0864609645598,2006.7644888398158
CONMEBOL,2018-09,7.490450641238544,7.3803991352583225,7.6041615696621205,1794.969827997156,1604.2299467018381,2006.5289553054677
CONMEBOL,2018-10,7.490381621565531,7.380482538789673,7.604031973328728,1794.8461388881353,1604.363755937388,2006.26895314121
CONMEBOL,2018-11,7.490305619545415,7.380443322371711,7.603890087140205,1794.7098906958906,1604.3008425806731,2005.9843349475793
CONMEBOL,2018-12,7.490222662252686,7.380296355545547,7.603735832631616,1794.5611343688602,1604.06507952216,2005.6749543671854
CONMEBOL,2019-01,7.490132776761832,7.38013994510424,7.603606376885889,1794.3999212416313,1603.8142049494936,2005.415342493354
CONMEBOL,2019-02,7.490035990147342,7.379974708376689,7.6035992358730065,1794.226303041517,1603.5492156752641,2005.4009896778487
CONMEBOL,2019-03,7.489932329483704,7.37980492902733,7.6035922399457805,1794.040331895361,1603.2769856147627,2005.386929649805
CONMEBOL,2019-04,7.489821821845412,7.379645380477663,7.603585542638065,1793.8420603365687,1603.0212044313482,2005.373470701959
CONMEBOL,2019-05,7.489704494306949,7.379636069511831,7.603579297483711,1793.6315413123596,1603.0062806783499,2005.3609211465648
CONMEBOL,2019-06,7.489580373942806,7.379626026916639,7.603572468211008,1793.4088281912427,1602.9901868136767,2005.3472010301903
CONMEBOL,2019-07,7.489449487827474,7.379622693656568,7.603561543687052,1793.173974770716,1602.9848443101203,2005.325266609778
CONMEBOL,2019-08,7.48931186303544,7.379618136667077,7.603551271264908,1792.9270352851825,1602.977540151193,2005.3046506128503
CONMEBOL,2019-09,7.489167526641195,7.379612433235313,7.6034963926320955,1792.6680644140824,1602.9683982381832,2005.1946006116536
CONMEBOL,2019-10,7.489016566685784,7.379579147969188,7.603145163700297,1792.397227001225,1602.9150433668867,2004.4904506535931
CONMEBOL,2019-11,7.488859315076488,7.37938979894236,7.6027757303638905,1792.1151269617083,1602.6115567971774,2003.7500750279692
CONMEBOL,2019-12,7.488696164687151,7.379188895344311,7.602390432973468,1791.8224777094497,1602.2896162360737,2002.9781945704938
CONMEBOL,2020-01,7.488527508391607,7.379103130112564,7.601995559013217,1791.5199923191115,1602.1522019556114,2002.1874397187157
CONMEBOL,2020-02,7.488353739063698,7.379024465007855,7.601592012678923,1791.2083834580535,1602.026173178774,2001.3796428525538
CONMEBOL,2020-03,7.488175249577263,7.379017500388594,7.601180698166381,1790.8883633230598,1602.0150204679856,2000.5566338821677
CONMEBOL,2020-04,7.4879924328061405,7.379048540211846,7.600762519671384,1790.5606435818406,1602.0647568414936,1999.720240100087
CONMEBOL,2020-05,7.487805681624172,7.378862749549956,7.60033838138972,1790.225935319295,1601.7671299607277,1998.87228605014
CONMEBOL,2020-06,7.487615388905197,7.378444689702196,7.6001316565074415,1789.8849489885388,1601.0976269833538,1998.4591020541463
CONMEBOL,2020-07,7.487421947523053,7.378301162944832,7.600141166671442,1789.5383943666948,1600.8678465343662,1998.4780683144888
CONMEBOL,2020-08,7.487225750351581,7.378241890673015,7.600148916453918,1789.1869805154251,1600.7729785434367,1998.493525034857
CONMEBOL,2020-09,7.487027190264618,7.37818684680484,7.6001547847023945,1788.8314157462103,1600.684898319505,1998.505230023683
CONMEBOL,2020-10,7.486826660136006,7.378062317493797,7.600158650264395,1788.47240759037,1600.4856142153396,1998.5129410219279
CONMEBOL,2020-11,7.486624552839585,7.377894140804899,7.600160391987444,1788.1106627737975,1600.2164870408224,1998.5164157088498
CONMEBOL,2020-12,7.48642126124919,7.377734153126771,7.599971496038406,1787.7468871964209,1599.9604896852377,1998.1389414963055
CONMEBOL,2021-01,7.486217178238666,7.377492896314225,7.59971350372836,1787.3817859163705,1599.5745219977612,1997.6235129516356
CONMEBOL,2021-02,7.4860126966818505,7.37721489791291,7.599457308942855,1787.016063138838,1599.1298671538702,1997.111814494704
CONMEBOL,2021-03,7.485808209452581,7.376939032616796,7.599203451075761,1786.650422209627,1598.6887557049172,1996.6049198344483
CONMEBOL,2021-04,7.4856041094247,7.376664788163831,7.59895246952095,1786.285565613382,1598.250368715875,1996.1039015482208
CONMEBOL,2021-05,7.485400789472044,7.376486459443917,7.5987049036722905,1785.9221949764726,1597.9653771092887,1995.6098311146313
CONMEBOL,2021-06,7.485198642468454,7.376584446385817,7.598461292923654,1785.5610110745451,1598.1219740772347,1995.123778952702
CONMEBOL,2021-07,7.48499806128777,7.376227296273327,7.598222176668911,1785.2027138447122,1597.5513038746653,1994.6468144672497
CONMEBOL,2021-08,7.48479943880383,7.375838921934065,7.59798031272058,1784.848002402372,1596.9309731904332,1994.164455455453
CONMEBOL,2021-09,7.484603167890475,7.3754513853770245,7.597738925870721,1784.4975750626606,1596.3122213350373,1993.6831418633271
CONMEBOL,2021-10,7.484409641421544,7.375335422445466,7.597503855091715,1784.1521293665137,1596.1271205961593,1993.2145324946698
CONMEBOL,2021-11,7.484219252270875,7.375409435686949,7.597275670084153,1783.8123621113302,1596.2452640681624,1992.7597537699728
CONMEBOL,2021-12,7.484032393312309,7.3754835658633375,7.597224371266818,1783.478969386238,1596.363603659085,1992.6574882732248
CONMEBOL,2022-01,7.483849457419685,7.375528038352445,7.597294945300465,1783.1526466119494,1596.4346040703842,1992.7980682201992
CONMEBOL,2022-02,7.4836708374668435,7.375387676901157,7.597369960657898,1782.8340885851856,1596.2105368501755,1992.9475212577645
CONMEBOL,2022-03,7.483496926327621,7.375252784800702,7.597449301813571,1782.5239895276907,1595.9952308835238,1993.1056191901591
CONMEBOL,2022-04,7.48332811687586,7.375123631033498,7.597530086770349,1782.2230431398102,1595.7891119429282,1993.2666183524364
CONMEBOL,2022-05,7.483164801985399,7.375000484581959,7.597487975260068,1781.931942658629,1595.5926057352297,1993.1826776397845
CONMEBOL,2022-06,7.483007374530078,7.374883614428501,7.5971459570609765,1781.6513809206774,1595.4061379268267,1992.5010887484966
CONMEBOL,2022-07,7.482856227383736,7.3747803451357115,7.596697339636614,1781.3820504291973,1595.2413894838353,1991.6074203557903
CONMEBOL,2022-08,7.48271175342021,7.374788704225114,7.596259730390138,1781.124643425962,1595.254724964149,1990.7360697977065
CONMEBOL,2022-09,7.482574345513342,7.374806767067657,7.595857482945538,1780.879851967658,1595.2835419460246,1989.9354686145975
CONMEBOL,2022-10,7.482444396536973,7.374834815542436,7.5958784434957805,1780.648368006834,1595.328291042548,1989.9771691660762
CONMEBOL,2022-11,7.482322299364939,7.374836478486836,7.5958819255143615,1780.4308834774054,1595.3309471137181,1989.9840956292057
CONMEBOL,2022-12,7.482208446871081,7.3746617021978675,7.595677653493657,1780.2280903847352,1595.0521421863953,1989.577639716692
CONMEBOL,2023-01,7.482103231929241,7.374500670208843,7.595444901436281,1780.040680900294,1594.7953060579378,1989.1146146543965
CONMEBOL,2023-02,7.482007047413253,7.374353949483703,7.595108830064087,1779.869347460902,1594.5613320665498,1988.4462426545635
CONMEBOL,2023-03,7.481920286196961,7.374222106986386,7.594897441280286,1779.7147828725701,1594.3511139782497,1988.0259523360128
CONMEBOL,2023-04,7.481843341154202,7.374105709680828,7.59465364650992,1779.5776804189563,1594.1655461198063,1987.5413465637043
CONMEBOL,2023-05,7.481776605158817,7.374019254443927,7.594429133857083,1779.458733974438,1594.0277280296978,1987.0951744475117
CONMEBOL,2023-06,7.481720471084643,7.3739656644269465,7.5942238925884835,1779.3586381218352,1593.9423063954164,1986.687383845676
CONMEBOL,2023-07,7.4816753318055245,7.37396864184098,7.594043890774904,1779.2780882747936,1593.9470524699952,1986.3298093904687
CONMEBOL,2023-08,7.481641580195296,7.373958603704846,7.593890115154283,1779.2177808048489,1593.9310524884802,1986.0243835873835
CONMEBOL,2023-09,7.481619609127798,7.373958258323178,7.593763552464561,1779.1784131732036,1593.9305023200734,1985.7730418249278
CONMEBOL,2023-10,7.48160981147687,7.373967863922472,7.593665189443682,1779.1606840672373,1593.9458136238131,1985.5777229047467
CONMEBOL,2023-11,7.481612580116355,7.373930529800504,7.5937530641887445,1779.1652935417846,1593.88630598735,1985.7522048038295
CONMEBOL,2023-12,7.4816283079200865,7.37383744994734,7.59389277067795,1779.1929431652075,1593.737953064021,1986.0296436066162
CONMEBOL,2024-01,7.481657387761909,7.373843331775212,7.593808659626757,1779.2443361703063,1593.7473270771209,1985.8626109116917
CONMEBOL,2024-02,7.481700212515658,7.374003456480159,7.593737433414881,1779.3201776100968,1594.0025460242834,1985.7211886471346
CONMEBOL,2024-03,7.481757175055176,7.374161545744072,7.593698276498571,1779.4211745185103,1594.254560919377,1985.6434629518615
CONMEBOL,2024-04,7.4818286682543,7.374201128850634,7.594054052189841,1779.5480360760394,1594.3176672635802,1986.3500252913288
CONMEBOL,2024-05,7.481915084986872,7.374368419773382,7.594428754313755,1779.7014737804047,1594.5844050084402,1987.094447785069
CONMEBOL,2024-06,7.482016818126731,7.374476160281133,7.594822750936504,1779.8822016222712,1594.756215179203,1987.8775044791864
CONMEBOL,2024-07,7.4821342605477135,7.3745987085871665,7.5952364101242695,1780.0909362660784,1594.9516616548926,1988.6999727982889
CONMEBOL,2024-08,7.482267805123663,7.37480654144546,7.595653414912215,1780.3283972360528,1595.2831797249576,1989.52942131854
CONMEBOL,2024-09,7.482417844728416,7.375103552536537,7.5957586620521145,1780.595307107443,1595.7570667639316,1989.7388242183663
CONMEBOL,2024-10,7.482584772235813,7.375298024862149,7.595528362344236,1780.8923917030666,1596.067430415417,1989.280691844234
CONMEBOL,2024-11,7.482768980519693,7.3753097545154125,7.595577691440213,1781.2203802952274,1596.0861493169916,1989.3788835283356
CONMEBOL,2024-12,7.4829708624538975,7.375360850445708,7.596000650934728,1781.580005813083,1596.167705463894,1990.2205040731233
CONMEBOL,2025-01,7.483190810912264,7.375214666627858,7.596456223715209,1781.972005055531,1595.9343882031792,1991.1273809468971
CONMEBOL,2025-02,7.483429218768631,7.3750630085322495,7.59694731302359,1782.3971189097222,1595.692369565779,1992.1053995966158
CONMEBOL,2025-03,7.483686478896841,7.3748911310921015,7.597483677959827,1782.8560925752588,1595.4181296185027,1993.1741471746984
CONMEBOL,2025-04,7.483962984170732,7.375029233417983,7.598066311014783,1783.3496757941914,1595.6384765363239,1994.3357506811997
CONMEBOL,2025-05,7.48425912746414,7.375479323095282,7.598695305526888,1783.8786230869096,1596.356818512827,1995.5905602343755
CONMEBOL,2025-06,7.48457530165091,7.375989551191615,7.599323994247698,1784.4436939940238,1597.171531791154,1996.845559884258
CONMEBOL,2025-07,7.484911899604881,7.376619095579466,7.600139435676003,1785.045653324342,1598.1773396082829,1998.4745343252162
CONMEBOL,2025-08,7.485269314199887,7.376736591203219,7.600941365197052,1785.6852714090805,1598.3651285839521,2000.07781283276
CONMEBOL,2025-09,7.485647938309773,7.376853689342371,7.601799470590097,1786.3633243623935,1598.5523054817138,2001.794827522519
CONMEBOL,2025-10,7.486048164808376,7.377076339135957,7.602705350372171,1787.0805943483645,1598.908262390051,2003.6090344031993
CONMEBOL,2025-11,7.486470386569535,7.37741244282641,7.602725295476909,1787.8378698546014,1599.4457525927935,2003.6490429251512
CONMEBOL,2025-12,7.486914996467093,7.377778783131861,7.6026505197162475,1788.63594597255,1600.0318004923931,2003.4993429875483
CONMEBOL,2026-01,7.487382387374884,7.378153887793308,7.602525277185692,1789.475624684671,1600.6320948840578,2003.2484300631572
CONMEBOL,2026-02,7.487872952166751,7.378558172313956,7.602481790800786,1790.357715158662,1601.2793373071631,2003.1612816135619
CONMEBOL,2026-03,7.4883870837165345,7.378859634828254,7.603895329796239,1791.2830340488376,1601.762133626045,2005.9947068439599
CONMEBOL,2026-04,7.48892517489807,7.378572032234289,7.604003788603323,1792.2524058048498,1601.3015274976415,2006.2122899539745
CONMEBOL,2026-05,7.4894876185852,7.379206377171297,7.604064829932112,1793.2666629879404,1602.3176345072077,2006.3347532771554
CONMEBOL,2026-06,7.490074807651765,7.379303186105674,7.604765143687386,1794.326646594868,1602.4727565517499,2007.7403429308022
CONMEBOL,2026-07,7.4906871349715995,7.379704259715541,7.605648946989951,1795.4332063897007,1603.1155995778709,2009.5155462178325
CONMEBOL,2026-08,7.491324993418547,7.3799639976304565,7.606094593564253,1796.5872012437117,1603.5320359293335,2010.4112850993397
CAF,1992-01,7.2872226665447295,7.252655502765108,7.327662216365726,1461.8629026715253,1411.8490437161622,1521.819925285512
CAF,1992-02,7.286415025933438,7.251693935683891,7.32679085460868,1460.6802459559945,1410.4921087054734,1520.4944577101182
CAF,1992-03,7.285629858855993,7.251150250120098,7.325978608680744,1459.5315932798403,1409.7254535972709,1519.2599324504115
CAF,1992-04,7.2848669003190025,7.250549669686655,7.325195006376701,1458.4164610297018,1408.8790559033607,1518.0699036030837
CAF,1992-05,7.284125885329076,7.249830457714293,7.324489850846143,1457.334370112126,1407.8661369454821,1516.9998050759218
CAF,1992-06,7.2834065488928195,7.249143790742694,7.323848367668805,1456.2848458184305,1406.8997332233098,1516.0269872655367
CAF,1992-07,7.282708626016846,7.248323703671795,7.3231114130107695,1455.2674176922635,1405.7464244861985,1514.91015618188
CAF,1992-08,7.282031851707762,7.248059938333147,7.3222766583526555,1454.281619399793,1405.375691083911,1513.6461066955362
CAF,1992-09,7.281375960972175,7.247799105760678,7.321497883826943,1453.3269886025146,1405.0091839499678,1512.4677749088971
CAF,1992-10,7.280740688816696,7.247103713629785,7.320344687544271,1452.4030668326036,1404.0324852453587,1510.7246095986766
CAF,1992-11,7.280125770247932,7.246317771848356,7.319432110611791,1451.5093993707353,1402.9294194395134,1509.3465859394657
CAF,1992-12,7.279530940272492,7.24568958895437,7.318678066005304,1450.6455351263767,1402.048400666235,1508.208898914004
CAF,1993-01,7.278955933896986,7.245015065278692,7.317950623190049,1449.811026520473,1401.1030038657107,1507.1121649839513
CAF,1993-02,7.278400486128024,7.2445029072853755,7.3174139398705496,1449.0054293704684,1400.3856015757892,1506.3035427162222
CAF,1993-03,7.277864331972208,7.244050023873458,7.317074593056156,1448.2283027776555,1399.751533709498,1505.7924644599987
CAF,1993-04,7.277347206436154,7.24374794929727,7.316367171339951,1447.4792090167932,1399.3287687339432,1504.7276119504365
CAF,1993-05,7.2768488445264685,7.243493150731628,7.315867709958714,1446.7577134279313,1398.9722695580635,1503.9762453198098
CAF,1993-06,7.276368981249758,7.243197537244028,7.315491957453047,1446.0633843104424,1398.5587767395891,1503.4112285043948
CAF,1993-07,7.275907351612634,7.242660681304438,7.314938336771939,1445.395792819203,1397.8081501270024,1502.5791422387786
CAF,1993-08,7.275463690621705,7.242213053329387,7.3145134733227675,1444.7545128628738,1397.182592031297,1501.9408846586566
CAF,1993-09,7.275037733283575,7.241687307901193,7.314092847755791,1444.139121004271,1396.4482224089786,1501.3092630448648
CAF,1993-10,7.274629214604861,7.241173124425219,7.313633566260276,1443.5491963627876,1395.7303771386635,1500.6198972729953
CAF,1993-11,7.274237869592167,7.240650173595179,7.3132409586407086,1442.98432051881,1395.0006703547392,1500.0308580192261
CAF,1993-12,7.273863433252098,7.2401389838832415,7.312845837448663,1442.4440774201316,1394.287740925506,1499.4382815804759
CAF,1994-01,7.27350564059127,7.2398034369831015,7.31246561474682,1441.9280532903183,1393.8199714386142,1498.8682686427069
CAF,1994-02,7.273164226616286,7.239433685373493,7.312076637475135,1441.4358365389855,1393.3046985962628,1498.2853563601855
CAF,1994-03,7.272838926333759,7.2392412597287805,7.311766176562098,1440.9670176739796,1393.0366185069456,1497.820269803551
CAF,1994-04,7.272529474750296,7.239053298082083,7.311434807118758,1440.5211892154362,1392.774809352302,1497.3240200974874
CAF,1994-05,7.2722356068725045,7.2386672611898275,7.311116378270672,1440.097945611663,1392.237247401301,1496.8473047097568
CAF,1994-06,7.271957057706994,7.238263433534359,7.3108127074732785,1439.696883156859,1391.6751348999492,1496.3928249035337
CAF,1994-07,7.271693562260375,7.238049457660026,7.31058954545984,1439.3175999106286,1391.3773818503016,1496.0589240072566
CAF,1994-08,7.271444855539253,7.237874613026393,7.310334280616996,1438.9596956192609,1391.1341282221695,1495.6770815083214
CAF,1994-09,7.2712106725502395,7.237721007839509,7.310058634984999,1438.622771638769,1390.9204592210842,1495.264861473829
CAF,1994-10,7.270990748299941,7.237545129364796,7.309779276713796,1438.3064308596693,1390.675847761522,1494.8472053622704
CAF,1994-11,7.270784817794968,7.237386093020089,7.309574654681983,1438.0102776334568,1390.4546978502972,1494.541357915711
CAF,1994-12,7.270592616041929,7.237243717511837,7.309426481083345,1437.733917700793,1390.2567448179896,1494.3199227181356
CAF,1995-01,7.270413878047432,7.237106926724626,7.3092403915812865,1437.4769581213645,1390.0665834306235,1494.0418714190748
CAF,1995-02,7.270248338818086,7.236972120606505,7.309066898489692,1437.2390072054006,1389.8792067391255,1493.7826878363246
CAF,1995-03,7.270095733360499,7.236846245748106,7.308890304714709,1437.0196744468412,1389.7042670344829,1493.5189183852112
CAF,1995-04,7.269955796681281,7.236729203212689,7.308689809094638,1436.818570458136,1389.5416219703332,1493.2195046205416
CAF,1995-05,7.26982826378704,7.236619152943787,7.3084923024602295,1436.6353069066533,1389.3887108854808,1492.9246136016905
CAF,1995-06,7.269712869684384,7.2364877986368645,7.308420406355023,1436.4694964526975,1389.2062205443008,1492.8172815829023
CAF,1995-07,7.269609349379924,7.2363853223333665,7.308379787630777,1436.3207526891183,1389.0638671351273,1492.756646127529
CAF,1995-08,7.269517437880268,7.236311662221423,7.308273396441464,1436.1886900824925,1388.9615524651317,1492.5978385106453
CAF,1995-09,7.269436870192021,7.236241388067837,7.3082292495149614,1436.0729239158763,1388.86394799764,1492.5319462387552
CAF,1995-10,7.269367381321797,7.236163440390112,7.30819583891002,1435.9730702331178,1388.7556935615673,1492.4820806248356
CAF,1995-11,7.269308706276202,7.23609230879285,7.308159544961444,1435.8887457847095,1388.6569126649126,1492.4279135430181
CAF,1995-12,7.269260580061845,7.236027893386626,7.3081236606684135,1435.8195679751818,1388.5674645860702,1492.3743597832008
CAF,1996-01,7.269222737685334,7.235971882457952,7.308101874088952,1435.7651548120286,1388.4896915245106,1492.3418465311283
CAF,1996-02,7.269194914153279,7.235966910812926,7.308087225115991,1435.7251248561483,1388.4827884250396,1492.319985299987
CAF,1996-03,7.2691768444722875,7.236001710534525,7.3080582818150015,1435.699097173803,1388.5311085857916,1492.2767932674114
CAF,1996-04,7.26916826364897,7.2359211500674325,7.308059196800626,1435.6866912900828,1388.4192520668046,1492.2781586994367
CAF,1996-05,7.269168906689934,7.235847403380287,7.308073027057088,1435.6875271438712,1388.316864254408,1492.2987974486086
CAF,1996-06,7.269178508601788,7.235861193970477,7.308099385561773,1435.7012250443056,1388.3360103713162,1492.3381327427005
CAF,1996-07,7.269196804391141,7.235892151572491,7.308112875540717,1435.7274056287279,1388.3789910612077,1492.3582644344758
CAF,1996-08,7.269223529064603,7.235934338558751,7.308188019795904,1435.7656898221194,1388.4375645748846,1492.4704108431554
CAF,1996-09,7.269258417628781,7.235989152267967,7.308249760338993,1435.8156987980183,1388.51367253958,1492.5625596170732
CAF,1996-10,7.269301205090284,7.235976059808598,7.30828675127697,1435.877053940913,1388.495492269531,1492.617771911648
CAF,1996-11,7.2693516264557205,7.235922683877125,7.308283986124414,1435.9493768101074,1388.4213813898743,1492.613645124358
CAF,1996-12,7.269409416731701,7.235909450233187,7.308399510444035,1436.032289105065,1388.4030076732631,1492.7860877578687
CAF,1997-01,7.269474310924831,7.235968747499299,7.308542314266639,1436.1254126322083,1388.4853388726776,1492.9992786143084
CAF,1997-02,7.269546044041723,7.236035367199466,7.308629085329164,1436.2283692731978,1388.5778425029778,1493.1288332433194
CAF,1997-03,7.269624351088982,7.236106883883379,7.308645935297061,1436.3407809546688,1388.6771526109408,1493.1539926650828
CAF,1997-04,7.26970896707322,7.23618376326646,7.308656180711283,1436.4622696194308,1388.7839173301747,1493.169292124342
CAF,1997-05,7.269799627001044,7.236261140373683,7.308672601894325,1436.5924571991322,1388.8913814513955,1493.1938152220403
CAF,1997-06,7.269896065879062,7.236293379281509,7.3088372353431295,1436.7309655883867,1388.9361582250679,1493.4396633925953
CAF,1997-07,7.269998018713884,7.23640869977301,7.309060934830828,1436.8774166203564,1389.0963402800182,1493.7737802041352
CAF,1997-08,7.270105220512118,7.236536963656263,7.309250565324445,1437.0314320438013,1389.2745226449456,1494.0570713993675
CAF,1997-09,7.2702174062803735,7.236635449501978,7.309301821355101,1437.192633501586,1389.411353202592,1494.1336531011532
CAF,1997-10,7.270334311025261,7.236729965347802,7.3093639360158305,1437.3606425106495,1389.5426807675428,1494.2264640174199
CAF,1997-11,7.2704556697533835,7.236858283949123,7.309552384960861,1437.5350804434374,1389.7209963898076,1494.5080753388916
CAF,1997-12,7.270581217471356,7.2369908457213015,7.309579400945564,1437.7155685107957,1389.9052325301004,1494.5484523234259
CAF,1998-01,7.2707106891857824,7.237127947697736,7.309635406846722,1437.901727746328,1390.095804451361,1494.6321592613108
CAF,1998-02,7.270843819903274,7.237271570102976,7.309798065056895,1438.0931789922208,1390.2954676256468,1494.8752926816296
CAF,1998-03,7.270980344630439,7.237440081050465,7.309961335239433,1438.2895428865322,1390.5297672886927,1495.119380759862
CAF,1998-04,7.271119998373887,7.2375715434002865,7.310124798588962,1438.490439851947,1390.7125816032233,1495.3637976576674
CAF,1998-05,7.271262516140225,7.2377241019373395,7.310288036300106,1438.6954900860085,1390.9247629044828,1495.6079171315255
CAF,1998-06,7.271407632936063,7.237879862871985,7.310450629567489,1438.9043135528127,1391.1414316196292,1495.8511125328164
CAF,1998-07,7.271555083768009,7.238038547174732,7.3106121595857365,1439.116529976179,1391.362201601423,1496.0927568105215
CAF,1998-08,7.271704603642672,7.238156955531843,7.31077220754947,1439.3317588342986,1391.526960000688,1496.3322225165577
CAF,1998-09,7.271855927566659,7.238258323146144,7.310935129058148,1439.549619355856,1391.668022945006,1496.5760270254946
CAF,1998-10,7.2720087905465824,7.238358074412295,7.3111265186456365,1439.7697305176291,1391.806850459347,1496.8624833342503
CAF,1998-11,7.272162927589048,7.238511210588334,7.311318724233669,1439.991711043572,1392.0200027616681,1497.1502162431311
CAF,1998-12,7.272318073700667,7.238674482153787,7.311452672920362,1440.2151794053807,1392.247298627325,1497.3507710296055
CAF,1999-01,7.272474002279309,7.238822959934795,7.311614913416677,1440.439809174288,1392.4540317643784,1497.5937216647706
CAF,1999-02,7.272630640287918,7.238996378214338,7.311771766433132,1440.665495162063,1392.6955296577717,1497.8286421946489
CAF,1999-03,7.272787953080698,7.239165101162012,7.311923336350073,1440.892187527378,1392.930529180958,1498.055685201935
CAF,1999-04,7.27294590601185,7.239306851390926,7.312068178797631,1441.1198364458469,1393.1279913936671,1498.2726829239955
CAF,1999-05,7.273104464435582,7.239457789013389,7.312207806289131,1441.3483921074594,1393.338282700663,1498.4818975607677
CAF,1999-06,7.273263593706094,7.239606675592585,7.312342413218999,1441.5778047140632,1393.5457475207918,1498.6836171745758
CAF,1999-07,7.273423259177596,7.239753539729779,7.312472105322501,1441.8080244769126,1393.750424439159,1498.8779972094505
CAF,1999-08,7.273583426204288,7.239898566623955,7.312596988334906,1442.0390016142787,1393.9525703808956,1499.0651933062043
CAF,1999-09,7.2737440601403796,7.240058650157298,7.31271716799148,1442.2706863491192,1394.1757370973428,1499.245361294424
CAF,1999-10,7.273905126340069,7.240226010358246,7.312883439250812,1442.503028906805,1394.4090861566756,1499.4946634029243
CAF,1999-11,7.274066590157563,7.2403953463417645,7.313018198105425,1442.735979512918,1394.6452297838082,1499.6967480204837
CAF,1999-12,7.274228416947069,7.240566583831682,7.313151786795292,1442.9694883911004,1394.8840657787057,1499.8971055905909
CAF,2000-01,7.274390572062788,7.240739648551824,7.313278920082576,1443.203505760965,1395.1254918878083,1500.08780434854
CAF,2000-02,7.274553020858925,7.240919546356763,7.3134057489671,1443.4379818360767,1395.376494478994,1500.278070671973
CAF,2000-03,7.274715728689687,7.24110563143991,7.3135322711788895,1443.6728668219823,1395.6361773985482,1500.4679009844795
CAF,2000-04,7.274878660909276,7.241295967821017,7.313658484447966,1443.908110914306,1395.9018430252233,1500.657291708268
CAF,2000-05,7.275041782871896,7.2414903779308695,7.313784386504355,1444.1436642969109,1396.1732468351029,1500.8462392641725
CAF,2000-06,7.2752050599317535,7.241688130815663,7.313909975078077,1444.3794771401151,1396.449371430846,1501.0347400716628
CAF,2000-07,7.275368457443052,7.241855002125946,7.314035247899155,1444.615499598969,1396.6824181950426,1501.2227905488594
CAF,2000-08,7.275531940759995,7.242040718311819,7.3141602026976145,1444.8516818115995,1396.94182890249,1501.410387112538
CAF,2000-09,7.275695475236789,7.242225938320532,7.314298512728475,1445.087973897608,1397.2005944490743,1501.6180612958703
CAF,2000-10,7.275859026227638,7.242390176818905,7.3145134317693605,1445.3243259565345,1397.4300873596603,1501.940821586678
CAF,2000-11,7.276022559086744,7.242542184556446,7.314666798665399,1445.5606880663836,1397.6425237806227,1502.171187361692
CAF,2000-12,7.276186039168315,7.242724065013461,7.3147848404222415,1445.7970102822055,1397.8967514699682,1502.3485176619597
CAF,2001-01,7.276349431826553,7.242906609272965,7.3149025882784615,1446.033242634745,1398.1519541892176,1502.5254280871864
CAF,2001-02,7.276512702415664,7.243091719415685,7.315020047688472,1446.2693351291505,1398.410791513311,1502.7019266632835
CAF,2001-03,7.276675816289851,7.243270899713125,7.315137224106692,1446.505237743741,1398.6613824936537,1502.8780214187154
CAF,2001-04,7.27683873880332,7.243438210953399,7.315254122987533,1446.7409004288381,1398.8954144263869,1503.0537203845042
CAF,2001-05,7.277001435310273,7.243603466729305,7.315370749785414,1446.9762731056596,1399.1266095849346,1503.2290315942496
CAF,2001-06,7.277163871164919,7.243767694004516,7.315487056832073,1447.211305665272,1399.3564030796356,1503.4038831592975
CAF,2001-07,7.277326011721459,7.2439329251753,7.3155999163353425,1447.445947967606,1399.5876378083638,1503.5735681606077
CAF,2001-08,7.277487822334097,7.244096222620104,7.3157126019249406,1447.6801498405375,1399.8162041180037,1503.7430109116767
CAF,2001-09,7.277649268357039,7.244257610654566,7.315878872265964,1447.913861079025,1400.042134800266,1503.993058304733
CAF,2001-10,7.27781031514449,7.2444171135943245,7.316076869592794,1448.1470314443088,1400.2654626835836,1504.2908712664125
CAF,2001-11,7.277970928050652,7.244574755755015,7.3162737362551695,1448.3796106631798,1400.4862206319176,1504.587042298298
CAF,2001-12,7.278131072429733,7.244798002776243,7.31646864880625,1448.6115484273014,1400.7989100911172,1504.880330463954
CAF,2002-01,7.2782907136359345,7.244997382257709,7.316659857579314,1448.8427943925985,1401.0782288505509,1505.1680993278949
CAF,2002-02,7.278449817023461,7.2451479241833345,7.316849692825602,1449.0732981787078,1401.28916577053,1505.4538563690894
CAF,2002-03,7.278608347946521,7.245297429292984,7.3170381020053625,1449.3030093684918,1401.4986813598302,1505.7375213096075
CAF,2002-04,7.278766271759313,7.245446169393141,7.317225032578847,1449.5318775076098,1401.7071559174926,1506.0190138162457
CAF,2002-05,7.2789235538160435,7.245597453283572,7.317429166430847,1449.7598521041605,1401.9192272026698,1506.326473269263
CAF,2002-06,7.2790801594709205,7.245753362093495,7.3175970243083635,1449.9868826283791,1402.1378156619576,1506.579343092785
CAF,2002-07,7.2792360540781464,7.245967151503834,7.317786033540214,1450.2129185123995,1402.4376101236799,1506.8641275128307
CAF,2002-08,7.279391202991924,7.246180392103534,7.317973366006752,1450.4379091500828,1402.736699192764,1507.146438685892
CAF,2002-09,7.279545571566458,7.246392968852132,7.318167973029767,1450.6618038969048,1403.0349209886526,1507.439768645322
CAF,2002-10,7.279699125155955,7.246604766709162,7.318384983121276,1450.8845520699042,1403.3321134924472,1507.7669337357086
CAF,2002-11,7.279851829114619,7.246815670634164,7.318601828033352,1451.1061029477025,1403.6281145479838,1508.093920723185
CAF,2002-12,7.280003648796651,7.247025565586672,7.3188176473632325,1451.3264057705785,1403.9227618631005,1508.4194315228822
CAF,2003-01,7.28015454955626,7.247235994450974,7.319030760379581,1451.5454097406089,1404.2182200051197,1508.7409293769354
CAF,2003-02,7.280304496747648,7.247445296917159,7.319190043230978,1451.7630640218736,1404.512158295611,1508.9812651970724
CAF,2003-03,7.280453455725021,7.2476380791948385,7.3193406006380135,1451.9793177407234,1404.7829501411647,1509.2084710643112
CAF,2003-04,7.280601391842583,7.247746952070265,7.319490892075157,1452.194119986109,1404.9358989798407,1509.4353100046214
CAF,2003-05,7.280748270454537,7.247853929288666,7.319640884275786,1452.4074198099777,1405.0862011888105,1509.6617316117045
CAF,2003-06,7.28089405691509,7.247959018033768,7.319790543973272,1452.6191662277313,1405.2338660225378,1509.8876854476644
CAF,2003-07,7.281038716578443,7.248062225489294,7.319937054180327,1452.8293082187458,1405.37890275335,1510.1089157289912
CAF,2003-08,7.281182214798803,7.248163558838971,7.320152346019944,1453.0377947269583,1405.521320671236,1510.4340628114048
CAF,2003-09,7.2813245169303755,7.248263025266521,7.320366300508204,1453.2445746615192,1405.6611290836215,1510.757260210175
CAF,2003-10,7.281465588327362,7.248360631955669,7.320578831550432,1453.4495968974986,1405.7983373151646,1511.0783765496842
CAF,2003-11,7.281605394343969,7.248478029709888,7.320727005953766,1453.65281027667,1405.9633845151207,1511.3022962659743
CAF,2003-12,7.2817439003343996,7.248636466723337,7.320841142455204,1453.8541636083496,1406.186159089001,1511.4748008644483
CAF,2004-01,7.281881071652861,7.2487932460285105,7.32095388636843,1454.0536056702995,1406.4066378932387,1511.6452200560802
CAF,2004-02,7.2820168736535535,7.248948307248272,7.321065220844862,1454.2510852096996,1406.6247349106338,1511.8135276595626
CAF,2004-03,7.282151271690687,7.249101590005486,7.321175852777976,1454.4465509441825,1406.840364081697,1511.9807917737087
CAF,2004-04,7.28228423111846,7.249253033923013,7.321326400549251,1454.6399515629266,1407.0534393061073,1512.2084343705283
CAF,2004-05,7.28241571729108,7.249406335819665,7.321441562274079,1454.8312357278242,1407.269159720218,1512.3825928983426
CAF,2004-06,7.282545695562751,7.249557786551094,7.32155694638865,1455.0203520747057,1407.4823076642365,1512.5571078308774
CAF,2004-07,7.28267413128768,7.249707238225263,7.32167296457823,1455.2072492146276,1407.6926738165773,1512.7326021010142
CAF,2004-08,7.282800989820068,7.249854625627969,7.321789670398487,1455.3918757352353,1407.900165106596,1512.9091570792345
CAF,2004-09,7.28292623651412,7.249999883545005,7.3219136658531445,1455.5741802021769,1408.1046884268112,1513.096762568082
CAF,2004-10,7.283049836724041,7.250142946762167,7.322051689825333,1455.7541111605888,1408.306150634816,1513.3056206069277
CAF,2004-11,7.2831717558040365,7.25028375006525,7.322187506130883,1455.9316171366495,1408.5044585552514,1513.5111661434464
CAF,2004-12,7.2832919591083085,7.2504222282400494,7.32232580287188,1456.1066466391876,1408.6995189818344,1513.7204942931933
CAF,2005-01,7.283410411991065,7.250558316072359,7.322452345500009,1456.2791481613622,1408.891238679455,1513.9120565716325
CAF,2005-02,7.2835270798065075,7.250691948347974,7.322581283442555,1456.4490701824075,1409.0795243863347,1514.1072698669068
CAF,2005-03,7.2836419279088425,7.250823059852691,7.322707843476402,1456.6163611694394,1409.2642828162413,1514.2989074700617
CAF,2005-04,7.283754921652272,7.250951585372304,7.322831983041034,1456.7809695793258,1409.4454206607697,1514.4869035622346
CAF,2005-05,7.283866026391004,7.251077281062084,7.322953659575939,1456.9428438606271,1409.6225927865842,1514.6711923190921
CAF,2005-06,7.283975207479239,7.251187991323257,7.3230728305206,1457.1019324555946,1409.7786606684192,1514.8517079124285
CAF,2005-07,7.284082430271183,7.251297421643374,7.323189453314502,1457.258183802238,1409.932941257529,1515.0283845117904
CAF,2005-08,7.2841876601210425,7.251405573073069,7.323303485397129,1457.4115463364567,1410.085435440428,1515.2011562861333
CAF,2005-09,7.2842908623830205,7.251512446662978,7.323424551190075,1457.561968494234,1410.236144110814,1515.3846064619552
CAF,2005-10,7.28439200241132,7.251618043463733,7.323559245773938,1457.7093987138965,1410.3850681696254,1515.588734255423
CAF,2005-11,7.284491045560149,7.2517223645259685,7.323695472667472,1457.8537854384415,1410.5322085251196,1515.795212202896
CAF,2005-12,7.2845879661720225,7.251825409954464,7.323833261045808,1457.9950902411076,1410.6775647584914,1516.0040854936851
CAF,2006-01,7.284682774542728,7.251927176070573,7.323972543855139,1458.1333272086258,1410.8211311196553,1516.2152534511888
CAF,2006-02,7.284775489956361,7.252027658249794,7.324112865785689,1458.268523591996,1410.9629005290494,1516.4280265849272
CAF,2006-03,7.284866131697022,7.252126851867629,7.324189601179917,1458.4007066847337,1411.1028659119281,1516.5443948951213
CAF,2006-04,7.284954719048808,7.252224752299575,7.3242551106672495,1458.5299038213143,1411.2410201984137,1516.6437465723875
CAF,2006-05,7.2850412712958175,7.252321354921131,7.324317645102468,1458.6561423756468,1411.3773563235802,1516.7385922599826
CAF,2006-06,7.285125807722152,7.252416655107798,7.324377289403967,1458.779449759578,1411.5118672275078,1516.829059761991
CAF,2006-07,7.285208347611904,7.2525106482350745,7.324435465524904,1458.8998534214197,1411.6445458553512,1516.917305553996
CAF,2006-08,7.285288910249178,7.252603329678458,7.324492174964267,1459.0173808445136,1411.7753851574141,1517.0033315215594
CAF,2006-09,7.285367514918067,7.25269469481345,7.324547419221042,1459.1320595458192,1411.9043780892132,1517.087139560542
CAF,2006-10,7.285444180902674,7.2527740453141245,7.324605217425639,1459.2439170745317,1412.0164178208956,1517.1748269699503
CAF,2006-11,7.285518927487095,7.2528489380093495,7.324677518070755,1459.352981010733,1412.122171467111,1517.2845234627632
CAF,2006-12,7.285591773955431,7.252956520753695,7.324747483932323,1459.4592789640672,1412.2740996612906,1517.390685142706
CAF,2007-01,7.285662739591776,7.253046899779479,7.324815150423927,1459.5628385724476,1412.401745410419,1517.493365001063
CAF,2007-02,7.2857318436802325,7.253131614004998,7.324880552959148,1459.6636875007964,1412.521401010956,1517.5926160684064
CAF,2007-03,7.285799105504895,7.253214984175118,7.3249437269515685,1459.7618534398089,1412.6391680877025,1517.6884914133568
CAF,2007-04,7.285864544349867,7.253297005665342,7.325004707814769,1459.857364104747,1412.7550396346323,1517.7810441413492
CAF,2007-05,7.285928179499243,7.253377673851167,7.325063530962333,1459.95024723427,1412.8690086514982,1517.870327393429
CAF,2007-06,7.285990030237124,7.253456984108092,7.325119488081493,1460.0405305892866,1412.9810681439037,1517.955265390553
CAF,2007-07,7.286050115847604,7.253534931811617,7.325143137652344,1460.1282419518404,1413.0912111233854,1517.9911648446853
CAF,2007-08,7.286108455614787,7.25361151233724,7.325192530658027,1460.2134091240266,1413.1994306074796,1518.0661448324656
CAF,2007-09,7.286165068822769,7.253686721060463,7.32522593964722,1460.2960599269352,1413.305719619802,1518.1168627757502
CAF,2007-10,7.286219974755649,7.253760553356783,7.325229595644119,1460.376222199625,1413.4100711901194,1518.122413200133
CAF,2007-11,7.286273192697523,7.253833004601699,7.32533499229251,1460.4539237981319,1413.5124783544295,1518.2824264018159
CAF,2007-12,7.286324741932492,7.253905612907579,7.325390651953673,1460.5291925944998,1413.6151146945722,1518.3669358633579
CAF,2008-01,7.286374641744653,7.253974660112849,7.32542927024089,1460.602056475848,1413.712724021738,1518.4255737370347
CAF,2008-02,7.286422911418107,7.253975872979248,7.325466807658725,1460.6725433434656,1413.7144383427153,1518.4825725922485
CAF,2008-03,7.2864695702369495,7.254043002430697,7.325503269298009,1460.7406811119351,1413.8093436516829,1518.5379399742742
CAF,2008-04,7.286514637485282,7.254040557370563,7.3255386602495705,1460.806497708289,1413.8058868457792,1518.591683434962
CAF,2008-05,7.286558132447198,7.254039244719881,7.325572985604241,1460.870021071195,1413.8040307947674,1518.643810532641
CAF,2008-06,7.286600074406802,7.2540372486456635,7.325606250452847,1460.9312791501713,1413.801208670622,1518.6943288320156
CAF,2008-07,7.2866404826481865,7.254073794687455,7.32563845988622,1460.990299904832,1413.8528785249437,1518.7432459040674
CAF,2008-08,7.286679376455454,7.254108037384871,7.325669618995189,1461.0471113041626,1413.9012936946729,1518.7905693259597
CAF,2008-09,7.286716775112703,7.254139993859149,7.325699732870584,1461.1017413258285,1413.946478044536,1518.8363066809397
CAF,2008-10,7.2867526979040305,7.254169681231527,7.325728806603233,1461.154217955508,1413.9884554642547,1518.8804655582403
CAF,2008-11,7.286787164113533,7.25419715385035,7.3257568452839665,1461.2045691862631,1414.0273024973224,1518.9230535529907
CAF,2008-12,7.286820193025314,7.2542243370552715,7.325783854003613,1461.2528230179335,1414.0657408182483,1518.9640782661215
CAF,2009-01,7.286851803923466,7.254249294526498,7.325809837853003,1461.2990074565635,1414.1010327526071,1519.003547304273
CAF,2009-02,7.286882016092092,7.254272042811,7.325834801922967,1461.3431505138642,1414.1332014640213,1519.0414682797045
CAF,2009-03,7.286910848815289,7.25429259845575,7.325858751304331,1461.385280206697,1414.1622701392998,1519.0778488102023
CAF,2009-04,7.286938321377156,7.254310978007716,7.325881691087927,1461.4254245565944,1414.188261987955,1519.1126965189974
CAF,2009-05,7.286964453061789,7.25432719801387,7.3259036263645845,1461.4636115893084,1414.2112002417248,1519.1460190346727
CAF,2009-06,7.286989263153291,7.254341275021185,7.325924562225133,1461.4998693343898,1414.2311081540988,1519.1778239910805
CAF,2009-07,7.287012770935757,7.2543540131447415,7.3259445037604,1461.5342258247977,1414.2491226271857,1519.2081190272545
CAF,2009-08,7.2870349956932845,7.254366143978961,7.325963456061217,1461.5667090965403,1414.266278220155,1519.23691178733
CAF,2009-09,7.287055956709974,7.2543761371110405,7.32598382409625,1461.597347188344,1414.2804109098347,1519.2678560445436
CAF,2009-10,7.287075673269924,7.2543840060083555,7.326038934192748,1461.626168141356,1414.291539657837,1519.351585583484
CAF,2009-11,7.287094164657232,7.25443642041962,7.326114738775031,1461.6531999988742,1414.3656709485426,1519.466763938309
CAF,2009-12,7.287111450155997,7.254491298630951,7.326188707381524,1461.6784708061093,1414.4432912435245,1519.5791611501745
CAF,2010-01,7.287127549050318,7.254544440319994,7.32626079507315,1461.7020086099778,1414.5184596752147,1519.6887083059676
CAF,2010-02,7.287142480624292,7.25457768879433,7.326326009673313,1461.723841458924,1414.5654915177845,1519.7878167473275
CAF,2010-03,7.287156264162019,7.254582189291183,7.326379853083525,1461.7439974027718,1414.5718579273134,1519.869649242395
CAF,2010-04,7.2871689189475966,7.254586368138057,7.326343540475149,1461.7625044926099,1414.577769401707,1519.814459810898
CAF,2010-05,7.287180464265123,7.254587813951427,7.3263057384865595,1461.7793907807045,1414.5798148000083,1519.757008886972
CAF,2010-06,7.2871909193986975,7.254571565515505,7.326263689622282,1461.7946843204443,1414.5568301992323,1519.693106174627
CAF,2010-07,7.287200303632416,7.254554809374702,7.3262197750744384,1461.808413166314,1414.5331274735597,1519.6263710056805
CAF,2010-08,7.287208636250381,7.254536655430317,7.3261748646666565,1461.820605373901,1414.5074479373302,1519.558125500232
CAF,2010-09,7.287215936536688,7.254516967441668,7.326141749214003,1461.8312889999286,1414.4795990481996,1519.5078054748833
CAF,2010-10,7.287222223775436,7.254495769437384,7.326132868250126,1461.8404921023239,1414.449614931191,1519.494310855791
CAF,2010-11,7.287227517250724,7.2544730854460955,7.3261378921029845,1461.8482427403123,1414.4175297189213,1519.501944592218
CAF,2010-12,7.287231836246651,7.254448939496428,7.326141956650612,1461.854568974546,1414.3833775511237,1519.5081206931113
CAF,2011-01,7.287235200047315,7.254432978795197,7.3261450653087365,1461.8594988672585,1414.3608031512788,1519.5128443309077
CAF,2011-02,7.287237627936812,7.254456762813681,7.326147221493087,1461.8630604824534,1414.394442739521,1519.5161206823964
CAF,2011-03,7.287239139199244,7.254480066706638,7.326148428619387,1461.8652818861226,1414.4274040337084,1519.517954928671
CAF,2011-04,7.2872397531187065,7.254501593426205,7.326148690103368,1461.8661911464928,1414.4578523609214,1519.5183522550826
CAF,2011-05,7.287239488979301,7.254521323127456,7.326147208915439,1461.8658163343048,1414.4857594843893,1519.516101556092
CAF,2011-06,7.287238366065123,7.254495181669485,7.326128594935033,1461.864185523122,1414.4487832326713,1519.4878175885106
CAF,2011-07,7.287236403660274,7.25450497850015,7.3261098533033815,1461.8613267896685,1414.462640782029,1519.4593402080636
CAF,2011-08,7.287233621048849,7.254515194996047,7.326090873878152,1461.8572682142005,1414.4770924579898,1519.4305020586191
CAF,2011-09,7.287230037514949,7.254525885636053,7.326071650349649,1461.8520378809037,1414.4922153318723,1519.401293559801
CAF,2011-10,7.2872256723426725,7.254537104899041,7.326052352983863,1461.8456638783252,1414.508086478133,1519.3719734345068
CAF,2011-11,7.287220544816114,7.254548907263887,7.32603301181854,1461.838174299831,1414.5247829747714,1519.3425873240226
CAF,2011-12,7.287214674219379,7.254561347209467,7.326013656891424,1461.8295972440997,1414.5423819037774,1519.313180866649
CAF,2012-01,7.287208079836559,7.254574479214656,7.326004548368586,1461.8199608156406,1414.5609603516216,1519.2993421882113
CAF,2012-02,7.287200780951756,7.254583324048038,7.325998422437386,1461.8092931253457,1414.5734746160467,1519.2900350355465
CAF,2012-03,7.287192796849067,7.254580416522754,7.325992156554979,1461.7976222910731,1414.5693640269305,1519.2805153223278
CAF,2012-04,7.287184146812593,7.2545755342769045,7.325985786144443,1461.7849764382534,1414.562460084833,1519.270836874558
CAF,2012-05,7.28717485012643,7.2545686601340735,7.325979346628855,1461.7713837005372,1414.5527384894492,1519.2610535176132
CAF,2012-06,7.287164926074677,7.2545597769178425,7.325961766166737,1461.7568722204624,1414.5401749593507,1519.2343444447306
CAF,2012-07,7.2871543939414325,7.2545488674517955,7.325936402250034,1461.7414701501593,1414.5247452328147,1519.1958112346383
CAF,2012-08,7.287143273010795,7.254535914559513,7.3259105445482975,1461.7252056520833,1414.5064250686676,1519.1565288992992
CAF,2012-09,7.287131582566863,7.254520901064579,7.325904848666558,1461.7081068997743,1414.4851902471476,1519.147875990342
CAF,2012-10,7.287119341893734,7.254503809790574,7.325898076684889,1461.690202078653,1414.46101657078,1519.1375883914545
CAF,2012-11,7.287106571073209,7.254484639958855,7.325890231824803,1461.6715205769253,1414.4339030615379,1519.1256710304024
CAF,2012-12,7.2870932933778905,7.254463456381868,7.3258813465476535,1461.6520965547672,1414.4039415469472,1519.1121732587403
CAF,2013-01,7.287079532878083,7.254440340269829,7.325871460624755,1461.6319653705793,1414.3712470642354,1519.0971555360852
CAF,2013-02,7.287065313644091,7.254415372832958,7.325860558476675,1461.6111623891709,1414.335934660695,1519.0805942361444
CAF,2013-03,7.28705065974622,7.254388635281473,7.325848030429285,1461.5897229804384,1414.2981193911412,1519.0615632044398
CAF,2013-04,7.287035595254772,7.254360208825593,7.32583458254859,1461.5676825180924,1414.2579163154712,1519.0411351508087
CAF,2013-05,7.287020144240054,7.254330174675536,7.3258202576864155,1461.5450763784308,1414.2154404963314,1519.0193752239272
CAF,2013-06,7.287004330772367,7.25429887616128,7.325805098694584,1461.5219399391617,1414.1711773400134,1518.9963485723829
CAF,2013-07,7.2869881789220186,7.254267844158043,7.32578914842492,1461.4983085782726,1414.127290107126,1518.9721203441156
CAF,2013-08,7.286971712759311,7.254235418855946,7.325772449729248,1461.474217672947,1414.081434017564,1518.9467556858922
CAF,2013-09,7.28695495635455,7.254201680979026,7.325755045459392,1461.4497025985295,1414.0337234505062,1518.9203197428008
CAF,2013-10,7.28693793377804,7.254166711251327,7.325736978467175,1461.4247987275385,1413.9842727768769,1518.8928776577816
CAF,2013-11,7.286920669100084,7.254130590396886,7.325735780273001,1461.3995414287274,1413.9331963576371,1518.891057700151
CAF,2013-12,7.286903186390987,7.2540933991397445,7.325721231938385,1461.3739660661913,1413.880608542189,1518.8689606118314
CAF,2014-01,7.2868855097210545,7.254055218203944,7.32570049332271,1461.3481079985243,1413.8266236668824,1518.8374620189736
CAF,2014-02,7.2868676631605895,7.2540161283135225,7.325679592158466,1461.3220025780215,1413.7713560536185,1518.8057174445225
CAF,2014-03,7.286849670779897,7.253976210192521,7.325658566521551,1461.29568514993,1413.714920008573,1518.7737847423518
CAF,2014-04,7.286831556649281,7.253935544564981,7.325636417742021,1461.2691910517503,1413.6574298210119,1518.7401468050034
CAF,2014-05,7.286813344839045,7.253894212154941,7.325613274905845,1461.2425556125804,1413.5989997622105,1518.7049996568587
CAF,2014-06,7.286795059419497,7.253852293686442,7.3256019014759675,1461.2158141525108,1413.539744084493,1518.6877270322161
CAF,2014-07,7.286776724460938,7.253809869883523,7.325596416162219,1461.189001982066,1413.4797770203534,1518.6793966077787
CAF,2014-08,7.2867583640336715,7.253775807732434,7.325591588349745,1461.1621544016955,1413.4316315080728,1518.6720647393618
CAF,2014-09,7.286740002208005,7.25380725737767,7.3255874299812325,1461.1353067013097,1413.4760844157126,1518.665749548646
CAF,2014-10,7.286721663054242,7.253839432798319,7.325582356833398,1461.1084941598651,1413.521565095019,1518.6580444947597
CAF,2014-11,7.286703370642686,7.253872293548,7.325575495761056,1461.0817520449955,1413.5680164875962,1518.6476235990333
CAF,2014-12,7.286685149043642,7.253905799180331,7.325569345059824,1461.0551156126958,1413.6153815267446,1518.6382820710332
CAF,2015-01,7.286667022327412,7.253939966069222,7.325563923603578,1461.0286201070453,1413.663683428704,1518.630048569712
CAF,2015-02,7.286649014564305,7.253980253186241,7.325486074347243,1461.0023007599857,1413.7206362996044,1518.511829189089
CAF,2015-03,7.286631149824623,7.254017290958913,7.325490663370901,1460.9761927911425,1413.7729975550956,1518.518797666789
CAF,2015-04,7.286613452178668,7.253945851739533,7.325519766165364,1460.9503314076965,1413.6719993550555,1518.5629912827856
CAF,2015-05,7.286595945696749,7.2538755787123215,7.325448249953435,1460.9247518042998,1413.5726582703985,1518.4543936604618
CAF,2015-06,7.286578654449166,7.253847079661445,7.325414511367567,1460.8994891630446,1413.5323731630822,1518.4031639802547
CAF,2015-07,7.286561602506226,7.253764502331099,7.325404108974287,1460.8745786534723,1413.4156522298251,1518.3873686969332
CAF,2015-08,7.2865448139382325,7.25368342502402,7.325357042165907,1460.8500554326363,1413.3010609220719,1518.3159047576328
CAF,2015-09,7.286528312815492,7.253603952569707,7.325282111295924,1460.8259546452082,1413.1887468672828,1518.202140686369
CAF,2015-10,7.286512123208306,7.253600511720238,7.3252257000864,1460.802311423636,1413.1838844935533,1518.1165000098185
CAF,2015-11,7.28649626918698,7.253624560656568,7.325207974813953,1460.779160888343,1413.2178709076054,1518.08959136826
CAF,2015-12,7.286480774821818,7.253650492966114,7.3251909508956885,1460.7565381479817,1413.254519407223,1518.0637479068184
CAF,2016-01,7.286465664183124,7.253675488785272,7.325174669881398,1460.7344782997284,1413.2898453058544,1518.0390326437205
CAF,2016-02,7.286450961341204,7.253699530551846,7.325206359073547,1460.71301642963,1413.3238236832785,1518.0871383261465
CAF,2016-03,7.2864366903663615,7.253722600703632,7.325241682333712,1460.6921876129968,1413.356429621455,1518.140762630643
CAF,2016-04,7.286422875328901,7.253744681678431,7.325276224663628,1460.6720269148404,1413.3876382047451,1518.193203274751
CAF,2016-05,7.286409540299125,7.253765755914041,7.32528796953563,1460.6525693903634,1413.4174245201211,1518.2110342674407
CAF,2016-06,7.286396709347341,7.253785805848262,7.325248481769752,1460.633850085492,1413.4457636573939,1518.1510849961949
CAF,2016-07,7.286384406543853,7.253804813918893,7.325208169523409,1460.6159040374594,1413.4726307094359,1518.0898864640706
CAF,2016-08,7.286372655958962,7.253822762563732,7.325201788631178,1460.598766275433,1413.4980007724098,1518.0801997545627
CAF,2016-09,7.286361481662976,7.25383963422058,7.325246534293,1460.582471821195,1413.5218489460106,1518.1481283381936
CAF,2016-10,7.286350907726199,7.25381420541248,7.325277817935429,1460.567055689862,1413.4859050492475,1518.1956220587942
CAF,2016-11,7.286340958218932,7.253830144416912,7.325237920466984,1460.5525528906592,1413.5084348679986,1518.1350513873385
CAF,2016-12,7.286331657211483,7.2538594798366605,7.325197954107043,1460.5389984277385,1413.549901704516,1518.074378583756
CAF,2017-01,7.286323028774154,7.253886971176831,7.325159770700078,1460.526427301044,1413.5887632315437,1518.0164148536967
CAF,2017-02,7.286315096977251,7.253895007534179,7.325122712491885,1460.5148745072272,1413.6001239174223,1517.960161218939
CAF,2017-03,7.28630788589108,7.253901900067974,7.325086569777324,1460.504375040605,1413.6098678398535,1517.9052990160005
CAF,2017-04,7.286301419585942,7.253873611631676,7.325091157872944,1460.4949638941716,1413.5698795835053,1517.9122628230432
CAF,2017-05,7.2862957221321425,7.2538439411601825,7.325127399960247,1460.4866760606494,1413.5279388633858,1517.967275319169
CAF,2017-06,7.286290817599986,7.253819563732339,7.325044263515237,1460.4795465335962,1413.4934804336117,1517.8410827861962
CAF,2017-07,7.2862867300597784,7.253798784720733,7.325046865864793,1460.4736103085545,1413.4641091519036,1517.8450324618998
CAF,2017-08,7.286283483581822,7.253781293524047,7.325051047365531,1460.4689023842466,1413.4393857884506,1517.8513791467597
CAF,2017-09,7.28628110223642,7.253767203697706,7.325032805407265,1460.4654577638241,1413.4194705607465,1517.8236906915806
CAF,2017-10,7.28627961009388,7.253756628797136,7.3249727383209295,1460.4633114561566,1413.404523728305,1517.732522468511
CAF,2017-11,7.286279031224504,7.253749682377766,7.324982472150356,1460.4624984771758,1413.3947055987758,1517.7472957035238
CAF,2017-12,7.286279389698597,7.253747712558752,7.324996107760163,1460.463053851258,1413.3919214555945,1517.7679911507137
CAF,2018-01,7.2862807095864675,7.253763068684961,7.3250041517498445,1460.4650126126646,1413.413625857436,1517.780200099721
CAF,2018-02,7.286283014958412,7.2537771862373805,7.325017045116231,1460.468409807022,1413.4335799555258,1517.7997695316112
CAF,2018-03,7.286286329884741,7.25379002560939,7.3250145160549485,1460.4732804928517,1413.4517276810018,1517.795930921098
CAF,2018-04,7.2862906784357575,7.253801547194366,7.324977221786546,1460.479659743148,1413.4680129757107,1517.7393270474533
CAF,2018-05,7.286296084681763,7.25381171138569,7.324969695426725,1460.4875826470065,1413.4823797936292,1517.7279040781505
CAF,2018-06,7.286302572693066,7.253815304031415,7.324976645850354,1460.4970843112947,1413.4874579261154,1517.7384527589427
CAF,2018-07,7.286310166539968,7.253826187622617,7.324993625737112,1460.5081998623716,1413.502841843409,1517.764224011188
CAF,2018-08,7.286318890292775,7.253830121725811,7.325011331027907,1460.5209644478612,1413.5084027390385,1517.7910967667578
CAF,2018-09,7.28632876802179,7.253832427028313,7.325028784619153,1460.535413238465,1413.5116613209668,1517.8175878704094
CAF,2018-10,7.286339823797318,7.253817870405259,7.325048038451224,1460.5515814298278,1413.491085484427,1517.8468119323459
CAF,2018-11,7.286352081689666,7.253799148953988,7.325072068120477,1460.5695042444515,1413.4646231107674,1517.8832858437788
CAF,2018-12,7.286365565769134,7.253803468270008,7.325096377133176,1460.5892169336541,1413.470728349715,1517.920184575386
CAF,2019-01,7.286380300106027,7.253810714524289,7.32512181358312,1460.6107547795784,1413.4809708490204,1517.9587955246102
CAF,2019-02,7.286396308770652,7.253813228697992,7.325149232081325,1460.6341530972484,1413.4845247336248,1518.000416203594
CAF,2019-03,7.286413615833312,7.2538027842308095,7.325178673529337,1460.659447236677,1413.4697618284463,1518.0451089541548
CAF,2019-04,7.286432245364311,7.253790164362098,7.325210178828697,1460.6866725850152,1413.451924263688,1518.0929361445963
CAF,2019-05,7.2864522214339535,7.253777812079826,7.32524378888095,1460.7158645687564,1413.4344647755859,1518.1439601710335
CAF,2019-06,7.286473568112545,7.253806199288845,7.325235830040642,1460.7470586559864,1413.474588605306,1518.1318775891084
CAF,2019-07,7.2864963094703885,7.253919951465185,7.325284975235506,1460.78029035868,1413.635384611099,1518.2064882748489
CAF,2019-08,7.28652046957779,7.253958667835437,7.325306176910565,1460.815595235051,1413.6901174032703,1518.23867720395
CAF,2019-09,7.286546072505052,7.253992872517113,7.325347787592817,1460.8530088919465,1413.7384740774596,1518.3018534377181
CAF,2019-10,7.286573176528572,7.254026861481625,7.3253955582175445,1460.892616963209,1413.7865247472234,1518.3743853712283
CAF,2019-11,7.286601976749121,7.254030674915134,7.325413251956745,1460.9347050349077,1413.7919149020581,1518.4012515313243
CAF,2019-12,7.286632702473561,7.254103710095071,7.325430673356309,1460.979608710474,1413.8951752576354,1518.4277047894368
CAF,2020-01,7.286665583008754,7.254115114823213,7.325448113303517,1461.027663634849,1413.9113004991825,1518.4541867207372
CAF,2020-02,7.286700847661564,7.254098718076483,7.325536866047688,1461.0792054967733,1413.8881170390157,1518.588959320379
CAF,2020-03,7.286738725738852,7.254087173400369,7.325657429945125,1461.1345700321822,1413.871794112734,1518.7720569070973
CAF,2020-04,7.286779446547482,7.25419901158103,7.325782703948241,1461.1940930287049,1414.0299282794363,1518.9623313214847
CAF,2020-05,7.286823239394318,7.254329040310971,7.32585232146519,1461.2581103312682,1414.2138047228298,1519.0680815096914
CAF,2020-06,7.286870333586219,7.254464545648493,7.325921736141584,1461.3269578488073,1414.4054512062805,1519.1735307929646
CAF,2020-07,7.286920958430049,7.254605599225916,7.326002485582159,1461.400971562077,1414.604972213324,1519.2962081144738
CAF,2020-08,7.286975343232672,7.254699618229907,7.326099033661156,1461.480487532572,1414.7379779011942,1519.4429002640163
CAF,2020-09,7.2870337173009485,7.254792250668964,7.326153877258466,1461.565841912553,1414.869034629375,1519.5262343411882
CAF,2020-10,7.287096309941745,7.254881684889093,7.326285463822193,1461.6573709561728,1414.9955798944236,1519.7261966936342
CAF,2020-11,7.28716335046192,7.254982568842629,7.326369802671643,1461.7554110317176,1415.138338746921,1519.8543741284395
CAF,2020-12,7.287235068168338,7.255079707891349,7.326440682880073,1461.8602986349467,1415.2758098244676,1519.9621054191564
CAF,2021-01,7.2873116923678625,7.255109388495026,7.326543793208341,1461.9723704035457,1415.3178149981811,1520.1188372926515
CAF,2021-02,7.287393452367354,7.255144514438966,7.326637308169998,1462.0919631326842,1415.3675294594045,1520.2609978020844
CAF,2021-03,7.287480577473677,7.255248438093231,7.326711536391259,1462.2194137916865,1415.514627367913,1520.3738482630256
CAF,2021-04,7.287573296993693,7.255273591739615,7.3268197450352845,1462.3550595418067,1415.550233099183,1520.538374746226
CAF,2021-05,7.287671840234264,7.25527053714284,7.326871779900224,1462.4992377551237,1415.5459090900004,1520.6174978342456
CAF,2021-06,7.287776436502255,7.255487893689228,7.326959093371634,1462.6522860345412,1415.853621309739,1520.750274305204
CAF,2021-07,7.287887315104526,7.25558262900281,7.32702509362754,1462.8145422349062,1415.9877586037837,1520.8506479454902
CAF,2021-08,7.288004705347942,7.255698485423124,7.327098729651395,1462.9863444852451,1416.151819253223,1520.9626420161776
CAF,2021-09,7.288128836539365,7.255809287784293,7.327180330030531,1463.1680312121148,1416.3087408154452,1521.08675885719
CAF,2021-10,7.288259937985656,7.2558908825351685,7.327270223352285,1463.3599411640741,1416.4243091526048,1521.22350125414
CAF,2021-11,7.28839823899368,7.255947389502001,7.327368738203986,1463.5624134372856,1416.504349678125,1521.373372479534
CAF,2021-12,7.2885439688702975,7.256011026551479,7.327517826838289,1463.775787502231,1416.594495297685,1521.6002085970986
CAF,2022-01,7.288697356922373,7.256086709188041,7.327690392882208,1464.000403231565,1416.7017104777756,1521.86280692405
CAF,2022-02,7.288858632456768,7.256170237065621,7.327921834481237,1464.2366009290977,1416.820049120017,1522.2150682462745
CAF,2022-03,7.289028024780346,7.256261960987403,7.328141186406553,1464.4847213599103,1416.9500111010855,1522.5490053530964
CAF,2022-04,7.289205763199968,7.256362231756574,7.32826619213312,1464.7451057816108,1417.0920967595907,1522.7393451919122
CAF,2022-05,7.2893920770225,7.2565030358364115,7.32846133990628,1465.0180959767363,1417.2916431497,1523.0365330984423
CAF,2022-06,7.289587195554801,7.256756449691925,7.328674234388799,1465.3040342862969,1417.6508502633108,1523.3608134127117
CAF,2022-07,7.289791348103736,7.257028051742862,7.328895592904377,1465.6032636444736,1418.0359398165438,1523.6980594789102
CAF,2022-08,7.290004763976165,7.25731150390952,7.329102719416121,1465.9161276144766,1418.4379418948845,1524.0136904352216
CAF,2022-09,7.290227672478954,7.257602821077878,7.329322771705763,1466.2429704255621,1418.8512172317057,1524.3490900978313
CAF,2022-10,7.290460302918964,7.257849267887335,7.329587538348514,1466.5841370112157,1419.2009316182723,1524.7527402789053
CAF,2022-11,7.290702884603057,7.258104742850753,7.329861887264898,1466.9399730485163,1419.5635488394507,1525.1711118949765
CAF,2022-12,7.290955646838097,7.258301227207095,7.3300967312542085,1467.310824998675,1419.8424983121956,1525.5293313194215
CAF,2023-01,7.291218818930946,7.258509874463105,7.330326858719421,1467.6970401487606,1420.1387754614248,1525.8804382091837
CAF,2023-02,7.291492630188466,7.258730987016571,7.330564002205884,1468.0989666546282,1420.4528206506186,1526.2423342389193
CAF,2023-03,7.2917773099175225,7.258964867265281,7.330807614657654,1468.5169535850403,1420.7850752827221,1526.6141917315367
CAF,2023-04,7.292073087424974,7.259213894396451,7.331055915509662,1468.9513509670005,1421.1389329573399,1526.9932983207707
CAF,2023-05,7.292380192017683,7.2595107424115195,7.33139649477744,1469.402509832316,1421.560857635549,1527.513448136987
CAF,2023-06,7.292698853002519,7.25990337037295,7.331755686778669,1469.870782265374,1422.1191125953849,1528.062216999721
CAF,2023-07,7.293029299686338,7.260316664355194,7.332030422344548,1470.356521452162,1422.70698837665,1528.4820886445918
CAF,2023-08,7.293371761376003,7.260749134552274,7.332353932496555,1470.8600817305426,1423.3224010047513,1528.9766474916526
CAF,2023-09,7.293726467378381,7.261200491873553,7.3327258615970985,1471.3818186417755,1423.9649745185932,1529.545423849697
CAF,2023-10,7.294093647000329,7.26167111689642,7.3330119396547335,1471.9220889833098,1424.635287666157,1529.9830571775055
CAF,2023-11,7.294473529548713,7.262161390198272,7.333349516386434,1472.4812508628697,1425.3339218166595,1530.499632308105
CAF,2023-12,7.294866344330396,7.26255522042777,7.3338857372618,1473.0596637538176,1425.895370299031,1531.320535686696
CAF,2024-01,7.295272320652241,7.262952940540124,7.334300180740398,1473.6576885518275,1426.462588449022,1531.9553137278401
CAF,2024-02,7.295691687821108,7.2633672692678335,7.334665594406186,1474.2756876328847,1427.0537336644322,1532.5152157340033
CAF,2024-03,7.296124675143862,7.26379853285728,7.335032643881335,1474.91402491261,1427.6693013100864,1533.0778270490064
CAF,2024-04,7.296571511927364,7.264247057554844,7.335511422668503,1475.5730659069282,1428.3097887948227,1533.812005977997
CAF,2024-05,7.297032427478477,7.264713169606908,7.335950393940844,1476.253177794111,1428.975695654828,1534.4854530463347
CAF,2024-06,7.297507651104065,7.26517689686216,7.336307372099327,1476.9547294781887,1429.6385039763725,1535.0333310040342
CAF,2024-07,7.29799741211099,7.265687401221977,7.3369134839522205,1477.6780916537507,1430.3685280525506,1535.964012994075
CAF,2024-08,7.298501939806114,7.266200517611962,7.33740672661524,1478.4236368721765,1431.1026629040848,1536.7218031877978
CAF,2024-09,7.2990214634963015,7.266740292342994,7.337995344752887,1479.191739609277,1431.8753432418548,1537.6266126423952
CAF,2024-10,7.299556212488411,7.267299472361856,7.338598398936862,1479.9827763343856,1432.6762425145696,1538.5541633328933
CAF,2024-11,7.300106416089309,7.267888000271016,7.3392656427884075,1480.797125580931,1433.5196605175,1539.5810959576218
CAF,2024-12,7.300672303605859,7.268463233492453,7.339872247431467,1481.6351680184814,1434.3445064063167,1540.5152963109153
CAF,2025-01,7.301254104344918,7.269069169630177,7.34042538421319,1482.497286526293,1435.2138930122708,1541.3676477026768
CAF,2025-02,7.301852047613354,7.269646335816678,7.341015559021046,1483.3838662684086,1436.0424884454249,1542.2775925417677
CAF,2025-03,7.302466362718028,7.27019939786905,7.341605840336608,1484.2952947702888,1436.8369267093901,1543.1882390098124
CAF,2025-04,7.303097278965802,7.270926464583441,7.342210688538779,1485.2319619970115,1437.8819846442057,1544.1219161937634
CAF,2025-05,7.30374502566354,7.271244366598639,7.34282601435499,1486.1942604330973,1438.3391611505967,1545.0723464613707
CAF,2025-06,7.304409832118104,7.271876706237834,7.343446526522545,1487.1825851639348,1439.2489678870763,1546.0313800634374
CAF,2025-07,7.305091927636356,7.272468704147012,7.3441118937846745,1488.197333958851,1440.1012522419792,1547.0604026130418
CAF,2025-08,7.305791541525159,7.273218796271292,7.344723963116222,1489.2389073558827,1441.1818699512212,1548.0075991606107
CAF,2025-09,7.306508903091377,7.273994493240731,7.3452563593895395,1490.3077087482304,1442.3002308382913,1548.8319720046532
CAF,2025-10,7.30724424164187,7.2746404479050835,7.345754291667919,1491.4041444724362,1443.2321921238981,1549.6033782768766
CAF,2025-11,7.307997786483502,7.27518528941037,7.3464549067697025,1492.5286238983558,1444.018729210077,1550.6894337907743
CAF,2025-12,7.308769766923137,7.2757207274394755,7.347378458228344,1493.681559520891,1444.7921183210362,1552.1222364796956
CAF,2026-01,7.309560412267636,7.276945886334827,7.34830457139396,1494.8633670535469,1446.5633083299763,1553.5603434571779
CAF,2026-02,7.310369951823862,7.27763827076673,7.349044578320346,1496.074465523875,1447.5652285057488,1554.7104139860926
CAF,2026-03,7.31119861489868,7.278358435471075,7.34983311423569,1497.3152773707727,1448.608088645685,1555.93684351
CAF,2026-04,7.312046630798948,7.279130400811013,7.3506166395822445,1498.5862285437124,1449.7267955743332,1557.1564365205759
CAF,2026-05,7.31291422883153,7.28003521805864,7.351778623157914,1499.8877486039576,1451.039127935169,1558.96687806718
CAF,2026-06,7.313801638303293,7.280960524472924,7.3528661817911605,1501.2202708277475,1452.3824066951763,1560.663268244089
CAF,2026-07,7.314709088521093,7.281782187124777,7.353639628075263,1502.5842323115173,1453.576264854136,1561.8708248118182
CAF,2026-08,7.315636808791797,7.282715319882064,7.3543620036545585,1503.9800740792268,1454.9332759115891,1562.9994899451149
CONCACAF,1992-01,7.234607207529366,7.191416561457226,7.280226533038225,1387.0800988388996,1327.9830434351502,1451.3167591493652
CONCACAF,1992-02,7.233133436879741,7.1900436327784325,7.2786104995746825,1385.0350624228877,1326.1610685498517,1448.9732772201473
CONCACAF,1992-03,7.231729273575434,7.188830552763207,7.276997094780928,1383.089574456935,1324.553304469522,1446.637382685793
CONCACAF,1992-04,7.2303936326916975,7.187425898215899,7.2758306264902926,1381.2417038941517,1322.6940707136312,1444.9509088649972
CONCACAF,1992-05,7.229125429303779,7.186133205700051,7.274670425325787,1379.489549850708,1320.9853385581564,1443.2754467464492
CONCACAF,1992-06,7.227923578486923,7.185046562575425,7.273698287904287,1377.831240365707,1319.5506788557257,1441.8730669710471
CONCACAF,1992-07,7.2267869953163855,7.183852362204545,7.272319567880213,1376.2649311947962,1317.9758111789854,1439.8864971376224
CONCACAF,1992-08,7.225714594867411,7.18281120687822,7.271364029609675,1374.788804636414,1316.6043086699415,1438.5112875730836
CONCACAF,1992-09,7.224705292215245,7.1818023945498295,7.270416092315095,1373.4010683897284,1315.2767708209185,1437.148315636213
CONCACAF,1992-10,7.223758002435144,7.180898552310816,7.269412305633273,1372.0999544432507,1314.0885052440494,1435.7064484620294
CONCACAF,1992-11,7.222871640602351,7.180091578429366,7.268414118560034,1370.8837179931631,1313.028498372251,1434.2740600799689
CONCACAF,1992-12,7.222045121792114,7.1793016721769884,7.267595519645049,1369.7506363905368,1311.991738816102,1433.1004451319327
CONCACAF,1993-01,7.221277361079688,7.178570082289382,7.266631051555253,1368.6990081165575,1311.0322503229306,1431.7189330058036
CONCACAF,1993-02,7.220567273540314,7.177905160530508,7.265841172174421,1367.7271517849242,1310.160805001959,1430.5884937872006
CONCACAF,1993-03,7.219913774249244,7.177402580591111,7.265107127953828,1366.8334051707068,1309.5025102811337,1429.5387633745545
CONCACAF,1993-04,7.219315778281728,7.176749516801687,7.264557472490181,1366.0161242648983,1308.6476003766472,1428.7532252916865
CONCACAF,1993-05,7.218772200713013,7.17633013069513,7.2640534291742975,1365.2736823539424,1308.0988868812271,1428.033253216144
CONCACAF,1993-06,7.2182819566183465,7.175878813073452,7.26350587036056,1364.6044691236184,1307.5086519351837,1427.2515351306413
CONCACAF,1993-07,7.217843961072981,7.175545052414612,7.262870165934504,1364.0068897866292,1307.0723309700995,1426.344513583347
CONCACAF,1993-08,7.217457129152162,7.175131658131765,7.262487168752712,1363.4793642332716,1306.5321057743365,1425.79833222585
CONCACAF,1993-09,7.217120375931139,7.174901415104702,7.26220137534969,1363.0203262046666,1306.2313210675195,1425.390906594465
CONCACAF,1993-10,7.21683261648516,7.17474838810823,7.261939009989875,1362.628222487977,1306.0314471191753,1425.0169826884487
CONCACAF,1993-11,7.216592765889476,7.17448003056466,7.261737001705608,1362.301512133108,1305.6810109513515,1424.7291461583256
CONCACAF,1993-12,7.216399739219334,7.174192615676441,7.2615718509997755,1362.0386656904222,1305.3057920686176,1424.4938714257034
CONCACAF,1994-01,7.21625245154998,7.174027004798856,7.261535338656333,1361.838164469003,1305.089637209395,1424.4418616632786
CONCACAF,1994-02,7.216149817956667,7.1739345500669245,7.261596708715956,1361.6984998150338,1304.9689809985734,1424.5292823328723
CONCACAF,1994-03,7.216090753514642,7.173855128224751,7.261691195154238,1361.618172409905,1304.8653420867242,1424.6638872261335
CONCACAF,1994-04,7.216074173299153,7.173816362361071,7.261817117756241,1361.5956915876532,1304.814759100663,1424.8432954736743
CONCACAF,1994-05,7.216098992385449,7.173737762206103,7.261913636713313,1361.6295746713865,1304.712204136655,1424.9808254508143
CONCACAF,1994-06,7.21616412584878,7.173870785329767,7.2618822727746215,1361.7183463283588,1304.885773418308,1424.936134048227
CONCACAF,1994-07,7.216268488764395,7.174012678092225,7.261881617191156,1361.8605379433814,1305.0709403390906,1424.935198910815
CONCACAF,1994-08,7.216410996207538,7.1740658718575245,7.261849465480137,1362.0546870102903,1305.1403630491727,1424.8893857350395
CONCACAF,1994-09,7.2165905632534635,7.17426889673189,7.262039303047393,1362.2993365411862,1305.4053663497823,1425.15990872025
CONCACAF,1994-10,7.216806104977415,7.174525691498174,7.262342164629781,1362.5930344932067,1305.7406321051449,1425.5916004231701
CONCACAF,1994-11,7.217056536454646,7.1748225145842115,7.262553140273635,1362.9343332126082,1306.1282644069515,1425.892397616118
CONCACAF,1994-12,7.217340772760403,7.1751233632021725,7.262738814195531,1363.3217888959275,1306.5212706510015,1426.157175945398
CONCACAF,1995-01,7.217657728969933,7.175300707826469,7.262959425186138,1363.753961068041,1306.7529934990275,1426.4718414498855
CONCACAF,1995-02,7.218006320158487,7.175527444734361,7.263275756190957,1364.2294120769545,1307.049315497339,1426.923152399606
CONCACAF,1995-03,7.218385461401314,7.175980873457252,7.263619670454118,1364.7467066051436,1307.642103761914,1427.4139775103906
CONCACAF,1995-04,7.2187940677736595,7.17646171104393,7.263981567315314,1365.304411197313,1308.27101840724,1427.9306502183804
CONCACAF,1995-05,7.219231054350775,7.176967575180653,7.26436077696873,1365.9010938044592,1308.9329930804765,1428.4722419099312
CONCACAF,1995-06,7.21969533620791,7.177494370981343,7.26475662960855,1366.5353233440994,1309.62271511634,1429.03782394174
CONCACAF,1995-07,7.22018582842031,7.178036777071502,7.265168455428958,1367.2056692765807,1310.333255512057,1429.6264674675
CONCACAF,1995-08,7.2207014460632255,7.178590807765756,7.265595584624136,1367.9107011974024,1311.0594223171418,1430.2372432711509
CONCACAF,1995-09,7.221241104211906,7.179136638713604,7.26603734738827,1368.6489884454486,1311.7752350338596,1430.8692216066986
CONCACAF,1995-10,7.221803717941598,7.179712140985797,7.2665358954333374,1369.4190997270919,1312.5303816237636,1431.5827688906265
CONCACAF,1995-11,7.22238820232755,7.1803128241802066,7.267193466150668,1370.2196027561358,1313.3190331372705,1432.5244384876944
CONCACAF,1995-12,7.222993472445014,7.180937453476318,7.267878268921059,1371.0490639095324,1314.1396267047555,1433.505752029881
CONCACAF,1996-01,7.223618443369235,7.181584794053607,7.268595386245964,1371.9060478988679,1314.9905978148747,1434.5340957725475
CONCACAF,1996-02,7.224262030175464,7.182253611091556,7.2693435943659,1372.7891174576248,1315.8703799365492,1435.6078145555384
CONCACAF,1996-03,7.2249231479389495,7.182942669769649,7.270121217194756,1373.6968330441807,1316.7774041598102,1436.724601669647
CONCACAF,1996-04,7.225600711734939,7.183650735267363,7.270926578646414,1374.6277525605744,1317.7100988555067,1437.8821469197362
CONCACAF,1996-05,7.22629363663868,7.184376572764178,7.271526470858471,1375.5804310870724,1318.6668893539354,1438.7449816541487
CONCACAF,1996-06,7.2270008377254245,7.185069752085415,7.272097706944233,1376.553420632531,1319.5812786260153,1439.5670796693832
CONCACAF,1996-07,7.227721230070419,7.185815795477957,7.2726837724535995,1377.545269900598,1320.566111281925,1440.4110076335805
CONCACAF,1996-08,7.228453728748912,7.186525045437536,7.273283605742759,1378.5545240718295,1321.503054518891,1441.2752732590952
CONCACAF,1996-09,7.229197248836155,7.187321279838385,7.274058340695084,1379.5797246017214,1322.5557005645553,1442.392310424982
CONCACAF,1996-10,7.229950705407393,7.188073352529268,7.274740206800828,1380.6194090347374,1323.5507319442872,1443.3761670662614
CONCACAF,1996-11,7.230713013537876,7.188822769923788,7.27536820409476,1381.672110834421,1324.5429959226374,1444.2828943171153
CONCACAF,1996-12,7.231483088302855,7.189553988729185,7.276049157370395,1382.7363592296094,1325.5118816293455,1445.2667165152072
CONCACAF,1997-01,7.232259844777572,7.190267144909284,7.2769671894704615,1383.8106790768547,1326.457516585273,1446.5941205017702
CONCACAF,1997-02,7.233042198037283,7.190973619200481,7.277752715733953,1384.8935907391458,1327.3949550488164,1447.7309045905158
CONCACAF,1997-03,7.233829063157235,7.19168950579222,7.278721437815552,1385.9836099809745,1328.3455583728041,1449.1340321768848
CONCACAF,1997-04,7.234619355212674,7.192397023001674,7.279354388268551,1387.0792478798526,1329.285718445482,1450.051552566194
CONCACAF,1997-05,7.235411989278849,7.193106397925717,7.279987141919099,1388.1790107543932,1330.2290153077188,1450.9693711998284
CONCACAF,1997-06,7.2362058804310125,7.193819837517567,7.280619200405896,1389.2814001090069,1331.1783919049642,1451.886766611897
CONCACAF,1997-07,7.236999943744409,7.1946228352113755,7.2813947559281145,1390.38491259532,1332.247754120351,1453.013227395007
CONCACAF,1997-08,7.237793094294287,7.195538061680074,7.282198713805348,1391.4880399904482,1333.4676225589405,1454.1818559731305
CONCACAF,1997-09,7.2385842471559,7.19630702119479,7.283001594947891,1392.5892691921656,1334.4933982623916,1455.3498569619746
CONCACAF,1997-10,7.239372317404491,7.1969925221079105,7.283853559086186,1393.6870822310948,1335.4085075353,1456.590286909646
CONCACAF,1997-11,7.240156220115312,7.197663071337053,7.2847469672561855,1394.77995630004,1336.3042653753705,1457.8921940136897
CONCACAF,1997-12,7.2409348703636125,7.198329223406927,7.285634507458539,1395.866363800508,1337.1947444869,1459.1867043198974
CONCACAF,1998-01,7.241707183224637,7.1989961056219824,7.286451255324219,1396.94477240654,1338.086792736063,1460.3789786586678
CONCACAF,1998-02,7.242472073773635,7.199722016343349,7.287175101375083,1398.0136451459775,1339.0584764097407,1461.436451018993
CONCACAF,1998-03,7.243228457085861,7.200572899180505,7.287890648986887,1399.0714404991916,1340.198343194728,1462.4825523837849
CONCACAF,1998-04,7.2439752482365565,7.201409025931153,7.2886484945111025,1400.1166125154,1341.3193873628836,1463.591308444625
CONCACAF,1998-05,7.244711362300973,7.202223281244011,7.289422895107353,1401.1476109466828,1342.4120090323106,1464.7251539037497
CONCACAF,1998-06,7.245435714354362,7.202969481314047,7.290171117159451,1402.1628813997172,1343.4140914800657,1465.8215029716723
CONCACAF,1998-07,7.246147219471967,7.203628537346472,7.290815376986903,1403.1608655053435,1344.299768332558,1466.7661774609091
CONCACAF,1998-08,7.246844792729039,7.204274208329811,7.291510902095796,1404.1400011060514,1345.1680238380059,1467.786705198346
CONCACAF,1998-09,7.24752734920083,7.204905595879412,7.292222800968614,1405.0987224614091,1346.0176139655098,1468.8319925746798
CONCACAF,1998-10,7.2481938039625815,7.205524511023578,7.292922984197516,1406.035460471508,1346.8509422144878,1469.8608043046147
CONCACAF,1998-11,7.248843072089546,7.20612633447315,7.293604707284903,1406.9486429185129,1347.6617524396183,1470.8631838524198
CONCACAF,1998-12,7.249474068656975,7.206781607285038,7.294268684705858,1407.8366947262978,1348.545128094778,1471.8401280202665
CONCACAF,1999-01,7.2500859346858135,7.207446786577829,7.294883870429915,1408.698356588854,1349.442451685336,1472.745861622642
CONCACAF,1999-02,7.2506787149798235,7.208096625495621,7.295410560457427,1409.5336418521524,1350.3196577642104,1473.521746593786
CONCACAF,1999-03,7.251252680288462,7.208734119392378,7.295963513204661,1410.3428842839633,1351.1807522105314,1474.3367598147483
CONCACAF,1999-04,7.251808101361189,7.209354302251502,7.296547809676631,1411.1264200559265,1352.0189908510058,1475.1984611822113
CONCACAF,1999-05,7.252345248947462,7.209942821598965,7.297095535818267,1411.8845876743383,1352.8149139321204,1476.0066872843386
CONCACAF,1999-06,7.252864393796744,7.210424043865248,7.2976331587595205,1412.617727911628,1353.466074807373,1476.800435715951
CONCACAF,1999-07,7.253365806658492,7.211004464287559,7.298151239426404,1413.3261837385653,1354.251884031311,1477.5657357328992
CONCACAF,1999-08,7.253849758282164,7.211563628841879,7.2986500831831265,1414.0103002572257,1355.0093493384063,1478.3029940941976
CONCACAF,1999-09,7.254316519417223,7.212045626363357,7.2991299953938995,1414.670424634709,1355.6626166424758,1479.0126200729806
CONCACAF,1999-10,7.254766360813125,7.212518086189977,7.2995912814229245,1415.3069060376326,1356.3032630948433,1479.6950253754733
CONCACAF,1999-11,7.25519955321933,7.212961737443571,7.3000342466344135,1415.9200955674478,1356.905121102974,1480.350624060997
CONCACAF,1999-12,7.255616367385301,7.213363082085793,7.3004591963925725,1416.5103461965416,1357.4498157066414,1480.9798324629226
CONCACAF,2000-01,7.256017074060492,7.213750977892503,7.30086643606161,1417.0780127051828,1357.976466126641,1481.5830691106876
CONCACAF,2000-02,7.256401943994364,7.214125631843545,7.301293178719138,1417.6234516193174,1358.4853323436728,1482.2154585277938
CONCACAF,2000-03,7.256771247936378,7.214537114822271,7.301714273607014,1418.1470211492135,1359.0444410377595,1482.8397431153917
CONCACAF,2000-04,7.257125256635991,7.2148730406741715,7.30212260209634,1418.6490811289814,1359.501055858649,1483.445352376691
CONCACAF,2000-05,7.257464240842662,7.215195431975467,7.302444308179282,1419.1299929569934,1359.9394178038428,1483.922662583657
CONCACAF,2000-06,7.257788471305856,7.21550657101466,7.302733344542851,1419.5901195371923,1360.3626138620295,1484.3516323726676
CONCACAF,2000-07,7.258098218775026,7.2158066413135105,7.303013256567393,1420.029825221314,1360.7708795175033,1484.767178674362
CONCACAF,2000-08,7.258393753999632,7.216084407768907,7.303284192265493,1420.4494757520492,1361.1489085283504,1485.1695099119843
CONCACAF,2000-09,7.258675347729138,7.216366223476336,7.303547102014738,1420.84943820713,1361.5325558817958,1485.5600270665175
CONCACAF,2000-10,7.258943270712998,7.21662782743735,7.303898612598877,1421.2300809443695,1361.8887846590123,1486.0823081280032
CONCACAF,2000-11,7.2591977937006735,7.2168719982759875,7.304240401348318,1421.591773547668,1362.2213587522663,1486.590320863832
CONCACAF,2000-12,7.259439187441625,7.217136962104302,7.3044865170630375,1421.934886773986,1362.5823461421965,1486.9562394535567
CONCACAF,2001-01,7.259667722685308,7.2173781985949,7.304714496547048,1422.2597925012926,1362.911090681932,1487.2952737490486
CONCACAF,2001-02,7.259883670181186,7.217603672443403,7.304925345271312,1422.5668636775185,1363.2184265525434,1487.6089008267627
CONCACAF,2001-03,7.260087300678717,7.217819435011878,7.305122652435501,1422.8564742704996,1363.5125903780922,1487.9024455354202
CONCACAF,2001-04,7.260278884927361,7.21802567444818,7.305287938070862,1423.1289992189274,1363.793830223619,1488.1483947590398
CONCACAF,2001-05,7.260458693676574,7.218222578900167,7.3054210545030305,1423.384814384327,1364.0623947385236,1488.3465050749132
CONCACAF,2001-06,7.260626997675819,7.218410336515695,7.3055406685505195,1423.624296504053,1364.3185331326324,1488.5245428687626
CONCACAF,2001-07,7.260784067674553,7.218589135442619,7.30568334054769,1423.847823145318,1364.562495152706,1488.7369286797336
CONCACAF,2001-08,7.260930174422238,7.2187316899602365,7.305759277238705,1424.055772660267,1364.7570322432339,1488.8499833408853
CONCACAF,2001-09,7.2610655886683295,7.218852398522614,7.305842488340245,1424.2485241420957,1364.921777401592,1488.9738783921043
CONCACAF,2001-10,7.261190581162289,7.218962634282043,7.305921665377004,1424.426457382219,1365.0722473092994,1489.091776191921
CONCACAF,2001-11,7.261305422653577,7.219066404676476,7.306027594925062,1424.5899528285083,1365.213908242886,1489.249523286465
CONCACAF,2001-12,7.2614103838916515,7.2192722306144645,7.306185488531891,1424.7393915445878,1365.4949341665142,1489.484683759417
CONCACAF,2002-01,7.261505735625971,7.21935679572366,7.306335801043596,1424.8751551702,1365.6104123760028,1489.7085880289615
CONCACAF,2002-02,7.261591748605997,7.2193428362960095,7.306478709596856,1424.9976258826566,1365.591348819644,1489.921494976859
CONCACAF,2002-03,7.2616686935811865,7.21939556617036,7.306568662231635,1425.1071863593609,1365.6633580634548,1490.0555234311225
CONCACAF,2002-04,7.261736841301001,7.219525749809817,7.306621031714202,1425.2042197414214,1365.841156657975,1490.1335590961153
CONCACAF,2002-05,7.261796462514898,7.219586289858697,7.306658628365361,1425.2891095983528,1365.92384744501,1490.189583914762
CONCACAF,2002-06,7.261847827972336,7.219551344732452,7.306637637436532,1425.3622398938728,1365.8761158268833,1490.1583038766278
CONCACAF,2002-07,7.261891208422778,7.219507247893379,7.306592181712354,1425.423994952792,1365.8158862404252,1490.0905696598902
CONCACAF,2002-08,7.261926874615681,7.219492349946552,7.306537877772235,1425.4747594290102,1365.7955385661148,1490.0096549152518
CONCACAF,2002-09,7.261955097300504,7.21949810864292,7.30647508905554,1425.5149182746106,1365.8034039407733,1489.9161032903505
CONCACAF,2002-10,7.261976147226704,7.219500275400486,7.306524598757574,1425.5448567100639,1365.8063631845519,1489.9898694900492
CONCACAF,2002-11,7.261990295143748,7.219495682303215,7.306630146279708,1425.5649601955392,1365.8000898516402,1490.1471411625585
CONCACAF,2002-12,7.261997811801086,7.219540095295537,7.306711404350612,1425.5756144033296,1365.8607505406594,1490.2682322142543
CONCACAF,2003-01,7.261998967948184,7.2196171093306445,7.306694823495789,1425.577205191386,1365.9659452894007,1490.2435231261381
CONCACAF,2003-02,7.2619940343345,7.219691126426717,7.306671586707561,1425.5701185779692,1366.0670537946507,1490.2088966214205
CONCACAF,2003-03,7.26198328170949,7.219759304983623,7.306641994581089,1425.5547407174186,1366.1601933849897,1490.1648012844187
CONCACAF,2003-04,7.261966980822617,7.21982182542255,7.306606347711534,1425.5314578770385,1366.245608930658,1490.111685830026
CONCACAF,2003-05,7.261945402423339,7.219824709611496,7.306564946694058,1425.5006564151042,1366.2495494583716,1490.049999076029
CONCACAF,2003-06,7.261918817261114,7.219881444546464,7.306517200612525,1425.4627227599867,1366.3270674179978,1489.9788607211754
CONCACAF,2003-07,7.261887496085405,7.219933862114235,7.306458728222846,1425.4180433904012,1366.3986923601822,1489.891739521523
CONCACAF,2003-08,7.2618517096456685,7.2199850137547825,7.306395564681727,1425.3670048167778,1366.468591024829,1489.7976346152784
CONCACAF,2003-09,7.261811728691364,7.220008768152246,7.306328019483302,1425.3099935637497,1366.5010490623804,1489.697008377408
CONCACAF,2003-10,7.26176782397195,7.2199217868127334,7.306256402121704,1425.2473961537723,1366.3821899926502,1489.5903231478821
CONCACAF,2003-11,7.261720266236887,7.219791496862031,7.306181022091064,1425.1795990918597,1366.2041733022284,1489.4780412122166
CONCACAF,2003-12,7.261669326235635,7.219779397065313,7.306102188885515,1425.1069888514457,1366.1876430544046,1489.3606247834832
CONCACAF,2004-01,7.261615274717652,7.219690951497367,7.306020211999191,1425.0299518613692,1366.0668156760823,1489.2385359857378
CONCACAF,2004-02,7.261558382432399,7.219609664296988,7.30598767637354,1424.948874493983,1365.9557754431441,1489.1900809930078
CONCACAF,2004-03,7.261498920129334,7.219583661235188,7.3059893770998,1424.8641430543844,1365.9202568853964,1489.192610611946
CONCACAF,2004-04,7.261437158557914,7.219534664045938,7.30598785270462,1424.7761437707707,1365.8533325084773,1489.190338279656
CONCACAF,2004-05,7.261373368467605,7.219423063670804,7.305983305903548,1424.685262785914,1365.7009111339814,1489.1835658426494
CONCACAF,2004-06,7.261307820607859,7.219309725837732,7.3059759394121295,1424.5918861497619,1365.5461342138428,1489.1725951807937
CONCACAF,2004-07,7.261240785728139,7.219194956391821,7.305916101956109,1424.4963998131593,1365.3894201563198,1489.0834895952514
CONCACAF,2004-08,7.261172534577906,7.219079061178162,7.30591855675571,1424.399189622687,1365.2311871876186,1489.0871449633573
CONCACAF,2004-09,7.261103337906613,7.218976812308178,7.305920395987927,1424.3006413166243,1365.091600982415,1489.0898837087618
CONCACAF,2004-10,7.2610334664637275,7.2188848597225945,7.305919316888613,1424.2011405220367,1364.9660831059225,1489.0882768118665
CONCACAF,2004-11,7.260963190998703,7.218794068209097,7.305915480195172,1424.10107275297,1364.842161475141,1489.0825636360958
CONCACAF,2004-12,7.260892782261001,7.218722866506138,7.30590819153198,1424.0008234097756,1364.7449857122142,1489.0717102513881
CONCACAF,2005-01,7.26082251100008,7.2187112937411575,7.3058909277136195,1423.9007777795498,1364.7291922113716,1489.0460034134594
CONCACAF,2005-02,7.2607526479654005,7.218699700659691,7.305838831998408,1423.801321037687,1364.713371556395,1488.9684325549813
CONCACAF,2005-03,7.26068346390642,7.218664489116822,7.305838721305399,1423.7028382505534,1364.6653184257275,1488.9682677011797
CONCACAF,2005-04,7.2606152295726,7.218570438894978,7.305829972001048,1423.6057143792807,1364.536976791336,1488.9552403192865
CONCACAF,2005-05,7.260548215713397,7.218530577036039,7.3057861380491405,1423.5103342846655,1364.4825849525982,1488.8899749712887
CONCACAF,2005-06,7.260482693078273,7.2184636418614705,7.305734863193772,1423.4170827331948,1364.3912562625142,1488.8136343888132
CONCACAF,2005-07,7.260418932416687,7.218355678975728,7.305688238854038,1423.326344404181,1364.2439604083786,1488.744221165761
CONCACAF,2005-08,7.260357204478097,7.218291092701972,7.305646636597548,1423.238503898011,1364.1558518249642,1488.682287450382
CONCACAF,2005-09,7.260297780011963,7.218262459427238,7.305610427991915,1423.1539457455124,1364.1167925522784,1488.6283854116655
CONCACAF,2005-10,7.260240929767743,7.218233438912009,7.305579984604749,1423.0730544184323,1364.0772065150838,1488.5830672688792
CONCACAF,2005-11,7.260186924494899,7.218192010612999,7.3055556780036595,1422.9962143410316,1364.0206969355895,1488.5468853231882
CONCACAF,2005-12,7.260135982080938,7.218140985383446,7.305537087221073,1422.9237347131839,1363.9510995899836,1488.5192121824991
CONCACAF,2006-01,7.260088108965567,7.218094649290524,7.305522871856595,1422.855623985866,1363.8879012697387,1488.4980521887196
CONCACAF,2006-02,7.26004325872654,7.218052929388446,7.305485179790771,1422.791815489541,1363.8310016005948,1488.4419486813185
CONCACAF,2006-03,7.260001384941616,7.2179838890697825,7.30542413411974,1422.73224262849,1363.7368452963199,1488.3510888288613
CONCACAF,2006-04,7.259962441188548,7.217913925047399,7.305368903026595,1422.6768388770608,1363.6414354889391,1488.2688884693473
CONCACAF,2006-05,7.259926381045091,7.2178470936381505,7.305319257756766,1422.6255377759915,1363.5503038805714,1488.195005703173
CONCACAF,2006-06,7.259893158089002,7.217783339475446,7.305273356983565,1422.5782729288144,1363.4633741446637,1488.1266984558877
CONCACAF,2006-07,7.259862725898038,7.2177226391407405,7.305232448736188,1422.5349779983362,1363.3806135581829,1488.065823395708
CONCACAF,2006-08,7.259835038049953,7.21766496921549,7.30519632307786,1422.4955867031927,1363.3019894440467,1488.0120671427303
CONCACAF,2006-09,7.259810048122501,7.217610306281148,7.305165176077554,1422.4600328144838,1363.2274691701086,1487.965720773443
CONCACAF,2006-10,7.25978770969344,7.217558626919168,7.305138908806433,1422.4282501524833,1363.1570201481627,1487.9266363982854
CONCACAF,2006-11,7.259767976340527,7.217528327306843,7.305117422335663,1422.4001725834212,1363.1157176423023,1487.8946662573394
CONCACAF,2006-12,7.259750801641514,7.2175216241801845,7.305100617736409,1422.3757340163515,1363.106580654197,1487.8696627126662
CONCACAF,2007-01,7.25973613917416,7.217518509238554,7.305088248779882,1422.3548684000866,1363.1023349092463,1487.851259031546
CONCACAF,2007-02,7.25972394251622,7.217519225989121,7.305077678360722,1422.3375097202108,1363.103312233597,1487.835530793089
CONCACAF,2007-03,7.259714165245448,7.217526650449621,7.305107254639383,1422.3235919961714,1363.1134323564083,1487.8795352997174
CONCACAF,2007-04,7.259706760939599,7.217537476394123,7.305074856943488,1422.3130492784442,1363.128189250809,1487.8313324048945
CONCACAF,2007-05,7.259701683176432,7.217504011807187,7.305083360303655,1422.3058156457723,1363.0825732073074,1487.8439842111404
CONCACAF,2007-06,7.259698885533701,7.217520531277201,7.305092569427964,1422.301825202484,1363.1050908853979,1487.85768575221
CONCACAF,2007-07,7.25969832158916,7.217559292715888,7.305105767921942,1422.3010120758822,1363.157928321913,1487.8773232289395
CONCACAF,2007-08,7.259699944920567,7.21760062129275,7.305090252586875,1422.3033104137119,1363.2142677753818,1487.854238530527
CONCACAF,2007-09,7.259703709105676,7.217601984468517,7.305148538906048,1422.3086543817014,1363.216126614564,1487.94096255867
CONCACAF,2007-10,7.259709567722245,7.2175748314603885,7.305178529291328,1422.3169781611787,1363.1791115474587,1487.9855872484054
CONCACAF,2007-11,7.259717474348029,7.217549438937201,7.305212270423457,1422.3282159467624,1363.1444968201529,1488.0357946748597
CONCACAF,2007-12,7.25972738256078,7.217524304614606,7.305245297998541,1422.3423019441284,1363.1102350168874,1488.084941473901
CONCACAF,2008-01,7.259739245938258,7.217499439531695,7.3052817627245314,1422.35917036785,1363.0763411833875,1488.1392049532387
CONCACAF,2008-02,7.259753018058218,7.217474854727559,7.305298701605472,1422.3787554393161,1363.0428303645501,1488.1644125894056
CONCACAF,2008-03,7.259768652498415,7.2174583029697965,7.305299568620189,1422.4009913847183,1363.0202696982592,1488.1657030121664
CONCACAF,2008-04,7.2597861028366015,7.217559612654958,7.305301605657342,1422.4258124331172,1363.158364089661,1488.1687347996392
CONCACAF,2008-05,7.259805322650538,7.217662830737559,7.305303957485987,1422.4531528145837,1363.2990745536108,1488.1722350511534
CONCACAF,2008-06,7.2598262655179795,7.217701955840094,7.305303800742335,1422.4829467584118,1363.352414871606,1488.1720014206196
CONCACAF,2008-07,7.259848885016679,7.217666762383461,7.3053251523162945,1422.5151284914068,1363.3044339969867,1488.2037762066427
CONCACAF,2008-08,7.259873134724395,7.217633665558158,7.305306835442854,1422.5496322362503,1363.2593134202914,1488.1765171574013
CONCACAF,2008-09,7.259898968218881,7.217718662954518,7.305310065351222,1422.5863922099393,1363.3751919644046,1488.1813237847025
CONCACAF,2008-10,7.259926339077895,7.217776149338108,7.305279296655644,1422.6253426222945,1363.4535697956837,1488.135535144978
CONCACAF,2008-11,7.2599552008791886,7.217750489895244,7.305249381977167,1422.6664176745521,1363.4185845869183,1488.0910188786888
CONCACAF,2008-12,7.259985507200521,7.217790770602534,7.305220475596248,1422.7095515580231,1363.4735053190766,1488.0480044502785
CONCACAF,2009-01,7.2600172116196475,7.217836415342944,7.305192591726396,1422.7546784528304,1363.5357426491705,1488.006512881293
CONCACAF,2009-02,7.260050267714322,7.217884003683746,7.305165744581119,1422.801732526718,1363.6006334597319,1487.9665651956263
CONCACAF,2009-03,7.260084629062303,7.217843705800522,7.305139948373926,1422.8506479339394,1363.5456840581646,1487.9281824197346
CONCACAF,2009-04,7.260120249241343,7.217804048599557,7.305115217318328,1422.9013588142159,1363.491610378884,1487.8913855828662
CONCACAF,2009-05,7.2601570818292,7.217768586133919,7.305091565627832,1422.9537992917699,1363.4432578315775,1487.856195717273
CONCACAF,2009-06,7.260195080403628,7.217734957819905,7.305069007515949,1423.0079034744374,1363.3974080416938,1487.8226338584502
CONCACAF,2009-07,7.260234198542382,7.217751355878662,7.305047557196187,1423.0636054528495,1363.4197653777037,1487.7907210453577
CONCACAF,2009-08,7.2602743898232225,7.2177581871091165,7.305027228882057,1423.1208392996923,1363.4290791815101,1487.7604783206596
CONCACAF,2009-09,7.2603156078239,7.217774048116305,7.305008036787067,1423.1795390690397,1363.4507046987605,1487.7319267309547
CONCACAF,2009-10,7.260357806122173,7.21781832958068,7.304989995124725,1423.2396387957624,1363.5110816652066,1487.7050873270202
CONCACAF,2009-11,7.2604009382957955,7.217819671831745,7.305017160753917,1423.3010724950104,1363.5129120243744,1487.7455021750693
CONCACAF,2009-12,7.260444957922523,7.217861004305401,7.305055023307067,1423.3637741617713,1363.569270438272,1487.8018325854791
CONCACAF,2010-01,7.260489818580113,7.217897375486566,7.3050958768548835,1423.4276777705031,1363.6188658705416,1487.8626152682593
CONCACAF,2010-02,7.26053547384632,7.217939452440273,7.3051396920023635,1423.4927172748412,1363.6762439761724,1487.9278070381813
CONCACAF,2010-03,7.2605818772988995,7.21801191222711,7.305186439354501,1423.5588266073837,1363.7750592495772,1487.9973647420886
CONCACAF,2010-04,7.260628982515608,7.218085713520436,7.305236089516295,1423.6259396795442,1363.8757113348117,1488.0712452575572
CONCACAF,2010-05,7.2606767430742005,7.218121838993982,7.305288613092739,1423.6939903814905,1363.9249828889083,1488.1494054915747
CONCACAF,2010-06,7.260725112552433,7.218160656740602,7.30534398068883,1423.762912582149,1363.9779283905875,1488.231802379233
CONCACAF,2010-07,7.260774044528059,7.218221478089518,7.305402162909565,1423.832640129289,1364.060889916171,1488.3183928824374
CONCACAF,2010-08,7.260823492578838,7.218278911259195,7.3054739224667165,1423.9031068496809,1364.1392345661109,1488.4251968705948
CONCACAF,2010-09,7.260873410282523,7.2183223470660876,7.305564758538103,1423.9742465493287,1364.198488373887,1488.5604045114812
CONCACAF,2010-10,7.260923751216872,7.21836508293644,7.305654434409234,1424.0459930137818,1364.2567898663574,1488.6938975102266
CONCACAF,2010-11,7.2609744689596365,7.218407038743933,7.305742825289503,1424.1182800085166,1364.3140296032716,1488.8254895813695
CONCACAF,2010-12,7.2610255170885765,7.218448134362247,7.305829806388302,1424.1910412793977,1364.370098128294,1488.9549943804725
CONCACAF,2011-01,7.261076849181445,7.2184882896650615,7.3059152529150255,1424.2642105532111,1364.4248859699064,1489.0822255069606
CONCACAF,2011-02,7.261128418815999,7.218527424526056,7.305999040079065,1424.3377215382782,1364.4782836423944,1489.206996507203
CONCACAF,2011-03,7.261180179569994,7.2185552471127,7.306081043089815,1424.4115079251392,1364.516247238452,1489.3291208778448
CONCACAF,2011-04,7.261232085021186,7.218587391309653,7.30615211287522,1424.4855033873143,1364.5601092058635,1489.4349709283729
CONCACAF,2011-05,7.2612840887473284,7.218624596395696,7.306206002478564,1424.5596415821433,1364.6108789824389,1489.515238195497
CONCACAF,2011-06,7.26133614432618,7.218637400707983,7.306261485739982,1424.6338561516989,1364.6283517330282,1489.5978837289601
CONCACAF,2011-07,7.2613882053354954,7.218709382836468,7.306346190984729,1424.7080807237712,1364.726584131168,1489.7240657852772
CONCACAF,2011-08,7.261440225353028,7.218744812715127,7.30643569407285,1424.7822489129367,1364.7749370125882,1489.8574066048134
CONCACAF,2011-09,7.261492157956536,7.218825936727864,7.3065221832759715,1424.8562943216953,1364.8856575379532,1489.9862687297723
CONCACAF,2011-10,7.261543956723775,7.218910262616639,7.306600200844942,1424.9301505416872,1365.0007575757584,1490.1025183670288
CONCACAF,2011-11,7.2615955752325,7.21899621759465,7.306687379948337,1425.003751154985,1365.118091224651,1490.2324298352396
CONCACAF,2011-12,7.261646967060466,7.219092272555057,7.306766200321434,1425.07702973546,1365.2492238896014,1490.349895186665
CONCACAF,2012-01,7.261698085785429,7.219171762685487,7.306841756166902,1425.1499198502256,1365.357752039582,1490.4625042084097
CONCACAF,2012-02,7.261748884985147,7.219270187128733,7.3069139198768305,1425.2223550611568,1365.492143231427,1490.5700656300594
CONCACAF,2012-03,7.261799318237373,7.219353515106198,7.306982563843304,1425.2942689264848,1365.6059316720066,1490.6723881848652
CONCACAF,2012-04,7.261849339119863,7.219442266840375,7.307047560458412,1425.3655950024665,1365.7271371149477,1490.7692806167727
CONCACAF,2012-05,7.2618989012103725,7.219482990828316,7.307108782114237,1425.4362668451329,1365.7827561571512,1490.8605516876737
CONCACAF,2012-06,7.261947958086658,7.219521992666311,7.307166101202868,1425.5062180121108,1365.8360252753844,1490.9460101849343
CONCACAF,2012-07,7.261996463326475,7.2195592082384605,7.30721939011639,1425.5753820645189,1365.8868566141716,1491.0254649291537
CONCACAF,2012-08,7.26204437050758,7.219597536451408,7.3072685212468915,1425.6436925689445,1365.9392093693345,1491.098724782194
CONCACAF,2012-09,7.262091633207726,7.21966589962817,7.307329749734858,1425.7110830994916,1366.0325925020745,1491.1900275885873
CONCACAF,2012-10,7.262138205004671,7.219766466580837,7.307417545371378,1425.7774872399063,1366.1699774845617,1491.3209548389284
CONCACAF,2012-11,7.262184035886352,7.219828984306279,7.307507435728643,1425.8428335138578,1366.2553902827342,1491.4550178659674
CONCACAF,2012-12,7.262229061481423,7.219829147742207,7.307599279786501,1425.907030166935,1366.2556129748823,1491.5920071669116
CONCACAF,2013-01,7.262273213828726,7.219892612777429,7.307685292746877,1425.9699803751873,1366.342325280884,1491.7203041809069
CONCACAF,2013-02,7.262316424967095,7.2199978774240385,7.307772263226685,1426.0315873148513,1366.4861613654152,1491.8500412321573
CONCACAF,2013-03,7.262358626935371,7.220078820056039,7.30786046341741,1426.0917541612246,1366.596774212401,1491.9816253253023
CONCACAF,2013-04,7.262399751772391,7.220144763112503,7.3079497307913455,1426.1503840876694,1366.6868950877677,1492.1148145586756
CONCACAF,2013-05,7.262439731516994,7.220214998488768,7.308039902820785,1426.207380264749,1366.7828874688926,1492.249366946022
CONCACAF,2013-06,7.262478498208017,7.220286385364042,7.308003721369081,1426.2626458594923,1366.8804606635756,1492.1953768810574
CONCACAF,2013-07,7.262515983884298,7.220358780309913,7.308070922844882,1426.316084034788,1366.9794189500114,1492.2956583543241
CONCACAF,2013-08,7.262552120584676,7.220432039897972,7.308169101928571,1426.3675979489108,1367.0795665537808,1492.4421777829355
CONCACAF,2013-09,7.262586840347987,7.2205060206998075,7.308266580177378,1426.417090755176,1367.1807076459957,1492.5876655543864
CONCACAF,2013-10,7.262620075213071,7.220580579287009,7.308363245655339,1426.4644656017254,1367.2826463417202,1492.7319542735668
CONCACAF,2013-11,7.262651757218765,7.220663441184299,7.308454218151058,1426.5096256314428,1367.395946630968,1492.8677571241587
CONCACAF,2013-12,7.262681818403909,7.220778937884731,7.308532981362312,1426.5524739819998,1367.553885561736,1492.9853445247034
CONCACAF,2014-01,7.262710190807338,7.2208947047951275,7.30852876189376,1426.5929137860346,1367.7122124349737,1492.9790453915055
CONCACAF,2014-02,7.262736806467892,7.220990983116659,7.308523408753686,1426.6308481714573,1367.8438999846514,1492.971054488709
CONCACAF,2014-03,7.262761597424409,7.220999259752796,7.308516881063486,1426.6661802618878,1367.855220785924,1492.9613108078681
CONCACAF,2014-04,7.262784495715725,7.221015257479569,7.3085091379445535,1426.6988131772243,1367.8771034935712,1492.949753346101
CONCACAF,2014-05,7.262805433380681,7.22101753530472,7.308500138518283,1426.728650034343,1367.8802194069012,1492.9363211068303
CONCACAF,2014-06,7.262824342458114,7.221015717404834,7.308489841906066,1426.7555939479266,1367.8777329343695,1492.920953100562
CONCACAF,2014-07,7.2628411549868614,7.221011156615733,7.3084782072293,1426.7795480314253,1367.871494384835,1492.90358834568
CONCACAF,2014-08,7.26285580300576,7.221018893566639,7.308465193609378,1426.8004153981487,1367.8820771723224,1492.8841658692777
CONCACAF,2014-09,7.26286821855365,7.221126919553851,7.308450760167695,1426.818099162487,1368.0298525807611,1492.8626247080126
CONCACAF,2014-10,7.262878333669368,7.221072235699772,7.308431617625663,1426.8325024412632,1367.9550451748362,1492.8340500235424
CONCACAF,2014-11,7.262886080391756,7.2209707122017255,7.308417301137608,1426.8435283552183,1367.8161723361786,1492.812669846665
CONCACAF,2014-12,7.262891390759646,7.220929546762454,7.308484368456971,1426.851080030626,1367.7598669001413,1492.9127809992601
CONCACAF,2015-01,7.26289419681188,7.220899697725951,7.308549354752967,1426.8550606010374,1367.7190412553887,1493.0097952372225
CONCACAF,2015-02,7.262894430587294,7.220858067467952,7.308612117860993,1426.8553732091577,1367.662103780481,1493.1034997752972
CONCACAF,2015-03,7.262892024124727,7.220832386751505,7.308618182454124,1426.8519210088555,1367.626981629765,1493.1125540496203
CONCACAF,2015-04,7.262886909463018,7.220869237818564,7.308473718127108,1426.8446071672993,1367.6773812909796,1492.8968708843538
CONCACAF,2015-05,7.262879018641002,7.220909799035467,7.308325933053231,1426.8333348672274,1367.732857833689,1492.6762656788958
CONCACAF,2015-06,7.262868283697522,7.220947991097839,7.308197263236469,1426.8180073093495,1367.7850964027668,1492.4842244444246
CONCACAF,2015-07,7.26285463667141,7.220988790093344,7.308166768064235,1426.7985277148773,1367.8409011686388,1492.438716765572
CONCACAF,2015-08,7.262838009601508,7.2210262226482556,7.308134412573023,1426.774799328185,1367.892103385061,1492.390434722823
CONCACAF,2015-09,7.262818334526654,7.221060163832534,7.30819164015012,1426.7467254196076,1367.9385316462287,1492.4758428728019
CONCACAF,2015-10,7.2627955434856855,7.221024767985231,7.308258939607764,1426.7142092883578,1367.890112704426,1492.5762746349753
CONCACAF,2015-11,7.26276956851744,7.221015966177672,7.308321589397946,1426.6771542655856,1367.878072973366,1492.6697776929877
CONCACAF,2015-12,7.262740341660754,7.220976170981833,7.308379491500956,1426.6354637175618,1367.8236392321007,1492.7562044242627
CONCACAF,2016-01,7.262707794954468,7.220934027998935,7.308298040831377,1426.5890410489935,1367.7659964828224,1492.6346237422147
CONCACAF,2016-02,7.262671860437419,7.220891381477568,7.308114583032467,1426.5377897064702,1367.7076671964942,1492.3608184605043
CONCACAF,2016-03,7.262632470148446,7.220851135599683,7.308194388105648,1426.4816131820407,1367.6526233000684,1492.479918269082
CONCACAF,2016-04,7.262589556126386,7.220897819651074,7.30828421755535,1426.4204150169203,1367.7164726757098,1492.6139902018397
CONCACAF,2016-05,7.262543050410079,7.220946249945075,7.308249322272425,1426.3540988053255,1367.7827142169062,1492.561906345179
CONCACAF,2016-06,7.262492885038359,7.220990904204604,7.308131053729567,1426.282568198443,1367.8437946119182,1492.3853935257787
CONCACAF,2016-07,7.2624389920500665,7.221031607299123,7.30800958569487,1426.205726908525,1367.8994735786887,1492.2041272797883
CONCACAF,2016-08,7.262381303484041,7.221020010703486,7.3078850725202775,1426.1234787131148,1367.8836120798658,1492.0183396634768
CONCACAF,2016-09,7.262319751379119,7.220940316194386,7.307757538561826,1426.0357274594012,1367.774603041759,1491.8280687044678
CONCACAF,2016-10,7.262254267774137,7.220857145409686,7.307627008175551,1425.9423770687065,1367.6608483196246,1491.6333524524146
CONCACAF,2016-11,7.2621847847079355,7.220770450803331,7.307529811429181,1425.8433315410955,1367.5422840806123,1491.4883775105532
CONCACAF,2016-12,7.262111234219351,7.220681870860291,7.307386300577591,1425.7384949601185,1367.4211512944166,1491.2743489259828
CONCACAF,2017-01,7.2620335483472225,7.220579756774036,7.307240390003917,1425.6277714976843,1367.2815233696379,1491.0567741152465
CONCACAF,2017-02,7.261951659130387,7.220467553600146,7.307095953110187,1425.5110654190555,1367.128117345135,1490.8414290678368
CONCACAF,2017-03,7.261865498607683,7.220363371535132,7.307016253907484,1425.388281087975,1366.9856941668502,1490.7226164476763
CONCACAF,2017-04,7.26177499881795,7.22029287546007,7.3069484187327545,1425.2593229719212,1366.889330589484,1490.6214975133894
CONCACAF,2017-05,7.261680091800024,7.220181836234964,7.306897666897403,1425.1240956474876,1366.737560774272,1490.5458479487904
CONCACAF,2017-06,7.261580709592745,7.220066928969792,7.3068419394646735,1424.9825038058898,1366.5805218280175,1490.4627862545713
CONCACAF,2017-07,7.261476784234949,7.219948107989967,7.306781128001801,1424.834452258601,1366.418153157733,1490.3721520641086
CONCACAF,2017-08,7.261368247765474,7.219825327620902,7.3067151240760175,1424.6798459431104,1366.2503942618544,1490.2737851638858
CONCACAF,2017-09,7.2612550322231595,7.219699234416543,7.306643819254557,1424.5185899288088,1366.078130240981,1490.167525501759
CONCACAF,2017-10,7.261137069646843,7.219563488094474,7.306567105104655,1424.3505894230004,1365.8927024503344,1490.053213195394
CONCACAF,2017-11,7.261014292075362,7.219393038490217,7.3064848731935435,1424.1757497770345,1365.6599061270063,1489.9306885408635
CONCACAF,2017-12,7.260886631547555,7.219260509325046,7.306397015088457,1423.9939764925687,1365.4789283394002,1489.7997920214202
CONCACAF,2018-01,7.260754020102261,7.219151654049875,7.30630342235663,1423.8051752279505,1365.3302968438754,1489.6603643164358
CONCACAF,2018-02,7.260616389778317,7.219019178821836,7.3062029740303736,1423.6092518047208,1365.1494363722882,1489.510737321225
CONCACAF,2018-03,7.26047367261456,7.218895353783644,7.30614327850991,1423.4061122142457,1364.9804071948383,1489.4218180990667
CONCACAF,2018-04,7.260325800649829,7.218764344942099,7.306075560306808,1423.1956626244657,1364.8015944870706,1489.3209574953476
CONCACAF,2018-05,7.2601727059229635,7.21862989533023,7.305999646990766,1422.9778093867662,1364.6181096582395,1489.2079008262976
CONCACAF,2018-06,7.260014320472798,7.2185543752277,7.305914434035768,1422.7524590429703,1364.5150576197873,1489.0810058164109
CONCACAF,2018-07,7.259850576338174,7.218424026652102,7.3056974125499865,1422.5195183324538,1364.3372067453934,1488.7578784167856
CONCACAF,2018-08,7.259681405557928,7.21827827458047,7.305470196603473,1422.2788941993736,1364.1383663671436,1488.4196473991126
CONCACAF,2018-09,7.259506740170898,7.21802714201501,7.30528265852775,1422.0304938000183,1363.7958294284524,1488.1405380429946
CONCACAF,2018-10,7.259326512215924,7.217823576558293,7.30502417015232,1421.7742245102795,1363.5182360602778,1487.7559213865038
CONCACAF,2018-11,7.259140653731841,7.217640713461675,7.304851404690044,1421.5099939332347,1363.268921575605,1487.4989109227931
CONCACAF,2018-12,7.258949096757487,7.217511569645473,7.304710651860538,1421.2377099068465,1363.092875336331,1487.2895557297547
CONCACAF,2019-01,7.258751773331702,7.217390845018993,7.304566389168493,1420.9572805117878,1362.9283270082271,1487.0750105781938
CONCACAF,2019-02,7.258548615493326,7.217266583431782,7.304418575780664,1420.6686140793638,1362.7589790792158,1486.8552170310263
CONCACAF,2019-03,7.258339555281191,7.217053291993357,7.304267170863805,1420.3716191995636,1362.4683453744422,1486.630116745778
CONCACAF,2019-04,7.258124524734139,7.216833551474572,7.304098325690471,1420.0662047292194,1362.168988939449,1486.379127573758
CONCACAF,2019-05,7.25790345589101,7.216607291362948,7.3038170062348735,1419.7522798002713,1361.860819530637,1485.961039346171
CONCACAF,2019-06,7.257676280790637,7.216374865748735,7.303629066044351,1419.4297538281528,1361.5443251196323,1485.6817936608306
CONCACAF,2019-07,7.257442931471861,7.216137034464943,7.303440519506576,1419.098536520283,1361.2205455368396,1485.401699785009
CONCACAF,2019-08,7.257203339973521,7.215892797082039,7.303244818005056,1418.7585378846625,1360.888124896285,1485.1110328156713
CONCACAF,2019-09,7.256957438334451,7.21564187366659,7.303033502575848,1418.4096682385832,1360.5466887801247,1484.7972390852021
CONCACAF,2019-10,7.25670524338605,7.215384287134345,7.302796356303553,1418.0519585123548,1360.1962751824706,1484.4451667538397
CONCACAF,2019-11,7.256447111129928,7.21512042509292,7.302551740216852,1417.6859208717472,1359.8374181640497,1484.0820921115476
CONCACAF,2019-12,7.256183482360254,7.214850766322903,7.302295776576268,1417.3121873435455,1359.470775340319,1483.7022695044789
CONCACAF,2020-01,7.255914797871203,7.214575789604885,7.3020054994610515,1416.931389412671,1359.0970037664906,1483.2716472039324
CONCACAF,2020-02,7.255641498456941,7.214295973719454,7.301686854297739,1416.5441579825222,1358.7167599016109,1482.799085411803
CONCACAF,2020-03,7.255364024911637,7.214011797447198,7.301341881990904,1416.1511233386204,1358.3306995758273,1482.2876496992483
CONCACAF,2020-04,7.2550828180294635,7.213724959574236,7.300992753214229,1415.7529151155607,1357.9411344423522,1481.7702318476454
CONCACAF,2020-05,7.254798318604587,7.213435702015617,7.300640073398322,1415.3501622672438,1357.5483961728883,1481.2477350190761
CONCACAF,2020-06,7.2545109674311785,7.213143607243479,7.300284447973793,1414.9434930404084,1357.1519211427596,1480.7210611666478
CONCACAF,2020-07,7.254221205303411,7.212846072663298,7.299926482371251,1414.533534951444,1356.7481815866847,1480.1911110065214
CONCACAF,2020-08,7.253929473015448,7.212546370732846,7.299566782021307,1414.1209147664722,1356.3416224770147,1479.6587839954047
CONCACAF,2020-09,7.253636211361465,7.212245957552962,7.299205952354568,1413.7062584847072,1355.9342207649106,1479.1249783135488
CONCACAF,2020-10,7.253341861135628,7.211943250562653,7.29891918917833,1413.290191325078,1355.5238321099978,1478.700880101306
CONCACAF,2020-11,7.253046863132109,7.211641107446366,7.298719245117624,1412.8733377160997,1355.1143318195657,1478.4052482446973
CONCACAF,2020-12,7.252751658145075,7.211337869795302,7.2985187012387245,1412.456321288997,1354.7034724863088,1478.1087888126665
CONCACAF,2021-01,7.252456686968698,7.21103554517879,7.298317666888633,1412.0397648740766,1354.2939742165731,1477.8116648462637
CONCACAF,2021-02,7.252162390397149,7.210680453351468,7.298117655686138,1411.6242905003132,1353.813160741776,1477.5161143087591
CONCACAF,2021-03,7.251869209224594,7.210389696205479,7.297769710695975,1411.2105193981808,1353.4195871224222,1477.0021098914935
CONCACAF,2021-04,7.251577584245204,7.210098849943627,7.297396893063246,1410.7990720056935,1353.0260075158124,1476.4515596344122
CONCACAF,2021-05,7.251287956253152,7.209812236312271,7.297034304505744,1410.3905679776508,1352.6382675184827,1475.9163132357526
CONCACAF,2021-06,7.251000766042603,7.209528919323669,7.296664812167755,1409.9856261980965,1352.2550965591506,1475.371074448257
CONCACAF,2021-07,7.25071645440773,7.209249442153439,7.296433394625175,1409.5848647959674,1351.8772251230819,1475.0296859297373
CONCACAF,2021-08,7.2504354621427005,7.2089710345466615,7.296163587312309,1409.1889011639269,1351.5009044333317,1474.6317659933127
CONCACAF,2021-09,7.250158230041684,7.208641930225327,7.295837899050973,1408.7983519803865,1351.0561923306957,1474.1515748237207
CONCACAF,2021-10,7.249885198898853,7.208335576912297,7.295534234436971,1408.4138332347015,1350.6423552938277,1473.7039942664053
CONCACAF,2021-11,7.249616809508376,7.20800478389958,7.295220205378997,1408.0359602555272,1350.1956460714694,1473.2412811131692
CONCACAF,2021-12,7.249353502664421,7.20770559426992,7.294902153991134,1407.665347742348,1349.7917419051678,1472.7727901552335
CONCACAF,2022-01,7.24909571916116,7.207411413253388,7.294668470373607,1407.3026098001626,1349.3947173704248,1472.4286662874597
CONCACAF,2022-02,7.248843899792761,7.207076679576671,7.294339617661671,1406.9483599773143,1348.9431052192735,1471.9445370723347
CONCACAF,2022-03,7.248598485353393,7.2067537920816465,7.294239081939852,1406.6032113064784,1348.5076183750507,1471.7965585175245
CONCACAF,2022-04,7.24835991663723,7.2065219825843,7.294055758617769,1406.2677763487952,1348.19505790771,1471.5267685492925
CONCACAF,2022-05,7.248128634438437,7.206294234125645,7.293782813757407,1405.9426672411348,1347.88804368944,1471.1251804630838
CONCACAF,2022-06,7.247905079551187,7.206069152136164,7.293508337518296,1405.628495746515,1347.5846924446887,1470.7214477742273
CONCACAF,2022-07,7.247689692769647,7.205824453427746,7.293342468672566,1405.3258733076536,1347.2549803823736,1470.477519680649
CONCACAF,2022-08,7.247482914887991,7.205562450688778,7.293278133949423,1405.0354111036504,1346.9020420151166,1470.3829178369115
CONCACAF,2022-09,7.247285186700383,7.205323627215305,7.2931578065065406,1404.7577201098206,1346.5804086049684,1470.2060007616421
CONCACAF,2022-10,7.247096949000995,7.205145422757353,7.29295165328248,1404.4934111606626,1346.3404635303266,1469.9029442677577
CONCACAF,2022-11,7.246918642583998,7.204969820874931,7.292748943078655,1404.2430950159614,1346.1040641848483,1469.6050101379053
CONCACAF,2022-12,7.246750708243562,7.204751840373226,7.292546556883673,1404.0073824300468,1345.8106717279247,1469.307612487975
CONCACAF,2023-01,7.246593586773856,7.204599424913615,7.292355030405158,1403.786884224197,1345.605565132746,1469.0262281657488
CONCACAF,2023-02,7.246447718969048,7.204426906545112,7.292230118968139,1403.582211362192,1345.3734433644922,1468.842741383144
CONCACAF,2023-03,7.246313545623308,7.204293185154999,7.2920185927174135,1403.3939750290365,1345.193550209534,1468.5320755984424
CONCACAF,2023-04,7.246191507530809,7.204164930235228,7.291943991067023,1403.222786712846,1345.0210335800991,1468.4225246262358
CONCACAF,2023-05,7.246082045485719,7.2040790195487965,7.291822427863759,1403.0692582899126,1344.9054870085358,1468.2440297717549
CONCACAF,2023-06,7.245985600282204,7.203976219080876,7.291721501776898,1402.934002112957,1344.7672374298138,1468.0958542070548
CONCACAF,2023-07,7.24590261271444,7.203877844012927,7.291682193321036,1402.8176311025861,1344.634952524478,1468.0381474796593
CONCACAF,2023-08,7.245833523576594,7.203783992428772,7.29164410265635,1402.720758841958,1344.508762335308,1467.9822284833388
CONCACAF,2023-09,7.245778773662832,7.203657283494612,7.291615172289029,1402.6439996746763,1344.3384114439216,1467.9397591412628
CONCACAF,2023-10,7.2457388037673285,7.203612144554977,7.291535531261069,1402.5879688059304,1344.277730689058,1467.8228556676495
CONCACAF,2023-11,7.245714054684253,7.2035312157422675,7.291431758020784,1402.5532824068953,1344.1689442404015,1467.6705437025753
CONCACAF,2023-12,7.245704967207773,7.203523135389373,7.291446187088774,1402.5405577224167,1344.1580829264967,1467.6917208608736
CONCACAF,2024-01,7.24571198213206,7.203536625081734,7.291492893266859,1402.5504131819914,1344.1762153948357,1467.7602723985476
CONCACAF,2024-02,7.245735540251283,7.203566418228541,7.291548300705658,1402.5834685140785,1344.216263399565,1467.8415992426967
CONCACAF,2024-03,7.245776082359611,7.203555500562249,7.291612587171816,1402.6403448637616,1344.201587552339,1467.9359644556241
CONCACAF,2024-04,7.245834049251215,7.203543208905643,7.291635788783496,1402.7216649137815,1344.1850651763802,1467.9700232617035
CONCACAF,2024-05,7.245909881720264,7.203567978085041,7.291564216884657,1402.8280530089814,1344.2183599746318,1467.8649631310889
CONCACAF,2024-06,7.246004020560928,7.203716066658251,7.291817447359949,1402.96013528418,1344.4174381748676,1468.236716783909
CONCACAF,2024-07,7.2461169065673765,7.203877076880864,7.291874404314697,1403.1185397955185,1344.6339233831045,1468.3203454859888
CONCACAF,2024-08,7.246248980533778,7.204060350269454,7.291892869133858,1403.3038966553095,1344.8803797329322,1468.3474586090547
CONCACAF,2024-09,7.246400683254305,7.20425432024683,7.2919294865661834,1403.516838170423,1345.1412719920615,1468.4012275847351
CONCACAF,2024-10,7.2465724555231255,7.204441323424611,7.292090788630945,1403.757998984252,1345.3928401863432,1468.6381022298
CONCACAF,2024-11,7.24676473813441,7.204613905877164,7.292273035634673,1404.0280162223007,1345.6250508091136,1468.905780986397
CONCACAF,2024-12,7.246977971882327,7.204883693296404,7.29247669722117,1404.3275296414345,1345.9881327212624,1469.2049707875285
CONCACAF,2025-01,7.247212597561047,7.2049634495062165,7.292676418117172,1404.6571817828365,1346.0954879697993,1469.4984309829988
CONCACAF,2025-02,7.247469055964739,7.2049652293852535,7.292849448356911,1405.0176181287343,1346.0978835870753,1469.7527210562996
CONCACAF,2025-03,7.247747787887574,7.2053423097655775,7.2931501589235195,1405.4094872629223,1346.6055668053496,1470.1947573621192
CONCACAF,2025-04,7.2480492341237195,7.205754905322725,7.293485164001015,1405.833441035156,1347.1612847086255,1470.6873625472936
CONCACAF,2025-05,7.248373835467349,7.206012401924548,7.293855514362581,1406.2901347294728,1347.50821876959,1471.2321329821032
CONCACAF,2025-06,7.24872203271263,7.2063130122673025,7.294145068106587,1406.7802272364818,1347.9133546757428,1471.6581955152574
CONCACAF,2025-07,7.249094266653731,7.206602555825296,7.294344331932003,1407.3043812296976,1348.3036905802678,1471.9514749179755
CONCACAF,2025-08,7.249490978084823,7.206830625626425,7.294977578312069,1407.8632633459981,1348.6112332400571,1472.883876114829
CONCACAF,2025-09,7.249912607800075,7.207075257563963,7.295412291750623,1408.4575443702395,1348.9411871616974,1473.524299753772
CONCACAF,2025-10,7.250359596593658,7.207341003330887,7.2958824905853215,1409.0878994241275,1349.2997097807063,1474.2173230304224
CONCACAF,2025-11,7.250832385259741,7.207574395060727,7.296350588139424,1409.7550081594177,1349.6146619271656,1474.9075542940293
CONCACAF,2025-12,7.251331414592495,7.208015766257037,7.296845204548441,1410.4595549555115,1350.2104748079482,1475.6372436246627
CONCACAF,2026-01,7.251857125386087,7.208582079425042,7.297269594915855,1411.2022291215296,1350.97533297892,1476.263622432968
CONCACAF,2026-02,7.252409958434688,7.2091024691413885,7.297893081007887,1411.9837251029721,1351.6785508360495,1477.1843389253445
CONCACAF,2026-03,7.252990354532469,7.209704323038343,7.298491354046953,1412.80474269302,1352.4923074944932,1478.0683628864954
CONCACAF,2026-04,7.253598754473598,7.210332495144368,7.2991485437185055,1413.6659872485843,1353.3421722983376,1479.0400533530476
CONCACAF,2026-05,7.254235599052245,7.210986567485589,7.299845969895629,1414.5681699112226,1354.2276463887254,1480.071935079357
CONCACAF,2026-06,7.254901329062582,7.21168142831361,7.300490233692023,1415.5120078329824,1355.168973234488,1481.0257985908422
CONCACAF,2026-07,7.255596385298775,7.212556731780624,7.301319134936163,1416.4982244072949,1356.3556763109543,1482.2539315146018
CONCACAF,2026-08,7.256321208554994,7.213254722355609,7.302269039915074,1417.5275495050498,1357.3027296609762,1483.6626009553377
OFC,1992-01,7.306272205616711,7.269666612942527,7.341460634710421,1489.9714143776864,1436.0716153652738,1542.964179062108
OFC,1992-02,7.30779720943802,7.271586784125123,7.342621140213694,1492.2335211148265,1438.831761211911,1544.7558400260266
OFC,1992-03,7.309284181921581,7.273450414798031,7.343473131756233,1494.4434917085462,1441.5157092403558,1546.0725147110845
OFC,1992-04,7.310733559298011,7.2753642350590955,7.344647139780693,1496.6016390051684,1444.277157192033,1547.8886806685234
OFC,1992-05,7.312145777797943,7.277285881946074,7.3457583593429865,1498.7082897079308,1447.055211911864,1549.6096808058219
OFC,1992-06,7.313521273652004,7.278539276481895,7.346961138559567,1500.7637840897276,1448.8700800440354,1551.4746418354998
OFC,1992-07,7.314860483090815,7.2804620642509885,7.348151842369323,1502.7684757039597,1451.6586297288968,1553.3230877433773
OFC,1992-08,7.316163842345005,7.28216129427244,7.349016956833952,1504.7227310938126,1454.127428615353,1554.6674716936845
OFC,1992-09,7.317431787645204,7.283926741209372,7.349631524387727,1506.6269295001193,1456.6968872776345,1555.6232151102117
OFC,1992-10,7.3186647552220325,7.28499032112586,7.350691672219292,1508.481462568133,1458.247018601884,1557.2732781279792
OFC,1992-11,7.319863181306118,7.286636541432279,7.3517776371822,1510.2867340535106,1460.6495935410155,1558.9653413984624
OFC,1992-12,7.32102750212809,7.288159527802086,7.352564907215451,1512.043159527667,1462.8758382541303,1560.1931527896804
OFC,1993-01,7.32215815391857,7.28936139933482,7.353704124432032,1513.7511660828063,1464.6350836277825,1561.9715634170655
OFC,1993-02,7.323255572908188,7.290668708057142,7.354712928898346,1515.4111920369091,1466.5510647935535,1563.5480815308217
OFC,1993-03,7.324320195327573,7.292075118729291,7.355493435486193,1517.023686638843,1468.615088319806,1564.7689175321718
OFC,1993-04,7.325352457407344,7.293386494865438,7.356576905207566,1518.5891097738686,1470.5422582496374,1566.465216715586
OFC,1993-05,7.326352795378129,7.294485300286158,7.3579464410113165,1520.1079316698242,1472.1589863584568,1568.6120159645582
OFC,1993-06,7.327321645470559,7.2953714146364845,7.35866597273872,1521.580632604122,1473.4640653997435,1569.7410894010516
OFC,1993-07,7.328259443915257,7.296545642746116,7.359386565450103,1523.0077026118386,1475.1952659424478,1570.8726398655144
OFC,1993-08,7.329166626942848,7.2972251742184175,7.360490329231017,1524.3896411951387,1476.1980468897027,1572.6074695430484
OFC,1993-09,7.330043630783963,7.298187544327112,7.361190715986935,1525.7269570341796,1477.6193797465628,1573.7092889271323
OFC,1993-10,7.330890891669224,7.298895430759671,7.36180187252795,1527.0201676997403,1478.6657368375527,1574.6713655562091
OFC,1993-11,7.331708845829256,7.299652784109623,7.362860565770811,1528.2697993678066,1479.7860339312783,1576.3393420177076
OFC,1993-12,7.332497929494691,7.3004853143548925,7.363671648200545,1529.4763865362486,1481.0185127703824,1577.6184018877595
OFC,1994-01,7.33325857889615,7.301330953765957,7.364264413157652,1530.6404717438093,1482.2714501411774,1578.5538359372017
OFC,1994-02,7.333991230264262,7.302055970217794,7.36485228127083,1531.7626052916253,1483.3465109195463,1579.4820911125075
OFC,1994-03,7.334696319829654,7.30258180531099,7.36558185399317,1532.8433449673978,1484.1267119772926,1580.6348577090118
OFC,1994-04,7.335374283822948,7.3033012779383935,7.365922691449741,1533.8832557724154,1485.1948846655482,1581.1736894386954
OFC,1994-05,7.336025558474776,7.303902542903376,7.36649568463447,1534.8829096516333,1486.0881486354563,1582.0799545234113
OFC,1994-06,7.33665058001576,7.304694437158254,7.367193909331706,1535.8428852269044,1487.265441248765,1583.184999928738
OFC,1994-07,7.337249784676528,7.305147304365073,7.3679886131076575,1536.7637675335666,1487.939125639088,1584.4436480403924
OFC,1994-08,7.337823608687707,7.305886645344854,7.368515213211968,1537.6461477605421,1489.0396281151773,1585.2782346099093
OFC,1994-09,7.338372488279923,7.306439560256387,7.369217699224546,1538.490622994062,1489.86316688262,1586.3922626205906
OFC,1994-10,7.338896859683798,7.306991934872826,7.369641230800353,1539.2977959651753,1490.6863566003522,1587.0643033431459
OFC,1994-11,7.339397159129966,7.307568852879897,7.370181716887099,1540.0682748011995,1491.546608926591,1587.922315184936
OFC,1994-12,7.339873822849048,7.3080083823260065,7.370711723213602,1540.8026727811991,1492.202331255431,1588.7641419026368
OFC,1995-01,7.340327287071671,7.308408541623365,7.371202628638652,1541.5016080956443,1492.7995693727041,1589.5442657319759
OFC,1995-02,7.340757988028461,7.308853770562757,7.371673012770927,1542.1657036103766,1493.4643549214222,1590.2921395291041
OFC,1995-03,7.341166361950047,7.309472039823328,7.372259299301297,1542.795586634968,1494.388003901125,1591.2247791112256
OFC,1995-04,7.341552845067051,7.309967750107519,7.372765585905626,1543.3918886955985,1495.128970703756,1592.0305986793294
OFC,1995-05,7.341917873610103,7.310591313275437,7.373234939800641,1543.9552453125643,1496.0615688968724,1592.7779990463628
OFC,1995-06,7.342261883809829,7.310961483387417,7.373464158845694,1544.4862957824935,1496.6154685961305,1593.1431368718843
OFC,1995-07,7.342585311896853,7.311376140835027,7.373660204230487,1544.9856829653716,1497.2361814392077,1593.4554951534574
OFC,1995-08,7.342888594101803,7.311483282888512,7.373779194548088,1545.4540530764782,1497.396605834217,1593.645113910555
OFC,1995-09,7.343172166655304,7.311746853063861,7.37414205163352,1545.8920554832962,1497.7913271940051,1594.2234821727063
OFC,1995-10,7.343436465787983,7.312123974702894,7.374400809418038,1546.3003425074794,1498.356284072216,1594.636053615565
OFC,1995-11,7.343681927730468,7.312487922568395,7.374693272434998,1546.679569231969,1498.9017080075528,1595.1024940344373
OFC,1995-12,7.343908988713381,7.312844803319639,7.374995080974497,1547.0303933133005,1499.4367317256185,1595.5839817615108
OFC,1996-01,7.344118084967354,7.313088333737337,7.375290248635869,1547.3534747991807,1499.8019332264416,1596.0550165251445
OFC,1996-02,7.344309652723008,7.313282331458564,7.375539787526193,1547.6494759514048,1500.0929197003911,1596.453343569868
OFC,1996-03,7.344484128210972,7.3136251650819215,7.375560701890736,1547.9190610741457,1500.607292616383,1596.4867332234076
OFC,1996-04,7.344641947661873,7.3137166286120046,7.375500808699133,1548.1628963476853,1500.7445471478927,1596.3911172238097
OFC,1996-05,7.344783547306334,7.313933245731956,7.37551248861731,1548.381649667633,1501.069670424549,1596.4097627325377
OFC,1996-06,7.344909363374985,7.314034495106516,7.375678078018878,1548.5759904896709,1501.2216616453986,1596.6741334650442
OFC,1996-07,7.3450198320984486,7.3138891009948725,7.375813669938944,1548.7465896798676,1501.0034063240548,1596.890645548807
OFC,1996-08,7.345115389707355,7.31411507304412,7.375998274517797,1548.8941193705998,1501.3426294596704,1597.1854644924747
OFC,1996-09,7.345196472432329,7.314343376018279,7.375998693321605,1549.0192528221128,1501.6854295797118,1597.1861333958982
OFC,1996-10,7.345263516503996,7.314633308472609,7.376102747923351,1549.1226642897464,1502.1208802529227,1597.3523366048862
OFC,1996-11,7.345316958152982,7.31476040209057,7.3761742208923735,1549.2050288968626,1502.3118022279896,1597.466508238192
OFC,1996-12,7.345357233609914,7.314811238583333,7.37625425139484,1549.267022513486,1502.388176438802,1597.5943593905442
OFC,1997-01,7.34538477910542,7.314864239504651,7.376194104763946,1549.309321640684,1502.4678065736982,1597.4982724107397
OFC,1997-02,7.345400030870123,7.314862499705866,7.376018288612274,1549.3326033007077,1502.465193019492,1597.217432353626
OFC,1997-03,7.345403425134652,7.314861368240059,7.376141208282364,1549.3375449329012,1502.4634939233786,1597.4137738110464
OFC,1997-04,7.345395398129632,7.314868253652721,7.376259994342453,1549.3248242953916,1502.473837568433,1597.603534451754
OFC,1997-05,7.34537638608569,7.314934783522674,7.376362285989664,1549.29511937258,1502.5738007476455,1597.7669641378152
OFC,1997-06,7.345346825233451,7.314853138344897,7.376393887780857,1549.2491082884264,1502.4511275381933,1597.817457479824
OFC,1997-07,7.345307151803542,7.314861646173391,7.37627067095722,1549.187469225545,1502.4639102356352,1597.6205914913053
OFC,1997-08,7.345257802026589,7.31487023874024,7.376194759050738,1549.1108803501086,1502.4768201520462,1597.499317590063
OFC,1997-09,7.34519921213322,7.314777858866129,7.376178763236832,1549.0200197425636,1502.3380279028486,1597.4737646104506
OFC,1997-10,7.3451318183540595,7.3146837632828845,7.37618718018291,1548.9155653341577,1502.1966711756236,1597.4872104180158
OFC,1997-11,7.345056056919734,7.314432856671093,7.376098697242422,1548.7981948492752,1501.8198074134425,1597.3458665392548
OFC,1997-12,7.344972364060869,7.314347091276115,7.3759677083262964,1548.6685857535795,1501.6910087359556,1597.1366457966237
OFC,1998-01,7.344881176008093,7.314278410808383,7.375717855499736,1548.5274152079592,1501.5878755058739,1596.7376461645067
OFC,1998-02,7.344782928992031,7.314084464819873,7.375355429251884,1548.3753600282655,1501.2966770974294,1596.1590514223067
OFC,1998-03,7.34467805924331,7.313753950988098,7.375040178353641,1548.213096650844,1500.8005594104027,1595.6559400412523
OFC,1998-04,7.344567002992554,7.313551060464093,7.375129563215627,1548.0413011038443,1500.496093197379,1595.7985740267652
OFC,1998-05,7.344450196470392,7.313290336233873,7.375098116973714,1547.8606489843057,1500.1049274462925,1595.7483951583893
OFC,1998-06,7.344328075907449,7.313140015792425,7.374709286075009,1547.6718154410048,1499.879448352362,1595.1280520106056
OFC,1998-07,7.344201077534352,7.3128756014186695,7.374674216559996,1547.4754751630626,1499.4829106546865,1595.0721074931214
OFC,1998-08,7.344069637581726,7.312601288969988,7.374678069302133,1547.2723023742894,1499.071640223907,1595.078243401286
OFC,1998-09,7.343934192280198,7.3124830415901885,7.374663886884479,1547.0629708332726,1498.894389955158,1595.055621298578
OFC,1998-10,7.343795177860394,7.312313736451515,7.374688949558248,1546.8481538391873,1498.640640722748,1595.0955981960947
OFC,1998-11,7.343653030552941,7.312072577611828,7.374571013329333,1546.6285242433205,1498.2792736373547,1594.9074897558287
OFC,1998-12,7.343508186588466,7.31193559759582,7.374410926659783,1546.4047544663015,1498.074054221696,1594.652187096159
OFC,1999-01,7.343361017475454,7.311673759513478,7.37424092574257,1546.177416716459,1497.6818531018384,1594.3811174912285
OFC,1999-02,7.343211635833838,7.311527085011829,7.374070625883588,1545.9466838347766,1497.4621964954858,1594.1096178136893
OFC,1999-03,7.343060089561411,7.311423325693004,7.374059758171721,1545.7126291199152,1497.3068286098744,1594.0922933964928
OFC,1999-04,7.342906426555962,7.311280285168133,7.373994485874488,1545.4753261733267,1497.0926688235281,1593.9882472971472
OFC,1999-05,7.342750694715286,7.311056519984182,7.373910329962785,1545.2348488800035,1496.7577090384377,1593.8541111021564
OFC,1999-06,7.342592941937173,7.310811920554114,7.373815675381003,1544.9912713896367,1496.3916475604276,1593.7032551806235
OFC,1999-07,7.342433216119418,7.310581909410776,7.373774032555098,1544.744668098182,1496.047500072917,1593.6368866300545
OFC,1999-08,7.342271565159812,7.31044065989409,7.373574641233597,1544.495113629829,1495.8361996150031,1593.3191603671446
OFC,1999-09,7.3421080369561444,7.310264450818189,7.37343821498381,1544.2426828193838,1495.5726439387988,1593.10180403543
OFC,1999-10,7.341942679406211,7.310042564216701,7.373194403809473,1543.9874506950646,1495.240832403836,1592.7134355956196
OFC,1999-11,7.341775540407805,7.3098650658226285,7.3729514048530005,1543.7294924616945,1494.9754523853248,1592.3264546781159
OFC,1999-12,7.341606667858714,7.309703006423141,7.372649067587167,1543.4688834843184,1494.7331977082988,1591.8451080296356
OFC,2000-01,7.341436109656735,7.309397055492848,7.372339981618749,1543.2056992722262,1494.2759522015258,1591.3531671142525
OFC,2000-02,7.341263913699656,7.3090957562579995,7.372118445357551,1542.9400154633834,1493.8257956692921,1591.0006636552837
OFC,2000-03,7.3410901278852725,7.308822479226375,7.371829432503599,1542.6719078092794,1493.4176231809581,1590.540912794283
OFC,2000-04,7.340914800111376,7.308695743111855,7.371539759805424,1542.4014521601864,1493.2283654833577,1590.0802454289922
OFC,2000-05,7.340737978275756,7.308497574274111,7.371254346480448,1542.1287244508276,1492.9324834485678,1589.6264830789876
OFC,2000-06,7.340559710276209,7.30830179018215,7.37111395111809,1541.8538006864599,1492.6402194210023,1589.4033210499101
OFC,2000-07,7.340380044010524,7.308155143218322,7.371013288515754,1541.5767569293746,1492.4213446408721,1589.2433328349875
OFC,2000-08,7.340199027376493,7.30804276408535,7.370907078627157,1541.297669285799,1492.253637378436,1589.0745460338878
OFC,2000-09,7.340016708271911,7.307926854939712,7.370718394340637,1541.0166138932213,1492.080681882248,1588.7747402002406
OFC,2000-10,7.339833134594569,7.307805427249207,7.37038673065029,1540.7336669081262,1491.8995126552925,1588.2478911066482
OFC,2000-11,7.339648354242258,7.307687946150998,7.37020377180406,1540.4489044941379,1491.7242523999853,1587.9573330547094
OFC,2000-12,7.339462415112774,7.307562806891195,7.370168091606078,1540.1624028105812,1491.5375912486966,1587.900673469274
OFC,2001-01,7.3392753651039015,7.307431899186097,7.370006542415374,1539.874238001455,1491.3423506058396,1587.6441703794762
OFC,2001-02,7.3390872521134405,7.30717528917566,7.369793689074648,1539.5844861848134,1490.9597054079316,1587.3062706392639
OFC,2001-03,7.338898124039179,7.307075372959544,7.369587614062455,1539.293223442563,1490.810742006895,1586.9792001961973
OFC,2001-04,7.338708028778913,7.306981359321344,7.369382496430661,1539.0005258106744,1490.6705921747432,1586.6537161542778
OFC,2001-05,7.338517014230431,7.306835261134821,7.369092550891093,1538.7064692697954,1490.4528235400437,1586.1937399309215
OFC,2001-06,7.338325128291525,7.306716402927902,7.3688866608275765,1538.4111297362856,1490.2756815100336,1585.8671919634749
OFC,2001-07,7.33813241885999,7.3065702581844585,7.368591651849941,1538.1145830536598,1490.0579017035177,1585.3994157001066
OFC,2001-08,7.337938933833616,7.306433250908796,7.3683959685506055,1537.8169049844337,1489.8537685625222,1585.089209930806
OFC,2001-09,7.337744721110195,7.306246376929232,7.368204880706557,1537.5181712023905,1489.5753794006862,1584.7863475904521
OFC,2001-10,7.337549828587523,7.3060170748126625,7.367873326731773,1537.2184572852525,1489.2338542124778,1584.2609924903722
OFC,2001-11,7.337354304163389,7.305882249625727,7.367638941254617,1536.9178387077573,1489.033081813169,1583.8897084358691
OFC,2001-12,7.337158195735586,7.305634192755491,7.367537737332819,1536.616390835148,1488.6637623260046,1583.7294204769871
OFC,2002-01,7.336961551201905,7.305532685653364,7.367231979443671,1536.314188917075,1488.5126622362159,1583.2452578280622
OFC,2002-02,7.336764418460138,7.305361999425915,7.3670765641028355,1536.0113080818912,1488.2586153195714,1582.9992170615467
OFC,2002-03,7.336566845408079,7.305145684184838,7.366755008821112,1535.707823331367,1487.9367160332367,1582.4902848131583
OFC,2002-04,7.33636887994352,7.304828950001064,7.366706419104596,1535.4038095358117,1487.4655091219215,1582.4133891915149
OFC,2002-05,7.336170569964254,7.304674540015918,7.366608577127598,1535.0993414295858,1487.235848874068,1582.2585655770442
OFC,2002-06,7.335971963368069,7.304531444748311,7.366368236050956,1534.794493607037,1487.023046133873,1581.878331565783
OFC,2002-07,7.335773108052763,7.304389519431977,7.366274595729601,1534.4893405188295,1486.8120151122635,1581.7302090054873
OFC,2002-08,7.335574051916125,7.3040895611214145,7.366172174358684,1534.1839564686763,1486.3661023572538,1581.5682141524692
OFC,2002-09,7.335374842855946,7.303880350044489,7.3661070637562664,1533.8784156104791,1486.0551695689796,1581.4652406223672
OFC,2002-10,7.335175528770021,7.303598617648407,7.365948645672062,1533.572791945872,1485.6365575825287,1581.2147278025884
OFC,2002-11,7.334976157556141,7.303256652005277,7.3657637771954345,1533.267159322157,1485.1286077128013,1580.922438170608
OFC,2002-12,7.334776777112098,7.303080866954851,7.365547608484741,1532.9615914306505,1484.8675685562412,1580.580729032992
OFC,2003-01,7.334577435335684,7.302902637615026,7.365403290480077,1532.6561618054259,1484.602948708257,1580.3526394178732
OFC,2003-02,7.334378180124693,7.302722086737061,7.3652235280915885,1532.350943822455,1484.3349320903385,1580.0685769993574
OFC,2003-03,7.334179059376915,7.302544311710378,7.365020331195735,1532.046010699147,1484.0710805899532,1579.7475443633114
OFC,2003-04,7.333980120990143,7.302367012918018,7.364862903727684,1531.7414354942914,1483.8079779725254,1579.4988683265847
OFC,2003-05,7.3337814128621694,7.302156881341756,7.364732530710593,1531.4372911083901,1483.4962128252978,1579.2929576849515
OFC,2003-06,7.333582982890786,7.301948503189851,7.364510171944407,1531.1336502843915,1483.187113259691,1578.9418272211756
OFC,2003-07,7.333384878973786,7.301740576727149,7.364394077998103,1530.8305856088182,1482.8787487016373,1578.7585321172462
OFC,2003-08,7.333187149008962,7.301532469500834,7.36415112146905,1530.5281695132921,1482.5701815030636,1578.375009138514
OFC,2003-09,7.332989840894104,7.301318938243418,7.363979132451378,1530.2264742764476,1482.2536400612357,1578.1035692118687
OFC,2003-10,7.332793002527005,7.301165246676825,7.363858843494293,1529.92557202625,1482.0258475344294,1577.9137521878924
OFC,2003-11,7.33259668180546,7.301075086266916,7.363719559419079,1529.6255347426936,1481.8922336402454,1577.6939900770008
OFC,2003-12,7.332400926627256,7.3008526683876145,7.363567659059331,1529.3264342609018,1481.562670888594,1577.4543552184405
OFC,2004-01,7.3322057848901885,7.300639636365372,7.363386463959635,1529.0283422746152,1481.2470841813954,1577.1685540714698
OFC,2004-02,7.332011304492051,7.300403995371867,7.363240693184248,1528.7313303400704,1480.898082723377,1576.938665719643
OFC,2004-03,7.331817533330632,7.300278784993764,7.363146373151169,1528.4354698802695,1480.7126707323985,1576.7899359991618
OFC,2004-04,7.331624519303727,7.300130512270721,7.36306565798987,1528.140832189644,1480.4931377595365,1576.6626701159316
OFC,2004-05,7.331432310309126,7.299977896297529,7.362710963846803,1527.847488439097,1480.2672078990054,1576.10353624696
OFC,2004-06,7.331240954244622,7.29990677047082,7.3622928452403205,1527.555509681445,1480.1619274297134,1575.4446759238106
OFC,2004-07,7.3310504990080085,7.299839393535759,7.362201445061499,1527.264966857245,1480.062204375353,1575.30068668034
OFC,2004-08,7.330860992497076,7.299639032028189,7.362170890770861,1526.9759308010027,1479.765686547131,1575.2525550924659
OFC,2004-09,7.330672482609616,7.299376980638066,7.361937494402071,1526.6884722477762,1479.3779614006403,1574.8849407178218
OFC,2004-10,7.330485017243424,7.299118592809093,7.36171189504224,1526.4026618401622,1478.995756588126,1574.5296875830438
OFC,2004-11,7.330298644296288,7.298939764131065,7.361603609434323,1526.1185701356676,1478.7312924012326,1574.3591970306513
OFC,2004-12,7.330113411666004,7.298825071610309,7.361391924233039,1525.8362676144677,1478.5617042031495,1574.0259645725266
OFC,2005-01,7.329929367250363,7.298590075206958,7.36116625921648,1525.5558246875526,1478.214288573733,1573.6708050547961
OFC,2005-02,7.329746558947156,7.298358101934967,7.360942889679678,1525.2773117052504,1477.8714214941601,1573.3193394560528
OFC,2005-03,7.329565034654177,7.298127528307854,7.360789598200646,1525.0007989661449,1477.530701857414,1573.0781775799285
OFC,2005-04,7.329384842269215,7.297897599741284,7.3606396298404535,1524.7263567263697,1477.1910139426977,1572.8422788549906
OFC,2005-05,7.329206029690067,7.297734307889998,7.360407901854593,1524.45405520929,1476.949820368096,1572.4778491206566
OFC,2005-06,7.329028644814521,7.297534830567585,7.360172291312165,1524.1839646155654,1476.6552316983361,1572.1074016135824
OFC,2005-07,7.328852735540371,7.2973793686887465,7.360058378867686,1523.9161551336024,1476.425686321579,1571.9283283462582
OFC,2005-08,7.3286783497654095,7.29713835508529,7.359882039484727,1523.6506969503794,1476.0698904599365,1571.6511593733046
OFC,2005-09,7.328505535387428,7.2968491880042725,7.359585840361131,1523.3876602626651,1475.6431210457752,1571.1857073145256
OFC,2005-10,7.32833434030422,7.296581418535655,7.359405872407408,1523.127115288615,1475.2480417523561,1570.9029689927816
OFC,2005-11,7.3281648124135765,7.29642593227911,7.3592091899436465,1522.8691322797517,1475.0186788473382,1570.59403022113
OFC,2005-12,7.327996978843102,7.296245326182306,7.359082349034886,1522.6137501534529,1474.7523055689514,1570.3948272263133
OFC,2006-01,7.32783078363966,7.296077359001807,7.358936677641343,1522.3608824162145,1474.5046164806797,1570.1660831806448
OFC,2006-02,7.327666150079926,7.295921670581005,7.35880741194555,1522.1104113930362,1474.2750712662394,1569.963130052732
OFC,2006-03,7.327503001440573,7.295659016564336,7.358764368625749,1521.862219609891,1473.8878974708632,1569.8955553710366
OFC,2006-04,7.327341260998276,7.295445087985527,7.358707423469352,1521.6161897828893,1473.5726246344245,1569.806158010261
OFC,2006-05,7.3271808520297075,7.295258010695783,7.35864055584403,1521.3722048077605,1473.2969789501024,1569.701190888348
OFC,2006-06,7.327021697811546,7.295076838635668,7.358509754414336,1521.1301477496752,1473.0300826209689,1569.495885130283
OFC,2006-07,7.326863721620464,7.294897009453772,7.358317295034106,1520.8899018333882,1472.7652124197232,1569.1938509948377
OFC,2006-08,7.326706846733138,7.294720646425612,7.358221798182985,1520.6513504337063,1472.505493760357,1569.044004000452
OFC,2006-09,7.32655099642624,7.2946434255849315,7.35799204400339,1520.414377066284,1472.3917904415289,1568.6835515641026
OFC,2006-10,7.326396093976448,7.294568844136153,7.357754433330116,1520.1788653787467,1472.281982094364,1568.3108594586076
OFC,2006-11,7.326242062660434,7.294392338113275,7.357507881092119,1519.94469914213,1472.0221378766814,1567.9242363598566
OFC,2006-12,7.326088825754873,7.294164348606135,7.357322265304638,1519.711762242648,1471.6865699820898,1567.6332318986279
OFC,2007-01,7.325936306536443,7.294019177631566,7.357124521422209,1519.479938673788,1471.4729395771278,1567.3232726479744
OFC,2007-02,7.325784428281814,7.293896167549653,7.356907982188401,1519.2491125287168,1471.2919455498543,1566.9839224138816
OFC,2007-03,7.325633114267664,7.293722245657283,7.356729902296195,1519.0191679930174,1471.0360768529363,1566.7048989252557
OFC,2007-04,7.325482287770667,7.293672975684078,7.356549960182864,1518.7899893377453,1470.9636011282469,1566.4230081217468
OFC,2007-05,7.325331872067498,7.293568528195681,7.356410545076711,1518.5614609128015,1470.8099702901998,1566.2046403307397
OFC,2007-06,7.325181790434829,7.293427079438246,7.356265656738496,1518.3334671406305,1470.6019407453803,1565.9777331088446
OFC,2007-07,7.325031966149339,7.293243759932789,7.356288747551111,1518.1058925102375,1470.332375411412,1566.0138920734457
OFC,2007-08,7.3248823224877,7.293231885499906,7.35611521813486,1517.8786215715197,1470.3149161466242,1565.7421661934661
OFC,2007-09,7.3247327827265885,7.293257887901259,7.355919093778082,1517.6515389299257,1470.3531486964473,1565.4351161024706
OFC,2007-10,7.324583270142677,7.293285647199291,7.355686623035272,1517.4245292414264,1470.3939667057875,1565.071240533809
OFC,2007-11,7.324433708012642,7.2933165747318816,7.355501674393389,1517.1974772078079,1470.4394457391386,1564.7818095155499
OFC,2007-12,7.324284019613158,7.2931699724406105,7.355300285458708,1516.970267572279,1470.2238904126036,1564.4667127118187
OFC,2008-01,7.324134128220899,7.292995929049054,7.355086488359507,1516.742785115406,1469.9680283423224,1564.1322694591224
OFC,2008-02,7.323983957112539,7.292823951937077,7.354868535695891,1516.5149146513502,1469.7152481941112,1563.7913992399222
OFC,2008-03,7.323833429564757,7.292653930854759,7.354664467087869,1516.286541024436,1469.4653863735653,1563.4723109937843
OFC,2008-04,7.323682468854222,7.292531549742362,7.3545277860606255,1516.0575491060333,1469.2855626144526,1563.2586285788313
OFC,2008-05,7.3235309982576124,7.292442287770491,7.354394245471981,1515.8278237917502,1469.1544177021844,1563.0498840230675
OFC,2008-06,7.323378941051601,7.29228869256862,7.354254406957868,1515.597249998949,1468.9287801260632,1562.8313247300837
OFC,2008-07,7.323226220512866,7.292043753256238,7.354018502396032,1515.3657126645815,1468.5690251437602,1562.46268923835
OFC,2008-08,7.323072759918076,7.291809244239821,7.353950108498742,1515.1330967433303,1468.2246726732164,1562.3558299179642
OFC,2008-09,7.322918482543911,7.291795355931256,7.353796966525439,1514.899287206076,1468.204282521776,1562.1165861239738
OFC,2008-10,7.322763311667045,7.291610190920185,7.353656103479529,1514.6641690386784,1467.932447121015,1561.8965571416197
OFC,2008-11,7.322607170564151,7.291437373677263,7.353528264008498,1514.4276272410707,1467.678784643873,1561.6968977324343
OFC,2008-12,7.322449982511904,7.291226669614478,7.353344229261182,1514.1895468266698,1467.3695714413027,1561.4095180520276
OFC,2009-01,7.3222916707869805,7.291037176432924,7.353268638746053,1513.9498128221085,1467.0915411544634,1561.2914944131248
OFC,2009-02,7.3221321586660535,7.290840721356526,7.353159514700476,1513.7083102672734,1466.8033518757616,1561.121129270806
OFC,2009-03,7.321971369425797,7.290730100860202,7.353018035865638,1513.4649242156652,1466.6411024329025,1560.900279672463
OFC,2009-04,7.321809226342889,7.290658327592729,7.352873696314804,1513.2195397350745,1466.5358412100536,1560.674996861954
OFC,2009-05,7.321645652694002,7.290524028882712,7.35272546443652,1512.9720419085654,1466.338899912067,1560.4436712310933
OFC,2009-06,7.32148057175581,7.290522216432115,7.352569523856493,1512.722315835781,1466.3362432518545,1560.2003541763788
OFC,2009-07,7.321313906804989,7.290446391115847,7.352529570918782,1512.4702466345632,1466.2250618798373,1560.138020631734
OFC,2009-08,7.321145581118214,7.290244816129279,7.35245231599687,1512.2157194428794,1465.9295364783252,1560.017496911617
OFC,2009-09,7.320975517972158,7.290066382285563,7.352155937940476,1511.9586194210726,1465.6679884021166,1559.5552140648772
OFC,2009-10,7.320803640643499,7.289862601623003,7.351947577107191,1511.6988317544217,1465.3693440569482,1559.2303002044207
OFC,2009-11,7.320629872408908,7.2896621758224915,7.351896257385399,1511.4362416560116,1465.0756756500712,1559.1502772376643
OFC,2009-12,7.320454136545062,7.289462705289648,7.351605919072223,1511.1707343699218,1464.78346546984,1558.6976656678416
OFC,2010-01,7.320276356328637,7.2892690033544305,7.351423227052069,1510.9021951747286,1464.4997614465428,1558.4129269023142
OFC,2010-02,7.320096455036303,7.289162393438851,7.351262151373696,1510.630509387314,1464.3436398155106,1558.1619238639282
OFC,2010-03,7.319914355944738,7.289033662857272,7.351056419729822,1510.3555623669922,1464.1551466861044,1557.841393403914
OFC,2010-04,7.319729982330617,7.288734330759027,7.350874665912436,1510.077239519949,1463.7169428650964,1557.5582764111257
OFC,2010-05,7.319543257470614,7.2885812038006454,7.350678566569907,1509.7954263039865,1463.49282562598,1557.2528693368545
OFC,2010-06,7.319354104641405,7.288347979195028,7.350484240788109,1509.5100082335841,1463.151542727898,1556.9502845653851
OFC,2010-07,7.319162447119661,7.288151536847607,7.350212471641441,1509.2208708852738,1462.8641460237181,1556.527210696594
OFC,2010-08,7.318968208182063,7.287987162565074,7.34983002945192,1508.9278999033145,1462.6237085477676,1555.9320431640817
OFC,2010-09,7.318771311105279,7.28779595116978,7.349602427360753,1508.6309810056853,1462.3440650077116,1555.5779499156865
OFC,2010-10,7.318571679165988,7.287618716498309,7.349280908239835,1508.32999999039,1462.0849103066614,1555.077883716339
OFC,2010-11,7.318369235640864,7.287382372202968,7.349147700561226,1508.0248427420584,1461.7393958764783,1554.870747615689
OFC,2010-12,7.318163903806581,7.287086892999804,7.349136382224874,1507.7153952388676,1461.307545538642,1554.8531490206283
OFC,2011-01,7.3179556069398135,7.2868561790398125,7.348933523040905,1507.4015435597678,1460.9704405087587,1554.537764807883
OFC,2011-02,7.317744268317236,7.286711393475164,7.348731383663919,1507.0831738920094,1460.758930364139,1554.22356384253
OFC,2011-03,7.3175298112155245,7.286283673663664,7.348482376200812,1506.76017253898,1460.134266646408,1553.8365982484438
OFC,2011-04,7.3173121589113554,7.2858977120306205,7.348177084495445,1506.4324259283521,1459.5708193357111,1553.3622972315595
OFC,2011-05,7.3170912346814,7.285542220711309,7.347818575116,1506.0998206205238,1459.0520466914436,1552.8055026096324
OFC,2011-06,7.316866961802333,7.285228446783748,7.347486080143775,1505.7622433173697,1458.594306076869,1552.2892885682863
OFC,2011-07,7.316639263550831,7.284967413756533,7.347309010872645,1505.4195808712982,1458.213615006864,1552.0144495027214
OFC,2011-08,7.31640806320357,7.284712337283686,7.34712493959431,1505.0717202946007,1457.8417058563964,1551.7287944025677
OFC,2011-09,7.316173284037221,7.284447501213278,7.3467669885435845,1504.718548769108,1457.4556679580103,1551.1734512675773
OFC,2011-10,7.315934849328462,7.284180214213994,7.346493663183149,1504.359953656149,1457.0661610491538,1550.7495340110365
OFC,2011-11,7.315692682353966,7.283951157406798,7.3462502039519695,1503.9958225067967,1456.732448345283,1550.3720354261795
OFC,2011-12,7.315446706390407,7.283760711956004,7.345968041382345,1503.6260430724226,1456.4550469859214,1549.93464020036
OFC,2012-01,7.315196844714462,7.283570686581999,7.345654605589029,1503.250503315546,1456.1783100531459,1549.4489116326833
OFC,2012-02,7.314943020602804,7.28331734371728,7.345373029237794,1502.8690914209678,1455.8094440877437,1549.0126850409533
OFC,2012-03,7.314685157332109,7.283024666187781,7.34511320551875,1502.4816958072101,1455.3834235454076,1548.61026699991
OFC,2012-04,7.314423178179052,7.282811733740919,7.344939706330599,1502.088205138243,1455.0735582255304,1548.3416073425287
OFC,2012-05,7.314157006420305,7.282598543387791,7.34466464316062,1501.6885083354982,1454.7633837364895,1547.9157763213616
OFC,2012-06,7.313886565332545,7.2823229561477785,7.344381654908493,1501.2824945901766,1454.3625246073123,1547.4778014077442
OFC,2012-07,7.313611778192447,7.282037531727278,7.344083657812816,1500.8700533758447,1453.9474732138553,1547.0167283239862
OFC,2012-08,7.313332568276685,7.28177867619192,7.343901557030414,1500.4510744613074,1453.5711596223737,1546.735037158534
OFC,2012-09,7.313048858861934,7.281512048829721,7.343764130241441,1500.0254479237747,1453.1836495144873,1546.522485035071
OFC,2012-10,7.312760573224868,7.281233362594119,7.343625270729611,1499.5930641623088,1452.7787236808563,1546.3077489391503
OFC,2012-11,7.31246766296033,7.280954974131355,7.343327321461854,1499.1538565383717,1452.3743431416017,1545.8470965515605
OFC,2012-12,7.312170192935829,7.280664537507011,7.3429839594856805,1498.7079291557689,1451.952581628991,1545.3164022822602
OFC,2013-01,7.311868256337041,7.280366695304067,7.342561944577884,1498.2554287799303,1451.5201931868592,1544.6643935174277
OFC,2013-02,7.311561946349645,7.280090939175469,7.342276472580886,1497.7965021673765,1451.1199827812688,1544.223498131711
OFC,2013-03,7.311251356159317,7.279803824022483,7.3419038415995335,1497.3312960495432,1450.7034041748873,1543.6481797331135
OFC,2013-04,7.310936578951734,7.2795379137167,7.3415990210875215,1496.8599571170807,1450.3176988623911,1543.1777157163385
OFC,2013-05,7.3106177079125745,7.279274595075227,7.341281326982793,1496.3826320045964,1449.9358542364992,1542.6875355560865
OFC,2013-06,7.310294836227513,7.279015452445632,7.3409782116922,1495.8994672758836,1449.560163470227,1542.2199936718187
OFC,2013-07,7.309968057082227,7.278740284716354,7.340483461067953,1495.410609409607,1449.1613441604243,1541.4571691134306
OFC,2013-08,7.309637463662393,7.278291213997289,7.340262506031474,1494.916204785448,1448.5107143032708,1541.1166133976435
OFC,2013-09,7.309303149153691,7.277789594792161,7.33987541059007,1494.4163996707234,1447.7842960761714,1540.5201704303224
OFC,2013-10,7.308965206741794,7.277322726656922,7.339579770911681,1493.9113402074727,1447.1085291086013,1540.0647977919136
OFC,2013-11,7.308623729612382,7.276962213189283,7.339315537853615,1493.4011723999945,1446.5869210283633,1539.6579153772716
OFC,2013-12,7.308278810951131,7.276694519072477,7.339025958843695,1492.8860421028612,1446.199730645847,1539.2121273266007
OFC,2014-01,7.3079305439437166,7.27623675640702,7.338678226849571,1492.3660950094002,1445.537865297655,1538.6769870494009
OFC,2014-02,7.307579021775816,7.2759838198667435,7.338354130901212,1491.8414766406238,1445.1722822294964,1538.1783889235755
OFC,2014-03,7.307224337633109,7.275612425010001,7.338020137246865,1491.3123323346342,1444.6356526345116,1537.6647328545325
OFC,2014-04,7.306866584701269,7.2750804084163105,7.337687621195935,1490.7788072364947,1443.867286626601,1537.153519626456
OFC,2014-05,7.306505856165976,7.274751737698432,7.337367849426865,1490.2410462885464,1443.3928080664828,1536.66205991567
OFC,2014-06,7.306142245212904,7.274373681865898,7.33700358290622,1489.699194221202,1442.847228033155,1536.1024073298163
OFC,2014-07,7.305775845027731,7.274119448138147,7.336640267535182,1489.153395544198,1442.4804555330222,1535.5444192139275
OFC,2014-08,7.305406748796136,7.273869465990281,7.336272328338229,1488.6037945382943,1442.1199064940593,1534.9795360138633
OFC,2014-09,7.305035049703792,7.273479487128197,7.335867033878983,1488.0505352474443,1441.5576183466903,1534.35754341618
OFC,2014-10,7.304660840936381,7.273105486732997,7.335489778065625,1487.4937614714245,1441.0185769228633,1533.7788073273746
OFC,2014-11,7.304284215679576,7.27282463205206,7.335097978008791,1486.933616758907,1440.6139238342666,1533.1779903112722
OFC,2014-12,7.303905267119054,7.2725435108335414,7.334683683934712,1486.3702444009984,1440.209006570761,1532.5429353650675
OFC,2015-01,7.303524088440494,7.272187826113512,7.334321422629616,1485.8037874252377,1439.6968350825784,1531.9878548599308
OFC,2015-02,7.303140772829574,7.271757175903059,7.33395307728087,1485.234388590029,1439.076948562691,1531.4236581718717
OFC,2015-03,7.302755413471966,7.271349290260741,7.333632306180011,1484.662190379543,1438.4900848657398,1530.932500498441
OFC,2015-04,7.302368103553351,7.271025339917287,7.3333518940745135,1484.0873349990675,1438.02416187495,1530.5032686761328
OFC,2015-05,7.301978936259405,7.270474732607029,7.332983667773956,1483.5099643707945,1437.2325924253623,1529.9398008683074
OFC,2015-06,7.301588004775805,7.270211164247802,7.332612785522701,1482.9302201300684,1436.853835643808,1529.3724785692948
OFC,2015-07,7.301195402288228,7.269946723081307,7.332235831040043,1482.3482436220831,1436.4739278087939,1528.7960833946318
OFC,2015-08,7.3008012219823515,7.269427400731521,7.331898910216937,1481.7641758990067,1435.728124837357,1528.2810869227571
OFC,2015-09,7.300405557043851,7.268871364641155,7.331567004040914,1481.1781577175664,1434.9300260642465,1527.773925334551
OFC,2015-10,7.300008500658404,7.268419800033752,7.331234167243407,1480.5903295370779,1434.2822092015165,1527.2655105734561
OFC,2015-11,7.2996101460116884,7.267752793147696,7.330838874563016,1480.000831517898,1433.3258515671737,1526.6619129709065
OFC,2015-12,7.2992105862893775,7.267171131014333,7.330481707779295,1479.4098035203317,1432.4923826034335,1526.1167372615873
OFC,2016-01,7.298809914677156,7.266697794704086,7.330036941237922,1478.81738510398,1431.814492876199,1525.438122564331
OFC,2016-02,7.298408224360693,7.2662315642875885,7.329609497496491,1478.2237155275084,1431.1470926565646,1524.7862233398016
OFC,2016-03,7.298005608525668,7.265789700588982,7.329291536602942,1477.6289337488636,1430.5148602751517,1524.3014777885369
OFC,2016-04,7.29760216035776,7.265269333420301,7.329016510175774,1477.0331784259265,1429.7706612582524,1523.8823120133966
OFC,2016-05,7.2971979730426435,7.264818536560067,7.328680126029858,1476.436587917581,1429.1262705198237,1523.3697883801715
OFC,2016-06,7.296793139765997,7.264342956539039,7.328142493423319,1475.8393002852285,1428.446769245452,1522.5509968035094
OFC,2016-07,7.296387753713496,7.263867355576013,7.32774694028749,1475.2414532947325,1427.7675617008517,1521.9488672052373
OFC,2016-08,7.29598190807082,7.263391887354158,7.3274274136706605,1474.6431844187748,1427.0888670479155,1521.4626415078815
OFC,2016-09,7.295575696023642,7.262924270580426,7.327101752824121,1474.0446308396536,1426.4216907875636,1520.9672413742298
OFC,2016-10,7.295169210757642,7.2622539761778055,7.32675954541184,1473.4459294525063,1425.4658851309741,1520.4468418244405
OFC,2016-11,7.294762545458496,7.261831788232564,7.326424894410109,1472.8472168689395,1424.8641976631116,1519.938108673324
OFC,2016-12,7.2943557933118806,7.2614508522725165,7.326089283621405,1472.2486294211005,1424.3215189597934,1519.4280858283557
OFC,2017-01,7.2939490475034745,7.2610320280636635,7.325851132392454,1471.6503031661598,1423.7251038263014,1519.0662752860758
OFC,2017-02,7.293542401218952,7.260591833069067,7.325633320957899,1471.0523738912098,1423.0985248287625,1518.7354412518082
OFC,2017-03,7.293135947643992,7.260202986657165,7.325279732597977,1470.4549771185848,1422.5452656327468,1518.1985295757868
OFC,2017-04,7.292729779964272,7.259788861129374,7.324823576832891,1469.8582481116077,1421.9562758742736,1517.5061555058498
OFC,2017-05,7.292323991365467,7.259279938765626,7.324592389609281,1469.2623218807264,1421.2327942872225,1517.1553663660695
OFC,2017-06,7.291918675033254,7.258731331373963,7.324356327902599,1468.6673331900884,1420.4533091043895,1516.7972646499732
OFC,2017-07,7.291513924153312,7.2582699328985445,7.324042385583309,1468.0734165645229,1419.7980652862504,1516.3211524362328
OFC,2017-08,7.291109831911316,7.2578454986993535,7.323625108862226,1467.4807062969185,1419.1955822829912,1515.6885588076884
OFC,2017-09,7.290706491492943,7.257458937246717,7.323200521898274,1466.8893364560295,1418.6470823652535,1515.0451536645394
OFC,2017-10,7.290303996083871,7.257058998710869,7.322882165995479,1466.2994408946897,1418.0798243200375,1514.562906863867
OFC,2017-11,7.289902438869778,7.256690597687612,7.322441089009097,1465.7111532584177,1417.5574998780494,1513.895015495611
OFC,2017-12,7.289501913036338,7.2563084411229015,7.32200392297689,1465.1246069944464,1417.0158757018132,1513.2333389709747
OFC,2018-01,7.289102511769231,7.255938676295677,7.321562792896185,1464.5399353611567,1416.4920075664568,1512.5659574313297
OFC,2018-02,7.288704328254131,7.255567017151684,7.321115119125675,1463.957271437904,1415.9656525409293,1511.8889754133143
OFC,2018-03,7.288307455676716,7.255187895657655,7.320665473763271,1463.3767481352597,1415.4289320962664,1511.2093175295163
OFC,2018-04,7.287911987222665,7.254813925882028,7.320340668694355,1462.798498205659,1414.8997038057391,1510.7185469067304
OFC,2018-05,7.287518016077652,7.254448644127851,7.32001632639089,1462.2226542544347,1414.3829600651918,1510.2286347957847
OFC,2018-06,7.287125635427356,7.254088800798702,7.319795420937877,1461.6493487512716,1413.8740950462195,1509.8950494260105
OFC,2018-07,7.286734938457453,7.253707011696489,7.319586620727654,1461.078714042055,1413.3343979185538,1509.5798124733544
OFC,2018-08,7.28634601835362,7.253332785571822,7.319370208153825,1460.510882361112,1412.8055941248724,1509.2531550579668
OFC,2018-09,7.285958968301534,7.252767922776484,7.318976969277181,1459.9459858438634,1412.0077745778772,1508.659774719637
OFC,2018-10,7.285573881486872,7.252145999102405,7.318456562605251,1459.384156539878,1411.129884658049,1507.8748630454566
OFC,2018-11,7.285190851095312,7.251697870777058,7.318164285433182,1458.825526426309,1410.4976602349645,1507.4342094212245
OFC,2018-12,7.284809970312528,7.251268194063091,7.317706692663578,1458.2702274217465,1409.8917326326477,1506.7445767094866
OFC,2019-01,7.2844313323242,7.250834423036729,7.317415412937704,1457.7183914004681,1409.2802944123405,1506.3057559292477
OFC,2019-02,7.284055030316004,7.2505452685968335,7.317057220928515,1457.1701502070728,1408.8728536864128,1505.7663058825678
OFC,2019-03,7.283681157473618,7.250410937404858,7.316715815950644,1456.625635671529,1408.6836126734647,1505.2523174943071
OFC,2019-04,7.283309806982717,7.250288695642154,7.31636184974896,1456.0849796246205,1408.5114263212242,1504.7196037081026
OFC,2019-05,7.282941072028978,7.250147231341684,7.315986295669686,1455.5483139137796,1408.3121896216453,1504.154605862063
OFC,2019-06,7.28257504579808,7.249690249786448,7.315656649446927,1455.0157704193296,1407.668757670525,1503.6588486901176
OFC,2019-07,7.2822118214756975,7.249188963384851,7.315316372335011,1454.4874810711308,1406.9632868662172,1503.1472750927092
OFC,2019-08,7.281851492247509,7.248953927496188,7.314981888547931,1453.9635778656086,1406.6326441396536,1502.644580842422
OFC,2019-09,7.28149415129919,7.248627905548665,7.3146533690509905,1453.4441928831998,1406.174122602688,1502.15101393391
OFC,2019-10,7.281139860946305,7.24826327330935,7.314327257207662,1452.9294136511348,1405.6614776838808,1501.6612243865918
OFC,2019-11,7.2807885600239475,7.247982001407731,7.313929026558976,1452.4191492123477,1405.2661598025168,1501.0633359205376
OFC,2019-12,7.280440156497104,7.247790769910076,7.313482058555198,1451.913264111787,1404.9974579043924,1500.392558557862
OFC,2020-01,7.280094558330753,7.247471085580454,7.313010287312233,1451.4116230223292,1404.5483793403926,1499.6848838680817
OFC,2020-02,7.27975167348988,7.247003233287038,7.31258297468907,1450.9140907113429,1403.8914129346394,1499.0441863112662
OFC,2020-03,7.279411409939463,7.246552762710426,7.312322007659215,1450.4205320098301,1403.2591350242665,1498.6530360173756
OFC,2020-04,7.279073675644488,7.246255648264854,7.311922880303746,1449.930811784128,1402.8422670923549,1498.0550021061158
OFC,2020-05,7.278738378569938,7.246164878192707,7.311482601522391,1449.4447949101452,1402.714936871384,1497.3955853123402
OFC,2020-06,7.2784054266807905,7.2459149508556875,7.310977117035948,1448.9623462501581,1402.364404300193,1496.6388670914278
OFC,2020-07,7.278074727942031,7.245291085200628,7.31072699553714,1448.4833306321414,1401.489790075909,1496.2645719706777
OFC,2020-08,7.277746190318643,7.244932212316192,7.310431527411562,1448.0076128316223,1400.9869269690573,1495.8225383667886
OFC,2020-09,7.277419721775605,7.244471339132192,7.310036481376046,1447.5350575560703,1400.3414034719628,1495.231736752487
OFC,2020-10,7.277095230277901,7.243934351103161,7.309622692433682,1447.0655294318103,1399.589631146619,1494.61315393911
OFC,2020-11,7.2767726237905155,7.243583193240029,7.309376682904445,1446.5988929934379,1399.0982393831068,1494.245510188322
OFC,2020-12,7.276451810278425,7.243465423876088,7.308957611949827,1446.1350126757588,1398.9334790713463,1493.6194486371278
OFC,2021-01,7.2761326977066165,7.24334915806675,7.3085291981759495,1445.6737528082344,1398.7708420429635,1492.979698459598
OFC,2021-02,7.275815194040072,7.243012837435149,7.308223001649303,1445.2149776119156,1398.3004829835058,1492.5226215435528
OFC,2021-03,7.275499207243772,7.24287791129028,7.307788268551087,1444.7585511988866,1398.1118302421773,1491.8739136148192
OFC,2021-04,7.2751846452827,7.242524979745359,7.307483448391012,1444.3043375742016,1397.6184778822687,1491.4192291879813
OFC,2021-05,7.274871416121836,7.242340495899765,7.307045954882989,1443.852200640295,1397.3606636689476,1490.7668856478797
OFC,2021-06,7.274559427726165,7.242227667047345,7.306639619375124,1443.402004203891,1397.2030110201508,1490.1612572043857
OFC,2021-07,7.274248588060667,7.241839217015589,7.306205348941341,1442.9536119853894,1396.6603716429468,1489.5142647040818
OFC,2021-08,7.273938805090327,7.241573925381543,7.305810728106604,1442.5068876307175,1396.2898986071477,1488.9265873649465
OFC,2021-09,7.273629986780122,7.241204909873683,7.305462429541483,1442.0616947256628,1395.7747408447563,1488.408088535726
OFC,2021-10,7.27332204109504,7.240833957964941,7.305155513524429,1441.6178968126735,1395.2570717758483,1487.9513410421653
OFC,2021-11,7.273014876000061,7.24056157986615,7.304849105257053,1441.1753574101087,1394.87708611263,1487.4954897089776
OFC,2021-12,7.272708399460166,7.240377130107406,7.304609388656033,1440.7339400339624,1394.6198249393096,1487.1389552077069
OFC,2022-01,7.272402519440338,7.240019337378697,7.304340610967748,1440.2935082220336,1394.1209304287336,1486.739299077474
OFC,2022-02,7.272097143905562,7.239421110318827,7.303944441755345,1439.8539255605422,1393.2871777971277,1486.1504153692163
OFC,2022-03,7.271792180820814,7.2390985221688755,7.30360089385919,1439.415055713195,1392.8377923620221,1485.6399391987138
OFC,2022-04,7.2714875381510815,7.23883236557201,7.303179923498203,1438.9767624526937,1392.4671289824341,1485.01466132637
OFC,2022-05,7.271183123861347,7.238565677449506,7.302877892091437,1438.5389096946667,1392.0958243849789,1484.5662072909415
OFC,2022-06,7.270878845916587,7.2381753332616485,7.302586131177916,1438.1013615340419,1391.5525335402222,1484.1331319408187
OFC,2022-07,7.270574612281791,7.237776782837814,7.302250686329083,1437.6639822838379,1390.998040137565,1483.6353706027746
OFC,2022-08,7.270270330921936,7.237463197699309,7.3020286108171355,1437.2266365163744,1390.5619128551086,1483.3059280537184
OFC,2022-09,7.269965909802005,7.237155751340578,7.301762505851732,1436.7891891068919,1390.1344547249757,1482.9112654741598
OFC,2022-10,7.269661256886982,7.236859788133262,7.301476634829069,1436.35150527959,1389.7230877606237,1482.4874046994457
OFC,2022-11,7.2693562801418485,7.236448238310922,7.301230720286677,1435.9134506560479,1389.1512641902452,1482.1228843059566
OFC,2022-12,7.269050887531587,7.2360894568196485,7.300861597358706,1435.4748913060507,1388.6529518186808,1481.5758997376488
OFC,2023-01,7.26874498702118,7.235888641823982,7.300424588291213,1435.0356938008033,1388.374118668349,1480.9285793263402
OFC,2023-02,7.268438486575607,7.235714965223105,7.300188291858184,1434.5957252685114,1388.133012235003,1480.5786834030687
OFC,2023-03,7.268131294159852,7.235338377416868,7.299854418407085,1434.1548534523429,1387.6103557702975,1480.0844399083771
OFC,2023-04,7.267823317738898,7.235188718122371,7.299504241028952,1433.7129467707546,1387.4027032974036,1479.5662374978656
OFC,2023-05,7.267514465277727,7.234964986579308,7.299137827813384,1433.2698743801611,1387.092335681998,1479.0242042142818
OFC,2023-06,7.267204644741321,7.234646200504032,7.298688172454313,1432.825506239962,1386.6502222512202,1478.3593025252337
OFC,2023-07,7.266893764094662,7.234341243550023,7.298372673888045,1432.3797131798992,1386.2274206975198,1477.8929559055603
OFC,2023-08,7.266581731302731,7.234059432325951,7.298107744355987,1431.9323669697403,1385.8368185187005,1477.5014702292306
OFC,2023-09,7.266268454330512,7.233781053456563,7.297814442888603,1431.4833403912737,1385.4510799709392,1477.068180421454
OFC,2023-10,7.265953841142988,7.233448852840194,7.297556574517307,1431.032507312625,1384.9909064436263,1476.6873407553096
OFC,2023-11,7.265637799705139,7.233222711083452,7.297393135210969,1430.5797427648438,1384.6777375584747,1476.4460113514642
OFC,2023-12,7.265320237981947,7.232947965487464,7.296831444234701,1430.1249230207895,1384.297355724313,1475.6169378779682
OFC,2024-01,7.265001063938396,7.23267221587087,7.296476124113132,1429.6679256762864,1383.9156892001197,1475.0927166478943
OFC,2024-02,7.2646801855394685,7.232408583336611,7.296111682226276,1429.2086297335213,1383.55089175183,1474.5552270432734
OFC,2024-03,7.264357510750144,7.232274377734877,7.2956628025417025,1428.7469156867,1383.3652240014012,1473.8934776190983
OFC,2024-04,7.264032947535408,7.232034755309727,7.295227016833527,1428.2826656099319,1383.0337786529983,1473.2513158252611
OFC,2024-05,7.2637064038602395,7.231640790088916,7.294665768200776,1427.8157632473165,1382.489018446491,1472.4246891715616
OFC,2024-06,7.263377787689623,7.231083335595165,7.294442648684482,1427.3460941052458,1381.7185584745253,1472.0961981169567
OFC,2024-07,7.263047006988541,7.230715134520465,7.293984221828249,1426.8735455468852,1381.2099048774785,1471.4215039124895
OFC,2024-08,7.2627139697219745,7.230177955281323,7.293662583279885,1426.3980068888213,1380.4681438269195,1470.948314792267
OFC,2024-09,7.262378583854904,7.229796573626145,7.293604875151731,1425.9193694998598,1379.941759131409,1470.8634307166549
OFC,2024-10,7.262040757352315,7.229512040614189,7.293141117440004,1425.437526901971,1379.5491758559301,1470.1814645703737
OFC,2024-11,7.261700398179189,7.229342372780141,7.2926653978436375,1424.9523748733325,1379.3151308030897,1469.4822368018024
OFC,2024-12,7.261357414300506,7.229037461997697,7.292495903529215,1424.4638115534844,1378.8946283108744,1469.2331890396674
OFC,2025-01,7.261011713681252,7.228535366775667,7.2920855677511005,1423.9717375505656,1378.2024647888786,1468.6304338178622
OFC,2025-02,7.260663204286406,7.227867016260644,7.291854317415099,1423.4760560505954,1377.2816494455512,1468.2908519477303
OFC,2025-03,7.260311794080951,7.227475767698471,7.29128178824689,1422.9766729288096,1376.7428953836313,1467.4504535168578
OFC,2025-04,7.259957391029871,7.227263815962025,7.290756579043325,1422.4734968630157,1376.4511232919067,1466.6799374041757
OFC,2025-05,7.259599903098144,7.226743700720137,7.290211474338073,1421.966439448934,1375.7353964497518,1465.8806622816628
OFC,2025-06,7.259239238250754,7.226233865115387,7.289908487492256,1421.4554153175266,1375.0341763724691,1465.4365854284504
OFC,2025-07,7.258875304452688,7.225988268331985,7.289942340520498,1420.9403422542846,1374.6965139899883,1465.4861959878676
OFC,2025-08,7.258508009668922,7.225529392338582,7.289441444643521,1420.421141320433,1374.0658431584745,1464.7523236418822
OFC,2025-09,7.258137261864441,7.225075731462985,7.289787131195334,1419.897736976057,1373.4426256127097,1465.2587561781934
OFC,2025-10,7.257762969004226,7.224247530398504,7.289762012896616,1419.370057205116,1372.3056091805327,1465.221951991433
OFC,2025-11,7.25738503905326,7.223629324228685,7.289176438788517,1418.838033642307,1371.4575034919433,1464.3642077566087
OFC,2025-12,7.257003379976527,7.2231327119416635,7.288898362557337,1418.3016017017767,1370.7765914080046,1463.9570587208211
OFC,2026-01,7.256617899739005,7.22243448888102,7.288924660293229,1417.7607007076494,1369.8198186912464,1463.9955582523673
OFC,2026-02,7.256228506305681,7.221593793887447,7.2887382593124865,1417.2152740263305,1368.6687018208215,1463.722693636425
OFC,2026-03,7.2558351076415315,7.2207724260428945,7.28855275505272,1416.6652692005853,1367.5449820233496,1463.4511939719305
OFC,2026-04,7.255437611711545,7.220019090964733,7.288861489724892,1416.1106380853569,1366.5151489560624,1463.9030794066427
OFC,2026-05,7.255035926480699,7.218917073221833,7.289415446361045,1415.5513369852843,1365.010054135448,1464.714243222505
OFC,2026-06,7.254629959913977,7.217828626427953,7.289897640956894,1414.9873267939192,1363.5251222345346,1465.4206906372794
OFC,2026-07,7.2542196199763636,7.217077941417297,7.290259326665165,1414.4185731346056,1362.5019277752247,1465.950809039374
OFC,2026-08,7.253804814632838,7.216222712763666,7.291049014673943,1413.8450465029825,1361.3371752559653,1467.1089090418625
AFC,1992-01,7.3169189601200655,7.284768358405698,7.3467130612945555,1505.81380773646,1457.9233781037678,1551.0898031313263
AFC,1992-02,7.317602039734266,7.285447417140825,7.347254661680919,1506.838931777508,1458.9137299159686,1551.9301011403609
AFC,1992-03,7.318274421123533,7.286189359772685,7.34778240149862,1507.8490320193873,1459.9965619570148,1552.7493324306092
AFC,1992-04,7.31893618030031,7.287054123925398,7.348286319934499,1508.8441605330008,1461.2596607231778,1553.5319886173222
AFC,1992-05,7.319587393277043,7.287894713601059,7.348818595757919,1509.824371709777,1462.4884970129756,1554.3591163451886
AFC,1992-06,7.320228136066178,7.288829129166791,7.349249643249224,1510.7897222062834,1463.8557079112938,1555.0292632844114
AFC,1992-07,7.320858484680159,7.289496272284583,7.349628586225337,1511.7402708892268,1464.8326386175386,1555.6186423346044
AFC,1992-08,7.321478515131431,7.290107070816042,7.3498357416354025,1512.6760787808726,1465.7276255220613,1555.9409353263252
AFC,1992-09,7.322088303432444,7.290928029842834,7.350360988833572,1513.597209004861,1466.9314258474135,1556.7584021077741
AFC,1992-10,7.322687925595639,7.291686456547537,7.351067193361789,1514.5037267324556,1468.0444068310649,1557.8581769710722
AFC,1992-11,7.3232774576334645,7.292140482711574,7.351411171136709,1515.3956991292666,1468.7110857207679,1558.3941387225016
AFC,1992-12,7.323856975558365,7.29304141872058,7.352029748427793,1516.2731953024208,1470.0348972809752,1559.3584232206047
AFC,1993-01,7.324426555382783,7.293821407654896,7.3525089612253485,1517.136286248209,1471.181955732068,1560.1058668843764
AFC,1993-02,7.324986273119168,7.294523196151124,7.352938019135078,1517.9850448002614,1472.214775938994,1560.7753862977663
AFC,1993-03,7.325536204779968,7.295091620948214,7.353448654134382,1518.8195455782122,1473.0518582226991,1561.5725780925618
AFC,1993-04,7.326076426377622,7.295652884395474,7.3542078431787585,1519.6398649368962,1473.8788597790729,1562.7585551639181
AFC,1993-05,7.326607013924579,7.296339109966763,7.354662798389149,1520.446080916112,1474.8906198990928,1563.469702808895
AFC,1993-06,7.327128043433285,7.296815280137399,7.355147353832122,1521.238273190921,1475.593085967079,1564.2274737212786
AFC,1993-07,7.327639590916183,7.29740008217246,7.355598195883189,1522.0165230225289,1476.4562690702128,1564.9328523860759
AFC,1993-08,7.3281417323857205,7.297880393392297,7.355978344499823,1522.780913209765,1477.1655986997162,1565.5278733614537
AFC,1993-09,7.328634543854345,7.298283861117154,7.356546371922264,1523.5315280411553,1477.761707442395,1566.417387531714
AFC,1993-10,7.3291181013344975,7.298697052771855,7.357188012733284,1524.2684532476042,1478.372430884787,1567.422787384666
AFC,1993-11,7.329592480838628,7.299031585103879,7.357678753789803,1524.991775955729,1478.867077052275,1568.1921753539227
AFC,1993-12,7.33005775837918,7.299431175035387,7.358123915885447,1525.7015846418146,1479.4581354750412,1568.8904317135127
AFC,1994-01,7.330514009968598,7.299872312582336,7.3587325244466255,1526.3979690864287,1480.1109241015522,1569.845561237421
AFC,1994-02,7.33096131161933,7.300304542012507,7.359187913554542,1527.0810203297158,1480.7508099350805,1570.5606143501193
AFC,1994-03,7.331399739343819,7.300808311709803,7.359490081367325,1527.7508306273583,1481.4969554507416,1571.0352589663773
AFC,1994-04,7.331829369154512,7.301351657629656,7.359846854045843,1528.407493407228,1482.3021413973086,1571.5958610948103
AFC,1994-05,7.332250277063855,7.30171231215456,7.360204780942254,1529.051103226755,1482.8368361102732,1572.158478090113
AFC,1994-06,7.3326625390842946,7.302014962420735,7.360572855290843,1529.6817557309955,1483.2856835364455,1572.7372558252412
AFC,1994-07,7.3330662312282735,7.302419702216642,7.361036200563033,1530.299547611426,1483.8861496455868,1573.4661450579051
AFC,1994-08,7.333461429508237,7.302870635338608,7.3614218360318,1530.9045765654864,1484.5554340744575,1574.0730465557258
AFC,1994-09,7.333848209936634,7.303237159710799,7.361736509903537,1531.4969412568514,1485.0996597017838,1574.5684440932775
AFC,1994-10,7.334226648525908,7.303586365245763,7.362047748848871,1532.0767412764637,1485.6183551089373,1575.0585873764992
AFC,1994-11,7.334596821288503,7.303879440423078,7.362355553054272,1532.644077104339,1486.0538166805159,1575.5434716867549
AFC,1994-12,7.33495880423687,7.304261997479013,7.362704715144626,1533.1990500721386,1486.6224262445292,1576.0936877032589
AFC,1995-01,7.3353126733834495,7.304642302978774,7.3630785037173085,1533.7417623265187,1487.1879059086887,1576.6829236023223
AFC,1995-02,7.335658504740689,7.3050218497676225,7.36344244691188,1534.2723167932907,1487.752472154106,1577.256851066572
AFC,1995-03,7.335996374321033,7.305254254414169,7.363794976952759,1534.7908171423646,1488.0982710408575,1577.8129795502696
AFC,1995-04,7.336326358136926,7.305478205593295,7.364086807111941,1535.2973677535053,1488.431568009807,1578.2735001924118
AFC,1995-05,7.336648532200815,7.30585381113028,7.364437694236812,1535.7920736829133,1488.9907366767302,1578.8273931496215
AFC,1995-06,7.336962972525149,7.306248164862413,7.364780358040494,1536.2750406306213,1489.5780419487576,1579.368492834285
AFC,1995-07,7.33726975512237,7.306634977492197,7.365088935219687,1536.74637490872,1490.1543414941325,1579.8559251943273
AFC,1995-08,7.337568956004922,7.307016607637915,7.365386759819682,1537.2061834104356,1490.7231376690222,1580.3265154038277
AFC,1995-09,7.337860651185253,7.307293889268124,7.365677459612386,1537.6545735800369,1491.1365439693577,1580.7859838381485
AFC,1995-10,7.338144916675811,7.307548754732812,7.366034849089636,1538.0916533835998,1491.5166315139586,1581.3510400446032
AFC,1995-11,7.338421828489033,7.307797813704985,7.366377989860139,1538.5175312806375,1491.8881533560464,1581.8937589522864
AFC,1995-12,7.338691462637375,7.308037858179366,7.366634983848825,1538.9323161965815,1492.2463161351304,1582.3003495208177
AFC,1996-01,7.338953895133277,7.308281186495718,7.366881378811728,1539.3361174961371,1492.609465798353,1582.6902690564093
AFC,1996-02,7.339209201989185,7.308640016003045,7.3671135482993,1539.7290449575178,1493.145154836005,1583.057762619512
AFC,1996-03,7.339457459217544,7.3089937927521085,7.367321876839842,1540.1112087475556,1493.6734901279326,1583.387592703286
AFC,1996-04,7.339698742830802,7.309342980613069,7.367503212833528,1540.482719397691,1494.1951563665637,1583.67474405629
AFC,1996-05,7.339933128841401,7.309679546404786,7.367789152183478,1540.843687780867,1494.6981393121769,1584.127643580883
AFC,1996-06,7.34016069326179,7.309978274874865,7.3680082573084436,1541.1942250893017,1495.1447157193156,1584.474772465148
AFC,1996-07,7.340381512104414,7.310273534295562,7.36827824287611,1541.5344428131639,1495.586236162218,1584.9026151495937
AFC,1996-08,7.340595661381717,7.310486630874308,7.3685802138860925,1541.864452720157,1495.9049714797861,1585.3812820843295
AFC,1996-09,7.340803217106145,7.310568563664461,7.3688698758680635,1542.1843668360025,1496.02753545893,1585.840573393292
AFC,1996-10,7.3410042552901436,7.310690702593888,7.369093114978424,1542.4942974258283,1496.2102688064056,1586.1946345520344
AFC,1996-11,7.34119885194616,7.310861172987086,7.369263958346146,1542.7943569764843,1496.4653501078126,1586.465649527569
AFC,1996-12,7.341387083086638,7.311108203952314,7.369544011000348,1543.0846581797575,1496.8350710063216,1586.9100055706747
AFC,1997-01,7.341569024724023,7.311305538507123,7.36977344632341,1543.3653139165137,1497.1304804803754,1587.2741395702042
AFC,1997-02,7.341744752870762,7.311368125538879,7.369857677116648,1543.6364372417625,1497.2241810214375,1587.407844529501
AFC,1997-03,7.341914343539298,7.3114792980261445,7.370124439211612,1543.898141370641,1497.3906387161087,1587.8313597643871
AFC,1997-04,7.34207787274208,7.311794749389895,7.370299255787182,1544.1505396653229,1497.8630686557806,1588.1089630512884
AFC,1997-05,7.342235416491552,7.312047984414018,7.3705101245725935,1544.393745622863,1498.242427449049,1588.443880659354
AFC,1997-06,7.342387050800159,7.312181595784282,7.370720979891251,1544.6278728639636,1498.4426220774114,1588.7788479010235
AFC,1997-07,7.342532851680346,7.3124570061502325,7.370926137878043,1544.853035122675,1498.8553666131293,1589.1048323146408
AFC,1997-08,7.3426728951445615,7.312557031855586,7.371156349081691,1545.069346237034,1499.0052980319244,1589.4707043436895
AFC,1997-09,7.342807257205248,7.312638800577208,7.371387798637929,1545.2769201406318,1499.1278745054285,1589.8386291755091
AFC,1997-10,7.342936013874853,7.312716880403687,7.371612995303753,1545.475870855117,1499.2449304890613,1590.196695561704
AFC,1997-11,7.34305924116582,7.312719873335925,7.37176164208361,1545.666312483642,1499.249417223785,1590.4330906970918
AFC,1997-12,7.343177015090597,7.312899148397462,7.3718464394641545,1545.8483592052437,1499.5182193930918,1590.5679622666696
AFC,1998-01,7.343289411661629,7.312954874876977,7.372005535321728,1546.0221252701606,1499.6017845498272,1590.821034178564
AFC,1998-02,7.3433965068913585,7.313167671144596,7.372090891069226,1546.1877249960942,1499.9209284447518,1590.9568253707364
AFC,1998-03,7.343498376792236,7.313162094653218,7.372066332709529,1546.3452727654098,1499.9125640168138,1590.9177560229211
AFC,1998-04,7.343595097376704,7.31315799215982,7.372036279618698,1546.4948830232725,1499.906410567622,1590.8699446968174
AFC,1998-05,7.343686744657207,7.313288122621922,7.372198773825783,1546.6366702767327,1500.1016068334538,1591.1284713559376
AFC,1998-06,7.3437733946461945,7.3133145214532655,7.372159556124233,1546.770749094746,1500.14120820496,1591.0660720805809
AFC,1998-07,7.343855123356109,7.313502564141276,7.372163553875258,1546.8972341091344,1500.4233258079257,1591.072432855122
AFC,1998-08,7.343932006799397,7.313699047360105,7.372295226179439,1547.0162400164945,1500.718164523884,1591.2819468865957
AFC,1998-09,7.3440041209885045,7.313737209434566,7.372427972122178,1547.1278815810392,1500.7754356005837,1591.4931971893327
AFC,1998-10,7.344071541935875,7.313766445288711,7.372527688688641,1547.232273638384,1500.8193121413728,1591.651903139149
AFC,1998-11,7.3441343456539565,7.313791654193604,7.372483259885007,1547.329531100274,1500.8571461653585,1591.58118968004
AFC,1998-12,7.344192608155194,7.313812983699417,7.372433964670773,1547.4197689602483,1500.8891586879006,1591.5027348113244
AFC,1999-01,7.344246406519294,7.313806601097402,7.372419207661159,1547.5031040207903,1500.8795788260325,1591.4792495563672
AFC,1999-02,7.344295822095007,7.313833764575123,7.372501777554477,1547.5796600992007,1500.9203485699393,1591.6106625550808
AFC,1999-03,7.344340937298345,7.313836667116631,7.372552791586586,1547.6495629302322,1500.924705241317,1591.6918587465934
AFC,1999-04,7.344381834545318,7.313779504191842,7.37260830851851,1547.7129384459251,1500.8389101681737,1591.7802270196848
AFC,1999-05,7.344418596251942,7.313823562714355,7.37265399032048,1547.7699127660849,1500.9050363719102,1591.8529441182907
AFC,1999-06,7.344451304834224,7.313855800612446,7.372674691857835,1547.820612188928,1500.953423160174,1591.8858984934388
AFC,1999-07,7.344480042708181,7.313896758591948,7.372695225742672,1547.8651631819077,1501.0149005246064,1591.9185867996123
AFC,1999-08,7.344504892289819,7.313926159778621,7.3727155786987915,1547.9036923727174,1501.0590329922782,1591.950987838813
AFC,1999-09,7.344525935995153,7.313955168398526,7.372735643909443,1547.936326540471,1501.1025770655135,1591.9829314733788
AFC,1999-10,7.344543256240195,7.31399601931342,7.372752067327394,1547.9631926070613,1501.1638996652218,1592.0090769380215
AFC,1999-11,7.3445569354409574,7.3140168683872515,7.372785236636953,1547.9844176287017,1501.1951978712978,1592.0618830586766
AFC,1999-12,7.344567056013451,7.314032224361922,7.372823413344951,1548.0001287876441,1501.2182503645354,1592.1226635320509
AFC,2000-01,7.344573700373686,7.314042215285481,7.372844651737438,1548.0104533840804,1501.2332489948806,1592.156477952327
AFC,2000-02,7.344576950937678,7.314065506419859,7.37282465280036,1548.0155188282222,1501.2682148277188,1592.1246370711158
AFC,2000-03,7.344576890121434,7.314132381820452,7.372854439685586,1548.01545263257,1501.36861637234,1592.1720622772227
AFC,2000-04,7.34457360034097,7.314191116212203,7.372940052496403,1548.0103824043558,1501.4568012402613,1592.3083781427918
AFC,2000-05,7.344567164012297,7.314241108596672,7.372911917479543,1548.0004358381761,1501.5318647625882,1592.2635794528658
AFC,2000-06,7.3445576635514245,7.314282238009026,7.37289192905104,1547.9857407088043,1501.5936233330376,1592.2317527185407
AFC,2000-07,7.344545181374367,7.314309945652616,7.372889406174573,1547.966424864189,1501.63522955701,1592.2277356141703
AFC,2000-08,7.344529799897135,7.31423742802181,7.372835004394305,1547.94261621864,1501.5263376046528,1592.1411182685092
AFC,2000-09,7.34451160153574,7.314195003904752,7.3727790994025115,1547.9144427461915,1501.4626379078034,1592.0521128932357
AFC,2000-10,7.344490668706194,7.314212974113792,7.372721766278447,1547.8820324741578,1501.489620415601,1591.9608394350207
AFC,2000-11,7.344467083824511,7.314226796377297,7.372663080101369,1547.845513476872,1501.510375969431,1591.8674178212336
AFC,2000-12,7.3444409293067,7.314172952268043,7.372603115950529,1547.8050138696108,1501.429531120557,1591.771967958187
AFC,2001-01,7.344412287568773,7.314121219828473,7.372555024112517,1547.7606618027057,1501.351860065496,1591.695420836821
AFC,2001-02,7.344381241026744,7.314069033780684,7.372528043424372,1547.7125854558396,1501.2735121190283,1591.6524780948723
AFC,2001-03,7.344347872096622,7.313993018940458,7.372497221839741,1547.6609130325332,1501.1593967518804,1591.6034207330265
AFC,2001-04,7.3443122631944195,7.313884747712324,7.372464730629777,1547.6057727548148,1500.9968724169078,1591.5517067607036
AFC,2001-05,7.344274496736151,7.313772572594197,7.3724316876308595,1547.5472928580793,1500.8285070033735,1591.4991163922002
AFC,2001-06,7.344234655137826,7.313704270372287,7.372398107195727,1547.4856015861349,1500.7260006583551,1591.4456725850598
AFC,2001-07,7.344192820815456,7.313656879782679,7.372364003677124,1547.4208271864343,1500.654882584564,1591.391398294423
AFC,2001-08,7.3441490761850545,7.31361537522443,7.372329391427786,1547.3530979054974,1500.5925993231506,1591.3363164726998
AFC,2001-09,7.344103503662632,7.313629809866021,7.3722942848004545,1547.2825419845205,1500.6142600409817,1591.2804500692848
AFC,2001-10,7.344056185664199,7.313640648475281,7.37225869814787,1547.2092876551696,1500.6305251301599,1591.2238220302631
AFC,2001-11,7.34400720460577,7.313586417318317,7.37222264582277,1547.1334631355667,1500.5491463829144,1591.1664552981433
AFC,2001-12,7.343956642903356,7.313532185300867,7.372186142177897,1547.0551966264618,1500.4677707750868,1591.1083728115966
AFC,2002-01,7.343904582972969,7.313477997697702,7.372115176962085,1546.9746163075913,1500.3864662355843,1590.9954635247743
AFC,2002-02,7.343851107230619,7.3134246071700195,7.372089139773461,1546.8918503342265,1500.3063618544843,1590.9540389928013
AFC,2002-03,7.34379629809232,7.313375433317258,7.372062238514312,1546.8070268339081,1500.2325873877937,1590.9112408856743
AFC,2002-04,7.3437402379740835,7.313322486322011,7.372034491162753,1546.7202739033708,1500.1531566708343,1590.867097914111
AFC,2002-05,7.34368300929192,7.31326647208883,7.372005915696903,1546.6317196056534,1500.069129260437,1590.821638789204
AFC,2002-06,7.343624694461841,7.313172265333606,7.371935460480602,1546.5414919673972,1499.9278193928794,1590.7095611227803
AFC,2002-07,7.343565375899861,7.31299587906571,7.371835182215973,1546.4497189763342,1499.6632757725374,1590.5500559347931
AFC,2002-08,7.34350513602199,7.312927305611583,7.371794742900363,1546.356528578959,1499.560442457071,1590.4857362795801
AFC,2002-09,7.343444057244239,7.312861115871915,7.371762797089961,1546.2620486783908,1499.4611902270879,1590.4349274567876
AFC,2002-10,7.3433822219826235,7.312837127622163,7.371709962747549,1546.1664071324249,1499.4252210093134,1590.3509003454224
AFC,2002-11,7.343319712653149,7.312729143254855,7.371671326806369,1546.0697317517656,1499.2633152225405,1590.289456575788
AFC,2002-12,7.343256611671834,7.312657241164729,7.371614103508739,1545.9721502984519,1499.1555191530279,1590.1984575811157
AFC,2003-01,7.343193001454686,7.312558974158605,7.3715064722030545,1545.8737904844666,1499.0082090989645,1590.0273117532984
AFC,2003-02,7.343128964417718,7.312438486976597,7.371480885858042,1545.7747799705362,1498.8276084286558,1589.9866291869932
AFC,2003-03,7.343064582976942,7.312347827035785,7.3714649922523146,1545.6752463651123,1498.6917308053169,1589.9613589939393
AFC,2003-04,7.3429999395483705,7.312230988281212,7.3714155296882815,1545.5753172235459,1498.5166357752719,1589.8827182355358
AFC,2003-05,7.342935116548015,7.312115284855968,7.371361756065697,1545.4751200474432,1498.3432623214057,1589.7972272868897
AFC,2003-06,7.342870196391885,7.311979435580592,7.371301977083422,1545.3747822842092,1498.1397272643082,1589.7021929151229
AFC,2003-07,7.342805261495996,7.311836900033188,7.371239965346135,1545.2744313267808,1497.9262042844757,1589.603615147344
AFC,2003-08,7.342740394276358,7.31174563516346,7.371176747129192,1545.174194513541,1497.7895025486146,1589.503126197835
AFC,2003-09,7.34267567714898,7.31163548895156,7.371051998502448,1545.0741991284222,1497.6245357936327,1589.304850402674
AFC,2003-10,7.342611192529879,7.311557507704245,7.370923821107709,1544.9745724011943,1497.5077540256755,1589.1011510283502
AFC,2003-11,7.342547022835064,7.311468053046138,7.370842976420276,1544.8754415079406,1497.373800600132,1588.9726854935236
AFC,2003-12,7.342483250480548,7.3115326872790565,7.370816583102322,1544.7769335717146,1497.4705866059633,1588.930747431906
AFC,2004-01,7.342419957882341,7.311600269748651,7.370756746152039,1544.6791756633875,1497.571794684977,1588.8356735855727
AFC,2004-02,7.342357227456457,7.3116166293774505,7.370716691069233,1544.5822948026776,1497.5962946548261,1588.7720340183168
AFC,2004-03,7.342295141618905,7.311580920587496,7.370675302663662,1544.4864179593656,1497.5428165164972,1588.706278583525
AFC,2004-04,7.342233782785699,7.311517276169653,7.370633569151892,1544.3916720546968,1497.4475080479735,1588.6399775851055
AFC,2004-05,7.342173233372851,7.311493622398955,7.37059771575309,1544.2981839629629,1497.4120880317957,1588.5830204559472
AFC,2004-06,7.342113575796372,7.311539948913744,7.370555990022808,1544.2060805132764,1497.481460417521,1588.516737213905
AFC,2004-07,7.342054892472273,7.311556256789643,7.370518787330186,1544.115488491524,1497.5058826703805,1588.4576414788005
AFC,2004-08,7.341997265816568,7.311545053564747,7.370480732517038,1544.0265346425044,1497.4891070411156,1588.3971942854992
AFC,2004-09,7.3419407782452675,7.311500616463173,7.3704384722709975,1543.9393456722546,1497.4225649564962,1588.3300691460647
AFC,2004-10,7.341885512174383,7.311385689935618,7.370365770652045,1543.8540482505568,1497.2504801112054,1588.214599149419
AFC,2004-11,7.3418315500199265,7.311274243033547,7.370287321523409,1543.770769013631,1497.0836245623223,1588.0900099436412
AFC,2004-12,7.34177897419791,7.311167141515008,7.370161265279803,1543.6896345670136,1496.9232923447478,1587.8898346652225
AFC,2005-01,7.341727867124345,7.311064734130074,7.370142495539858,1543.6107714886164,1496.7700034899588,1587.8600307772222
AFC,2005-02,7.341678311215244,7.31096627817008,7.370160698455778,1543.5343063319724,1496.62264452872,1587.8889341878994
AFC,2005-03,7.341630388886619,7.31091511174462,7.37017856038547,1543.4603656296658,1496.5460696470323,1587.9172969149506
AFC,2005-04,7.341584182554482,7.310884815504586,7.370181771624,1543.3890758969462,1496.5007306091857,1587.9223960550378
AFC,2005-05,7.341539774634843,7.310866450670372,7.37014644518672,1543.3205636355242,1496.47324788011,1587.8663013955497
AFC,2005-06,7.341497247543714,7.310848933177472,7.370082791530292,1543.2549553375552,1496.4470336714298,1587.7652311523711
AFC,2005-07,7.34145668369711,7.310832211759893,7.370019666838201,1543.1923774898046,1496.4220112039416,1587.6650072330613
AFC,2005-08,7.341418165511039,7.310816327221619,7.36995876030031,1543.1329565779984,1496.3982414801671,1587.5683111674136
AFC,2005-09,7.341381775401513,7.31080132036663,7.3699001565962865,1543.0768190913573,1496.375785502077,1587.4752767256714
AFC,2005-10,7.341347595784547,7.310787231998909,7.369843940405795,1543.024091527317,1496.354704271638,1587.386037671397
AFC,2005-11,7.341315709076151,7.310774102922439,7.369790196408502,1542.974900396431,1496.3350587913671,1587.3007277647498
AFC,2005-12,7.34128617379125,7.310761960840629,7.369738985732784,1542.9293353905873,1496.3168904622316,1587.219443385152
AFC,2006-01,7.341258952840429,7.310750781054613,7.369702253043028,1542.8873388891109,1496.300162277854,1587.1611417081638
AFC,2006-02,7.341233985233179,7.310740525764949,7.369704824432082,1542.8488164906512,1496.2848176355235,1587.1652224616178
AFC,2006-03,7.3412112099790034,7.3107319563587305,7.369731491758107,1542.8136738496326,1496.271995516765,1587.2075478959937
AFC,2006-04,7.341190566087394,7.3107245511046735,7.369770384414883,1542.7818166726063,1496.2609153128597,1587.269279465232
AFC,2006-05,7.3411719925678485,7.310715021388044,7.369770689735124,1542.7531507146946,1496.246656426356,1587.2697640984509
AFC,2006-06,7.341155428429862,7.310681885668151,7.369741562642325,1542.7275817761388,1496.1970777067713,1587.2235321863684
AFC,2006-07,7.341140812682932,7.310652046533689,7.369713576982134,1542.7050156989362,1496.152432892567,1587.1791133050579
AFC,2006-08,7.341128084336556,7.310625406878283,7.369687976779935,1542.6853583635777,1496.1125762458119,1587.1384817814167
AFC,2006-09,7.341117182400229,7.310601869595556,7.369662843673665,1542.668515685881,1496.077362092867,1587.0985927040438
AFC,2006-10,7.3411080458834475,7.3105813375791335,7.369637540973248,1542.6543936139171,1496.046644819694,1587.0584354540294
AFC,2006-11,7.3411006137957076,7.310540218485554,7.3696107120260095,1542.6428981250374,1495.9851298298527,1587.0158567878075
AFC,2006-12,7.341094825146506,7.310493893737968,7.369594300934877,1542.6339352229907,1495.9158302339952,1586.9898122173026
AFC,2007-01,7.341090618945341,7.310487830206771,7.369599350967092,1542.6274109351402,1495.9067598387255,1586.997826526896
AFC,2007-02,7.341087934201705,7.31048542033293,7.369563680524173,1542.6232313097757,1495.9031548468936,1586.9412186065476
AFC,2007-03,7.341086709925098,7.3104845375294625,7.369520617665241,1542.621302413518,1495.9018341985643,1586.87288185618
AFC,2007-04,7.341086885125014,7.310512885764693,7.369486272151,1542.6215303288213,1495.9442410119177,1586.81838083525
AFC,2007-05,7.3410883988109505,7.310513603985165,7.369463279047808,1542.6238211515706,1495.9453154366597,1586.7818953742276
AFC,2007-06,7.341091189992403,7.310513618269662,7.369440902201743,1542.6280809887749,1495.9453368097513,1586.7463885997158
AFC,2007-07,7.341095197678871,7.3105157638630835,7.369443971613292,1542.6342159563524,1495.9485465135033,1586.7512590213098
AFC,2007-08,7.341100360879847,7.310519943659056,7.369431154491568,1542.6421321770156,1495.9547993029696,1586.7309215338573
AFC,2007-09,7.341106618604827,7.310526060551202,7.369417584958942,1542.6517357782466,1495.9639499506086,1586.7093904747417
AFC,2007-10,7.341113909863311,7.310534017433147,7.3693920064174385,1542.6629328903718,1495.9758532433218,1586.6688052844504
AFC,2007-11,7.341122173664794,7.310543717198515,7.369352666892192,1542.6756296447275,1495.990363979626,1586.6063878112043
AFC,2007-12,7.341131349018773,7.3105550627409315,7.369319213721591,1542.6897321719234,1496.0073369669763,1586.5533118575936
AFC,2008-01,7.341141374934741,7.310569677835469,7.369300966273701,1542.7051466002015,1496.02920130646,1586.524361715146
AFC,2008-02,7.341152190422198,7.31058680972009,7.369283282396735,1542.721779053886,1496.05483119899,1586.496306253775
AFC,2008-03,7.34116373449064,7.3106206884436755,7.369266155504914,1542.7395356519323,1496.1055164754896,1586.4691349875857
AFC,2008-04,7.34117594614956,7.310677989251265,7.3692487119381305,1542.7583225065691,1496.1912470973743,1586.4414616491797
AFC,2008-05,7.34118876440846,7.3107230079412995,7.369230779671972,1542.778045722036,1496.2586053234952,1586.4130132944565
AFC,2008-06,7.341202128276832,7.310726054450393,7.369213283992793,1542.7986113934148,1496.263163597306,1586.3852580505034
AFC,2008-07,7.341215976764172,7.310726428846046,7.369196220665387,1542.8199256055573,1496.2637237032638,1586.3581891624383
AFC,2008-08,7.34123024887998,7.3107138734449855,7.369214082413831,1542.8418944321072,1496.2449375586432,1586.386524171075
AFC,2008-09,7.34124488363375,7.310700683877355,7.36924844847223,1542.8644239346168,1496.2252028706614,1586.4410427193766
AFC,2008-10,7.3412598200349795,7.310699137554786,7.3692401819293645,1542.8874201617605,1496.2228892201895,1586.4279284652587
AFC,2008-11,7.341274997093163,7.310748536519551,7.369216495876444,1542.91078914864,1496.2968029097585,1586.3903530873529
AFC,2008-12,7.341290353817799,7.310797803944387,7.369192761566803,1542.9344369161886,1496.3705235544776,1586.3527023687686
AFC,2009-01,7.341305829218382,7.310793399345093,7.369168928811201,1542.9582694706642,1496.3639326356697,1586.314896701777
AFC,2009-02,7.341321362304411,7.310789246726489,7.369145743354118,1542.982192803247,1496.357718803553,1586.2781190382273
AFC,2009-03,7.341336892085381,7.310785578134009,7.369152647725265,1543.0061128897244,1496.352229275513,1586.2890721375747
AFC,2009-04,7.341352357570787,7.310782353902839,7.369214755032939,1543.029935690271,1496.3474046905742,1586.3875947170127
AFC,2009-05,7.341367697770127,7.310779534368156,7.3693060224470806,1543.0535671493321,1496.3431856896846,1586.5323838538238
AFC,2009-06,7.341382851692896,7.310777079865142,7.369359123525622,1543.0769131955906,1496.339512915469,1586.6166319330812
AFC,2009-07,7.341397758348592,7.310774950728977,7.369280975489445,1543.0998797420389,1496.3363270120042,1586.4926476513483
AFC,2009-08,7.34141235674671,7.310758263036916,7.36932516418963,1543.1223726861415,1496.3113567789676,1586.5627543768921
AFC,2009-09,7.34142658589675,7.310716263643871,7.369369363905011,1543.144297910093,1496.2485140036827,1586.6328807989778
AFC,2009-10,7.341440384808202,7.310711088653504,7.369414027159407,1543.165561281173,1496.2407709420083,1586.7037459925389
AFC,2009-11,7.341453692490568,7.310705550437287,7.369459066385936,1543.1860686521966,1496.2324844200023,1586.7752111059071
AFC,2009-12,7.341466447953342,7.310699267270731,7.3695043651788605,1543.2057258620553,1496.2230833361602,1586.8470914979116
AFC,2010-01,7.34147859020602,7.310736923976119,7.369515576705388,1543.2244387363626,1496.2794272695253,1586.8648825087273
AFC,2010-02,7.341490058258098,7.3107551868408605,7.369501436526819,1543.2421130881849,1496.3067539872225,1586.8424441141728
AFC,2010-03,7.341500791119074,7.31072794160932,7.36947207855913,1543.2586547188766,1496.265987168886,1586.7958583520046
AFC,2010-04,7.341510727798445,7.310703850429725,7.3694458130238685,1543.273969419005,1496.2299407454284,1586.7541812226793
AFC,2010-05,7.341519807305706,7.3107128227121985,7.369421553590086,1543.287962969371,1496.2433654729227,1586.715688276419
AFC,2010-06,7.341527968650353,7.3107242537212045,7.369396686107348,1543.3005411421304,1496.2604691732897,1586.6762314782131
AFC,2010-07,7.3415351508418825,7.310738784403828,7.369383539449556,1543.3116097020043,1496.2822109265117,1586.6553723498505
AFC,2010-08,7.341541292889792,7.310765973812228,7.369423396417175,1543.321074407589,1496.322894503569,1586.7186123959507
AFC,2010-09,7.341546333803579,7.310767410804722,7.369461166454642,1543.3288410127611,1496.325044703558,1586.7785433936676
AFC,2010-10,7.341550212592734,7.310781980673187,7.369497994055621,1543.3348152681758,1496.346846126329,1586.8369814734124
AFC,2010-11,7.341552868266761,7.310797243340462,7.36948796255278,1543.3389029228636,1496.3696845575596,1586.8210632824116
AFC,2010-12,7.34155423983515,7.310812169801664,7.369460021947885,1543.3410097259202,1496.392020312388,1586.7767272487265
AFC,2011-01,7.341554266307403,7.310829154787009,7.369427974227585,1543.3410414282957,1496.4174367372088,1586.725875351206
AFC,2011-02,7.3415528866930115,7.310848323921607,7.369394522167748,1543.3389037846746,1496.4461219545228,1586.672796941017
AFC,2011-03,7.341550040001476,7.310867948970354,7.369336227718558,1543.334502555452,1496.4754900417565,1586.5803054449823
AFC,2011-04,7.34154566524229,7.310883382451193,7.369274299026192,1543.3277435088112,1496.4985862397352,1586.4820537298458
AFC,2011-05,7.34153970142495,7.310898672740365,7.369212596486069,1543.3185324228866,1496.5214690011169,1586.3841669125702
AFC,2011-06,7.341532087558953,7.310917338203778,7.369193062889398,1543.3067750880334,1496.549402850317,1586.3531793218197
AFC,2011-07,7.341522762653798,7.31092970976198,7.369182263229857,1543.2923773091811,1496.5679174913835,1586.3360472340437
AFC,2011-08,7.3415116657189765,7.310881158307373,7.369170067320288,1543.275244908292,1496.4952578532207,1586.316700505006
AFC,2011-09,7.341498735763988,7.310843079868068,7.369128629224257,1543.2552837269102,1496.4382745068733,1586.2509679590733
AFC,2011-10,7.3414839117983295,7.310876446566915,7.369144488977179,1543.232399628805,1496.4882069170649,1586.2761256713256
AFC,2011-11,7.341467132831494,7.310908421762127,7.369110630416987,1543.2064985027112,1496.5360591284166,1586.2224175690417
AFC,2011-12,7.341448337872981,7.310888310824097,7.3690361242585025,1543.1774862651662,1496.5059627248957,1586.1042387144696
AFC,2012-01,7.341427465932286,7.310828384168421,7.368956921036527,1543.145268863436,1496.4162841741866,1585.9786191494295
AFC,2012-02,7.341404456018906,7.3107676562532165,7.368938441315962,1543.1097522785433,1496.3254122546937,1585.9493108570985
AFC,2012-03,7.341379247142336,7.310706116397722,7.368877586083614,1543.0708425283851,1496.2333312030337,1585.8528005818036
AFC,2012-04,7.341351778312072,7.310659733753683,7.368857033617812,1543.0284456709453,1496.1639335149007,1585.820207644404
AFC,2012-05,7.341321988537613,7.310648803302676,7.3688081451439045,1542.9824678076052,1496.1475798522486,1585.7426814002665
AFC,2012-06,7.341289816828453,7.310647847643371,7.368819875321251,1542.9328150865442,1496.146150053535,1585.7612825005688
AFC,2012-07,7.341255202194089,7.310645598034615,7.368826815586971,1542.8793937062376,1496.1427843344816,1585.7722881223976
AFC,2012-08,7.3412180836440175,7.310642008833748,7.3688288414138,1542.822109919046,1496.1374144197168,1585.7755006303742
AFC,2012-09,7.341178400187735,7.310637034398109,7.368825272766594,1542.760870034899,1496.1299720427135,1585.7698415477842
AFC,2012-10,7.3411360908347385,7.310630629085039,7.368815098144565,1542.6955804250763,1496.1203889467213,1585.753706933205
AFC,2012-11,7.341091119765138,7.310622761169401,7.368799549177125,1542.626186372515,1496.1086177078562,1585.7290502617336
AFC,2012-12,7.341043551841497,7.310613454596146,7.368764041690798,1542.5527885981294,1496.0946942008954,1585.6727460179945
AFC,2013-01,7.340993477096998,7.3105673246693605,7.3687376541669725,1542.4755266915965,1496.0256809114137,1585.63090459445
AFC,2013-02,7.340940985564819,7.310494531352582,7.368724840556433,1542.3945402558884,1495.9167840566506,1585.6105870613092
AFC,2013-03,7.340886167278138,7.3104560233658,7.368691339189859,1542.3099689021985,1495.859180478433,1585.5574679051074
AFC,2013-04,7.3408291122701375,7.310428228700371,7.368652220265798,1542.2219522450498,1495.817604440174,1585.4954438969658
AFC,2013-05,7.340769910573995,7.3103993773247895,7.368607063183601,1542.130629897575,1495.7744492188262,1585.4238491311228
AFC,2013-06,7.340708652222889,7.31036060192808,7.368557511622372,1542.0361414669878,1495.71645179348,1585.345290833821
AFC,2013-07,7.340645427250003,7.310281304376136,7.368503378764001,1541.9386265502276,1495.5978500509004,1585.2594738570685
AFC,2013-08,7.340580325688511,7.31019855015671,7.3684202372869585,1541.838224729788,1495.4740883495206,1585.1276784601093
AFC,2013-09,7.340513437571596,7.310112487334854,7.368311103988172,1541.735075569724,1495.345389378649,1584.9546978677854
AFC,2013-10,7.340444852932437,7.310023263975619,7.368251333838609,1541.6293186118462,1495.211975801854,1584.859967684059
AFC,2013-11,7.340374661804215,7.309931028144051,7.36818991745483,1541.5210933720862,1495.0740702497917,1584.7626342627864
AFC,2013-12,7.340302954220104,7.309835927905201,7.3681269209768585,1541.4105393370521,1494.931895313378,1584.6628028989217
AFC,2014-01,7.34022982021329,7.309738111324118,7.368046662772845,1541.2977959607579,1494.7856735372814,1584.5356257393282
AFC,2014-02,7.340155349816946,7.309637726465851,7.367893276912268,1541.1830026615394,1494.6356274137468,1584.2925994456955
AFC,2014-03,7.340079633064257,7.309537736164543,7.367762296287822,1541.0662988191468,1494.4861848747935,1584.0851021248661
AFC,2014-04,7.3400027599884,7.309435711340065,7.367713928373506,1540.9478237720207,1494.3337171026978,1584.008484611773
AFC,2014-05,7.339924820622556,7.309331636079698,7.367665361504285,1540.827716814747,1494.1782013441375,1583.9315557756208
AFC,2014-06,7.339845904999902,7.309226920809956,7.3676166519031625,1540.7061171956934,1494.0217456477567,1583.854404741945
AFC,2014-07,7.339766103153618,7.3091480335127255,7.3675642922375255,1540.583164114827,1493.903890846714,1583.7714767499037
AFC,2014-08,7.339685505116884,7.309050109808302,7.367468914516671,1540.4589967217116,1493.7576093798075,1583.6204275554883
AFC,2014-09,7.339604200922881,7.30898587368422,7.367371283016933,1540.3337541136832,1493.6616592594098,1583.46582420282
AFC,2014-10,7.339522280604785,7.308935096151646,7.367268347743488,1540.2075753342122,1493.585816728445,1583.3028380463975
AFC,2014-11,7.33943983419578,7.308882067432855,7.36717812377235,1540.0805993714382,1493.5066159508833,1583.1599922353319
AFC,2014-12,7.339356951729041,7.308827335199265,7.367076198865196,1539.952965156889,1493.4248757289438,1582.9986371394684
AFC,2015-01,7.339273723237749,7.3087729452857175,7.36701000437791,1539.8248115643792,1493.3436516840604,1582.8938547320306
AFC,2015-02,7.339190238755084,7.30871896233531,7.366958542509566,1539.6962774090885,1493.2630402788357,1582.8123981185474
AFC,2015-03,7.339106588314226,7.308665450991142,7.366850351568537,1539.567501446817,1493.1831379539137,1582.6411616557048
AFC,2015-04,7.339022861948353,7.308526475522324,7.366791381507019,1539.4386223734252,1492.975635895932,1582.5478359952222
AFC,2015-05,7.338939149690645,7.308361929449534,7.36673172593917,1539.3097788244468,1492.7299914075134,1582.4534309776006
AFC,2015-06,7.33885554157428,7.308197281930516,7.366710720909944,1539.181109374887,1492.484236178713,1582.4201916511415
AFC,2015-07,7.338772127632442,7.308032728821009,7.366647832489164,1539.052752539196,1492.2386625598024,1582.3206788408252
AFC,2015-08,7.338688997898305,7.30786846597675,7.366546608365179,1538.9248467714212,1491.993562707151,1582.1605179229305
AFC,2015-09,7.338606242405052,7.307704689253475,7.366446287461675,1538.7975304655392,1491.7492285837916,1582.0018021954081
AFC,2015-10,7.338523951185862,7.307702319068767,7.366346277663083,1538.6709419559716,1491.7456933332187,1581.8435946508966
AFC,2015-11,7.338442214273912,7.3077436732312915,7.366243479833488,1538.545219518265,1491.8073858597477,1581.6809927908778
AFC,2015-12,7.338361121702385,7.307773412245857,7.366139843512834,1538.4205013699655,1491.8517532911437,1581.5170815188735
AFC,2016-01,7.338280763504456,7.307635712327271,7.366096097717919,1538.2969256716615,1491.6463379240233,1581.4478982980759
AFC,2016-02,7.338201229713309,7.307499967559026,7.366046852087587,1538.1746305282081,1491.4438673123018,1581.3700208189161
AFC,2016-03,7.338122610362123,7.307366354450924,7.366018216371976,1538.053753990127,1491.2446034752875,1581.3247378533063
AFC,2016-04,7.338044995484072,7.307235049512769,7.3659810709862965,1537.9344340551877,1491.0488083084865,1581.2660000816902
AFC,2016-05,7.337968475112342,7.307174366905432,7.365942253921378,1537.8168086701626,1490.9583305270255,1581.2046210671656
AFC,2016-06,7.337893139280109,7.30706143921888,7.365877293533533,1537.7010157327604,1490.7899693581867,1581.1019087672507
AFC,2016-07,7.337819078020553,7.307023722112616,7.365801598487552,1537.5871930937421,1490.7337421962907,1580.9822318218594
AFC,2016-08,7.3377463813668555,7.30699063552313,7.3657414346857495,1537.4754785592054,1490.6844196596019,1580.8871167568038
AFC,2016-09,7.337675139352192,7.306957466357186,7.365693722986126,1537.3660098930513,1490.6349757246867,1580.8116916817505
AFC,2016-10,7.337605442009747,7.30692224351705,7.365665709392924,1537.2589248196311,1490.5824725499078,1580.7674080331049
AFC,2016-11,7.3375373793726935,7.306883054213779,7.365605788336838,1537.1543610265621,1490.5240594424192,1580.6726897723893
AFC,2016-12,7.337471041474218,7.30679560097489,7.365565582255221,1537.0524561677275,1490.3937141963738,1580.609138665404
AFC,2017-01,7.3374065183474935,7.306706729943389,7.365524509968483,1536.9533478664516,1490.2612674386876,1580.5442207100443
AFC,2017-02,7.3373439000257035,7.306620046986979,7.3654850222279675,1536.8571737188477,1490.1320929849044,1580.4818097571408
AFC,2017-03,7.337283276542025,7.306536372759484,7.365446437331678,1536.7640712973482,1490.0074125553995,1580.4208280578034
AFC,2017-04,7.337224737929642,7.30645888872805,7.365409726416442,1536.6741781544108,1489.89196434398,1580.3628103333087
AFC,2017-05,7.337168374221728,7.306384057783784,7.365374953144491,1536.5876318263975,1489.780477974463,1580.3078568547246
AFC,2017-06,7.337114275451466,7.306327956981214,7.365339012143205,1536.5045698376346,1489.6969023256952,1580.2510600179785
AFC,2017-07,7.337062531652034,7.306254687550549,7.365291279168067,1536.4251297046485,1489.5877570800587,1580.1756317520726
AFC,2017-08,7.337013232856614,7.306167884378542,7.365247421626884,1536.3494489405784,1489.45846173887,1580.1063306933318
AFC,2017-09,7.336966469098382,7.306099959124109,7.3652075807055795,1536.2776650597648,1489.3572933463972,1580.0433791080052
AFC,2017-10,7.336922330410519,7.306030970577347,7.365223382138995,1536.2099155825172,1489.2545483237175,1580.0683461509464
AFC,2017-11,7.336880906826204,7.30594436318612,7.365195359634293,1536.1463380400587,1489.1255734379386,1580.0240692973566
AFC,2017-12,7.336842288378616,7.305860515179647,7.365155843397697,1536.0870699796442,1489.000718436698,1579.9616339280265
AFC,2018-01,7.336806565100939,7.305833358923216,7.365105778509235,1536.0322489698638,1488.9602834205627,1579.8825353066213
AFC,2018-02,7.336773827026345,7.305812024491382,7.365069835534515,1535.9820126061165,1488.9285179227677,1579.825750657187
AFC,2018-03,7.336744164188018,7.305765688254845,7.365056380272535,1535.9364985162642,1488.8595282970298,1579.8044938168744
AFC,2018-04,7.336717666619138,7.3057234063690215,7.365044204799636,1535.8958443664656,1488.7965779671342,1579.785259065168
AFC,2018-05,7.336694424352882,7.305685309171353,7.365029107823533,1535.8601878671855,1488.7398602034043,1579.7614092669255
AFC,2018-06,7.3366745274224305,7.305651526999287,7.365015957001305,1535.8296667793861,1488.6895683233647,1579.740634239654
AFC,2018-07,7.336658065860963,7.30562219019027,7.364997409443645,1535.8044189208936,1488.6458956999743,1579.7113341919628
AFC,2018-08,7.33664512970166,7.3055974290817485,7.364979575683408,1535.7845821729443,1488.6090357701275,1579.6831622389896
AFC,2018-09,7.336635808977698,7.3055773740111665,7.364933390355467,1535.7702944869152,1488.579182043391,1579.6102057787346
AFC,2018-10,7.33663019372226,7.305563169242551,7.364884801427059,1535.7616938912251,1488.5580371221372,1579.533456222848
AFC,2018-11,7.336628373968524,7.30555530199274,7.364836719614169,1535.7589184984274,1488.5463258556042,1579.4575114863874
AFC,2018-12,7.336630439749666,7.305552318526509,7.364789183442868,1535.7621065124729,1488.541884515168,1579.3824323183703
AFC,2019-01,7.336636481098871,7.305554342431583,7.364766140309109,1535.7713962361602,1488.5448969762956,1579.3460390405176
AFC,2019-02,7.336646588049316,7.305561497295693,7.364774339727158,1535.7869260787647,1488.5555472275298,1579.3589886664254
AFC,2019-03,7.33666085063418,7.305573906706568,7.364785743520585,1535.8088345638535,1488.5740193801312,1579.376999310043
AFC,2019-04,7.336679358886642,7.305591855470265,7.364798496546953,1535.8372603372752,1488.6007376676598,1579.3971411573061
AFC,2019-05,7.336702202839885,7.3056305711311404,7.364812619596344,1535.872342175343,1488.6583709552494,1579.4194471230328
AFC,2019-06,7.336729472527085,7.305671177096694,7.364828133458842,1535.9142189931933,1488.718820614958,1579.4439501330087
AFC,2019-07,7.336761257981421,7.305735984400016,7.364845058924531,1535.9630298533314,1488.8153035772311,1579.47068312447
AFC,2019-08,7.3367976492360745,7.305841180008762,7.364863416783492,1536.0189139743643,1488.9719288876563,1579.4996790466075
AFC,2019-09,7.336838736324223,7.305955804893522,7.364883227825811,1536.0820107399165,1489.1426125212458,1579.5309708610796
AFC,2019-10,7.336884552382187,7.306079919006918,7.364904492934201,1536.1523723568814,1489.3274487232545,1579.5645600975217
AFC,2019-11,7.336934902958835,7.306193659961602,7.364927133361904,1536.2297017550693,1489.496857177649,1579.6003225133625
AFC,2019-12,7.336989536706174,7.306282960902145,7.364951050454795,1536.3136145340893,1489.6298775137377,1579.6381024181667
AFC,2020-01,7.337048202276213,7.306378870506147,7.36500584737434,1536.403726278079,1489.77275531944,1579.7246639104692
AFC,2020-02,7.337110648320961,7.3064818664900075,7.365103070919368,1536.4996525335423,1489.926204683706,1579.878257673425
AFC,2020-03,7.337176623492424,7.306590752972361,7.36520344134333,1536.6010087886077,1490.0884472978387,1580.0368388480358
AFC,2020-04,7.337245876442614,7.306705116225613,7.3653241913103225,1536.7074104537076,1490.258869476418,1580.2276399269215
AFC,2020-05,7.337318155823534,7.306824542522174,7.365449079741547,1536.8184728436825,1490.4368573935,1580.4250046213451
AFC,2020-06,7.337393210287198,7.306948618134452,7.365577642745955,1536.9338111613035,1490.6217970500622,1580.6282021515397
AFC,2020-07,7.337470788485609,7.307042798860534,7.36570855750702,1537.053040482218,1490.7621915075322,1580.835143389447
AFC,2020-08,7.337550639070778,7.307056268896848,7.36583377402801,1537.1757757413181,1490.7822691091883,1581.033101458227
AFC,2020-09,7.3376325106947125,7.307069462154306,7.365822377476016,1537.3016317205318,1490.8019347500556,1581.0150835707796
AFC,2020-10,7.337716152009423,7.307084816618324,7.365871730678185,1537.4302230380388,1490.8248222537065,1581.0931133684326
AFC,2020-11,7.3378013116669125,7.307099529006813,7.365908437449135,1537.5611641389132,1490.846754462852,1581.151151836919
AFC,2020-12,7.337887738319193,7.307120698254061,7.365965905934194,1537.6940692871897,1490.8783147538297,1581.2420218491745
AFC,2021-01,7.337975180618271,7.307129952188723,7.366076286546094,1537.828552559355,1490.8921113126446,1581.4165683059273
AFC,2021-02,7.338063387216156,7.3072312919055085,7.366162566054255,1537.9642278392785,1491.0432060445062,1581.553018040656
AFC,2021-03,7.338152106764856,7.307317318042789,7.3663112371750845,1538.10070881456,1491.1714800039485,1581.7881667434287
AFC,2021-04,7.338241087916377,7.307354911895842,7.366334615913041,1538.2376089743163,1491.2275396830614,1581.8251477359788
AFC,2021-05,7.3383300793227315,7.307469960377039,7.3664320865932975,1538.3745416084025,1491.3991131677515,1581.9793366218912
AFC,2021-06,7.338418829635925,7.307603899357321,7.366538561996262,1538.5111198080604,1491.5988828737459,1582.1477874708314
AFC,2021-07,7.338507087507963,7.3077647441938085,7.366587149094621,1538.646956468009,1491.8388182733947,1582.2246624123136
AFC,2021-08,7.338594601590859,7.30786862078416,7.366632117042159,1538.7816642899704,1491.9937934063098,1582.2958144292827
AFC,2021-09,7.338681120536619,7.307970730891911,7.366676039226448,1538.9148557876342,1492.1461487959934,1582.3653151055412
AFC,2021-10,7.3387663929972495,7.308046190615584,7.366718774520092,1539.04614329306,1492.258749949168,1582.4329408534534
AFC,2021-11,7.338850167624759,7.308149147638454,7.3667601817957005,1539.1751389645256,1492.4123969942004,1582.4984680504363
AFC,2021-12,7.33893219307116,7.308214360680291,7.366800119925877,1539.3014547958135,1492.5097251185568,1582.5616730424215
AFC,2022-01,7.339012217988454,7.308239384126892,7.3668736739115666,1539.424702626941,1492.5470725420848,1582.678081397987
AFC,2022-02,7.339089991028654,7.308402793709201,7.367039051824342,1539.5444941563403,1492.790989592009,1582.9398400203484
AFC,2022-03,7.339165260843767,7.308517865920677,7.367236718911868,1539.6604409544746,1492.9627782481055,1583.2527628478535
AFC,2022-04,7.339237776085799,7.308578136385613,7.367431779803318,1539.772154478908,1493.0527619120694,1583.561621753275
AFC,2022-05,7.339307285406764,7.3086748489545705,7.367601838155944,1539.8792460908187,1493.1971660055528,1583.8309420427097
AFC,2022-06,7.339373537458662,7.308746080279277,7.367652327463772,1539.98132707296,1493.3035320704794,1583.910910586125
AFC,2022-07,7.339436280893508,7.3088119978566315,7.367695109332356,1540.0780086490633,1493.4019701925586,1583.9786747010396
AFC,2022-08,7.339495264363307,7.308904462007485,7.367721950559223,1540.168902004697,1493.540062730815,1584.0211911885322
AFC,2022-09,7.3395502365200675,7.309008601382559,7.367754980696261,1540.253618309564,1493.6956072257512,1584.0735124876564
AFC,2022-10,7.339600946015797,7.3090644501304105,7.3677438437086895,1540.3317687412464,1493.779030495502,1584.0558708128376
AFC,2022-11,7.339647141502505,7.3091264141417,7.36767729418665,1540.402964510399,1493.8715939101444,1583.950456568309
AFC,2022-12,7.3396885716322,7.309159381409423,7.367672170517325,1540.4668168873818,1493.9208435812645,1583.94234098007
AFC,2023-01,7.339724985056889,7.3092092327181035,7.367768228769992,1540.5229372303365,1493.995319375953,1584.0944985850904
AFC,2023-02,7.339756130428582,7.3092505777047485,7.3677931401125925,1540.570937014705,1494.0570899284035,1584.1339616160553
AFC,2023-03,7.339781756399284,7.309283016986505,7.367937325882007,1540.610427864184,1494.1055569423709,1584.3623871887046
AFC,2023-04,7.339801611621007,7.309306151180518,7.368006146901357,1540.6410215831163,1494.140122389148,1584.4714281897957
AFC,2023-05,7.339815444745755,7.309319580903935,7.367991489429134,1540.6623301903157,1494.1601885619662,1584.448204028812
AFC,2023-06,7.339823004425539,7.309324201093072,7.367963266005737,1540.6739659543207,1494.1670918397247,1584.40348620209
AFC,2023-07,7.339824039312369,7.309320891061168,7.36792101838456,1540.6755414300746,1494.1621457896615,1584.3365506318296
AFC,2023-08,7.339818298058247,7.309337298631098,7.3678592516937504,1540.6666694970286,1494.186661507305,1584.23869420057
AFC,2023-09,7.339805529315186,7.309402210590009,7.367780629168983,1540.6469633986617,1494.283655807207,1584.1141420798033
AFC,2023-10,7.339785481735194,7.309414607887615,7.367732281312746,1540.6160367834136,1494.3021813083333,1584.0375554540726
AFC,2023-11,7.339757903970277,7.309435014265314,7.367791722610635,1540.5735037470236,1494.332675360511,1584.1317154561184
AFC,2023-12,7.339722544672445,7.309415164422428,7.367805808073665,1540.5189788762727,1494.303013433133,1584.1540288665856
AFC,2024-01,7.339679152493707,7.3092911894355,7.36784807906744,1540.4520772941223,1494.1177676940347,1584.2209940183027
AFC,2024-02,7.339627476086068,7.309158019379461,7.367685835708833,1540.3724147062346,1493.9188088174171,1583.9639855910118
AFC,2024-03,7.339567264101538,7.309090081049131,7.3675101210637814,1540.2796074488804,1493.817318156369,1583.6856844912736
AFC,2024-04,7.339498265192123,7.3088926664862095,7.367288972197445,1540.1732725382174,1493.5224457836416,1583.3354933958203
AFC,2024-05,7.339420228009837,7.308690768322195,7.367069804308934,1540.053027720931,1493.2209367250384,1582.9885151588983
AFC,2024-06,7.339332901206683,7.308719451608912,7.366925045035408,1539.918491526233,1493.263769526125,1582.7593788498966
AFC,2024-07,7.339236033434671,7.308741477817095,7.366850599171186,1539.7692833192036,1493.2966640475868,1582.641553689596
AFC,2024-08,7.339129373345809,7.3086338995928015,7.36679725265173,1539.6050233554695,1493.1360236786034,1582.5571271479885
AFC,2024-09,7.339012669592104,7.308517721736473,7.366598301843533,1539.425332837206,1492.9625623306206,1582.2423090244579
AFC,2024-10,7.338885670825566,7.308567624115916,7.366670998700105,1539.229833970453,1493.0370679326902,1582.357335954531
AFC,2024-11,7.338748125698203,7.308449007348371,7.36671463692731,1539.0181500237297,1492.8599796528022,1582.426388453997
AFC,2024-12,7.33859978286202,7.308172432294886,7.366647497014205,1538.789905387937,1492.4471470767069,1582.3201480183475
AFC,2025-01,7.338440390969029,7.307883422240051,7.366465673137237,1538.5447256375387,1492.0158771687748,1582.032470649498
AFC,2025-02,7.338269698671238,7.307678442732923,7.366176849800177,1538.2822375929943,1491.710075934106,1581.575609026198
AFC,2025-03,7.338087454620652,7.307461160164187,7.365875260692992,1538.0020693844456,1491.385989662638,1581.0986946954288
AFC,2025-04,7.3378934074692825,7.307200282762477,7.365596990774046,1537.7038505166304,1490.9969732547625,1580.6587846421285
AFC,2025-05,7.337687305869136,7.306792021526563,7.365459727897933,1537.3872119350046,1490.388380554646,1580.4418331660142
AFC,2025-06,7.3374688984722205,7.306358325061919,7.365166219540649,1537.0517860930686,1489.7421439151085,1579.9780284578576
AFC,2025-07,7.337237933930546,7.305902886920131,7.365117701476275,1536.6972070208699,1489.0638116437724,1579.901372326648
AFC,2025-08,7.33699416089612,7.30555632411799,7.364888603200336,1536.323110394659,1488.5478471835838,1579.539461207654
AFC,2025-09,7.336737328020948,7.305365688791205,7.364619728338319,1535.9291336076985,1488.2641048981488,1579.1148199601148
AFC,2025-10,7.3364671839570414,7.305220516280686,7.3645249256440275,1535.514915842188,1488.048064578488,1578.9651224727274
AFC,2025-11,7.336183477356408,7.304960463205689,7.3641731350290085,1535.0800981422813,1487.6611435480336,1578.409755508333
AFC,2025-12,7.335885956871052,7.304652072327731,7.363952488958347,1534.6243234881958,1487.2024331593313,1578.0615248983033
AFC,2026-01,7.335574371152988,7.30416383976838,7.3637650070895,1534.147236871375,1486.4765097426384,1577.7656951335955
AFC,2026-02,7.33524846885422,7.303741028085022,7.363694594666,1533.648485370673,1485.8481454182177,1577.6546030485872
AFC,2026-03,7.334907998626757,7.3032870024164955,7.3633403214778825,1533.127718229565,1485.1736829630624,1577.0957814424928
AFC,2026-04,7.334552709122608,7.303080174336792,7.363267581298754,1532.5845869343343,1484.8665424838282,1576.9810672420483
AFC,2026-05,7.334182348993779,7.302661553849649,7.362994620419147,1532.0187452932169,1484.2450736755495,1576.5506719929367
AFC,2026-06,7.3337966668922805,7.3019828029233125,7.362652117759476,1531.4298495164817,1483.2379825044438,1576.010791607134
AFC,2026-07,7.333395411470121,7.3016908546490935,7.362258308327606,1530.8175582974236,1482.8050183816854,1575.3902658802162
AFC,2026-08,7.332978331379306,7.301203501691239,7.361931841763804,1530.1815328942187,1482.0825448519263,1574.876037433767
