month,threshold,confederation,fitted,fitted_pct,is_forecast
1992-01,5,UEFA,0.4,40.0,False
1992-02,5,UEFA,0.636,63.6,False
1992-03,5,UEFA,0.85076,85.076,False
1992-04,5,UEFA,0.8208116,82.08116,False
1992-05,5,UEFA,0.808532756,80.85327559999999,False
1992-06,5,UEFA,0.80349842996,80.34984299599999,False
1992-07,5,UEFA,0.3294343562836,32.94343562836,False
1992-08,5,UEFA,0.489068086076276,48.9068086076276,False
1992-09,5,UEFA,0.5545179152912731,55.45179152912731,False
1992-10,5,UEFA,0.6993523452694219,69.9352345269422,False
1992-11,5,UEFA,0.640734461560463,64.0734461560463,False
1992-12,5,UEFA,0.6167011292397898,61.670112923978984,False
1993-01,5,UEFA,0.7248474629883138,72.48474629883138,False
1993-02,5,UEFA,0.6511874598252086,65.11874598252086,False
1993-03,5,UEFA,0.7389868585283356,73.89868585283355,False
1993-04,5,UEFA,0.8929846119966176,89.29846119966176,False
1993-05,5,UEFA,0.9561236909186133,95.61236909186132,False
1993-06,5,UEFA,0.7460107132766314,74.60107132766313,False
1993-07,5,UEFA,0.4238643924434189,42.38643924434189,False
1993-08,5,UEFA,0.5277844009018018,52.778440090180176,False
1993-09,5,UEFA,0.6883916043697387,68.83916043697387,False
1993-10,5,UEFA,0.7542405577915929,75.42405577915929,False
1993-11,5,UEFA,0.6632386286945531,66.32386286945531,False
1993-12,5,UEFA,0.38992783776476675,38.99278377647668,False
1994-01,5,UEFA,0.5138704134835543,51.38704134835543,False
1994-02,5,UEFA,0.6826868695282573,68.26868695282573,False
1994-03,5,UEFA,0.6339016165065855,63.39016165065855,False
1994-04,5,UEFA,0.6138996627677,61.389966276770004,False
1994-05,5,UEFA,0.605698861734757,60.569886173475695,False
1994-06,5,UEFA,0.7203365333112504,72.03365333112504,False
1994-07,5,UEFA,0.7673379786576127,76.73379786576126,False
1994-08,5,UEFA,0.7866085712496211,78.66085712496212,False
1994-09,5,UEFA,0.9125095142123447,91.25095142123448,False
1994-10,5,UEFA,0.9641289008270613,96.41289008270613,False
1994-11,5,UEFA,0.9852928493390951,98.52928493390951,False
1994-12,5,UEFA,0.875970068229029,87.5970068229029,False
1995-01,5,UEFA,0.8311477279739019,83.11477279739019,False
1995-02,5,UEFA,0.6947705684692997,69.47705684692997,False
1995-03,5,UEFA,0.756855933072413,75.68559330724129,False
1995-04,5,UEFA,0.9003109325596893,90.03109325596893,False
1995-05,5,UEFA,0.7231274823494727,72.31274823494726,False
1995-06,5,UEFA,0.7684822677632838,76.84822677632837,False
1995-07,5,UEFA,0.5510777297829463,55.10777297829463,False
1995-08,5,UEFA,0.697941869211008,69.7941869211008,False
1995-09,5,UEFA,0.8761561663765133,87.61561663765133,False
1995-10,5,UEFA,0.8312240282143705,83.12240282143705,False
1995-11,5,UEFA,0.8128018515678919,81.28018515678919,False
1995-12,5,UEFA,0.6872487591428357,68.72487591428357,False
1996-01,5,UEFA,0.28177199124856267,28.177199124856266,False
1996-02,5,UEFA,0.7055265164119107,70.55265164119106,False
1996-03,5,UEFA,0.7612658717288834,76.12658717288834,False
1996-04,5,UEFA,0.7841190074088422,78.41190074088422,False
1996-05,5,UEFA,0.9114887930376253,91.14887930376253,False
1996-06,5,UEFA,0.9637104051454264,96.37104051454264,False
1996-07,5,UEFA,0.39512126610962484,39.51212661096248,False
1996-08,5,UEFA,0.6339997191049462,63.39997191049462,False
1996-09,5,UEFA,0.731939884833028,73.1939884833028,False
1996-10,5,UEFA,0.7720953527815415,77.20953527815415,False
1996-11,5,UEFA,0.788559094640432,78.8559094640432,False
1996-12,5,UEFA,0.677309228802577,67.73092288025771,False
1997-01,5,UEFA,0.6316967838090566,63.16967838090566,False
1997-02,5,UEFA,0.7309956813617131,73.09956813617131,False
1997-03,5,UEFA,0.7717082293583024,77.17082293583024,False
1997-04,5,UEFA,0.788400374036904,78.8400374036904,False
1997-05,5,UEFA,0.6772441533551307,67.72441533551307,False
1997-06,5,UEFA,0.7496701028756037,74.96701028756037,False
1997-07,5,UEFA,0.4253647421789975,42.53647421789975,False
1997-08,5,UEFA,0.646399544293389,64.6399544293389,False
1997-09,5,UEFA,0.7370238131602895,73.70238131602895,False
1997-10,5,UEFA,0.7741797633957187,77.41797633957187,False
1997-11,5,UEFA,0.7894137029922447,78.94137029922447,False
1997-12,5,UEFA,0.5596596182268203,55.96596182268203,False
1998-01,5,UEFA,0.7014604434729963,70.14604434729964,False
1998-02,5,UEFA,0.7595987818239285,75.95987818239284,False
1998-03,5,UEFA,0.7834355005478106,78.34355005478106,False
1998-04,5,UEFA,0.7932085552246024,79.32085552246025,False
1998-05,5,UEFA,0.9152155076420869,91.5215507642087,False
1998-06,5,UEFA,0.8472383581332557,84.72383581332556,False
1998-07,5,UEFA,0.8193677268346349,81.93677268346349,False
1998-08,5,UEFA,0.9259407680022003,92.59407680022002,False
1998-09,5,UEFA,0.8516357148809022,85.16357148809021,False
1998-10,5,UEFA,0.8211706431011698,82.11706431011699,False
1998-11,5,UEFA,0.8086799636714797,80.86799636714797,False
1998-12,5,UEFA,0.44955878510530667,44.95587851053067,False
1999-01,5,UEFA,0.42031910189317573,42.03191018931757,False
1999-02,5,UEFA,0.644330831776202,64.4330831776202,False
1999-03,5,UEFA,0.6181756410282429,61.817564102824285,False
1999-04,5,UEFA,0.8434520128215796,84.34520128215796,False
1999-05,5,UEFA,0.8178153252568476,81.78153252568477,False
1999-06,5,UEFA,0.8073042833553075,80.73042833553075,False
1999-07,5,UEFA,0.4489947561756761,44.89947561756761,False
1999-08,5,UEFA,0.5380878500320272,53.80878500320272,False
1999-09,5,UEFA,0.6926160185131311,69.26160185131312,False
1999-10,5,UEFA,0.7559725675903838,75.59725675903837,False
1999-11,5,UEFA,0.6639487527120573,66.39487527120573,False
1999-12,5,UEFA,0.5082189886119435,50.82189886119435,False
2000-01,5,UEFA,0.4443697853308968,44.436978533089686,False
2000-02,5,UEFA,0.5361916119856677,53.619161198566765,False
2000-03,5,UEFA,0.5738385609141238,57.383856091412376,False
2000-04,5,UEFA,0.5892738099747907,58.92738099747908,False
2000-05,5,UEFA,0.7136022620896642,71.36022620896641,False
2000-06,5,UEFA,0.6465769274567623,64.65769274567623,False
2000-07,5,UEFA,0.5010965402572726,50.10965402572726,False
2000-08,5,UEFA,0.5594495815054817,55.944958150548175,False
2000-09,5,UEFA,0.5833743284172475,58.33743284172475,False
2000-10,5,UEFA,0.5931834746510715,59.318347465107145,False
2000-11,5,UEFA,0.5972052246069393,59.72052246069393,False
2000-12,5,UEFA,0.36285414208884514,36.28541420888452,False
2001-01,5,UEFA,0.2667701982564265,26.67701982564265,False
2001-02,5,UEFA,0.5813757812851349,58.13757812851349,False
2001-03,5,UEFA,0.7103640703269053,71.03640703269053,False
2001-04,5,UEFA,0.7632492688340311,76.32492688340311,False
2001-05,5,UEFA,0.6669322002219528,66.69322002219528,False
2001-06,5,UEFA,0.7454422020910006,74.54422020910006,False
2001-07,5,UEFA,0.30563130285731027,30.563130285731027,False
2001-08,5,UEFA,0.5973088341714972,59.73088341714971,False
2001-09,5,UEFA,0.7168966220103138,71.68966220103138,False
2001-10,5,UEFA,0.7659276150242287,76.59276150242287,False
2001-11,5,UEFA,0.7860303221599337,78.60303221599338,False
2001-12,5,UEFA,0.3222724320855729,32.22724320855729,False
2002-01,5,UEFA,0.13213169715508488,13.213169715508489,False
2002-02,5,UEFA,0.5261739958335848,52.617399583358484,False
2002-03,5,UEFA,0.6877313382917698,68.77313382917698,False
2002-04,5,UEFA,0.7539698486996256,75.39698486996255,False
2002-05,5,UEFA,0.8991276379668465,89.91276379668464,False
2002-06,5,UEFA,0.722642331566407,72.2642331566407,False
2002-07,5,UEFA,0.2962833559422269,29.628335594222687,False
2002-08,5,UEFA,0.593476175936313,59.3476175936313,False
2002-09,5,UEFA,0.8333252321338883,83.33252321338882,False
2002-10,5,UEFA,0.9316633451748941,93.16633451748942,False
2002-11,5,UEFA,0.7359819715217066,73.59819715217067,False
2002-12,5,UEFA,0.3017526083238997,30.175260832389974,False
2003-01,5,UEFA,0.2417185694127989,24.17185694127989,False
2003-02,5,UEFA,0.4531046134592475,45.31046134592475,False
2003-03,5,UEFA,0.6577728915182914,65.77728915182914,False
2003-04,5,UEFA,0.6236868855224995,62.36868855224995,False
2003-05,5,UEFA,0.37371162306422484,37.371162306422484,False
2003-06,5,UEFA,0.5072217654563322,50.722176545633225,False
2003-07,5,UEFA,0.20796092383709625,20.796092383709624,False
2003-08,5,UEFA,0.5572639787732094,55.72639787732094,False
2003-09,5,UEFA,0.5824782312970158,58.24782312970158,False
2003-10,5,UEFA,0.7108160748317764,71.08160748317765,False
2003-11,5,UEFA,0.6454345906810284,64.54345906810283,False
2003-12,5,UEFA,0.3826281821792216,38.26281821792216,False
2004-01,5,UEFA,0.27487755469348085,27.487755469348084,False
2004-02,5,UEFA,0.5846997974243271,58.46997974243271,False
2004-03,5,UEFA,0.5937269169439741,59.3726916943974,False
2004-04,5,UEFA,0.5974280359470294,59.74280359470294,False
2004-05,5,UEFA,0.7169454947382821,71.6945494738282,False
2004-06,5,UEFA,0.6479476528426957,64.79476528426957,False
2004-07,5,UEFA,0.5016585376655053,50.165853766550526,False
2004-08,5,UEFA,0.5596800004428572,55.968000044285716,False
2004-09,5,UEFA,0.5834688001815714,58.346880018157144,False
2004-10,5,UEFA,0.5932222080744443,59.322220807444424,False
2004-11,5,UEFA,0.5972211053105221,59.72211053105221,False
2004-12,5,UEFA,0.3628606531773141,36.286065317731406,False
2005-01,5,UEFA,0.2667728678026988,26.67728678026988,False
2005-02,5,UEFA,0.4633768757991065,46.33768757991065,False
2005-03,5,UEFA,0.4259845190776337,42.59845190776337,False
2005-04,5,UEFA,0.4106536528218298,41.06536528218298,False
2005-05,5,UEFA,0.5223679976569502,52.23679976569502,False
2005-06,5,UEFA,0.4501708790393496,45.01708790393496,False
2005-07,5,UEFA,0.18457006040613336,18.457006040613336,False
2005-08,5,UEFA,0.42967372476651466,42.96737247665147,False
2005-09,5,UEFA,0.530166227154271,53.0166227154271,False
2005-10,5,UEFA,0.5713681531332511,57.13681531332511,False
2005-11,5,UEFA,0.7062609427846329,70.62609427846328,False
2005-12,5,UEFA,0.28956698654169954,28.956698654169955,False
2006-01,5,UEFA,0.23672246448209683,23.672246448209684,False
2006-02,5,UEFA,0.2150562104376597,21.50562104376597,False
2006-03,5,UEFA,0.5601730462794404,56.01730462794404,False
2006-04,5,UEFA,0.3476709489745706,34.76709489745706,False
2006-05,5,UEFA,0.7325450890795739,73.25450890795739,False
2006-06,5,UEFA,0.6543434865226253,65.43434865226253,False
2006-07,5,UEFA,0.7402808294742764,74.02808294742765,False
2006-08,5,UEFA,0.7755151400844533,77.55151400844534,False
2006-09,5,UEFA,0.7899612074346258,78.99612074346258,False
2006-10,5,UEFA,0.7958840950481966,79.58840950481965,False
2006-11,5,UEFA,0.7983124789697607,79.83124789697607,False
2006-12,5,UEFA,0.6813081163776018,68.13081163776017,False
2007-01,5,UEFA,0.39733632771481675,39.73363277148167,False
2007-02,5,UEFA,0.5169078943630748,51.69078943630748,False
2007-03,5,UEFA,0.6839322366888607,68.39322366888607,False
2007-04,5,UEFA,0.2804122170424329,28.04122170424329,False
2007-05,5,UEFA,0.35096900898739747,35.09690089873975,False
2007-06,5,UEFA,0.49789729368483293,49.78972936848329,False
2007-07,5,UEFA,0.2041378904107815,20.41378904107815,False
2007-08,5,UEFA,0.43769653506842043,43.76965350684204,False
2007-09,5,UEFA,0.5334555793780524,53.345557937805246,False
2007-10,5,UEFA,0.5727167875450014,57.271678754500144,False
2007-11,5,UEFA,0.5888138828934506,58.88138828934506,False
2007-12,5,UEFA,0.24141369198631477,24.141369198631477,False
2008-01,5,UEFA,0.21697961371438906,21.697961371438907,False
2008-02,5,UEFA,0.5609616416228995,56.09616416228995,False
2008-03,5,UEFA,0.5839942730653889,58.39942730653889,False
2008-04,5,UEFA,0.23943765195680947,23.943765195680946,False
2008-05,5,UEFA,0.45216943730229187,45.21694373022919,False
2008-06,5,UEFA,0.5393894692939396,53.938946929393964,False
2008-07,5,UEFA,0.22114968241051525,22.114968241051525,False
2008-08,5,UEFA,0.5626713697883112,56.267136978831125,False
2008-09,5,UEFA,0.5846952616132076,58.469526161320765,False
2008-10,5,UEFA,0.7117250572614151,71.17250572614151,False
2008-11,5,UEFA,0.7638072734771801,76.38072734771801,False
2008-12,5,UEFA,0.5491609821256438,54.91609821256438,False
2009-01,5,UEFA,0.22515600267151398,22.5156002671514,False
2009-02,5,UEFA,0.44631396109532073,44.631396109532076,False
2009-03,5,UEFA,0.5369887240490815,53.69887240490815,False
2009-04,5,UEFA,0.6921653768601235,69.21653768601234,False
2009-05,5,UEFA,0.4017878045126506,40.17878045126506,False
2009-06,5,UEFA,0.6367329998501867,63.67329998501867,False
2009-07,5,UEFA,0.2610605299385766,26.10605299385766,False
2009-08,5,UEFA,0.5790348172748164,57.90348172748164,False
2009-09,5,UEFA,0.7094042750826748,70.94042750826748,False
2009-10,5,UEFA,0.7628557527838966,76.28557527838966,False
2009-11,5,UEFA,0.7847708586413976,78.47708586413977,False
2009-12,5,UEFA,0.32175605204297303,32.175605204297305,False
2010-01,5,UEFA,0.13191998133761895,13.191998133761896,False
2010-02,5,UEFA,0.054087192348423775,5.408719234842377,False
2010-03,5,UEFA,0.4941757488628537,49.41757488628537,False
2010-04,5,UEFA,0.32061205703377005,32.061205703377006,False
2010-05,5,UEFA,0.6034509433838458,60.34509433838458,False
2010-06,5,UEFA,0.6014148867873768,60.14148867873767,False
2010-07,5,UEFA,0.6005801035828244,60.058010358282445,False
2010-08,5,UEFA,0.6002378424689581,60.02378424689581,False
2010-09,5,UEFA,0.7180975154122728,71.80975154122729,False
2010-10,5,UEFA,0.6484199813190319,64.84199813190318,False
2010-11,5,UEFA,0.6198521923408031,61.98521923408031,False
2010-12,5,UEFA,0.2541393988597293,25.41393988597293,False
2011-01,5,UEFA,0.22219715353248903,22.219715353248905,False
2011-02,5,UEFA,0.4451008329483205,44.51008329483205,False
2011-03,5,UEFA,0.5364913415088114,53.64913415088114,False
2011-04,5,UEFA,0.2199614500186127,21.99614500186127,False
2011-05,5,UEFA,0.2081841945076312,20.81841945076312,False
2011-06,5,UEFA,0.4393555197481288,43.93555197481288,False
2011-07,5,UEFA,0.18013576309673282,18.013576309673283,False
2011-08,5,UEFA,0.4278556628696604,42.785566286966045,False
2011-09,5,UEFA,0.5294208217765608,52.94208217765608,False
2011-10,5,UEFA,0.5710625369283899,57.10625369283899,False
2011-11,5,UEFA,0.5881356401406399,58.81356401406399,False
2011-12,5,UEFA,0.24113561245766238,24.11356124576624,False
2012-01,5,UEFA,0.3348656011076416,33.48656011076416,False
2012-02,5,UEFA,0.49129489645413305,49.1294896454133,False
2012-03,5,UEFA,0.20143090754619455,20.143090754619454,False
2012-04,5,UEFA,0.08258667209393977,8.258667209393977,False
2012-05,5,UEFA,0.3878605355585153,38.78605355585153,False
2012-06,5,UEFA,0.5130228195789912,51.30228195789912,False
2012-07,5,UEFA,0.4463393560273864,44.63393560273864,False
2012-08,5,UEFA,0.4189991359712284,41.89991359712284,False
2012-09,5,UEFA,0.5257896457482036,52.57896457482036,False
2012-10,5,UEFA,0.5695737547567635,56.95737547567635,False
2012-11,5,UEFA,0.587525239450273,58.7525239450273,False
2012-12,5,UEFA,0.35888534817461193,35.88853481746119,False
2013-01,5,UEFA,0.2651429927515909,26.514299275159093,False
2013-02,5,UEFA,0.4627086270281523,46.27086270281523,False
2013-03,5,UEFA,0.5437105370815425,54.37105370815425,False
2013-04,5,UEFA,0.22292132020343244,22.292132020343246,False
2013-05,5,UEFA,0.44539774128340726,44.539774128340724,False
2013-06,5,UEFA,0.536613073926197,53.6613073926197,False
2013-07,5,UEFA,0.22001136030974078,22.001136030974077,False
2013-08,5,UEFA,0.4442046577269937,44.420465772699366,False
2013-09,5,UEFA,0.41812390966806745,41.812390966806745,False
2013-10,5,UEFA,0.5254308029639077,52.54308029639076,False
2013-11,5,UEFA,0.45142662921520216,45.14266292152021,False
2013-12,5,UEFA,0.1850849179782329,18.50849179782329,False
2014-01,5,UEFA,0.1938848163710755,19.38848163710755,False
2014-02,5,UEFA,0.07949277471214096,7.949277471214096,False
2014-03,5,UEFA,0.2685920376319778,26.85920376319778,False
2014-04,5,UEFA,0.11012273542911091,11.01227354291109,False
2014-05,5,UEFA,0.39915032152593544,39.91503215259355,False
2014-06,5,UEFA,0.39965163182563357,39.96516318256336,False
2014-07,5,UEFA,0.39985716904850976,39.985716904850975,False
2014-08,5,UEFA,0.16394143930988903,16.394143930988903,False
2014-09,5,UEFA,0.30321599011705447,30.321599011705448,False
2014-10,5,UEFA,0.36031855594799234,36.03185559479923,False
2014-11,5,UEFA,0.38373060793867686,38.37306079386769,False
2014-12,5,UEFA,0.15732954925485754,15.732954925485753,False
2015-01,5,UEFA,0.06450511519449159,6.450511519449159,False
2015-02,5,UEFA,0.026447097229741555,2.6447097229741554,False
2015-03,5,UEFA,0.12884330986419404,12.884330986419403,False
2015-04,5,UEFA,0.05282575704431956,5.282575704431956,False
2015-05,5,UEFA,0.021658560388171023,2.165856038817102,False
2015-06,5,UEFA,0.12688000975915012,12.688000975915012,False
2015-07,5,UEFA,0.05202080400125155,5.202080400125155,False
2015-08,5,UEFA,0.021328529640513138,2.1328529640513136,False
2015-09,5,UEFA,0.12674469715261039,12.674469715261038,False
2015-10,5,UEFA,0.16996532583257026,16.996532583257025,False
2015-11,5,UEFA,0.3056857835913538,30.56857835913538,False
2015-12,5,UEFA,0.12533117127245505,12.533117127245506,False
2016-01,5,UEFA,0.2873857802217066,28.738578022170657,False
2016-02,5,UEFA,0.11782816989089971,11.782816989089971,False
2016-03,5,UEFA,0.2843095496552689,28.43095496552689,False
2016-04,5,UEFA,0.11656691535866025,11.656691535866024,False
2016-05,5,UEFA,0.5197924352970507,51.979243529705066,False
2016-06,5,UEFA,0.44911489847179076,44.91148984717908,False
2016-07,5,UEFA,0.7741371083734342,77.41371083734342,False
2016-08,5,UEFA,0.907396214433108,90.7396214433108,False
2016-09,5,UEFA,0.6080324479175743,60.80324479175743,False
2016-10,5,UEFA,0.4852933036462055,48.52933036462055,False
2016-11,5,UEFA,0.43497025449494425,43.49702544949442,False
2016-12,5,UEFA,0.17833780434292715,17.833780434292716,False
2017-01,5,UEFA,0.19111849978060014,19.111849978060015,False
2017-02,5,UEFA,0.19635858491004604,19.635858491004605,False
2017-03,5,UEFA,0.31650701981311885,31.650701981311887,False
2017-04,5,UEFA,0.12976787812337873,12.976787812337873,False
2017-05,5,UEFA,0.4072048300305853,40.720483003058526,False
2017-06,5,UEFA,0.40295398031253993,40.295398031253995,False
2017-07,5,UEFA,0.4012111319281414,40.12111319281414,False
2017-08,5,UEFA,0.40049656409053797,40.049656409053796,False
2017-09,5,UEFA,0.5182035912771206,51.82035912771206,False
2017-10,5,UEFA,0.5664634724236195,56.64634724236195,False
2017-11,5,UEFA,0.586250023693684,58.625002369368396,False
2017-12,5,UEFA,0.24036250971441045,24.036250971441046,False
2018-01,5,UEFA,0.45254862898290826,45.254862898290824,False
2018-02,5,UEFA,0.4215449378829924,42.15449378829924,False
2018-03,5,UEFA,0.40883342453202687,40.88334245320269,False
2018-04,5,UEFA,0.16762170405813104,16.762170405813105,False
2018-05,5,UEFA,0.4227248986638337,42.272489866383374,False
2018-06,5,UEFA,0.5273172084521718,52.731720845217176,False
2018-07,5,UEFA,0.6882000554653904,68.82000554653904,False
2018-08,5,UEFA,0.2821620227408101,28.21620227408101,False
2018-09,5,UEFA,0.4696864293237321,46.968642932373214,False
2018-10,5,UEFA,0.6645714360227302,66.45714360227302,False
2018-11,5,UEFA,0.7444742887693194,74.44742887693194,False
2018-12,5,UEFA,0.30523445839542096,30.523445839542095,False
2019-01,5,UEFA,0.2431461279421226,24.31461279421226,False
2019-02,5,UEFA,0.09968991245627028,9.968991245627027,False
2019-03,5,UEFA,0.5128728641070708,51.287286410707075,False
2019-04,5,UEFA,0.6822778742838991,68.2277874283899,False
2019-05,5,UEFA,0.5157339284563986,51.573392845639866,False
2019-06,5,UEFA,0.5654509106671235,56.54509106671235,False
2019-07,5,UEFA,0.23183487337352066,23.183487337352066,False
2019-08,5,UEFA,0.09505229808314347,9.505229808314347,False
2019-09,5,UEFA,0.3929714422140888,39.29714422140888,False
2019-10,5,UEFA,0.6331182913077764,63.31182913077764,False
2019-11,5,UEFA,0.6135784994361884,61.35784994361884,False
2019-12,5,UEFA,0.25156718476883727,25.15671847688373,False
2020-01,5,UEFA,0.4571425457552233,45.714254575522325,False
2020-02,5,UEFA,0.18742844375964157,18.742844375964157,False
2020-03,5,UEFA,0.07684566194145305,7.684566194145305,False
2020-04,5,UEFA,0.03150672139599575,3.150672139599575,False
2020-05,5,UEFA,0.012917755772358258,1.291775577235826,False
2020-06,5,UEFA,0.005296279866666887,0.5296279866666886,False
2020-07,5,UEFA,0.002171474745333424,0.2171474745333424,False
2020-08,5,UEFA,0.0008903046455867039,0.08903046455867039,False
2020-09,5,UEFA,0.5903650249046906,59.036502490469054,False
2020-10,5,UEFA,0.7140496602109231,71.4049660210923,False
2020-11,5,UEFA,0.7647603606864785,76.47603606864784,False
2020-12,5,UEFA,0.3135517478814562,31.355174788145618,False
2021-01,5,UEFA,0.24655621663139704,24.655621663139705,False
2021-02,5,UEFA,0.10108804881887279,10.108804881887279,False
2021-03,5,UEFA,0.6314461000157379,63.14461000157379,False
2021-04,5,UEFA,0.8488929010064525,84.88929010064525,False
2021-05,5,UEFA,0.8200460894126456,82.00460894126455,False
2021-06,5,UEFA,0.6902188966591847,69.02188966591847,False
2021-07,5,UEFA,0.6369897476302657,63.69897476302657,False
2021-08,5,UEFA,0.261165796528409,26.116579652840898,False
2021-09,5,UEFA,0.4610779765766477,46.10779765766477,False
2021-10,5,UEFA,0.5430419703964255,54.30419703964255,False
2021-11,5,UEFA,0.5766472078625344,57.66472078625344,False
2021-12,5,UEFA,0.23642535522363914,23.642535522363914,False
2022-01,5,UEFA,0.09693439564169205,9.693439564169205,False
2022-02,5,UEFA,0.039743102213093746,3.974310221309375,False
2022-03,5,UEFA,0.3702946719073684,37.029467190736845,False
2022-04,5,UEFA,0.15182081548202106,15.182081548202106,False
2022-05,5,UEFA,0.06224653434762864,6.224653434762864,False
2022-06,5,UEFA,0.37952107908252775,37.95210790825278,False
2022-07,5,UEFA,0.1556036424238364,15.56036424238364,False
2022-08,5,UEFA,0.06379749339377293,6.379749339377293,False
2022-09,5,UEFA,0.3801569722914469,38.01569722914469,False
2022-10,5,UEFA,0.3918643586394932,39.18643586394932,False
2022-11,5,UEFA,0.5146643870421922,51.46643870421922,False
2022-12,5,UEFA,0.5650123986872988,56.50123986872988,False
2023-01,5,UEFA,0.4676550834617925,46.76550834617925,False
2023-02,5,UEFA,0.19173858421933496,19.173858421933495,False
2023-03,5,UEFA,0.4326128195299273,43.26128195299273,False
2023-04,5,UEFA,0.17737125600727022,17.737125600727023,False
2023-05,5,UEFA,0.0727222149629808,7.27222149629808,False
2023-06,5,UEFA,0.3838161081348221,38.38161081348221,False
2023-07,5,UEFA,0.15736460433527708,15.736460433527707,False
2023-08,5,UEFA,0.06451948777746361,6.45194877774636,False
2023-09,5,UEFA,0.38045298998876004,38.04529899887601,False
2023-10,5,UEFA,0.5099857258953916,50.99857258953916,False
2023-11,5,UEFA,0.5630941476171105,56.309414761711054,False
2023-12,5,UEFA,0.23086860052301533,23.08686005230153,False
2024-01,5,UEFA,0.0946561262144363,9.46561262144363,False
2024-02,5,UEFA,0.038809011747918884,3.8809011747918882,False
2024-03,5,UEFA,0.2519116948166467,25.191169481664673,False
2024-04,5,UEFA,0.10328379487482515,10.328379487482515,False
2024-05,5,UEFA,0.042346355898678315,4.234635589867832,False
2024-06,5,UEFA,0.2533620059184581,25.33620059184581,False
2024-07,5,UEFA,0.3398784224265678,33.98784224265678,False
2024-08,5,UEFA,0.1393501531948928,13.93501531948928,False
2024-09,5,UEFA,0.41113356280990604,41.1133562809906,False
2024-10,5,UEFA,0.4045647607520615,40.45647607520615,False
2024-11,5,UEFA,0.5198715519083452,51.98715519083452,False
2024-12,5,UEFA,0.21314733628242155,21.314733628242156,False
2025-01,5,UEFA,0.08739040787579284,8.739040787579285,False
2025-02,5,UEFA,0.03583006722907507,3.5830067229075073,False
2025-03,5,UEFA,0.4866903275639208,48.66903275639208,False
2025-04,5,UEFA,0.6715430343012075,67.15430343012075,False
2025-05,5,UEFA,0.2753326440634951,27.53326440634951,False
2025-06,5,UEFA,0.466886384066033,46.6886384066033,False
2025-07,5,UEFA,0.19142341746707353,19.142341746707352,False
2025-08,5,UEFA,0.07848360116150016,7.848360116150016,False
2025-09,5,UEFA,0.504178276476215,50.41782764762151,False
2025-10,5,UEFA,0.6787130933552481,67.87130933552481,False
2025-11,5,UEFA,0.6322723682756517,63.22723682756517,False
2025-12,5,UEFA,0.2592316709930172,25.92316709930172,False
2026-01,5,UEFA,0.10628498510713706,10.628498510713706,False
2026-02,5,UEFA,0.33857684389392617,33.85768438939262,False
2026-03,5,UEFA,0.4928165059965097,49.28165059965097,False
2026-04,5,UEFA,0.556054767458569,55.6054767458569,False
2026-05,5,UEFA,0.34598245465801325,34.59824546580133,False
2026-06,5,UEFA,0.49585280640978546,49.585280640978546,False
2026-07,5,UEFA,0.557299650628012,55.7299650628012,False
2026-08,5,UEFA,0.557299650628012,55.7299650628012,True
2026-09,5,UEFA,0.557299650628012,55.7299650628012,True
2026-10,5,UEFA,0.557299650628012,55.7299650628012,True
2026-11,5,UEFA,0.557299650628012,55.7299650628012,True
2026-12,5,UEFA,0.557299650628012,55.7299650628012,True
2027-01,5,UEFA,0.557299650628012,55.7299650628012,True
2027-02,5,UEFA,0.557299650628012,55.7299650628012,True
2027-03,5,UEFA,0.557299650628012,55.7299650628012,True
2027-04,5,UEFA,0.557299650628012,55.7299650628012,True
2027-05,5,UEFA,0.557299650628012,55.7299650628012,True
2027-06,5,UEFA,0.557299650628012,55.7299650628012,True
2027-07,5,UEFA,0.557299650628012,55.7299650628012,True
1992-01,5,CONMEBOL,0.0,0.0,False
1992-02,5,CONMEBOL,0.008,0.8,False
1992-03,5,CONMEBOL,0.00768,0.768,False
1992-04,5,CONMEBOL,0.015372799999999999,1.53728,False
1992-05,5,CONMEBOL,0.022757887999999997,2.2757887999999995,False
1992-06,5,CONMEBOL,0.029847572479999997,2.9847572479999998,False
1992-07,5,CONMEBOL,0.0446536695808,4.46536695808,False
1992-08,5,CONMEBOL,0.058867522797567996,5.8867522797567995,False
1992-09,5,CONMEBOL,0.07251282188566527,7.251282188566527,False
1992-10,5,CONMEBOL,0.07761230901023866,7.7612309010238665,False
1992-11,5,CONMEBOL,0.09050781664982911,9.050781664982912,False
1992-12,5,CONMEBOL,0.10288750398383595,10.288750398383595,False
1993-01,5,CONMEBOL,0.09877200382448251,9.877200382448251,False
1993-02,5,CONMEBOL,0.11082112367150321,11.082112367150321,False
1993-03,5,CONMEBOL,0.11438827872464308,11.438827872464309,False
1993-04,5,CONMEBOL,0.10981274757565736,10.981274757565735,False
1993-05,5,CONMEBOL,0.10542023767263106,10.542023767263107,False
1993-06,5,CONMEBOL,0.11720342816572582,11.720342816572582,False
1993-07,5,CONMEBOL,0.12851529103909679,12.851529103909678,False
1993-08,5,CONMEBOL,0.13137467939753292,13.137467939753291,False
1993-09,5,CONMEBOL,0.1261196922216316,12.611969222163161,False
1993-10,5,CONMEBOL,0.12907490453276635,12.907490453276635,False
1993-11,5,CONMEBOL,0.1319119083514557,13.19119083514557,False
1993-12,5,CONMEBOL,0.14263543201739748,14.263543201739747,False
1994-01,5,CONMEBOL,0.13693001473670158,13.693001473670158,False
1994-02,5,CONMEBOL,0.1314528141472335,13.14528141472335,False
1994-03,5,CONMEBOL,0.13419470158134417,13.419470158134416,False
1994-04,5,CONMEBOL,0.1368269135180904,13.68269135180904,False
1994-05,5,CONMEBOL,0.13935383697736678,13.935383697736677,False
1994-06,5,CONMEBOL,0.1417796834982721,14.17796834982721,False
1994-07,5,CONMEBOL,0.14410849615834123,14.410849615834124,False
1994-08,5,CONMEBOL,0.13834415631200758,13.83441563120076,False
1994-09,5,CONMEBOL,0.13281039005952727,13.281039005952728,False
1994-10,5,CONMEBOL,0.12749797445714617,12.749797445714616,False
1994-11,5,CONMEBOL,0.12239805547886032,12.239805547886032,False
1994-12,5,CONMEBOL,0.1255021332597059,12.55021332597059,False
1995-01,5,CONMEBOL,0.12048204792931767,12.048204792931767,False
1995-02,5,CONMEBOL,0.12366276601214496,12.366276601214496,False
1995-03,5,CONMEBOL,0.12671625537165915,12.671625537165914,False
1995-04,5,CONMEBOL,0.12164760515679278,12.164760515679278,False
1995-05,5,CONMEBOL,0.13278170095052105,13.278170095052106,False
1995-06,5,CONMEBOL,0.13547043291250022,13.547043291250022,False
1995-07,5,CONMEBOL,0.14605161559600022,14.605161559600022,False
1995-08,5,CONMEBOL,0.1482095509721602,14.820955097216022,False
1995-09,5,CONMEBOL,0.1422811689332738,14.22811689332738,False
1995-10,5,CONMEBOL,0.14458992217594285,14.458992217594286,False
1995-11,5,CONMEBOL,0.14680632528890514,14.680632528890513,False
1995-12,5,CONMEBOL,0.1569340722773489,15.693407227734891,False
1996-01,5,CONMEBOL,0.15865670938625495,15.865670938625495,False
1996-02,5,CONMEBOL,0.15231044101080474,15.231044101080474,False
1996-03,5,CONMEBOL,0.15421802337037255,15.421802337037255,False
1996-04,5,CONMEBOL,0.15604930243555765,15.604930243555765,False
1996-05,5,CONMEBOL,0.14980733033813534,14.980733033813534,False
1996-06,5,CONMEBOL,0.1438150371246099,14.381503712460992,False
1996-07,5,CONMEBOL,0.1700624356396255,17.00624356396255,False
1996-08,5,CONMEBOL,0.17125993821404048,17.125993821404048,False
1996-09,5,CONMEBOL,0.16440954068547886,16.440954068547885,False
1996-10,5,CONMEBOL,0.1658331590580597,16.58331590580597,False
1996-11,5,CONMEBOL,0.16719983269573732,16.71998326957373,False
1996-12,5,CONMEBOL,0.16851183938790784,16.851183938790783,False
1997-01,5,CONMEBOL,0.16977136581239152,16.97713658123915,False
1997-02,5,CONMEBOL,0.17098051117989585,17.098051117989584,False
1997-03,5,CONMEBOL,0.1641412907327,16.41412907327,False
1997-04,5,CONMEBOL,0.165575639103392,16.5575639103392,False
1997-05,5,CONMEBOL,0.16695261353925633,16.695261353925634,False
1997-06,5,CONMEBOL,0.1682745089976861,16.82745089976861,False
1997-07,5,CONMEBOL,0.1775435286377786,17.75435286377786,False
1997-08,5,CONMEBOL,0.17844178749226747,17.844178749226746,False
1997-09,5,CONMEBOL,0.17930411599257676,17.930411599257674,False
1997-10,5,CONMEBOL,0.1801319513528737,18.01319513528737,False
1997-11,5,CONMEBOL,0.18092667329875875,18.092667329875876,False
1997-12,5,CONMEBOL,0.1816896063668084,18.16896063668084,False
1998-01,5,CONMEBOL,0.17442202211213606,17.442202211213605,False
1998-02,5,CONMEBOL,0.17544514122765062,17.54451412276506,False
1998-03,5,CONMEBOL,0.1764273355785446,17.64273355785446,False
1998-04,5,CONMEBOL,0.1773702421554028,17.73702421554028,False
1998-05,5,CONMEBOL,0.1702754324691867,17.02754324691867,False
1998-06,5,CONMEBOL,0.17146441517041922,17.14644151704192,False
1998-07,5,CONMEBOL,0.17260583856360245,17.260583856360245,False
1998-08,5,CONMEBOL,0.16570160502105835,16.570160502105836,False
1998-09,5,CONMEBOL,0.16707354082021603,16.707354082021602,False
1998-10,5,CONMEBOL,0.1683905991874074,16.83905991874074,False
1998-11,5,CONMEBOL,0.1696549752199111,16.96549752199111,False
1998-12,5,CONMEBOL,0.17086877621111465,17.086877621111466,False
1999-01,5,CONMEBOL,0.17203402516267008,17.20340251626701,False
1999-02,5,CONMEBOL,0.1731526641561633,17.31526641561633,False
1999-03,5,CONMEBOL,0.18222655758991674,18.222655758991674,False
1999-04,5,CONMEBOL,0.17493749528632005,17.493749528632005,False
1999-05,5,CONMEBOL,0.17593999547486724,17.593999547486725,False
1999-06,5,CONMEBOL,0.17690239565587257,17.690239565587255,False
1999-07,5,CONMEBOL,0.18582629982963766,18.582629982963766,False
1999-08,5,CONMEBOL,0.18639324783645217,18.63932478364522,False
1999-09,5,CONMEBOL,0.1869375179229941,18.69375179229941,False
1999-10,5,CONMEBOL,0.18746001720607433,18.746001720607435,False
1999-11,5,CONMEBOL,0.19596161651783134,19.596161651783135,False
1999-12,5,CONMEBOL,0.1961231518571181,19.61231518571181,False
2000-01,5,CONMEBOL,0.18827822578283337,18.82782257828334,False
2000-02,5,CONMEBOL,0.19674709675152002,19.674709675152002,False
2000-03,5,CONMEBOL,0.20487721288145921,20.48772128814592,False
2000-04,5,CONMEBOL,0.21268212436620082,21.268212436620082,False
2000-05,5,CONMEBOL,0.2121748393915528,21.21748393915528,False
2000-06,5,CONMEBOL,0.21968784581589068,21.96878458158907,False
2000-07,5,CONMEBOL,0.22690033198325504,22.690033198325505,False
2000-08,5,CONMEBOL,0.23382431870392484,23.382431870392484,False
2000-09,5,CONMEBOL,0.24047134595576786,24.047134595576786,False
2000-10,5,CONMEBOL,0.24685249211753713,24.685249211753714,False
2000-11,5,CONMEBOL,0.25297839243283565,25.297839243283565,False
2000-12,5,CONMEBOL,0.25085925673552223,25.08592567355222,False
2001-01,5,CONMEBOL,0.24882488646610135,24.882488646610135,False
2001-02,5,CONMEBOL,0.2468718910074573,24.68718910074573,False
2001-03,5,CONMEBOL,0.244997015367159,24.4997015367159,False
2001-04,5,CONMEBOL,0.24319713475247265,24.319713475247266,False
2001-05,5,CONMEBOL,0.24146924936237374,24.146924936237372,False
2001-06,5,CONMEBOL,0.23981047938787878,23.981047938787878,False
2001-07,5,CONMEBOL,0.24621806021236364,24.621806021236363,False
2001-08,5,CONMEBOL,0.2443693378038691,24.43693378038691,False
2001-09,5,CONMEBOL,0.24259456429171433,24.259456429171433,False
2001-10,5,CONMEBOL,0.24089078172004574,24.089078172004573,False
2001-11,5,CONMEBOL,0.2392551504512439,23.925515045124392,False
2001-12,5,CONMEBOL,0.22968494443319415,22.968494443319415,False
2002-01,5,CONMEBOL,0.22849754665586638,22.849754665586637,False
2002-02,5,CONMEBOL,0.22735764478963172,22.735764478963173,False
2002-03,5,CONMEBOL,0.22626333899804646,22.626333899804646,False
2002-04,5,CONMEBOL,0.2252128054381246,22.52128054381246,False
2002-05,5,CONMEBOL,0.2162042932205996,21.620429322059962,False
2002-06,5,CONMEBOL,0.22355612149177562,22.35561214917756,False
2002-07,5,CONMEBOL,0.21461387663210457,21.461387663210456,False
2002-08,5,CONMEBOL,0.2140293215668204,21.402932156682038,False
2002-09,5,CONMEBOL,0.20546814870414756,20.546814870414757,False
2002-10,5,CONMEBOL,0.19724942275598165,19.724942275598163,False
2002-11,5,CONMEBOL,0.2053594458457424,20.53594458457424,False
2002-12,5,CONMEBOL,0.1971450680119127,19.71450680119127,False
2003-01,5,CONMEBOL,0.1972592652914362,19.72592652914362,False
2003-02,5,CONMEBOL,0.20536889467977876,20.536889467977876,False
2003-03,5,CONMEBOL,0.2051541388925876,20.51541388925876,False
2003-04,5,CONMEBOL,0.2129479733368841,21.294797333688408,False
2003-05,5,CONMEBOL,0.20443005440340872,20.443005440340873,False
2003-06,5,CONMEBOL,0.21225285222727236,21.225285222727237,False
2003-07,5,CONMEBOL,0.22776273813818146,22.776273813818147,False
2003-08,5,CONMEBOL,0.2266522286126542,22.66522286126542,False
2003-09,5,CONMEBOL,0.233586139468148,23.3586139468148,False
2003-10,5,CONMEBOL,0.23224269388942206,23.224269388942208,False
2003-11,5,CONMEBOL,0.2389529861338452,23.89529861338452,False
2003-12,5,CONMEBOL,0.24539486668849136,24.539486668849136,False
2004-01,5,CONMEBOL,0.2355790720209517,23.557907202095173,False
2004-02,5,CONMEBOL,0.23415590914011364,23.415590914011364,False
2004-03,5,CONMEBOL,0.24078967277450908,24.078967277450907,False
2004-04,5,CONMEBOL,0.24715808586352872,24.71580858635287,False
2004-05,5,CONMEBOL,0.24527176242898757,24.527176242898758,False
2004-06,5,CONMEBOL,0.2514608919318281,25.146089193182807,False
2004-07,5,CONMEBOL,0.25740245625455493,25.740245625455493,False
2004-08,5,CONMEBOL,0.2631063580043727,26.31063580043727,False
2004-09,5,CONMEBOL,0.2685821036841978,26.858210368419783,False
2004-10,5,CONMEBOL,0.2738388195368299,27.38388195368299,False
2004-11,5,CONMEBOL,0.27888526675535674,27.888526675535672,False
2004-12,5,CONMEBOL,0.27572985608514244,27.572985608514244,False
2005-01,5,CONMEBOL,0.27270066184173675,27.270066184173675,False
2005-02,5,CONMEBOL,0.2777926353680673,27.77926353680673,False
2005-03,5,CONMEBOL,0.2826809299533446,28.26809299533446,False
2005-04,5,CONMEBOL,0.2793736927552108,27.93736927552108,False
2005-05,5,CONMEBOL,0.26819874504500235,26.819874504500234,False
2005-06,5,CONMEBOL,0.2734707952432023,27.34707952432023,False
2005-07,5,CONMEBOL,0.2625319634334742,26.25319634334742,False
2005-08,5,CONMEBOL,0.26803068489613524,26.803068489613523,False
2005-09,5,CONMEBOL,0.27330945750028984,27.330945750028985,False
2005-10,5,CONMEBOL,0.27837707920027827,27.837707920027828,False
2005-11,5,CONMEBOL,0.2752419960322671,27.524199603226712,False
2005-12,5,CONMEBOL,0.28023231619097644,28.023231619097643,False
2006-01,5,CONMEBOL,0.26902302354333735,26.902302354333735,False
2006-02,5,CONMEBOL,0.25826210260160387,25.826210260160387,False
2006-03,5,CONMEBOL,0.2559316184975397,25.59316184975397,False
2006-04,5,CONMEBOL,0.2536943537576381,25.36943537576381,False
2006-05,5,CONMEBOL,0.24354657960733256,24.354657960733256,False
2006-06,5,CONMEBOL,0.24980471642303925,24.980471642303925,False
2006-07,5,CONMEBOL,0.24781252776611767,24.78125277661177,False
2006-08,5,CONMEBOL,0.24590002665547298,24.5900026655473,False
2006-09,5,CONMEBOL,0.24406402558925405,24.406402558925404,False
2006-10,5,CONMEBOL,0.24230146456568388,24.230146456568388,False
2006-11,5,CONMEBOL,0.24060940598305652,24.060940598305653,False
2006-12,5,CONMEBOL,0.23898502974373426,23.898502974373425,False
2007-01,5,CONMEBOL,0.23742562855398489,23.74256285539849,False
2007-02,5,CONMEBOL,0.24392860341182548,24.392860341182548,False
2007-03,5,CONMEBOL,0.24217145927535247,24.217145927535245,False
2007-04,5,CONMEBOL,0.24848460090433838,24.84846009043384,False
2007-05,5,CONMEBOL,0.24654521686816486,24.654521686816487,False
2007-06,5,CONMEBOL,0.25268340819343826,25.268340819343827,False
2007-07,5,CONMEBOL,0.26657607186570076,26.657607186570075,False
2007-08,5,CONMEBOL,0.2719130289910727,27.19130289910727,False
2007-09,5,CONMEBOL,0.2770365078314298,27.70365078314298,False
2007-10,5,CONMEBOL,0.28195504751817263,28.195504751817264,False
2007-11,5,CONMEBOL,0.2866768456174457,28.667684561744572,False
2007-12,5,CONMEBOL,0.27520977179274786,27.520977179274787,False
2008-01,5,CONMEBOL,0.26420138092103795,26.420138092103794,False
2008-02,5,CONMEBOL,0.26163332568419645,26.163332568419644,False
2008-03,5,CONMEBOL,0.2671679926568286,26.716799265682862,False
2008-04,5,CONMEBOL,0.25648127295055545,25.648127295055545,False
2008-05,5,CONMEBOL,0.2622220220325332,26.22220220325332,False
2008-06,5,CONMEBOL,0.26773314115123187,26.77331411512319,False
2008-07,5,CONMEBOL,0.2570238155051826,25.70238155051826,False
2008-08,5,CONMEBOL,0.2547428628849753,25.474286288497527,False
2008-09,5,CONMEBOL,0.26055314836957627,26.055314836957628,False
2008-10,5,CONMEBOL,0.25813102243479324,25.813102243479324,False
2008-11,5,CONMEBOL,0.2558057815374015,25.580578153740152,False
2008-12,5,CONMEBOL,0.24557355027590544,24.557355027590543,False
2009-01,5,CONMEBOL,0.24375060826486922,24.375060826486923,False
2009-02,5,CONMEBOL,0.25000058393427443,25.000058393427445,False
2009-03,5,CONMEBOL,0.25600056057690346,25.600056057690345,False
2009-04,5,CONMEBOL,0.2537605381538273,25.376053815382733,False
2009-05,5,CONMEBOL,0.2596101166276742,25.96101166276742,False
2009-06,5,CONMEBOL,0.2572257119625672,25.722571196256723,False
2009-07,5,CONMEBOL,0.24693668348406453,24.693668348406455,False
2009-08,5,CONMEBOL,0.24505921614470194,24.505921614470193,False
2009-09,5,CONMEBOL,0.24325684749891385,24.325684749891387,False
2009-10,5,CONMEBOL,0.2415265735989573,24.15265735989573,False
2009-11,5,CONMEBOL,0.239865510654999,23.9865510654999,False
2009-12,5,CONMEBOL,0.23827089022879905,23.827089022879903,False
2010-01,5,CONMEBOL,0.2447400546196471,24.47400546196471,False
2010-02,5,CONMEBOL,0.2429504524348612,24.295045243486122,False
2010-03,5,CONMEBOL,0.24123243433746677,24.123243433746676,False
2010-04,5,CONMEBOL,0.2315831369639681,23.15831369639681,False
2010-05,5,CONMEBOL,0.23031981148540936,23.031981148540936,False
2010-06,5,CONMEBOL,0.23710701902599296,23.710701902599297,False
2010-07,5,CONMEBOL,0.24362273826495323,24.362273826495322,False
2010-08,5,CONMEBOL,0.2498778287343551,24.98778287343551,False
2010-09,5,CONMEBOL,0.2478827155849809,24.78827155849809,False
2010-10,5,CONMEBOL,0.25396740696158165,25.396740696158165,False
2010-11,5,CONMEBOL,0.2598087106831184,25.98087106831184,False
2010-12,5,CONMEBOL,0.24941636225579364,24.941636225579362,False
2011-01,5,CONMEBOL,0.2474397077655619,24.74397077655619,False
2011-02,5,CONMEBOL,0.25354211945493943,25.354211945493944,False
2011-03,5,CONMEBOL,0.25940043467674184,25.940043467674183,False
2011-04,5,CONMEBOL,0.2650244172896722,26.50244172896722,False
2011-05,5,CONMEBOL,0.2784234405980853,27.842344059808532,False
2011-06,5,CONMEBOL,0.2832865029741619,28.328650297416193,False
2011-07,5,CONMEBOL,0.31195504285519543,31.195504285519544,False
2011-08,5,CONMEBOL,0.3154768411409876,31.54768411409876,False
2011-09,5,CONMEBOL,0.3188577674953481,31.885776749534813,False
2011-10,5,CONMEBOL,0.3221034567955342,32.21034567955342,False
2011-11,5,CONMEBOL,0.32521931852371283,32.52193185237128,False
2011-12,5,CONMEBOL,0.3282105457827643,32.82105457827643,False
2012-01,5,CONMEBOL,0.31508212395145374,31.508212395145375,False
2012-02,5,CONMEBOL,0.3184788389933956,31.847883899339557,False
2012-03,5,CONMEBOL,0.32173968543365977,32.17396854336598,False
2012-04,5,CONMEBOL,0.3328700980163134,33.28700980163134,False
2012-05,5,CONMEBOL,0.33555529409566087,33.555529409566084,False
2012-06,5,CONMEBOL,0.3381330823318344,33.81330823318344,False
2012-07,5,CONMEBOL,0.32460775903856104,32.4607759038561,False
2012-08,5,CONMEBOL,0.3356234486770186,33.56234486770186,False
2012-09,5,CONMEBOL,0.33819851072993784,33.819851072993785,False
2012-10,5,CONMEBOL,0.3406705703007403,34.06705703007403,False
2012-11,5,CONMEBOL,0.3430437474887107,34.30437474887107,False
2012-12,5,CONMEBOL,0.32932199758916225,32.93219975891623,False
2013-01,5,CONMEBOL,0.32414911768559573,32.41491176855958,False
2013-02,5,CONMEBOL,0.3271831529781719,32.71831529781719,False
2013-03,5,CONMEBOL,0.33009582685904504,33.009582685904505,False
2013-04,5,CONMEBOL,0.3488919937846833,34.88919937846833,False
2013-05,5,CONMEBOL,0.34293631403329594,34.29363140332959,False
2013-06,5,CONMEBOL,0.3452188614719641,34.52188614719641,False
2013-07,5,CONMEBOL,0.33141010701308554,33.14101070130855,False
2013-08,5,CONMEBOL,0.3341537027325621,33.415370273256215,False
2013-09,5,CONMEBOL,0.34478755462325966,34.478755462325964,False
2013-10,5,CONMEBOL,0.34699605243832926,34.69960524383293,False
2013-11,5,CONMEBOL,0.3491162103407961,34.91162103407961,False
2013-12,5,CONMEBOL,0.34315156192716423,34.31515619271642,False
2014-01,5,CONMEBOL,0.33742549945007766,33.74254994500777,False
2014-02,5,CONMEBOL,0.32392847947207454,32.39284794720746,False
2014-03,5,CONMEBOL,0.3349713402931916,33.497134029319156,False
2014-04,5,CONMEBOL,0.32157248668146393,32.157248668146394,False
2014-05,5,CONMEBOL,0.3167095872142054,31.67095872142054,False
2014-06,5,CONMEBOL,0.32004120372563716,32.00412037256372,False
2014-07,5,CONMEBOL,0.32323955557661166,32.323955557661165,False
2014-08,5,CONMEBOL,0.3183099733535472,31.83099733535472,False
2014-09,5,CONMEBOL,0.3215775744194053,32.15775744194053,False
2014-10,5,CONMEBOL,0.3327144714426291,33.27144714426291,False
2014-11,5,CONMEBOL,0.3354058925849239,33.54058925849239,False
2014-12,5,CONMEBOL,0.321989656881527,32.1989656881527,False
2015-01,5,CONMEBOL,0.3171100706062659,31.71100706062659,False
2015-02,5,CONMEBOL,0.30442566778201524,30.442566778201524,False
2015-03,5,CONMEBOL,0.31624864107073464,31.624864107073464,False
2015-04,5,CONMEBOL,0.30359869542790524,30.359869542790523,False
2015-05,5,CONMEBOL,0.29145474761078904,29.145474761078905,False
2015-06,5,CONMEBOL,0.3037965577063575,30.37965577063575,False
2015-07,5,CONMEBOL,0.3156446953981032,31.564469539810318,False
2015-08,5,CONMEBOL,0.30301890758217903,30.301890758217905,False
2015-09,5,CONMEBOL,0.31489815127889187,31.489815127889187,False
2015-10,5,CONMEBOL,0.3263022252277362,32.63022252277362,False
2015-11,5,CONMEBOL,0.33725013621862676,33.72501362186268,False
2015-12,5,CONMEBOL,0.3237601307698817,32.37601307698817,False
2016-01,5,CONMEBOL,0.3108097255390864,31.08097255390864,False
2016-02,5,CONMEBOL,0.29837733651752296,29.837733651752295,False
2016-03,5,CONMEBOL,0.30244224305682205,30.244224305682206,False
2016-04,5,CONMEBOL,0.29034455333454917,29.03445533345492,False
2016-05,5,CONMEBOL,0.2867307712011672,28.67307712011672,False
2016-06,5,CONMEBOL,0.2992615403531205,29.926154035312052,False
2016-07,5,CONMEBOL,0.2872910787389957,28.72910787389957,False
2016-08,5,CONMEBOL,0.2757994355894358,27.579943558943583,False
2016-09,5,CONMEBOL,0.2887674581658584,28.876745816585842,False
2016-10,5,CONMEBOL,0.3012167598392241,30.121675983922408,False
2016-11,5,CONMEBOL,0.3131680894456551,31.316808944565512,False
2016-12,5,CONMEBOL,0.3006413658678289,30.06413658678289,False
2017-01,5,CONMEBOL,0.30461571123311576,30.461571123311575,False
2017-02,5,CONMEBOL,0.3004310827837911,30.043108278379112,False
2017-03,5,CONMEBOL,0.31241383947243945,31.241383947243946,False
2017-04,5,CONMEBOL,0.2999172858935419,29.99172858935419,False
2017-05,5,CONMEBOL,0.2879205944578002,28.792059445780023,False
2017-06,5,CONMEBOL,0.2924037706794882,29.24037706794882,False
2017-07,5,CONMEBOL,0.28870761985230864,28.870761985230864,False
2017-08,5,CONMEBOL,0.2931593150582163,29.31593150582163,False
2017-09,5,CONMEBOL,0.29743294245588764,29.743294245588764,False
2017-10,5,CONMEBOL,0.3015356247576521,30.15356247576521,False
2017-11,5,CONMEBOL,0.305474199767346,30.547419976734602,False
2017-12,5,CONMEBOL,0.2932552317766522,29.325523177665218,False
2018-01,5,CONMEBOL,0.2815250225055861,28.15250225055861,False
2018-02,5,CONMEBOL,0.2702640216053626,27.02640216053626,False
2018-03,5,CONMEBOL,0.28345346074114813,28.345346074114815,False
2018-04,5,CONMEBOL,0.2721153223115022,27.21153223115022,False
2018-05,5,CONMEBOL,0.2772307094190421,27.72307094190421,False
2018-06,5,CONMEBOL,0.28214148104228043,28.214148104228045,False
2018-07,5,CONMEBOL,0.2788558218005892,27.885582180058922,False
2018-08,5,CONMEBOL,0.26770158892856566,26.770158892856564,False
2018-09,5,CONMEBOL,0.272993525371423,27.2993525371423,False
2018-10,5,CONMEBOL,0.2700737843565661,27.00737843565661,False
2018-11,5,CONMEBOL,0.2672708329823035,26.727083298230347,False
2018-12,5,CONMEBOL,0.2565799996630113,25.65799996630113,False
2019-01,5,CONMEBOL,0.24631679967649087,24.631679967649088,False
2019-02,5,CONMEBOL,0.23646412768943123,23.646412768943122,False
2019-03,5,CONMEBOL,0.23500556258185398,23.500556258185398,False
2019-04,5,CONMEBOL,0.23360534007857983,23.360534007857982,False
2019-05,5,CONMEBOL,0.22426112647543664,22.426112647543665,False
2019-06,5,CONMEBOL,0.22329068141641917,22.329068141641915,False
2019-07,5,CONMEBOL,0.23835905415976238,23.83590541597624,False
2019-08,5,CONMEBOL,0.22882469199337188,22.882469199337187,False
2019-09,5,CONMEBOL,0.227671704313637,22.767170431363702,False
2019-10,5,CONMEBOL,0.22656483614109152,22.656483614109153,False
2019-11,5,CONMEBOL,0.23350224269544784,23.350224269544782,False
2019-12,5,CONMEBOL,0.22416215298762993,22.416215298762992,False
2020-01,5,CONMEBOL,0.21519566686812472,21.51956668681247,False
2020-02,5,CONMEBOL,0.20658784019339974,20.658784019339972,False
2020-03,5,CONMEBOL,0.19832432658566373,19.832432658566372,False
2020-04,5,CONMEBOL,0.19039135352223718,19.039135352223717,False
2020-05,5,CONMEBOL,0.1827756993813477,18.277569938134768,False
2020-06,5,CONMEBOL,0.1754646714060938,17.54646714060938,False
2020-07,5,CONMEBOL,0.16844608454985002,16.844608454985003,False
2020-08,5,CONMEBOL,0.161708241167856,16.1708241167856,False
2020-09,5,CONMEBOL,0.15523991152114178,15.523991152114178,False
2020-10,5,CONMEBOL,0.1570303150602961,15.70303150602961,False
2020-11,5,CONMEBOL,0.15874910245788426,15.874910245788426,False
2020-12,5,CONMEBOL,0.1523991383595689,15.239913835956889,False
2021-01,5,CONMEBOL,0.14630317282518612,14.630317282518613,False
2021-02,5,CONMEBOL,0.14045104591217866,14.045104591217866,False
2021-03,5,CONMEBOL,0.13483300407569151,13.483300407569152,False
2021-04,5,CONMEBOL,0.12943968391266386,12.943968391266386,False
2021-05,5,CONMEBOL,0.1242620965561573,12.42620965561573,False
2021-06,5,CONMEBOL,0.135291612693911,13.5291612693911,False
2021-07,5,CONMEBOL,0.14587994818615457,14.587994818615456,False
2021-08,5,CONMEBOL,0.14004475025870838,14.004475025870839,False
2021-09,5,CONMEBOL,0.15044296024836007,15.044296024836006,False
2021-10,5,CONMEBOL,0.16042524183842566,16.042524183842566,False
2021-11,5,CONMEBOL,0.17000823216488864,17.000823216488865,False
2021-12,5,CONMEBOL,0.17920790287829308,17.92079028782931,False
2022-01,5,CONMEBOL,0.19603958676316136,19.603958676316136,False
2022-02,5,CONMEBOL,0.20419800329263488,20.419800329263488,False
2022-03,5,CONMEBOL,0.21203008316092947,21.203008316092948,False
2022-04,5,CONMEBOL,0.2035488798344923,20.35488798344923,False
2022-05,5,CONMEBOL,0.1954069246411126,19.54069246411126,False
2022-06,5,CONMEBOL,0.20359064765546808,20.359064765546808,False
2022-07,5,CONMEBOL,0.19544702174924936,19.544702174924936,False
2022-08,5,CONMEBOL,0.20762914087927936,20.762914087927935,False
2022-09,5,CONMEBOL,0.21532397524410818,21.53239752441082,False
2022-10,5,CONMEBOL,0.20671101623434385,20.671101623434385,False
2022-11,5,CONMEBOL,0.2144425755849701,21.44425755849701,False
2022-12,5,CONMEBOL,0.22186487256157128,22.18648725615713,False
2023-01,5,CONMEBOL,0.2129902776591084,21.299027765910843,False
2023-02,5,CONMEBOL,0.20447066655274407,20.44706665527441,False
2023-03,5,CONMEBOL,0.21229183989063427,21.229183989063426,False
2023-04,5,CONMEBOL,0.20380016629500888,20.38001662950089,False
2023-05,5,CONMEBOL,0.19564815964320853,19.564815964320854,False
2023-06,5,CONMEBOL,0.20382223325748017,20.382223325748015,False
2023-07,5,CONMEBOL,0.19566934392718097,19.566934392718096,False
2023-08,5,CONMEBOL,0.19584257017009374,19.584257017009374,False
2023-09,5,CONMEBOL,0.20400886736329,20.400886736329,False
2023-10,5,CONMEBOL,0.21184851266875837,21.18485126687584,False
2023-11,5,CONMEBOL,0.219374572162008,21.9374572162008,False
2023-12,5,CONMEBOL,0.2105995892755277,21.05995892755277,False
2024-01,5,CONMEBOL,0.20217560570450657,20.217560570450658,False
2024-02,5,CONMEBOL,0.1940885814763263,19.40885814763263,False
2024-03,5,CONMEBOL,0.2023250382172732,20.23250382172732,False
2024-04,5,CONMEBOL,0.19423203668858227,19.42320366885823,False
2024-05,5,CONMEBOL,0.20246275522103896,20.246275522103897,False
2024-06,5,CONMEBOL,0.21036424501219742,21.03642450121974,False
2024-07,5,CONMEBOL,0.2179496752117095,21.79496752117095,False
2024-08,5,CONMEBOL,0.20923168820324112,20.92316882032411,False
2024-09,5,CONMEBOL,0.20886242067511146,20.886242067511144,False
2024-10,5,CONMEBOL,0.21650792384810702,21.650792384810703,False
2024-11,5,CONMEBOL,0.2238476068941827,22.384760689418272,False
2024-12,5,CONMEBOL,0.2148937026184154,21.48937026184154,False
2025-01,5,CONMEBOL,0.20629795451367877,20.629795451367876,False
2025-02,5,CONMEBOL,0.20604603633313162,20.60460363331316,False
2025-03,5,CONMEBOL,0.20580419487980636,20.580419487980635,False
2025-04,5,CONMEBOL,0.2055720270846141,20.55720270846141,False
2025-05,5,CONMEBOL,0.19734914600122955,19.734914600122956,False
2025-06,5,CONMEBOL,0.20545518016118036,20.545518016118038,False
2025-07,5,CONMEBOL,0.19723697295473314,19.723697295473315,False
2025-08,5,CONMEBOL,0.1893474940365438,18.93474940365438,False
2025-09,5,CONMEBOL,0.18977359427508206,18.977359427508205,False
2025-10,5,CONMEBOL,0.1901826505040788,19.01826505040788,False
2025-11,5,CONMEBOL,0.19057534448391564,19.057534448391564,False
2025-12,5,CONMEBOL,0.18295233070455902,18.2952330704559,False
2026-01,5,CONMEBOL,0.17563423747637666,17.563423747637668,False
2026-02,5,CONMEBOL,0.16860886797732158,16.860886797732157,False
2026-03,5,CONMEBOL,0.17786451325822872,17.78645132582287,False
2026-04,5,CONMEBOL,0.18674993272789958,18.67499327278996,False
2026-05,5,CONMEBOL,0.19527993541878358,19.52799354187836,False
2026-06,5,CONMEBOL,0.20346873800203225,20.346873800203223,False
2026-07,5,CONMEBOL,0.20332998848195097,20.332998848195096,False
2026-08,5,CONMEBOL,0.20332998848195097,20.332998848195096,True
2026-09,5,CONMEBOL,0.20332998848195097,20.332998848195096,True
2026-10,5,CONMEBOL,0.20332998848195097,20.332998848195096,True
2026-11,5,CONMEBOL,0.20332998848195097,20.332998848195096,True
2026-12,5,CONMEBOL,0.20332998848195097,20.332998848195096,True
2027-01,5,CONMEBOL,0.20332998848195097,20.332998848195096,True
2027-02,5,CONMEBOL,0.20332998848195097,20.332998848195096,True
2027-03,5,CONMEBOL,0.20332998848195097,20.332998848195096,True
2027-04,5,CONMEBOL,0.20332998848195097,20.332998848195096,True
2027-05,5,CONMEBOL,0.20332998848195097,20.332998848195096,True
2027-06,5,CONMEBOL,0.20332998848195097,20.332998848195096,True
2027-07,5,CONMEBOL,0.20332998848195097,20.332998848195096,True
1992-01,5,CAF,0.6,60.0,False
1992-02,5,CAF,0.564,56.39999999999999,False
1992-03,5,CAF,0.53016,53.016,False
1992-04,5,CAF,0.4983503999999999,49.83503999999999,False
1992-05,5,CAF,0.4684493759999999,46.844937599999994,False
1992-06,5,CAF,0.4403424134399999,44.034241343999994,False
1992-07,5,CAF,0.42592186863359993,42.59218686335999,False
1992-08,5,CAF,0.4003665565155839,40.03665565155839,False
1992-09,5,CAF,0.3763445631246488,37.634456312464884,False
1992-10,5,CAF,0.35376388933716985,35.37638893371698,False
1992-11,5,CAF,0.33253805597693964,33.25380559769396,False
1992-12,5,CAF,0.31258577261832327,31.258577261832325,False
1993-01,5,CAF,0.29383062626122386,29.383062626122385,False
1993-02,5,CAF,0.2762007886855504,27.62007886855504,False
1993-03,5,CAF,0.2596287413644174,25.962874136441737,False
1993-04,5,CAF,0.24405101688255232,24.405101688255233,False
1993-05,5,CAF,0.22940795586959917,22.940795586959915,False
1993-06,5,CAF,0.21564347851742321,21.564347851742323,False
1993-07,5,CAF,0.2027048698063778,20.27048698063778,False
1993-08,5,CAF,0.19054257761799512,19.054257761799512,False
1993-09,5,CAF,0.1791100229609154,17.911002296091542,False
1993-10,5,CAF,0.16836342158326048,16.836342158326048,False
1993-11,5,CAF,0.15826161628826485,15.826161628826485,False
1993-12,5,CAF,0.14876591931096894,14.876591931096893,False
1994-01,5,CAF,0.1398399641523108,13.98399641523108,False
1994-02,5,CAF,0.13144956630317214,13.144956630317214,False
1994-03,5,CAF,0.1235625923249818,12.35625923249818,False
1994-04,5,CAF,0.11614883678548289,11.614883678548289,False
1994-05,5,CAF,0.10917990657835391,10.917990657835391,False
1994-06,5,CAF,0.10262911218365267,10.262911218365268,False
1994-07,5,CAF,0.0964713654526335,9.64713654526335,False
1994-08,5,CAF,0.10268308352547549,10.26830835254755,False
1994-09,5,CAF,0.09652209851394696,9.652209851394696,False
1994-10,5,CAF,0.09073077260311013,9.073077260311013,False
1994-11,5,CAF,0.08528692624692352,8.528692624692352,False
1994-12,5,CAF,0.08016971067210811,8.016971067210811,False
1995-01,5,CAF,0.07535952803178161,7.535952803178161,False
1995-02,5,CAF,0.07083795634987472,7.083795634987472,False
1995-03,5,CAF,0.06658767896888224,6.658767896888223,False
1995-04,5,CAF,0.06259241823074929,6.259241823074929,False
1995-05,5,CAF,0.05883687313690433,5.883687313690434,False
1995-06,5,CAF,0.05530666074869007,5.530666074869007,False
1995-07,5,CAF,0.05198826110376866,5.198826110376866,False
1995-08,5,CAF,0.04886896543754254,4.886896543754253,False
1995-09,5,CAF,0.04593682751128998,4.593682751128998,False
1995-10,5,CAF,0.04318061786061258,4.318061786061258,False
1995-11,5,CAF,0.04058978078897582,4.058978078897582,False
1995-12,5,CAF,0.03815439394163727,3.815439394163727,False
1996-01,5,CAF,0.05986513030513904,5.986513030513904,False
1996-02,5,CAF,0.0562732224868307,5.62732224868307,False
1996-03,5,CAF,0.05289682913762085,5.2896829137620855,False
1996-04,5,CAF,0.0497230193893636,4.97230193893636,False
1996-05,5,CAF,0.04673963822600178,4.673963822600178,False
1996-06,5,CAF,0.04393525993244167,4.393525993244167,False
1996-07,5,CAF,0.04129914433649517,4.129914433649517,False
1996-08,5,CAF,0.03882119567630546,3.882119567630546,False
1996-09,5,CAF,0.03649192393572713,3.649192393572713,False
1996-10,5,CAF,0.0343024084995835,3.43024084995835,False
1996-11,5,CAF,0.03224426398960849,3.2244263989608486,False
1996-12,5,CAF,0.030309608150231978,3.0309608150231977,False
1997-01,5,CAF,0.028491031661218056,2.8491031661218056,False
1997-02,5,CAF,0.02678156976154497,2.678156976154497,False
1997-03,5,CAF,0.025174675575852273,2.5174675575852272,False
1997-04,5,CAF,0.023664195041301135,2.3664195041301137,False
1997-05,5,CAF,0.03424434333882307,3.424434333882307,False
1997-06,5,CAF,0.03218968273849369,3.218968273849369,False
1997-07,5,CAF,0.04225830177418407,4.225830177418407,False
1997-08,5,CAF,0.03972280366773302,3.9722803667733024,False
1997-09,5,CAF,0.03733943544766904,3.7339435447669036,False
1997-10,5,CAF,0.0350990693208089,3.5099069320808898,False
1997-11,5,CAF,0.03299312516156036,3.299312516156036,False
1997-12,5,CAF,0.03101353765186674,3.101353765186674,False
1998-01,5,CAF,0.029152725392754732,2.915272539275473,False
1998-02,5,CAF,0.027403561869189446,2.7403561869189446,False
1998-03,5,CAF,0.02575934815703808,2.575934815703808,False
1998-04,5,CAF,0.02421378726761579,2.421378726761579,False
1998-05,5,CAF,0.022760960031558843,2.2760960031558843,False
1998-06,5,CAF,0.02139530242966531,2.139530242966531,False
1998-07,5,CAF,0.020111584283885393,2.0111584283885393,False
1998-08,5,CAF,0.018904889226852267,1.8904889226852268,False
1998-09,5,CAF,0.01777059587324113,1.7770595873241128,False
1998-10,5,CAF,0.01670436012084666,1.670436012084666,False
1998-11,5,CAF,0.01570209851359586,1.5702098513595861,False
1998-12,5,CAF,0.014759972602780108,1.475997260278011,False
1999-01,5,CAF,0.0378743742466133,3.7874374246613303,False
1999-02,5,CAF,0.0356019117918165,3.56019117918165,False
1999-03,5,CAF,0.03346579708430751,3.346579708430751,False
1999-04,5,CAF,0.031457849259249056,3.1457849259249056,False
1999-05,5,CAF,0.02957037830369411,2.957037830369411,False
1999-06,5,CAF,0.02779615560547246,2.779615560547246,False
1999-07,5,CAF,0.02612838626914411,2.612838626914411,False
1999-08,5,CAF,0.024560683092995462,2.456068309299546,False
1999-09,5,CAF,0.02308704210741573,2.308704210741573,False
1999-10,5,CAF,0.021701819580970786,2.1701819580970785,False
1999-11,5,CAF,0.020399710406112537,2.039971040611254,False
1999-12,5,CAF,0.031175727781745786,3.1175727781745786,False
2000-01,5,CAF,0.04130518411484104,4.130518411484104,False
2000-02,5,CAF,0.038826873067950574,3.8826873067950576,False
2000-03,5,CAF,0.03649726068387354,3.649726068387354,False
2000-04,5,CAF,0.03430742504284112,3.430742504284112,False
2000-05,5,CAF,0.03224897954027065,3.2248979540270652,False
2000-06,5,CAF,0.030314040767854412,3.0314040767854413,False
2000-07,5,CAF,0.028495198321783145,2.8495198321783146,False
2000-08,5,CAF,0.026785486422476155,2.6785486422476157,False
2000-09,5,CAF,0.025178357237127583,2.5178357237127584,False
2000-10,5,CAF,0.023667655802899926,2.3667655802899925,False
2000-11,5,CAF,0.02224759645472593,2.224759645472593,False
2000-12,5,CAF,0.02091274066744237,2.091274066744237,False
2001-01,5,CAF,0.03165797622739583,3.165797622739583,False
2001-02,5,CAF,0.02975849765375208,2.975849765375208,False
2001-03,5,CAF,0.027972987794526952,2.7972987794526953,False
2001-04,5,CAF,0.026294608526855334,2.6294608526855336,False
2001-05,5,CAF,0.02471693201524401,2.4716932015244013,False
2001-06,5,CAF,0.02323391609432937,2.323391609432937,False
2001-07,5,CAF,0.021839881128669608,2.183988112866961,False
2001-08,5,CAF,0.02052948826094943,2.052948826094943,False
2001-09,5,CAF,0.019297718965292462,1.9297718965292463,False
2001-10,5,CAF,0.018139855827374915,1.8139855827374916,False
2001-11,5,CAF,0.01705146447773242,1.7051464477732419,False
2001-12,5,CAF,0.04002837660906848,4.002837660906848,False
2002-01,5,CAF,0.04962667401252437,4.962667401252437,False
2002-02,5,CAF,0.046649073571772906,4.664907357177291,False
2002-03,5,CAF,0.04385012915746653,4.385012915746652,False
2002-04,5,CAF,0.04121912140801853,4.121912140801854,False
2002-05,5,CAF,0.03874597412353742,3.874597412353742,False
2002-06,5,CAF,0.03642121567612517,3.642121567612517,False
2002-07,5,CAF,0.04623594273555766,4.623594273555766,False
2002-08,5,CAF,0.0434617861714242,4.34617861714242,False
2002-09,5,CAF,0.04085407900113874,4.085407900113874,False
2002-10,5,CAF,0.03840283426107042,3.840283426107042,False
2002-11,5,CAF,0.036098664205406195,3.6098664205406195,False
2002-12,5,CAF,0.05793274435308182,5.793274435308183,False
2003-01,5,CAF,0.05445677969189691,5.445677969189691,False
2003-02,5,CAF,0.05118937291038309,5.118937291038309,False
2003-03,5,CAF,0.048118010535760106,4.81180105357601,False
2003-04,5,CAF,0.0452309299036145,4.52309299036145,False
2003-05,5,CAF,0.06651707410939763,6.651707410939762,False
2003-06,5,CAF,0.06252604966283376,6.252604966283376,False
2003-07,5,CAF,0.05877448668306373,5.877448668306373,False
2003-08,5,CAF,0.05524801748207991,5.524801748207991,False
2003-09,5,CAF,0.05193313643315511,5.193313643315511,False
2003-10,5,CAF,0.0488171482471658,4.88171482471658,False
2003-11,5,CAF,0.045888119352335846,4.5888119352335845,False
2003-12,5,CAF,0.0551348321911957,5.51348321911957,False
2004-01,5,CAF,0.09982674225972396,9.982674225972396,False
2004-02,5,CAF,0.09383713772414051,9.383713772414051,False
2004-03,5,CAF,0.08820690946069208,8.820690946069208,False
2004-04,5,CAF,0.08291449489305056,8.291449489305055,False
2004-05,5,CAF,0.07793962519946752,7.793962519946753,False
2004-06,5,CAF,0.07326324768749946,7.326324768749946,False
2004-07,5,CAF,0.0688674528262495,6.88674528262495,False
2004-08,5,CAF,0.06473540565667452,6.473540565667451,False
2004-09,5,CAF,0.06085128131727404,6.085128131727404,False
2004-10,5,CAF,0.0572002044382376,5.72002044382376,False
2004-11,5,CAF,0.05376819217194334,5.376819217194334,False
2004-12,5,CAF,0.05054210064162674,5.054210064162674,False
2005-01,5,CAF,0.04750957460312913,4.750957460312913,False
2005-02,5,CAF,0.04465900012694138,4.465900012694138,False
2005-03,5,CAF,0.04197946011932489,4.19794601193249,False
2005-04,5,CAF,0.0394606925121654,3.94606925121654,False
2005-05,5,CAF,0.037093050961435475,3.7093050961435474,False
2005-06,5,CAF,0.034867467903749345,3.4867467903749345,False
2005-07,5,CAF,0.044775419829524384,4.477541982952438,False
2005-08,5,CAF,0.04208889463975292,4.208889463975292,False
2005-09,5,CAF,0.03956356096136774,3.956356096136774,False
2005-10,5,CAF,0.037189747303685676,3.7189747303685676,False
2005-11,5,CAF,0.034958362465464535,3.4958362465464536,False
2005-12,5,CAF,0.05686086071753667,5.6860860717536665,False
2006-01,5,CAF,0.07744920907448447,7.744920907448447,False
2006-02,5,CAF,0.0968022565300154,9.68022565300154,False
2006-03,5,CAF,0.09099412113821446,9.099412113821446,False
2006-04,5,CAF,0.09753447386992159,9.753447386992159,False
2006-05,5,CAF,0.0916824054377263,9.16824054377263,False
2006-06,5,CAF,0.08618146111146271,8.618146111146272,False
2006-07,5,CAF,0.08101057344477494,8.101057344477494,False
2006-08,5,CAF,0.07614993903808844,7.614993903808844,False
2006-09,5,CAF,0.07158094269580312,7.158094269580312,False
2006-10,5,CAF,0.06728608613405493,6.728608613405493,False
2006-11,5,CAF,0.06324892096601163,6.324892096601163,False
2006-12,5,CAF,0.07145398570805093,7.145398570805093,False
2007-01,5,CAF,0.06716674656556787,6.716674656556787,False
2007-02,5,CAF,0.0631367417716338,6.31367417716338,False
2007-03,5,CAF,0.05934853726533577,5.934853726533577,False
2007-04,5,CAF,0.06778762502941561,6.778762502941562,False
2007-05,5,CAF,0.07572036752765067,7.572036752765067,False
2007-06,5,CAF,0.07117714547599163,7.117714547599164,False
2007-07,5,CAF,0.06690651674743213,6.690651674743213,False
2007-08,5,CAF,0.0628921257425862,6.289212574258619,False
2007-09,5,CAF,0.05911859819803102,5.911859819803102,False
2007-10,5,CAF,0.05557148230614915,5.557148230614915,False
2007-11,5,CAF,0.0522371933677802,5.223719336778021,False
2007-12,5,CAF,0.08510296176571339,8.51029617657134,False
2008-01,5,CAF,0.10399678405977059,10.399678405977058,False
2008-02,5,CAF,0.09775697701618434,9.775697701618434,False
2008-03,5,CAF,0.09189155839521328,9.189155839521328,False
2008-04,5,CAF,0.08637806489150048,8.637806489150048,False
2008-05,5,CAF,0.08119538099801044,8.119538099801044,False
2008-06,5,CAF,0.0763236581381298,7.63236581381298,False
2008-07,5,CAF,0.08374423864984201,8.374423864984202,False
2008-08,5,CAF,0.07871958433085148,7.871958433085148,False
2008-09,5,CAF,0.07399640927100039,7.399640927100039,False
2008-10,5,CAF,0.06955662471474036,6.955662471474036,False
2008-11,5,CAF,0.06538322723185594,6.538322723185594,False
2008-12,5,CAF,0.06146023359794458,6.146023359794458,False
2009-01,5,CAF,0.0697726195820679,6.97726195820679,False
2009-02,5,CAF,0.06558626240714382,6.558626240714382,False
2009-03,5,CAF,0.06165108666271519,6.165108666271519,False
2009-04,5,CAF,0.05795202146295227,5.795202146295227,False
2009-05,5,CAF,0.06647490017517513,6.647490017517513,False
2009-06,5,CAF,0.06248640616466462,6.248640616466462,False
2009-07,5,CAF,0.07073722179478474,7.073722179478474,False
2009-08,5,CAF,0.06649298848709766,6.6492988487097655,False
2009-09,5,CAF,0.0625034091778718,6.25034091778718,False
2009-10,5,CAF,0.05875320462719948,5.875320462719948,False
2009-11,5,CAF,0.055228012349567514,5.522801234956751,False
2009-12,5,CAF,0.07591433160859347,7.591433160859347,False
2010-01,5,CAF,0.08335947171207786,8.335947171207787,False
2010-02,5,CAF,0.07835790340935318,7.8357903409353185,False
2010-03,5,CAF,0.07365642920479198,7.365642920479198,False
2010-04,5,CAF,0.06923704345250446,6.923704345250446,False
2010-05,5,CAF,0.06508282084535419,6.508282084535419,False
2010-06,5,CAF,0.06117785159463293,6.117785159463293,False
2010-07,5,CAF,0.05750718049895495,5.750718049895495,False
2010-08,5,CAF,0.054056749669017655,5.405674966901765,False
2010-09,5,CAF,0.05081334468887659,5.081334468887659,False
2010-10,5,CAF,0.04776454400754399,4.7764544007544,False
2010-11,5,CAF,0.04489867136709135,4.489867136709135,False
2010-12,5,CAF,0.05420475108506587,5.420475108506587,False
2011-01,5,CAF,0.050952466019961916,5.095246601996192,False
2011-02,5,CAF,0.0478953180587642,4.78953180587642,False
2011-03,5,CAF,0.045021598975238344,4.502159897523835,False
2011-04,5,CAF,0.042320303036724044,4.2320303036724045,False
2011-05,5,CAF,0.0397810848545206,3.97810848545206,False
2011-06,5,CAF,0.037394219763249366,3.7394219763249366,False
2011-07,5,CAF,0.035150566577454405,3.5150566577454403,False
2011-08,5,CAF,0.03304153258280714,3.304153258280714,False
2011-09,5,CAF,0.03105904062783871,3.105904062783871,False
2011-10,5,CAF,0.029195498190168388,2.9195498190168387,False
2011-11,5,CAF,0.027443768298758282,2.7443768298758284,False
2011-12,5,CAF,0.03779714220083279,3.7797142200832785,False
2012-01,5,CAF,0.05952931366878282,5.952931366878282,False
2012-02,5,CAF,0.05595755484865585,5.595755484865585,False
2012-03,5,CAF,0.06460010155773649,6.460010155773649,False
2012-04,5,CAF,0.07272409546427229,7.272409546427229,False
2012-05,5,CAF,0.06836064973641595,6.836064973641595,False
2012-06,5,CAF,0.06425901075223099,6.425901075223099,False
2012-07,5,CAF,0.08440347010709713,8.440347010709713,False
2012-08,5,CAF,0.0793392619006713,7.93392619006713,False
2012-09,5,CAF,0.07457890618663102,7.457890618663102,False
2012-10,5,CAF,0.07010417181543316,7.010417181543316,False
2012-11,5,CAF,0.06589792150650717,6.589792150650717,False
2012-12,5,CAF,0.09794404621611674,9.794404621611674,False
2013-01,5,CAF,0.11606740344314974,11.606740344314973,False
2013-02,5,CAF,0.10910335923656075,10.910335923656076,False
2013-03,5,CAF,0.1025571576823671,10.25571576823671,False
2013-04,5,CAF,0.09640372822142507,9.640372822142506,False
2013-05,5,CAF,0.09061950452813956,9.061950452813957,False
2013-06,5,CAF,0.08518233425645118,8.518233425645118,False
2013-07,5,CAF,0.0800713942010641,8.00713942010641,False
2013-08,5,CAF,0.07526711054900025,7.526711054900025,False
2013-09,5,CAF,0.07075108391606023,7.075108391606023,False
2013-10,5,CAF,0.06650601888109661,6.650601888109661,False
2013-11,5,CAF,0.06251565774823081,6.2515657748230815,False
2013-12,5,CAF,0.07076471828333696,7.076471828333696,False
2014-01,5,CAF,0.09051883518633674,9.051883518633675,False
2014-02,5,CAF,0.08508770507515653,8.508770507515653,False
2014-03,5,CAF,0.07998244277064713,7.998244277064713,False
2014-04,5,CAF,0.1111834962044083,11.11834962044083,False
2014-05,5,CAF,0.1045124864321438,10.45124864321438,False
2014-06,5,CAF,0.09824173724621516,9.824173724621515,False
2014-07,5,CAF,0.09234723301144224,9.234723301144223,False
2014-08,5,CAF,0.09880639903075569,9.880639903075568,False
2014-09,5,CAF,0.09287801508891035,9.287801508891034,False
2014-10,5,CAF,0.08730533418357572,8.730533418357572,False
2014-11,5,CAF,0.08206701413256118,8.206701413256118,False
2014-12,5,CAF,0.0771429932846075,7.71429932846075,False
2015-01,5,CAF,0.07251441368753105,7.251441368753104,False
2015-02,5,CAF,0.10416354886627918,10.416354886627918,False
2015-03,5,CAF,0.09791373593430243,9.791373593430244,False
2015-04,5,CAF,0.09203891177824428,9.203891177824428,False
2015-05,5,CAF,0.11051657707154962,11.051657707154963,False
2015-06,5,CAF,0.10388558244725664,10.388558244725663,False
2015-07,5,CAF,0.09765244750042124,9.765244750042124,False
2015-08,5,CAF,0.09179330065039595,9.179330065039595,False
2015-09,5,CAF,0.0862857026113722,8.62857026113722,False
2015-10,5,CAF,0.08110856045468987,8.110856045468987,False
2015-11,5,CAF,0.07624204682740847,7.624204682740847,False
2015-12,5,CAF,0.09566752401776396,9.566752401776396,False
2016-01,5,CAF,0.08992747257669811,8.992747257669812,False
2016-02,5,CAF,0.09653182422209622,9.653182422209621,False
2016-03,5,CAF,0.09073991476877044,9.073991476877044,False
2016-04,5,CAF,0.08529551988264421,8.529551988264421,False
2016-05,5,CAF,0.08017778868968554,8.017778868968554,False
2016-06,5,CAF,0.07536712136830441,7.536712136830441,False
2016-07,5,CAF,0.07084509408620614,7.0845094086206135,False
2016-08,5,CAF,0.06659438844103377,6.659438844103377,False
2016-09,5,CAF,0.06259872513457174,6.259872513457173,False
2016-10,5,CAF,0.05884280162649743,5.884280162649743,False
2016-11,5,CAF,0.05531223352890758,5.531223352890758,False
2016-12,5,CAF,0.08799349951717313,8.799349951717312,False
2017-01,5,CAF,0.08271388954614274,8.271388954614274,False
2017-02,5,CAF,0.10175105617337418,10.175105617337419,False
2017-03,5,CAF,0.09564599280297173,9.564599280297173,False
2017-04,5,CAF,0.08990723323479342,8.990723323479342,False
2017-05,5,CAF,0.09651279924070581,9.65127992407058,False
2017-06,5,CAF,0.09072203128626345,9.072203128626345,False
2017-07,5,CAF,0.08527870940908765,8.527870940908764,False
2017-08,5,CAF,0.08016198684454238,8.016198684454238,False
2017-09,5,CAF,0.07535226763386983,7.535226763386984,False
2017-10,5,CAF,0.07083113157583763,7.083113157583763,False
2017-11,5,CAF,0.06658126368128738,6.6581263681287375,False
2017-12,5,CAF,0.06258638786041013,6.258638786041012,False
2018-01,5,CAF,0.05883120458878551,5.883120458878551,False
2018-02,5,CAF,0.05530133231345838,5.530133231345838,False
2018-03,5,CAF,0.05198325237465087,5.198325237465087,False
2018-04,5,CAF,0.06086425723217182,6.086425723217182,False
2018-05,5,CAF,0.05721240179824151,5.721240179824151,False
2018-06,5,CAF,0.05377965769034702,5.377965769034701,False
2018-07,5,CAF,0.05055287822892619,5.05528782289262,False
2018-08,5,CAF,0.047519705535190616,4.751970553519062,False
2018-09,5,CAF,0.04466852320307918,4.466852320307918,False
2018-10,5,CAF,0.041988411810894424,4.198841181089443,False
2018-11,5,CAF,0.039469107102240754,3.9469107102240755,False
2018-12,5,CAF,0.037100960676106305,3.7100960676106305,False
2019-01,5,CAF,0.034874903035539924,3.4874903035539924,False
2019-02,5,CAF,0.032782408853407524,3.2782408853407525,False
2019-03,5,CAF,0.03081546432220307,3.081546432220307,False
2019-04,5,CAF,0.028966536462870885,2.8966536462870884,False
2019-05,5,CAF,0.05122854427509864,5.122854427509864,False
2019-06,5,CAF,0.04815483161859272,4.815483161859272,False
2019-07,5,CAF,0.05726554172147716,5.726554172147716,False
2019-08,5,CAF,0.05382960921818852,5.382960921818852,False
2019-09,5,CAF,0.05059983266509721,5.059983266509721,False
2019-10,5,CAF,0.04756384270519137,4.7563842705191375,False
2019-11,5,CAF,0.04471001214287989,4.4710012142879885,False
2019-12,5,CAF,0.042027411414307096,4.202741141430709,False
2020-01,5,CAF,0.039505766729448666,3.950576672944867,False
2020-02,5,CAF,0.037135420725681746,3.7135420725681745,False
2020-03,5,CAF,0.03490729548214084,3.490729548214084,False
2020-04,5,CAF,0.03281285775321239,3.2812857753212388,False
2020-05,5,CAF,0.030844086288019643,3.084408628801964,False
2020-06,5,CAF,0.028993441110738462,2.8993441110738463,False
2020-07,5,CAF,0.027253834644094154,2.7253834644094153,False
2020-08,5,CAF,0.025618604565448504,2.56186045654485,False
2020-09,5,CAF,0.024081488291521593,2.408148829152159,False
2020-10,5,CAF,0.022636598994030296,2.2636598994030295,False
2020-11,5,CAF,0.021278403054388478,2.127840305438848,False
2020-12,5,CAF,0.020001698871125167,2.000169887112517,False
2021-01,5,CAF,0.018801596938857655,1.8801596938857654,False
2021-02,5,CAF,0.017673501122526195,1.7673501122526196,False
2021-03,5,CAF,0.016613091055174622,1.6613091055174622,False
2021-04,5,CAF,0.015616305591864143,1.5616305591864144,False
2021-05,5,CAF,0.014679327256352294,1.4679327256352295,False
2021-06,5,CAF,0.013798567620971156,1.3798567620971156,False
2021-07,5,CAF,0.012970653563712886,1.2970653563712886,False
2021-08,5,CAF,0.024192414349890112,2.4192414349890115,False
2021-09,5,CAF,0.022740869488896705,2.2740869488896704,False
2021-10,5,CAF,0.021376417319562902,2.13764173195629,False
2021-11,5,CAF,0.020093832280389128,2.009383228038913,False
2021-12,5,CAF,0.030888202343565783,3.0888202343565783,False
2022-01,5,CAF,0.029034910202951836,2.9034910202951836,False
2022-02,5,CAF,0.027292815590774726,2.7292815590774726,False
2022-03,5,CAF,0.02565524665532824,2.565524665532824,False
2022-04,5,CAF,0.024115931856008542,2.411593185600854,False
2022-05,5,CAF,0.03466897594464803,3.466897594464803,False
2022-06,5,CAF,0.032588837387969145,3.2588837387969147,False
2022-07,5,CAF,0.054633507144691,5.4633507144691,False
2022-08,5,CAF,0.05135549671600954,5.135549671600954,False
2022-09,5,CAF,0.04827416691304896,4.827416691304896,False
2022-10,5,CAF,0.04537771689826602,4.537771689826602,False
2022-11,5,CAF,0.04265505388437006,4.265505388437006,False
2022-12,5,CAF,0.040095750651307854,4.009575065130785,False
2023-01,5,CAF,0.037690005612229384,3.7690005612229385,False
2023-02,5,CAF,0.03542860527549562,3.542860527549562,False
2023-03,5,CAF,0.03330288895896588,3.3302888958965884,False
2023-04,5,CAF,0.03130471562142793,3.1304715621427928,False
2023-05,5,CAF,0.02942643268414225,2.942643268414225,False
2023-06,5,CAF,0.027660846723093713,2.766084672309371,False
2023-07,5,CAF,0.02600119591970809,2.6001195919708087,False
2023-08,5,CAF,0.048441124164525604,4.84411241645256,False
2023-09,5,CAF,0.045534656714654065,4.553465671465407,False
2023-10,5,CAF,0.042802577311774816,4.280257731177482,False
2023-11,5,CAF,0.04023442267306832,4.023442267306832,False
2023-12,5,CAF,0.03782035731268422,3.782035731268422,False
2024-01,5,CAF,0.05955113587392316,5.955113587392316,False
2024-02,5,CAF,0.05597806772148777,5.597806772148777,False
2024-03,5,CAF,0.0526193836581985,5.26193836581985,False
2024-04,5,CAF,0.04946222063870659,4.946222063870659,False
2024-05,5,CAF,0.04649448740038419,4.6494487400384195,False
2024-06,5,CAF,0.04370481815636114,4.370481815636114,False
2024-07,5,CAF,0.04108252906697947,4.108252906697947,False
2024-08,5,CAF,0.0386175773229607,3.86175773229607,False
2024-09,5,CAF,0.03630052268358305,3.6300522683583054,False
2024-10,5,CAF,0.03412249132256807,3.412249132256807,False
2024-11,5,CAF,0.03207514184321398,3.207514184321398,False
2024-12,5,CAF,0.03015063333262114,3.015063333262114,False
2025-01,5,CAF,0.02834159533266387,2.834159533266387,False
2025-02,5,CAF,0.026641099612704035,2.6641099612704036,False
2025-03,5,CAF,0.02504263363594179,2.504263363594179,False
2025-04,5,CAF,0.023540075617785282,2.3540075617785283,False
2025-05,5,CAF,0.03412767108071817,3.4127671080718165,False
2025-06,5,CAF,0.032080010815875075,3.2080010815875073,False
2025-07,5,CAF,0.030155210166922568,3.0155210166922566,False
2025-08,5,CAF,0.028345897556907213,2.8345897556907214,False
2025-09,5,CAF,0.026645143703492778,2.664514370349278,False
2025-10,5,CAF,0.025046435081283208,2.504643508128321,False
2025-11,5,CAF,0.023543648976406213,2.3543648976406213,False
2025-12,5,CAF,0.08213103003782185,8.213103003782185,False
2026-01,5,CAF,0.12520316823555255,12.520316823555255,False
2026-02,5,CAF,0.11769097814141939,11.76909781414194,False
2026-03,5,CAF,0.11062951945293423,11.062951945293422,False
2026-04,5,CAF,0.10399174828575816,10.399174828575816,False
2026-05,5,CAF,0.10975224338861267,10.975224338861267,False
2026-06,5,CAF,0.1031671087852959,10.316710878529591,False
2026-07,5,CAF,0.09697708225817815,9.697708225817815,False
2026-08,5,CAF,0.09697708225817815,9.697708225817815,True
2026-09,5,CAF,0.09697708225817815,9.697708225817815,True
2026-10,5,CAF,0.09697708225817815,9.697708225817815,True
2026-11,5,CAF,0.09697708225817815,9.697708225817815,True
2026-12,5,CAF,0.09697708225817815,9.697708225817815,True
2027-01,5,CAF,0.09697708225817815,9.697708225817815,True
2027-02,5,CAF,0.09697708225817815,9.697708225817815,True
2027-03,5,CAF,0.09697708225817815,9.697708225817815,True
2027-04,5,CAF,0.09697708225817815,9.697708225817815,True
2027-05,5,CAF,0.09697708225817815,9.697708225817815,True
2027-06,5,CAF,0.09697708225817815,9.697708225817815,True
2027-07,5,CAF,0.09697708225817815,9.697708225817815,True
1992-01,5,CONCACAF,0.0,0.0,False
1992-02,5,CONCACAF,0.0,0.0,False
1992-03,5,CONCACAF,0.0,0.0,False
1992-04,5,CONCACAF,0.0,0.0,False
1992-05,5,CONCACAF,0.0,0.0,False
1992-06,5,CONCACAF,0.0,0.0,False
1992-07,5,CONCACAF,0.006,0.6,False
1992-08,5,CONCACAF,0.00582,0.582,False
1992-09,5,CONCACAF,0.005645399999999999,0.5645399999999999,False
1992-10,5,CONCACAF,0.005476037999999999,0.5476037999999999,False
1992-11,5,CONCACAF,0.005311756859999999,0.5311756859999999,False
1992-12,5,CONCACAF,0.005152404154199999,0.5152404154199999,False
1993-01,5,CONCACAF,0.010997832029573999,1.0997832029574,False
1993-02,5,CONCACAF,0.010667897068686778,1.0667897068686778,False
1993-03,5,CONCACAF,0.010347860156626174,1.0347860156626174,False
1993-04,5,CONCACAF,0.010037424351927388,1.0037424351927389,False
1993-05,5,CONCACAF,0.009736301621369566,0.9736301621369566,False
1993-06,5,CONCACAF,0.00944421257272848,0.944421257272848,False
1993-07,5,CONCACAF,0.021160886195546624,2.116088619554662,False
1993-08,5,CONCACAF,0.026526059609680228,2.652605960968023,False
1993-09,5,CONCACAF,0.03173027782138982,3.173027782138982,False
1993-10,5,CONCACAF,0.030778369486748124,3.0778369486748125,False
1993-11,5,CONCACAF,0.03585501840214568,3.585501840214568,False
1993-12,5,CONCACAF,0.04077936785008131,4.077936785008131,False
1994-01,5,CONCACAF,0.051555986814578875,5.155598681457888,False
1994-02,5,CONCACAF,0.0560093072101415,5.600930721014151,False
1994-03,5,CONCACAF,0.060329027993837256,6.032902799383725,False
1994-04,5,CONCACAF,0.06451915715402214,6.4519157154022135,False
1994-05,5,CONCACAF,0.06858358243940148,6.858358243940148,False
1994-06,5,CONCACAF,0.06652607496621943,6.652607496621943,False
1994-07,5,CONCACAF,0.06453029271723285,6.453029271723285,False
1994-08,5,CONCACAF,0.06259438393571586,6.259438393571585,False
1994-09,5,CONCACAF,0.06071655241764438,6.071655241764438,False
1994-10,5,CONCACAF,0.05889505584511504,5.889505584511504,False
1994-11,5,CONCACAF,0.05712820416976159,5.712820416976159,False
1994-12,5,CONCACAF,0.05541435804466874,5.5414358044668734,False
1995-01,5,CONCACAF,0.05975192730332867,5.975192730332867,False
1995-02,5,CONCACAF,0.06395936948422881,6.395936948422881,False
1995-03,5,CONCACAF,0.062040588399701946,6.204058839970195,False
1995-04,5,CONCACAF,0.06017937074771089,6.017937074771089,False
1995-05,5,CONCACAF,0.05837398962527956,5.837398962527955,False
1995-06,5,CONCACAF,0.05662276993652117,5.662276993652117,False
1995-07,5,CONCACAF,0.06092408683842553,6.092408683842553,False
1995-08,5,CONCACAF,0.05909636423327277,5.909636423327277,False
1995-09,5,CONCACAF,0.05732347330627458,5.732347330627459,False
1995-10,5,CONCACAF,0.055603769107086344,5.5603769107086345,False
1995-11,5,CONCACAF,0.05393565603387375,5.393565603387375,False
1995-12,5,CONCACAF,0.052317586352857534,5.231758635285753,False
1996-01,5,CONCACAF,0.06274805876227181,6.274805876227181,False
1996-02,5,CONCACAF,0.060865616999403654,6.086561699940366,False
1996-03,5,CONCACAF,0.059039648489421545,5.903964848942154,False
1996-04,5,CONCACAF,0.0572684590347389,5.72684590347389,False
1996-05,5,CONCACAF,0.05555040526369673,5.555040526369673,False
1996-06,5,CONCACAF,0.05388389310578583,5.3883893105785825,False
1996-07,5,CONCACAF,0.05826737631261225,5.826737631261225,False
1996-08,5,CONCACAF,0.05651935502323388,5.651935502323388,False
1996-09,5,CONCACAF,0.06082377437253686,6.082377437253686,False
1996-10,5,CONCACAF,0.058999061141360755,5.899906114136075,False
1996-11,5,CONCACAF,0.05722908930711993,5.722908930711993,False
1996-12,5,CONCACAF,0.06151221662790633,6.1512216627906335,False
1997-01,5,CONCACAF,0.05966685012906914,5.966685012906914,False
1997-02,5,CONCACAF,0.057876844625197064,5.787684462519707,False
1997-03,5,CONCACAF,0.05614053928644115,5.614053928644116,False
1997-04,5,CONCACAF,0.05445632310784792,5.4456323107847915,False
1997-05,5,CONCACAF,0.05282263341461248,5.282263341461248,False
1997-06,5,CONCACAF,0.0512379544121741,5.1237954412174105,False
1997-07,5,CONCACAF,0.04970081577980888,4.970081577980888,False
1997-08,5,CONCACAF,0.04820979130641461,4.820979130641461,False
1997-09,5,CONCACAF,0.04676349756722217,4.676349756722217,False
1997-10,5,CONCACAF,0.045360592640205505,4.53605926402055,False
1997-11,5,CONCACAF,0.04399977486099934,4.399977486099934,False
1997-12,5,CONCACAF,0.04867978161516936,4.867978161516936,False
1998-01,5,CONCACAF,0.047219388166714275,4.721938816671427,False
1998-02,5,CONCACAF,0.04580280652171285,4.580280652171285,False
1998-03,5,CONCACAF,0.04442872232606146,4.442872232606146,False
1998-04,5,CONCACAF,0.043095860656279614,4.309586065627961,False
1998-05,5,CONCACAF,0.04180298483659122,4.180298483659122,False
1998-06,5,CONCACAF,0.040548895291493484,4.0548895291493485,False
1998-07,5,CONCACAF,0.03933242843274868,3.933242843274868,False
1998-08,5,CONCACAF,0.038152455579766216,3.815245557976622,False
1998-09,5,CONCACAF,0.03700788191237323,3.700788191237323,False
1998-10,5,CONCACAF,0.035897645455002035,3.5897645455002034,False
1998-11,5,CONCACAF,0.034820716091351976,3.4820716091351978,False
1998-12,5,CONCACAF,0.03377609460861142,3.3776094608611418,False
1999-01,5,CONCACAF,0.032762811770353076,3.2762811770353077,False
1999-02,5,CONCACAF,0.03177992741724248,3.1779927417242484,False
1999-03,5,CONCACAF,0.03082652959472521,3.082652959472521,False
1999-04,5,CONCACAF,0.02990173370688345,2.990173370688345,False
1999-05,5,CONCACAF,0.029004681695676948,2.9004681695676946,False
1999-06,5,CONCACAF,0.02813454124480664,2.813454124480664,False
1999-07,5,CONCACAF,0.03929050500746244,3.9290505007462437,False
1999-08,5,CONCACAF,0.04411178985723856,4.411178985723856,False
1999-09,5,CONCACAF,0.042788436161521406,4.278843616152141,False
1999-10,5,CONCACAF,0.041504783076675766,4.150478307667576,False
1999-11,5,CONCACAF,0.04025963958437549,4.025963958437549,False
1999-12,5,CONCACAF,0.04505185039684422,4.505185039684422,False
2000-01,5,CONCACAF,0.0557002948849389,5.57002948849389,False
2000-02,5,CONCACAF,0.05402928603839073,5.402928603839073,False
2000-03,5,CONCACAF,0.05240840745723901,5.240840745723901,False
2000-04,5,CONCACAF,0.050836155233521835,5.083615523352184,False
2000-05,5,CONCACAF,0.04931107057651618,4.931107057651618,False
2000-06,5,CONCACAF,0.047831738459220695,4.78317384592207,False
2000-07,5,CONCACAF,0.046396786305444075,4.639678630544408,False
2000-08,5,CONCACAF,0.04500488271628075,4.500488271628075,False
2000-09,5,CONCACAF,0.04365473623479233,4.365473623479233,False
2000-10,5,CONCACAF,0.04234509414774856,4.234509414774856,False
2000-11,5,CONCACAF,0.04107474132331611,4.10747413233161,False
2000-12,5,CONCACAF,0.04584249908361662,4.584249908361662,False
2001-01,5,CONCACAF,0.05046722411110812,5.046722411110812,False
2001-02,5,CONCACAF,0.04895320738777487,4.895320738777487,False
2001-03,5,CONCACAF,0.047484611166141624,4.748461116614163,False
2001-04,5,CONCACAF,0.04606007283115737,4.606007283115737,False
2001-05,5,CONCACAF,0.04467827064622265,4.467827064622265,False
2001-06,5,CONCACAF,0.04333792252683597,4.3337922526835975,False
2001-07,5,CONCACAF,0.05403778485103089,5.403778485103089,False
2001-08,5,CONCACAF,0.05241665130549996,5.241665130549996,False
2001-09,5,CONCACAF,0.05084415176633496,5.084415176633496,False
2001-10,5,CONCACAF,0.04931882721334491,4.931882721334491,False
2001-11,5,CONCACAF,0.04783926239694456,4.783926239694456,False
2001-12,5,CONCACAF,0.05240408452503622,5.240408452503622,False
2002-01,5,CONCACAF,0.06883196198928514,6.8831961989285135,False
2002-02,5,CONCACAF,0.06676700312960658,6.676700312960658,False
2002-03,5,CONCACAF,0.06476399303571838,6.476399303571838,False
2002-04,5,CONCACAF,0.06282107324464682,6.282107324464683,False
2002-05,5,CONCACAF,0.060936441047307416,6.093644104730742,False
2002-06,5,CONCACAF,0.05910834781588819,5.910834781588819,False
2002-07,5,CONCACAF,0.05733509738141154,5.733509738141154,False
2002-08,5,CONCACAF,0.0556150444599692,5.56150444599692,False
2002-09,5,CONCACAF,0.05394659312617012,5.394659312617012,False
2002-10,5,CONCACAF,0.05232819533238501,5.232819533238501,False
2002-11,5,CONCACAF,0.05075834947241346,5.075834947241345,False
2002-12,5,CONCACAF,0.05523559898824105,5.523559898824105,False
2003-01,5,CONCACAF,0.07157853101859381,7.157853101859381,False
2003-02,5,CONCACAF,0.06943117508803599,6.943117508803599,False
2003-03,5,CONCACAF,0.06734823983539491,6.734823983539491,False
2003-04,5,CONCACAF,0.06532779264033306,6.532779264033306,False
2003-05,5,CONCACAF,0.07536795886112306,7.536795886112306,False
2003-06,5,CONCACAF,0.07310692009528937,7.310692009528936,False
2003-07,5,CONCACAF,0.08291371249243068,8.291371249243069,False
2003-08,5,CONCACAF,0.08042630111765776,8.042630111765776,False
2003-09,5,CONCACAF,0.07801351208412803,7.801351208412803,False
2003-10,5,CONCACAF,0.07567310672160418,7.567310672160418,False
2003-11,5,CONCACAF,0.07340291351995605,7.340291351995605,False
2003-12,5,CONCACAF,0.07120082611435737,7.120082611435737,False
2004-01,5,CONCACAF,0.06906480133092664,6.906480133092664,False
2004-02,5,CONCACAF,0.06699285729099884,6.699285729099884,False
2004-03,5,CONCACAF,0.06498307157226887,6.498307157226887,False
2004-04,5,CONCACAF,0.06303357942510081,6.303357942510081,False
2004-05,5,CONCACAF,0.061142572042347784,6.114257204234779,False
2004-06,5,CONCACAF,0.05930829488107735,5.930829488107735,False
2004-07,5,CONCACAF,0.06352904603464503,6.352904603464503,False
2004-08,5,CONCACAF,0.06162317465360568,6.162317465360568,False
2004-09,5,CONCACAF,0.05977447941399751,5.977447941399751,False
2004-10,5,CONCACAF,0.05798124503157758,5.798124503157758,False
2004-11,5,CONCACAF,0.05624180768063025,5.624180768063026,False
2004-12,5,CONCACAF,0.05455455345021134,5.455455345021134,False
2005-01,5,CONCACAF,0.064917916846705,6.491791684670501,False
2005-02,5,CONCACAF,0.06297037934130385,6.297037934130385,False
2005-03,5,CONCACAF,0.06708126796106474,6.708126796106474,False
2005-04,5,CONCACAF,0.0770688299222328,7.70688299222328,False
2005-05,5,CONCACAF,0.08075676502456582,8.07567650245658,False
2005-06,5,CONCACAF,0.08433406207382885,8.433406207382884,False
2005-07,5,CONCACAF,0.09980404021161399,9.980404021161398,False
2005-08,5,CONCACAF,0.09680991900526556,9.680991900526555,False
2005-09,5,CONCACAF,0.0939056214351076,9.39056214351076,False
2005-10,5,CONCACAF,0.09108845279205437,9.108845279205436,False
2005-11,5,CONCACAF,0.08835579920829273,8.835579920829273,False
2005-12,5,CONCACAF,0.09170512523204395,9.170512523204396,False
2006-01,5,CONCACAF,0.10095397147508263,10.095397147508264,False
2006-02,5,CONCACAF,0.10392535233083015,10.392535233083015,False
2006-03,5,CONCACAF,0.10080759176090524,10.080759176090524,False
2006-04,5,CONCACAF,0.10978336400807807,10.978336400807807,False
2006-05,5,CONCACAF,0.10648986308783573,10.648986308783574,False
2006-06,5,CONCACAF,0.10329516719520065,10.329516719520065,False
2006-07,5,CONCACAF,0.10019631217934463,10.019631217934464,False
2006-08,5,CONCACAF,0.0971904228139643,9.71904228139643,False
2006-09,5,CONCACAF,0.09427471012954537,9.427471012954538,False
2006-10,5,CONCACAF,0.091446468825659,9.144646882565901,False
2006-11,5,CONCACAF,0.08870307476088923,8.870307476088923,False
2006-12,5,CONCACAF,0.08604198251806255,8.604198251806256,False
2007-01,5,CONCACAF,0.08946072304252069,8.946072304252068,False
2007-02,5,CONCACAF,0.08677690135124506,8.677690135124507,False
2007-03,5,CONCACAF,0.08417359431070771,8.417359431070771,False
2007-04,5,CONCACAF,0.09364838648138647,9.364838648138647,False
2007-05,5,CONCACAF,0.09683893488694488,9.683893488694489,False
2007-06,5,CONCACAF,0.09393376684033652,9.393376684033653,False
2007-07,5,CONCACAF,0.10311575383512642,10.311575383512642,False
2007-08,5,CONCACAF,0.10002228122007262,10.002228122007262,False
2007-09,5,CONCACAF,0.09702161278347043,9.702161278347043,False
2007-10,5,CONCACAF,0.09411096439996632,9.411096439996632,False
2007-11,5,CONCACAF,0.09128763546796732,9.128763546796732,False
2007-12,5,CONCACAF,0.08854900640392831,8.854900640392831,False
2008-01,5,CONCACAF,0.09189253621181045,9.189253621181045,False
2008-02,5,CONCACAF,0.08913576012545614,8.913576012545613,False
2008-03,5,CONCACAF,0.08646168732169246,8.646168732169246,False
2008-04,5,CONCACAF,0.1078678367020417,10.78678367020417,False
2008-05,5,CONCACAF,0.10463180160098044,10.463180160098045,False
2008-06,5,CONCACAF,0.10149284755295103,10.149284755295103,False
2008-07,5,CONCACAF,0.1164480621263625,11.644806212636249,False
2008-08,5,CONCACAF,0.11295462026257162,11.295462026257162,False
2008-09,5,CONCACAF,0.10956598165469447,10.956598165469448,False
2008-10,5,CONCACAF,0.10627900220505364,10.627900220505364,False
2008-11,5,CONCACAF,0.10309063213890203,10.309063213890203,False
2008-12,5,CONCACAF,0.10599791317473498,10.599791317473498,False
2009-01,5,CONCACAF,0.11481797577949292,11.481797577949292,False
2009-02,5,CONCACAF,0.11137343650610812,11.137343650610813,False
2009-03,5,CONCACAF,0.10803223341092487,10.803223341092487,False
2009-04,5,CONCACAF,0.10479126640859712,10.479126640859713,False
2009-05,5,CONCACAF,0.1016475284163392,10.16475284163392,False
2009-06,5,CONCACAF,0.09859810256384902,9.859810256384902,False
2009-07,5,CONCACAF,0.11964015948693354,11.964015948693355,False
2009-08,5,CONCACAF,0.11605095470232553,11.605095470232554,False
2009-09,5,CONCACAF,0.11256942606125576,11.256942606125577,False
2009-10,5,CONCACAF,0.10919234327941808,10.919234327941808,False
2009-11,5,CONCACAF,0.10591657298103553,10.591657298103554,False
2009-12,5,CONCACAF,0.10273907579160446,10.273907579160447,False
2010-01,5,CONCACAF,0.09965690351785632,9.965690351785632,False
2010-02,5,CONCACAF,0.10866719641232063,10.866719641232063,False
2010-03,5,CONCACAF,0.105407180519951,10.5407180519951,False
2010-04,5,CONCACAF,0.12024496510435247,12.024496510435247,False
2010-05,5,CONCACAF,0.1166376161512219,11.663761615122189,False
2010-06,5,CONCACAF,0.11313848766668523,11.313848766668523,False
2010-07,5,CONCACAF,0.10974433303668467,10.974433303668468,False
2010-08,5,CONCACAF,0.10645200304558412,10.645200304558413,False
2010-09,5,CONCACAF,0.1032584429542166,10.32584429542166,False
2010-10,5,CONCACAF,0.1001606896655901,10.01606896655901,False
2010-11,5,CONCACAF,0.0971558689756224,9.71558689756224,False
2010-12,5,CONCACAF,0.10624119290635371,10.624119290635372,False
2011-01,5,CONCACAF,0.1030539571191631,10.30539571191631,False
2011-02,5,CONCACAF,0.0999623384055882,9.99623384055882,False
2011-03,5,CONCACAF,0.09696346825342055,9.696346825342054,False
2011-04,5,CONCACAF,0.09405456420581793,9.405456420581793,False
2011-05,5,CONCACAF,0.09723292727964339,9.723292727964338,False
2011-06,5,CONCACAF,0.09431593946125408,9.431593946125409,False
2011-07,5,CONCACAF,0.09148646127741646,9.148646127741646,False
2011-08,5,CONCACAF,0.08874186743909396,8.874186743909396,False
2011-09,5,CONCACAF,0.08607961141592113,8.607961141592114,False
2011-10,5,CONCACAF,0.0834972230734435,8.349722307344349,False
2011-11,5,CONCACAF,0.08099230638124019,8.09923063812402,False
2011-12,5,CONCACAF,0.09056253718980298,9.056253718980297,False
2012-01,5,CONCACAF,0.0938456610741089,9.38456610741089,False
2012-02,5,CONCACAF,0.09103029124188562,9.103029124188563,False
2012-03,5,CONCACAF,0.10029938250462905,10.029938250462905,False
2012-04,5,CONCACAF,0.09729040102949017,9.729040102949018,False
2012-05,5,CONCACAF,0.09437168899860547,9.437168899860547,False
2012-06,5,CONCACAF,0.09154053832864731,9.154053832864731,False
2012-07,5,CONCACAF,0.08879432217878788,8.879432217878788,False
2012-08,5,CONCACAF,0.08613049251342424,8.613049251342424,False
2012-09,5,CONCACAF,0.0835465777380215,8.35465777380215,False
2012-10,5,CONCACAF,0.08104018040588086,8.104018040588086,False
2012-11,5,CONCACAF,0.07860897499370444,7.860897499370443,False
2012-12,5,CONCACAF,0.0762507057438933,7.62507057438933,False
2013-01,5,CONCACAF,0.0799631845715765,7.99631845715765,False
2013-02,5,CONCACAF,0.0775642890344292,7.75642890344292,False
2013-03,5,CONCACAF,0.07523736036339633,7.523736036339633,False
2013-04,5,CONCACAF,0.07898023955249445,7.898023955249444,False
2013-05,5,CONCACAF,0.08261083236591962,8.261083236591963,False
2013-06,5,CONCACAF,0.08013250739494203,8.013250739494202,False
2013-07,5,CONCACAF,0.09572853217309377,9.572853217309376,False
2013-08,5,CONCACAF,0.09285667620790095,9.285667620790095,False
2013-09,5,CONCACAF,0.09007097592166391,9.00709759216639,False
2013-10,5,CONCACAF,0.087368846644014,8.7368846644014,False
2013-11,5,CONCACAF,0.09074778124469358,9.074778124469358,False
2013-12,5,CONCACAF,0.08802534780735277,8.802534780735277,False
2014-01,5,CONCACAF,0.0913845873731322,9.13845873731322,False
2014-02,5,CONCACAF,0.09464304975193823,9.464304975193823,False
2014-03,5,CONCACAF,0.09180375825938007,9.180375825938007,False
2014-04,5,CONCACAF,0.10104964551159866,10.104964551159865,False
2014-05,5,CONCACAF,0.1040181561462507,10.40181561462507,False
2014-06,5,CONCACAF,0.10689761146186319,10.689761146186319,False
2014-07,5,CONCACAF,0.1096906831180073,10.96906831180073,False
2014-08,5,CONCACAF,0.11239996262446708,11.239996262446708,False
2014-09,5,CONCACAF,0.11502796374573307,11.502796374573308,False
2014-10,5,CONCACAF,0.11157712483336107,11.157712483336107,False
2014-11,5,CONCACAF,0.11422981108836025,11.422981108836025,False
2014-12,5,CONCACAF,0.11080291675570944,11.080291675570944,False
2015-01,5,CONCACAF,0.11347882925303816,11.347882925303816,False
2015-02,5,CONCACAF,0.12207446437544701,12.207446437544702,False
2015-03,5,CONCACAF,0.1244122304441836,12.441223044418361,False
2015-04,5,CONCACAF,0.1506798635308581,15.06798635308581,False
2015-05,5,CONCACAF,0.15815946762493238,15.815946762493239,False
2015-06,5,CONCACAF,0.1594146835961844,15.94146835961844,False
2015-07,5,CONCACAF,0.16663224308829888,16.66322430882989,False
2015-08,5,CONCACAF,0.1616332757956499,16.16332757956499,False
2015-09,5,CONCACAF,0.1627842775217804,16.27842775217804,False
2015-10,5,CONCACAF,0.163900749196127,16.390074919612697,False
2015-11,5,CONCACAF,0.15898372672024316,15.898372672024315,False
2015-12,5,CONCACAF,0.17221421491863584,17.221421491863584,False
2016-01,5,CONCACAF,0.17904778847107677,17.90477884710768,False
2016-02,5,CONCACAF,0.18567635481694447,18.56763548169445,False
2016-03,5,CONCACAF,0.18610606417243614,18.610606417243613,False
2016-04,5,CONCACAF,0.21052288224726304,21.052288224726304,False
2016-05,5,CONCACAF,0.20420719577984514,20.420719577984514,False
2016-06,5,CONCACAF,0.1980809799064498,19.80809799064498,False
2016-07,5,CONCACAF,0.1921385505092563,19.21385505092563,False
2016-08,5,CONCACAF,0.1863743939939786,18.63743939939786,False
2016-09,5,CONCACAF,0.18078316217415924,18.078316217415924,False
2016-10,5,CONCACAF,0.17535966730893446,17.535966730893445,False
2016-11,5,CONCACAF,0.1700988772896664,17.009887728966643,False
2016-12,5,CONCACAF,0.1709959109709764,17.09959109709764,False
2017-01,5,CONCACAF,0.17786603364184714,17.786603364184714,False
2017-02,5,CONCACAF,0.17853005263259172,17.853005263259174,False
2017-03,5,CONCACAF,0.17317415105361397,17.3174151053614,False
2017-04,5,CONCACAF,0.19797892652200555,19.797892652200556,False
2017-05,5,CONCACAF,0.19803955872634538,19.80395587263454,False
2017-06,5,CONCACAF,0.19809837196455501,19.8098371964555,False
2017-07,5,CONCACAF,0.20415542080561838,20.41554208056184,False
2017-08,5,CONCACAF,0.20403075818144983,20.403075818144984,False
2017-09,5,CONCACAF,0.19790983543600632,19.790983543600632,False
2017-10,5,CONCACAF,0.19197254037292613,19.197254037292613,False
2017-11,5,CONCACAF,0.18621336416173834,18.621336416173833,False
2017-12,5,CONCACAF,0.18062696323688618,18.062696323688616,False
2018-01,5,CONCACAF,0.1872081543397796,18.72081543397796,False
2018-02,5,CONCACAF,0.18159190970958622,18.159190970958623,False
2018-03,5,CONCACAF,0.17614415241829862,17.61441524182986,False
2018-04,5,CONCACAF,0.19485982784574965,19.485982784574965,False
2018-05,5,CONCACAF,0.18901403301037717,18.901403301037718,False
2018-06,5,CONCACAF,0.18334361202006585,18.334361202006587,False
2018-07,5,CONCACAF,0.17784330365946388,17.78433036594639,False
2018-08,5,CONCACAF,0.18450800454967997,18.450800454967997,False
2018-09,5,CONCACAF,0.17897276441318957,17.897276441318958,False
2018-10,5,CONCACAF,0.17360358148079388,17.36035814807939,False
2018-11,5,CONCACAF,0.16839547403637006,16.839547403637006,False
2018-12,5,CONCACAF,0.16334360981527896,16.334360981527894,False
2019-01,5,CONCACAF,0.1584433015208206,15.844330152082058,False
2019-02,5,CONCACAF,0.17169000247519595,17.169000247519595,False
2019-03,5,CONCACAF,0.16653930240094006,16.653930240094006,False
2019-04,5,CONCACAF,0.16154312332891185,16.154312332891184,False
2019-05,5,CONCACAF,0.1626968296290445,16.26968296290445,False
2019-06,5,CONCACAF,0.16381592474017317,16.381592474017317,False
2019-07,5,CONCACAF,0.164901446997968,16.4901446997968,False
2019-08,5,CONCACAF,0.15995440358802895,15.995440358802895,False
2019-09,5,CONCACAF,0.1611557714803881,16.11557714803881,False
2019-10,5,CONCACAF,0.15632109833597643,15.632109833597644,False
2019-11,5,CONCACAF,0.15163146538589714,15.163146538589714,False
2019-12,5,CONCACAF,0.1470825214243202,14.708252142432022,False
2020-01,5,CONCACAF,0.1546700457815906,15.46700457815906,False
2020-02,5,CONCACAF,0.18002994440814288,18.002994440814287,False
2020-03,5,CONCACAF,0.20462904607589857,20.462904607589856,False
2020-04,5,CONCACAF,0.22849017469362162,22.849017469362163,False
2020-05,5,CONCACAF,0.25163546945281295,25.163546945281297,False
2020-06,5,CONCACAF,0.27408640536922857,27.408640536922857,False
2020-07,5,CONCACAF,0.2958638132081517,29.58638132081517,False
2020-08,5,CONCACAF,0.31698789881190714,31.698789881190713,False
2020-09,5,CONCACAF,0.3074782618475499,30.747826184754988,False
2020-10,5,CONCACAF,0.29825391399212337,29.825391399212336,False
2020-11,5,CONCACAF,0.2893062965723597,28.93062965723597,False
2020-12,5,CONCACAF,0.2956271076751889,29.56271076751889,False
2021-01,5,CONCACAF,0.30475829444493324,30.475829444493325,False
2021-02,5,CONCACAF,0.3076155456115853,30.761554561158526,False
2021-03,5,CONCACAF,0.2983870792432377,29.83870792432377,False
2021-04,5,CONCACAF,0.28943546686594057,28.943546686594058,False
2021-05,5,CONCACAF,0.28675240285996234,28.675240285996235,False
2021-06,5,CONCACAF,0.27814983077416344,27.814983077416343,False
2021-07,5,CONCACAF,0.2698053358509385,26.980533585093852,False
2021-08,5,CONCACAF,0.2857111757754104,28.571117577541038,False
2021-09,5,CONCACAF,0.27713984050214807,27.71398405021481,False
2021-10,5,CONCACAF,0.26882564528708364,26.882564528708365,False
2021-11,5,CONCACAF,0.26076087592847114,26.076087592847113,False
2021-12,5,CONCACAF,0.264938049650617,26.493804965061702,False
2022-01,5,CONCACAF,0.2629899081610985,26.298990816109853,False
2022-02,5,CONCACAF,0.26710021091626557,26.710021091626558,False
2022-03,5,CONCACAF,0.2590872045887776,25.90872045887776,False
2022-04,5,CONCACAF,0.28131458845111423,28.131458845111425,False
2022-05,5,CONCACAF,0.2788751507975808,27.887515079758078,False
2022-06,5,CONCACAF,0.2705088962736534,27.050889627365336,False
2022-07,5,CONCACAF,0.26239362938544375,26.239362938544375,False
2022-08,5,CONCACAF,0.26952182050388046,26.952182050388046,False
2022-09,5,CONCACAF,0.26143616588876406,26.143616588876405,False
2022-10,5,CONCACAF,0.25959308091210115,25.959308091210115,False
2022-11,5,CONCACAF,0.2518052884847381,25.18052884847381,False
2022-12,5,CONCACAF,0.24425112983019595,24.425112983019595,False
2023-01,5,CONCACAF,0.24892359593529007,24.892359593529008,False
2023-02,5,CONCACAF,0.27145588805723136,27.145588805723136,False
2023-03,5,CONCACAF,0.2633122114155144,26.331221141551442,False
2023-04,5,CONCACAF,0.285412845073049,28.541284507304898,False
2023-05,5,CONCACAF,0.30685045972085745,30.685045972085746,False
2023-06,5,CONCACAF,0.29764494592923174,29.764494592923175,False
2023-07,5,CONCACAF,0.3187155975513548,31.871559755135483,False
2023-08,5,CONCACAF,0.31515412962481415,31.515412962481413,False
2023-09,5,CONCACAF,0.30569950573606974,30.569950573606974,False
2023-10,5,CONCACAF,0.29652852056398765,29.652852056398764,False
2023-11,5,CONCACAF,0.287632664947068,28.7632664947068,False
2023-12,5,CONCACAF,0.291003684998656,29.1003684998656,False
2024-01,5,CONCACAF,0.2822735744486963,28.22735744486963,False
2024-02,5,CONCACAF,0.27380536721523535,27.380536721523534,False
2024-03,5,CONCACAF,0.2715912061987783,27.15912061987783,False
2024-04,5,CONCACAF,0.2934434700128149,29.34434700128149,False
2024-05,5,CONCACAF,0.3026401659124305,30.26401659124305,False
2024-06,5,CONCACAF,0.2995609609350576,29.956096093505757,False
2024-07,5,CONCACAF,0.29657413210700584,29.657413210700582,False
2024-08,5,CONCACAF,0.28767690814379565,28.767690814379566,False
2024-09,5,CONCACAF,0.2850466008994818,28.50466008994818,False
2024-10,5,CONCACAF,0.28249520287249735,28.249520287249734,False
2024-11,5,CONCACAF,0.2740203467863224,27.40203467863224,False
2024-12,5,CONCACAF,0.26579973638273274,26.579973638273273,False
2025-01,5,CONCACAF,0.2758257442912508,27.582574429125078,False
2025-02,5,CONCACAF,0.2855509719625133,28.555097196251328,False
2025-03,5,CONCACAF,0.2769844428036379,27.698444280363788,False
2025-04,5,CONCACAF,0.2686749095195287,26.86749095195287,False
2025-05,5,CONCACAF,0.26661466223394287,26.661466223394285,False
2025-06,5,CONCACAF,0.25861622236692455,25.861622236692455,False
2025-07,5,CONCACAF,0.28085773569591677,28.085773569591677,False
2025-08,5,CONCACAF,0.2874320036250393,28.743200362503927,False
2025-09,5,CONCACAF,0.2788090435162881,27.88090435162881,False
2025-10,5,CONCACAF,0.27044477221079943,27.044477221079944,False
2025-11,5,CONCACAF,0.26833142904447543,26.833142904447545,False
2025-12,5,CONCACAF,0.2602814861731412,26.028148617314116,False
2026-01,5,CONCACAF,0.25847304158794693,25.847304158794692,False
2026-02,5,CONCACAF,0.2657188503403085,26.57188503403085,False
2026-03,5,CONCACAF,0.25774728483009923,25.774728483009923,False
2026-04,5,CONCACAF,0.25001486628519626,25.001486628519626,False
2026-05,5,CONCACAF,0.24251442029664036,24.251442029664037,False
2026-06,5,CONCACAF,0.23523898768774115,23.523898768774114,False
2026-07,5,CONCACAF,0.23418181805710891,23.41818180571089,False
2026-08,5,CONCACAF,0.23418181805710891,23.41818180571089,True
2026-09,5,CONCACAF,0.23418181805710891,23.41818180571089,True
2026-10,5,CONCACAF,0.23418181805710891,23.41818180571089,True
2026-11,5,CONCACAF,0.23418181805710891,23.41818180571089,True
2026-12,5,CONCACAF,0.23418181805710891,23.41818180571089,True
2027-01,5,CONCACAF,0.23418181805710891,23.41818180571089,True
2027-02,5,CONCACAF,0.23418181805710891,23.41818180571089,True
2027-03,5,CONCACAF,0.23418181805710891,23.41818180571089,True
2027-04,5,CONCACAF,0.23418181805710891,23.41818180571089,True
2027-05,5,CONCACAF,0.23418181805710891,23.41818180571089,True
2027-06,5,CONCACAF,0.23418181805710891,23.41818180571089,True
2027-07,5,CONCACAF,0.23418181805710891,23.41818180571089,True
1992-01,5,OFC,0.0,0.0,False
1992-02,5,OFC,0.0,0.0,False
1992-03,5,OFC,0.0,0.0,False
1992-04,5,OFC,0.0,0.0,False
1992-05,5,OFC,0.0,0.0,False
1992-06,5,OFC,0.0,0.0,False
1992-07,5,OFC,0.002,0.2,False
1992-08,5,OFC,0.00198,0.198,False
1992-09,5,OFC,0.0019602,0.19602,False
1992-10,5,OFC,0.001940598,0.1940598,False
1992-11,5,OFC,0.0019211920199999999,0.192119202,False
1992-12,5,OFC,0.0019019800997999998,0.19019800997999997,False
1993-01,5,OFC,0.0018829602988019998,0.18829602988019997,False
1993-02,5,OFC,0.0018641306958139799,0.186413069581398,False
1993-03,5,OFC,0.00184548938885584,0.184548938885584,False
1993-04,5,OFC,0.0018270344949672815,0.18270344949672815,False
1993-05,5,OFC,0.0018087641500176086,0.18087641500176085,False
1993-06,5,OFC,0.0017906765085174325,0.17906765085174325,False
1993-07,5,OFC,0.0017727697434322582,0.1772769743432258,False
1993-08,5,OFC,0.0017550420459979356,0.17550420459979355,False
1993-09,5,OFC,0.0017374916255379561,0.1737491625537956,False
1993-10,5,OFC,0.0017201167092825765,0.17201167092825764,False
1993-11,5,OFC,0.0017029155421897507,0.17029155421897507,False
1993-12,5,OFC,0.003685886386767853,0.3685886386767853,False
1994-01,5,OFC,0.0036490275229001745,0.36490275229001745,False
1994-02,5,OFC,0.003612537247671173,0.3612537247671173,False
1994-03,5,OFC,0.003576411875194461,0.3576411875194461,False
1994-04,5,OFC,0.0035406477564425163,0.35406477564425165,False
1994-05,5,OFC,0.0035052412788780913,0.3505241278878091,False
1994-06,5,OFC,0.0034701888660893104,0.34701888660893104,False
1994-07,5,OFC,0.0034354869774284175,0.34354869774284175,False
1994-08,5,OFC,0.0034011321076541333,0.34011321076541334,False
1994-09,5,OFC,0.003367120786577592,0.3367120786577592,False
1994-10,5,OFC,0.003333449578711816,0.33334495787118157,False
1994-11,5,OFC,0.0033001150829246977,0.3300115082924698,False
1994-12,5,OFC,0.0032671139320954506,0.32671139320954506,False
1995-01,5,OFC,0.003234442792774496,0.32344427927744956,False
1995-02,5,OFC,0.003202098364846751,0.3202098364846751,False
1995-03,5,OFC,0.0031700773811982833,0.31700773811982835,False
1995-04,5,OFC,0.0031383766073863006,0.31383766073863006,False
1995-05,5,OFC,0.0031069928413124375,0.31069928413124376,False
1995-06,5,OFC,0.003075922912899313,0.3075922912899313,False
1995-07,5,OFC,0.00304516368377032,0.304516368377032,False
1995-08,5,OFC,0.0030147120469326168,0.30147120469326166,False
1995-09,5,OFC,0.0029845649264632905,0.29845649264632906,False
1995-10,5,OFC,0.0029547192771986574,0.29547192771986575,False
1995-11,5,OFC,0.0029251720844266707,0.29251720844266704,False
1995-12,5,OFC,0.002895920363582404,0.2895920363582404,False
1996-01,5,OFC,0.0028669611599465798,0.286696115994658,False
1996-02,5,OFC,0.002838291548347114,0.2838291548347114,False
1996-03,5,OFC,0.002809908632863643,0.2809908632863643,False
1996-04,5,OFC,0.0027818095465350066,0.2781809546535007,False
1996-05,5,OFC,0.0027539914510696564,0.2753991451069656,False
1996-06,5,OFC,0.00272645153655896,0.272645153655896,False
1996-07,5,OFC,0.0026991870211933704,0.26991870211933705,False
1996-08,5,OFC,0.0026721951509814366,0.2672195150981437,False
1996-09,5,OFC,0.002645473199471622,0.2645473199471622,False
1996-10,5,OFC,0.002619018467476906,0.2619018467476906,False
1996-11,5,OFC,0.002592828282802137,0.2592828282802137,False
1996-12,5,OFC,0.0025668999999741153,0.25668999999741154,False
1997-01,5,OFC,0.004541230999974374,0.45412309999743744,False
1997-02,5,OFC,0.004495818689974631,0.44958186899746305,False
1997-03,5,OFC,0.006450860503074885,0.6450860503074884,False
1997-04,5,OFC,0.006386351898044136,0.6386351898044136,False
1997-05,5,OFC,0.006322488379063695,0.6322488379063694,False
1997-06,5,OFC,0.006259263495273058,0.6259263495273057,False
1997-07,5,OFC,0.008196670860320329,0.8196670860320329,False
1997-08,5,OFC,0.008114704151717125,0.8114704151717125,False
1997-09,5,OFC,0.008033557110199954,0.8033557110199954,False
1997-10,5,OFC,0.007953221539097954,0.7953221539097953,False
1997-11,5,OFC,0.007873689323706974,0.7873689323706974,False
1997-12,5,OFC,0.009794952430469905,0.9794952430469905,False
1998-01,5,OFC,0.009697002906165207,0.9697002906165206,False
1998-02,5,OFC,0.009600032877103554,0.9600032877103555,False
1998-03,5,OFC,0.009504032548332519,0.9504032548332519,False
1998-04,5,OFC,0.009408992222849194,0.9408992222849194,False
1998-05,5,OFC,0.009314902300620702,0.9314902300620702,False
1998-06,5,OFC,0.009221753277614495,0.9221753277614495,False
1998-07,5,OFC,0.00912953574483835,0.912953574483835,False
1998-08,5,OFC,0.009038240387389967,0.9038240387389966,False
1998-09,5,OFC,0.008947857983516067,0.8947857983516068,False
1998-10,5,OFC,0.008858379403680906,0.8858379403680906,False
1998-11,5,OFC,0.008769795609644096,0.8769795609644095,False
1998-12,5,OFC,0.008682097653547655,0.8682097653547655,False
1999-01,5,OFC,0.008595276677012178,0.8595276677012178,False
1999-02,5,OFC,0.008509323910242056,0.8509323910242056,False
1999-03,5,OFC,0.008424230671139636,0.8424230671139636,False
1999-04,5,OFC,0.00833998836442824,0.833998836442824,False
1999-05,5,OFC,0.008256588480783958,0.8256588480783958,False
1999-06,5,OFC,0.008174022595976119,0.8174022595976118,False
1999-07,5,OFC,0.008092282370016357,0.8092282370016357,False
1999-08,5,OFC,0.008011359546316193,0.8011359546316192,False
1999-09,5,OFC,0.00793124595085303,0.793124595085303,False
1999-10,5,OFC,0.0078519334913445,0.78519334913445,False
1999-11,5,OFC,0.007773414156431055,0.7773414156431055,False
1999-12,5,OFC,0.007695680014866744,0.7695680014866744,False
2000-01,5,OFC,0.007618723214718077,0.7618723214718076,False
2000-02,5,OFC,0.007542535982570896,0.7542535982570896,False
2000-03,5,OFC,0.007467110622745187,0.7467110622745187,False
2000-04,5,OFC,0.007392439516517735,0.7392439516517735,False
2000-05,5,OFC,0.007318515121352558,0.7318515121352558,False
2000-06,5,OFC,0.007245329970139032,0.7245329970139032,False
2000-07,5,OFC,0.007172876670437641,0.7172876670437641,False
2000-08,5,OFC,0.007101147903733265,0.7101147903733265,False
2000-09,5,OFC,0.007030136424695932,0.7030136424695932,False
2000-10,5,OFC,0.006959835060448973,0.6959835060448973,False
2000-11,5,OFC,0.006890236709844484,0.6890236709844484,False
2000-12,5,OFC,0.006821334342746039,0.6821334342746039,False
2001-01,5,OFC,0.006753120999318579,0.6753120999318579,False
2001-02,5,OFC,0.006685589789325393,0.6685589789325392,False
2001-03,5,OFC,0.006618733891432139,0.6618733891432139,False
2001-04,5,OFC,0.006552546552517817,0.6552546552517817,False
2001-05,5,OFC,0.00848702108699264,0.848702108699264,False
2001-06,5,OFC,0.008402150876122713,0.8402150876122714,False
2001-07,5,OFC,0.008318129367361485,0.8318129367361485,False
2001-08,5,OFC,0.00823494807368787,0.8234948073687871,False
2001-09,5,OFC,0.008152598592950993,0.8152598592950993,False
2001-10,5,OFC,0.008071072607021482,0.8071072607021482,False
2001-11,5,OFC,0.007990361880951266,0.7990361880951267,False
2001-12,5,OFC,0.007910458262141753,0.7910458262141753,False
2002-01,5,OFC,0.007831353679520335,0.7831353679520335,False
2002-02,5,OFC,0.007753040142725131,0.7753040142725132,False
2002-03,5,OFC,0.00767550974129788,0.767550974129788,False
2002-04,5,OFC,0.007598754643884901,0.7598754643884901,False
2002-05,5,OFC,0.007522767097446052,0.7522767097446051,False
2002-06,5,OFC,0.007447539426471591,0.7447539426471591,False
2002-07,5,OFC,0.013373064032206877,1.3373064032206876,False
2002-08,5,OFC,0.013239333391884808,1.3239333391884809,False
2002-09,5,OFC,0.01310694005796596,1.310694005796596,False
2002-10,5,OFC,0.0129758706573863,1.2975870657386301,False
2002-11,5,OFC,0.012846111950812438,1.2846111950812438,False
2002-12,5,OFC,0.012717650831304314,1.2717650831304315,False
2003-01,5,OFC,0.01259047432299127,1.259047432299127,False
2003-02,5,OFC,0.012464569579761357,1.2464569579761358,False
2003-03,5,OFC,0.012339923883963743,1.2339923883963744,False
2003-04,5,OFC,0.012216524645124106,1.2216524645124107,False
2003-05,5,OFC,0.012094359398672865,1.2094359398672865,False
2003-06,5,OFC,0.011973415804686137,1.1973415804686136,False
2003-07,5,OFC,0.011853681646639275,1.1853681646639274,False
2003-08,5,OFC,0.011735144830172881,1.1735144830172881,False
2003-09,5,OFC,0.011617793381871152,1.1617793381871153,False
2003-10,5,OFC,0.01150161544805244,1.150161544805244,False
2003-11,5,OFC,0.011386599293571916,1.1386599293571915,False
2003-12,5,OFC,0.011272733300636197,1.1272733300636197,False
2004-01,5,OFC,0.011160005967629835,1.1160005967629834,False
2004-02,5,OFC,0.011048405907953536,1.1048405907953536,False
2004-03,5,OFC,0.010937921848874,1.0937921848874,False
2004-04,5,OFC,0.01082854263038526,1.082854263038526,False
2004-05,5,OFC,0.010720257204081407,1.0720257204081407,False
2004-06,5,OFC,0.010613054632040592,1.0613054632040593,False
2004-07,5,OFC,0.010506924085720185,1.0506924085720186,False
2004-08,5,OFC,0.010401854844862984,1.0401854844862983,False
2004-09,5,OFC,0.010297836296414354,1.0297836296414353,False
2004-10,5,OFC,0.010194857933450211,1.0194857933450212,False
2004-11,5,OFC,0.01009290935411571,1.0092909354115709,False
2004-12,5,OFC,0.009991980260574553,0.9991980260574552,False
2005-01,5,OFC,0.009892060457968806,0.9892060457968807,False
2005-02,5,OFC,0.009793139853389117,0.9793139853389118,False
2005-03,5,OFC,0.009695208454855227,0.9695208454855226,False
2005-04,5,OFC,0.009598256370306674,0.9598256370306674,False
2005-05,5,OFC,0.009502273806603607,0.9502273806603607,False
2005-06,5,OFC,0.009407251068537572,0.9407251068537572,False
2005-07,5,OFC,0.009313178557852195,0.9313178557852195,False
2005-08,5,OFC,0.009220046772273673,0.9220046772273673,False
2005-09,5,OFC,0.009127846304550937,0.9127846304550937,False
2005-10,5,OFC,0.009036567841505427,0.9036567841505426,False
2005-11,5,OFC,0.008946202163090373,0.8946202163090373,False
2005-12,5,OFC,0.00885674014145947,0.8856740141459469,False
2006-01,5,OFC,0.008768172740044874,0.8768172740044874,False
2006-02,5,OFC,0.008680491012644426,0.8680491012644426,False
2006-03,5,OFC,0.008593686102517982,0.8593686102517981,False
2006-04,5,OFC,0.008507749241492802,0.8507749241492801,False
2006-05,5,OFC,0.008422671749077874,0.8422671749077874,False
2006-06,5,OFC,0.008338445031587096,0.8338445031587096,False
2006-07,5,OFC,0.008255060581271225,0.8255060581271225,False
2006-08,5,OFC,0.008172509975458512,0.8172509975458512,False
2006-09,5,OFC,0.008090784875703926,0.8090784875703926,False
2006-10,5,OFC,0.008009877026946886,0.8009877026946886,False
2006-11,5,OFC,0.007929778256677417,0.7929778256677418,False
2006-12,5,OFC,0.007850480474110643,0.7850480474110643,False
2007-01,5,OFC,0.007771975669369537,0.7771975669369536,False
2007-02,5,OFC,0.007694255912675842,0.7694255912675841,False
2007-03,5,OFC,0.007617313353549083,0.7617313353549083,False
2007-04,5,OFC,0.007541140220013592,0.7541140220013592,False
2007-05,5,OFC,0.007465728817813456,0.7465728817813456,False
2007-06,5,OFC,0.007391071529635322,0.7391071529635321,False
2007-07,5,OFC,0.007317160814338968,0.7317160814338969,False
2007-08,5,OFC,0.007243989206195578,0.7243989206195578,False
2007-09,5,OFC,0.007171549314133622,0.7171549314133622,False
2007-10,5,OFC,0.007099833820992286,0.7099833820992286,False
2007-11,5,OFC,0.007028835482782363,0.7028835482782363,False
2007-12,5,OFC,0.00695854712795454,0.695854712795454,False
2008-01,5,OFC,0.006888961656674995,0.6888961656674994,False
2008-02,5,OFC,0.006820072040108245,0.6820072040108245,False
2008-03,5,OFC,0.006751871319707162,0.6751871319707162,False
2008-04,5,OFC,0.006684352606510091,0.6684352606510091,False
2008-05,5,OFC,0.00661750908044499,0.661750908044499,False
2008-06,5,OFC,0.00655133398964054,0.655133398964054,False
2008-07,5,OFC,0.006485820649744134,0.6485820649744134,False
2008-08,5,OFC,0.0064209624432466925,0.6420962443246693,False
2008-09,5,OFC,0.006356752818814226,0.6356752818814226,False
2008-10,5,OFC,0.006293185290626084,0.6293185290626083,False
2008-11,5,OFC,0.006230253437719823,0.6230253437719823,False
2008-12,5,OFC,0.006167950903342625,0.6167950903342625,False
2009-01,5,OFC,0.006106271394309199,0.6106271394309198,False
2009-02,5,OFC,0.006045208680366107,0.6045208680366108,False
2009-03,5,OFC,0.005984756593562446,0.5984756593562446,False
2009-04,5,OFC,0.005924909027626821,0.5924909027626821,False
2009-05,5,OFC,0.005865659937350553,0.5865659937350552,False
2009-06,5,OFC,0.005807003337977047,0.5807003337977047,False
2009-07,5,OFC,0.0057489333045972766,0.5748933304597277,False
2009-08,5,OFC,0.005691443971551304,0.5691443971551304,False
2009-09,5,OFC,0.005634529531835791,0.5634529531835791,False
2009-10,5,OFC,0.005578184236517433,0.5578184236517433,False
2009-11,5,OFC,0.005522402394152259,0.5522402394152258,False
2009-12,5,OFC,0.005467178370210736,0.5467178370210736,False
2010-01,5,OFC,0.005412506586508628,0.5412506586508629,False
2010-02,5,OFC,0.005358381520643542,0.5358381520643541,False
2010-03,5,OFC,0.005304797705437106,0.5304797705437106,False
2010-04,5,OFC,0.005251749728382735,0.5251749728382735,False
2010-05,5,OFC,0.005199232231098908,0.5199232231098908,False
2010-06,5,OFC,0.005147239908787919,0.5147239908787918,False
2010-07,5,OFC,0.005095767509700039,0.5095767509700039,False
2010-08,5,OFC,0.0050448098346030385,0.5044809834603039,False
2010-09,5,OFC,0.004994361736257008,0.49943617362570075,False
2010-10,5,OFC,0.004944418118894438,0.49444181188944375,False
2010-11,5,OFC,0.0048949739377054935,0.48949739377054935,False
2010-12,5,OFC,0.004846024198328439,0.48460241983284386,False
2011-01,5,OFC,0.0047975639563451545,0.47975639563451544,False
2011-02,5,OFC,0.004749588316781703,0.4749588316781703,False
2011-03,5,OFC,0.004702092433613886,0.4702092433613886,False
2011-04,5,OFC,0.008655071509277747,0.8655071509277747,False
2011-05,5,OFC,0.00856852079418497,0.856852079418497,False
2011-06,5,OFC,0.00848283558624312,0.8482835586243119,False
2011-07,5,OFC,0.008398007230380687,0.8398007230380687,False
2011-08,5,OFC,0.008314027158076881,0.8314027158076881,False
2011-09,5,OFC,0.008230886886496112,0.8230886886496113,False
2011-10,5,OFC,0.008148578017631152,0.8148578017631152,False
2011-11,5,OFC,0.00806709223745484,0.806709223745484,False
2011-12,5,OFC,0.007986421315080292,0.7986421315080292,False
2012-01,5,OFC,0.007906557101929489,0.7906557101929489,False
2012-02,5,OFC,0.007827491530910193,0.7827491530910193,False
2012-03,5,OFC,0.0077492166156010915,0.7749216615601091,False
2012-04,5,OFC,0.0076717244494450805,0.7671724449445081,False
2012-05,5,OFC,0.007595007204950629,0.7595007204950629,False
2012-06,5,OFC,0.007519057132901123,0.7519057132901124,False
2012-07,5,OFC,0.007443866561572112,0.7443866561572112,False
2012-08,5,OFC,0.007369427895956391,0.7369427895956391,False
2012-09,5,OFC,0.007295733616996827,0.7295733616996827,False
2012-10,5,OFC,0.007222776280826859,0.7222776280826859,False
2012-11,5,OFC,0.00715054851801859,0.715054851801859,False
2012-12,5,OFC,0.007079043032838404,0.7079043032838404,False
2013-01,5,OFC,0.00700825260251002,0.700825260251002,False
2013-02,5,OFC,0.0069381700764849195,0.693817007648492,False
2013-03,5,OFC,0.00686878837572007,0.6868788375720071,False
2013-04,5,OFC,0.00680010049196287,0.6800100491962869,False
2013-05,5,OFC,0.006732099487043241,0.673209948704324,False
2013-06,5,OFC,0.006664778492172808,0.6664778492172808,False
2013-07,5,OFC,0.00659813070725108,0.6598130707251081,False
2013-08,5,OFC,0.006532149400178569,0.653214940017857,False
2013-09,5,OFC,0.006466827906176783,0.6466827906176783,False
2013-10,5,OFC,0.0064021596271150154,0.6402159627115015,False
2013-11,5,OFC,0.006338138030843865,0.6338138030843865,False
2013-12,5,OFC,0.006274756650535426,0.6274756650535426,False
2014-01,5,OFC,0.006212009084030072,0.6212009084030072,False
2014-02,5,OFC,0.006149888993189771,0.614988899318977,False
2014-03,5,OFC,0.0060883901032578736,0.6088390103257874,False
2014-04,5,OFC,0.006027506202225295,0.6027506202225295,False
2014-05,5,OFC,0.005967231140203042,0.5967231140203042,False
2014-06,5,OFC,0.005907558828801012,0.5907558828801012,False
2014-07,5,OFC,0.005848483240513002,0.5848483240513002,False
2014-08,5,OFC,0.0057899984081078715,0.5789998408107871,False
2014-09,5,OFC,0.0057320984240267926,0.5732098424026792,False
2014-10,5,OFC,0.005674777439786525,0.5674777439786525,False
2014-11,5,OFC,0.005618029665388659,0.561802966538866,False
2014-12,5,OFC,0.0055618493687347725,0.5561849368734773,False
2015-01,5,OFC,0.005506230875047425,0.5506230875047425,False
2015-02,5,OFC,0.0054511685662969505,0.545116856629695,False
2015-03,5,OFC,0.005396656880633981,0.5396656880633981,False
2015-04,5,OFC,0.005342690311827642,0.5342690311827641,False
2015-05,5,OFC,0.005289263408709365,0.5289263408709365,False
2015-06,5,OFC,0.0052363707746222714,0.5236370774622271,False
2015-07,5,OFC,0.005184007066876049,0.5184007066876049,False
2015-08,5,OFC,0.005132166996207288,0.5132166996207288,False
2015-09,5,OFC,0.005080845326245215,0.5080845326245216,False
2015-10,5,OFC,0.005030036872982763,0.5030036872982763,False
2015-11,5,OFC,0.004979736504252936,0.49797365042529357,False
2015-12,5,OFC,0.004929939139210407,0.49299391392104064,False
2016-01,5,OFC,0.004880639747818302,0.4880639747818302,False
2016-02,5,OFC,0.004831833350340119,0.4831833350340119,False
2016-03,5,OFC,0.004783515016836717,0.47835150168367174,False
2016-04,5,OFC,0.00473567986666835,0.47356798666683503,False
2016-05,5,OFC,0.004688323068001667,0.4688323068001667,False
2016-06,5,OFC,0.00464143983732165,0.46414398373216503,False
2016-07,5,OFC,0.004595025438948434,0.4595025438948434,False
2016-08,5,OFC,0.004549075184558949,0.45490751845589494,False
2016-09,5,OFC,0.00450358443271336,0.45035844327133595,False
2016-10,5,OFC,0.004458548588386226,0.4458548588386226,False
2016-11,5,OFC,0.004413963102502363,0.44139631025023635,False
2016-12,5,OFC,0.00436982347147734,0.436982347147734,False
2017-01,5,OFC,0.004326125236762566,0.43261252367625663,False
2017-02,5,OFC,0.00428286398439494,0.428286398439494,False
2017-03,5,OFC,0.004240035344550991,0.4240035344550991,False
2017-04,5,OFC,0.004197634991105481,0.4197634991105481,False
2017-05,5,OFC,0.004155658641194426,0.41556586411944263,False
2017-06,5,OFC,0.004114102054782482,0.4114102054782482,False
2017-07,5,OFC,0.004072961034234658,0.4072961034234658,False
2017-08,5,OFC,0.004032231423892311,0.40322314238923107,False
2017-09,5,OFC,0.003991909109653388,0.3991909109653388,False
2017-10,5,OFC,0.003951990018556854,0.3951990018556854,False
2017-11,5,OFC,0.003912470118371285,0.3912470118371285,False
2017-12,5,OFC,0.0038733454171875725,0.38733454171875725,False
2018-01,5,OFC,0.0038346119630156966,0.38346119630156966,False
2018-02,5,OFC,0.0037962658433855394,0.37962658433855395,False
2018-03,5,OFC,0.003758303184951684,0.3758303184951684,False
2018-04,5,OFC,0.003720720153102167,0.3720720153102167,False
2018-05,5,OFC,0.0036835129515711456,0.36835129515711457,False
2018-06,5,OFC,0.0036466778220554342,0.3646677822055434,False
2018-07,5,OFC,0.00361021104383488,0.361021104383488,False
2018-08,5,OFC,0.0035741089333965314,0.35741089333965315,False
2018-09,5,OFC,0.003538367844062566,0.3538367844062566,False
2018-10,5,OFC,0.0035029841656219404,0.35029841656219407,False
2018-11,5,OFC,0.003467954323965721,0.3467954323965721,False
2018-12,5,OFC,0.0034332747807260637,0.3433274780726064,False
2019-01,5,OFC,0.003398942032918803,0.3398942032918803,False
2019-02,5,OFC,0.003364952612589615,0.3364952612589615,False
2019-03,5,OFC,0.003331303086463719,0.3331303086463719,False
2019-04,5,OFC,0.0032979900555990815,0.32979900555990815,False
2019-05,5,OFC,0.003265010155043091,0.3265010155043091,False
2019-06,5,OFC,0.00323236005349266,0.323236005349266,False
2019-07,5,OFC,0.0032000364529577332,0.3200036452957733,False
2019-08,5,OFC,0.003168036088428156,0.31680360884281555,False
2019-09,5,OFC,0.003136355727543874,0.3136355727543874,False
2019-10,5,OFC,0.003104992170268435,0.3104992170268435,False
2019-11,5,OFC,0.003073942248565751,0.3073942248565751,False
2019-12,5,OFC,0.0030432028260800933,0.3043202826080093,False
2020-01,5,OFC,0.0030127707978192925,0.30127707978192925,False
2020-02,5,OFC,0.0029826430898410995,0.29826430898410994,False
2020-03,5,OFC,0.0029528166589426886,0.29528166589426885,False
2020-04,5,OFC,0.002923288492353262,0.2923288492353262,False
2020-05,5,OFC,0.0028940556074297293,0.2894055607429729,False
2020-06,5,OFC,0.002865115051355432,0.28651150513554324,False
2020-07,5,OFC,0.0028364639008418777,0.2836463900841878,False
2020-08,5,OFC,0.0028080992618334587,0.2808099261833459,False
2020-09,5,OFC,0.002780018269215124,0.27800182692151243,False
2020-10,5,OFC,0.0027522180865229727,0.2752218086522973,False
2020-11,5,OFC,0.002724695905657743,0.2724695905657743,False
2020-12,5,OFC,0.0026974489466011654,0.26974489466011653,False
2021-01,5,OFC,0.002670474457135154,0.2670474457135154,False
2021-02,5,OFC,0.0026437697125638025,0.26437697125638027,False
2021-03,5,OFC,0.0026173320154381646,0.26173320154381646,False
2021-04,5,OFC,0.002591158695283783,0.2591158695283783,False
2021-05,5,OFC,0.002565247108330945,0.2565247108330945,False
2021-06,5,OFC,0.0025395946372476354,0.2539594637247635,False
2021-07,5,OFC,0.0025141986908751588,0.2514198690875159,False
2021-08,5,OFC,0.002489056703966407,0.24890567039664072,False
2021-09,5,OFC,0.0024641661369267432,0.2464166136926743,False
2021-10,5,OFC,0.0024395244755574755,0.24395244755574755,False
2021-11,5,OFC,0.002415129230801901,0.2415129230801901,False
2021-12,5,OFC,0.002390977938493882,0.23909779384938817,False
2022-01,5,OFC,0.002367068159108943,0.2367068159108943,False
2022-02,5,OFC,0.0023433974775178535,0.23433974775178534,False
2022-03,5,OFC,0.0023199635027426747,0.23199635027426746,False
2022-04,5,OFC,0.002296763867715248,0.2296763867715248,False
2022-05,5,OFC,0.0022737962290380956,0.22737962290380956,False
2022-06,5,OFC,0.0022510582667477144,0.22510582667477144,False
2022-07,5,OFC,0.0022285476840802373,0.22285476840802373,False
2022-08,5,OFC,0.002206262207239435,0.2206262207239435,False
2022-09,5,OFC,0.0021841995851670406,0.21841995851670407,False
2022-10,5,OFC,0.00216235758931537,0.21623575893153701,False
2022-11,5,OFC,0.0021407340134222165,0.21407340134222164,False
2022-12,5,OFC,0.0021193266732879943,0.21193266732879942,False
2023-01,5,OFC,0.0020981334065551145,0.20981334065551144,False
2023-02,5,OFC,0.0020771520724895635,0.20771520724895634,False
2023-03,5,OFC,0.002056380551764668,0.20563805517646677,False
2023-04,5,OFC,0.002035816746247021,0.20358167462470209,False
2023-05,5,OFC,0.0020154585787845506,0.20154585787845505,False
2023-06,5,OFC,0.001995303992996705,0.1995303992996705,False
2023-07,5,OFC,0.0019753509530667382,0.19753509530667382,False
2023-08,5,OFC,0.003955597443536071,0.3955597443536071,False
2023-09,5,OFC,0.00391604146910071,0.391604146910071,False
2023-10,5,OFC,0.003876881054409703,0.38768810544097027,False
2023-11,5,OFC,0.003838112243865606,0.38381122438656057,False
2023-12,5,OFC,0.00979973112142695,0.9799731121426951,False
2024-01,5,OFC,0.00970173381021268,0.970173381021268,False
2024-02,5,OFC,0.009604716472110553,0.9604716472110553,False
2024-03,5,OFC,0.009508669307389448,0.9508669307389448,False
2024-04,5,OFC,0.009413582614315553,0.9413582614315553,False
2024-05,5,OFC,0.009319446788172397,0.9319446788172397,False
2024-06,5,OFC,0.009226252320290673,0.9226252320290673,False
2024-07,5,OFC,0.009133989797087766,0.9133989797087766,False
2024-08,5,OFC,0.009042649899116888,0.9042649899116888,False
2024-09,5,OFC,0.00895222340012572,0.895222340012572,False
2024-10,5,OFC,0.008862701166124462,0.8862701166124463,False
2024-11,5,OFC,0.008774074154463218,0.8774074154463218,False
2024-12,5,OFC,0.008686333412918586,0.8686333412918585,False
2025-01,5,OFC,0.0085994700787894,0.85994700787894,False
2025-02,5,OFC,0.008513475378001506,0.8513475378001506,False
2025-03,5,OFC,0.008428340624221492,0.8428340624221492,False
2025-04,5,OFC,0.008344057217979277,0.8344057217979277,False
2025-05,5,OFC,0.008260616645799485,0.8260616645799486,False
2025-06,5,OFC,0.00817801047934149,0.817801047934149,False
2025-07,5,OFC,0.008096230374548074,0.8096230374548075,False
2025-08,5,OFC,0.008015268070802594,0.8015268070802594,False
2025-09,5,OFC,0.007935115390094567,0.7935115390094567,False
2025-10,5,OFC,0.007855764236193621,0.7855764236193621,False
2025-11,5,OFC,0.007777206593831685,0.7777206593831685,False
2025-12,5,OFC,0.007699434527893369,0.7699434527893368,False
2026-01,5,OFC,0.007622440182614435,0.7622440182614435,False
2026-02,5,OFC,0.007546215780788291,0.7546215780788291,False
2026-03,5,OFC,0.007470753622980408,0.7470753622980408,False
2026-04,5,OFC,0.007396046086750604,0.7396046086750604,False
2026-05,5,OFC,0.007322085625883098,0.7322085625883098,False
2026-06,5,OFC,0.007248864769624267,0.7248864769624267,False
2026-07,5,OFC,0.007176376121928024,0.7176376121928024,False
2026-08,5,OFC,0.007176376121928024,0.7176376121928024,True
2026-09,5,OFC,0.007176376121928024,0.7176376121928024,True
2026-10,5,OFC,0.007176376121928024,0.7176376121928024,True
2026-11,5,OFC,0.007176376121928024,0.7176376121928024,True
2026-12,5,OFC,0.007176376121928024,0.7176376121928024,True
2027-01,5,OFC,0.007176376121928024,0.7176376121928024,True
2027-02,5,OFC,0.007176376121928024,0.7176376121928024,True
2027-03,5,OFC,0.007176376121928024,0.7176376121928024,True
2027-04,5,OFC,0.007176376121928024,0.7176376121928024,True
2027-05,5,OFC,0.007176376121928024,0.7176376121928024,True
2027-06,5,OFC,0.007176376121928024,0.7176376121928024,True
2027-07,5,OFC,0.007176376121928024,0.7176376121928024,True
1992-01,5,AFC,0.0,0.0,False
1992-02,5,AFC,0.0,0.0,False
1992-03,5,AFC,0.0,0.0,False
1992-04,5,AFC,0.0,0.0,False
1992-05,5,AFC,0.0,0.0,False
1992-06,5,AFC,0.0,0.0,False
1992-07,5,AFC,0.0,0.0,False
1992-08,5,AFC,0.0,0.0,False
1992-09,5,AFC,0.0,0.0,False
1992-10,5,AFC,0.0,0.0,False
1992-11,5,AFC,0.0,0.0,False
1992-12,5,AFC,0.0,0.0,False
1993-01,5,AFC,0.0,0.0,False
1993-02,5,AFC,0.0,0.0,False
1993-03,5,AFC,0.0,0.0,False
1993-04,5,AFC,0.0,0.0,False
1993-05,5,AFC,0.0,0.0,False
1993-06,5,AFC,0.0,0.0,False
1993-07,5,AFC,0.0,0.0,False
1993-08,5,AFC,0.0,0.0,False
1993-09,5,AFC,0.0,0.0,False
1993-10,5,AFC,0.0,0.0,False
1993-11,5,AFC,0.0,0.0,False
1993-12,5,AFC,0.0,0.0,False
1994-01,5,AFC,0.0,0.0,False
1994-02,5,AFC,0.0,0.0,False
1994-03,5,AFC,0.0,0.0,False
1994-04,5,AFC,0.0,0.0,False
1994-05,5,AFC,0.0,0.0,False
1994-06,5,AFC,0.0,0.0,False
1994-07,5,AFC,0.0,0.0,False
1994-08,5,AFC,0.0,0.0,False
1994-09,5,AFC,0.0,0.0,False
1994-10,5,AFC,0.0,0.0,False
1994-11,5,AFC,0.0,0.0,False
1994-12,5,AFC,0.0,0.0,False
1995-01,5,AFC,0.0,0.0,False
1995-02,5,AFC,0.0,0.0,False
1995-03,5,AFC,0.0,0.0,False
1995-04,5,AFC,0.0,0.0,False
1995-05,5,AFC,0.0,0.0,False
1995-06,5,AFC,0.0,0.0,False
1995-07,5,AFC,0.0,0.0,False
1995-08,5,AFC,0.0,0.0,False
1995-09,5,AFC,0.0,0.0,False
1995-10,5,AFC,0.0,0.0,False
1995-11,5,AFC,0.0,0.0,False
1995-12,5,AFC,0.0,0.0,False
1996-01,5,AFC,0.0,0.0,False
1996-02,5,AFC,0.0,0.0,False
1996-03,5,AFC,0.0,0.0,False
1996-04,5,AFC,0.0,0.0,False
1996-05,5,AFC,0.0,0.0,False
1996-06,5,AFC,0.0,0.0,False
1996-07,5,AFC,0.0,0.0,False
1996-08,5,AFC,0.0,0.0,False
1996-09,5,AFC,0.0,0.0,False
1996-10,5,AFC,0.0,0.0,False
1996-11,5,AFC,0.0,0.0,False
1996-12,5,AFC,0.0,0.0,False
1997-01,5,AFC,0.0,0.0,False
1997-02,5,AFC,0.0,0.0,False
1997-03,5,AFC,0.0,0.0,False
1997-04,5,AFC,0.0,0.0,False
1997-05,5,AFC,0.0,0.0,False
1997-06,5,AFC,0.0,0.0,False
1997-07,5,AFC,0.0,0.0,False
1997-08,5,AFC,0.0,0.0,False
1997-09,5,AFC,0.0,0.0,False
1997-10,5,AFC,0.0,0.0,False
1997-11,5,AFC,0.0,0.0,False
1997-12,5,AFC,0.0,0.0,False
1998-01,5,AFC,0.004,0.4,False
1998-02,5,AFC,0.00392,0.392,False
1998-03,5,AFC,0.0038415999999999997,0.38415999999999995,False
1998-04,5,AFC,0.0037647679999999995,0.37647679999999994,False
1998-05,5,AFC,0.0036894726399999992,0.36894726399999994,False
1998-06,5,AFC,0.003615683187199999,0.3615683187199999,False
1998-07,5,AFC,0.0035433695234559992,0.3543369523455999,False
1998-08,5,AFC,0.003472502132986879,0.3472502132986879,False
1998-09,5,AFC,0.0034030520903271413,0.3403052090327141,False
1998-10,5,AFC,0.0033349910485205984,0.33349910485205986,False
1998-11,5,AFC,0.003268291227550186,0.32682912275501863,False
1998-12,5,AFC,0.015202925402999182,1.5202925402999181,False
1999-01,5,AFC,0.014898866894939198,1.4898866894939198,False
1999-02,5,AFC,0.014600889557040413,1.4600889557040413,False
1999-03,5,AFC,0.014308871765899605,1.4308871765899605,False
1999-04,5,AFC,0.014022694330581613,1.4022694330581613,False
1999-05,5,AFC,0.01374224044396998,1.374224044396998,False
1999-06,5,AFC,0.013467395635090581,1.346739563509058,False
1999-07,5,AFC,0.01319804772238877,1.319804772238877,False
1999-08,5,AFC,0.012934086767940995,1.2934086767940995,False
1999-09,5,AFC,0.012675405032582174,1.2675405032582174,False
1999-10,5,AFC,0.01242189693193053,1.242189693193053,False
1999-11,5,AFC,0.012173458993291919,1.217345899329192,False
1999-12,5,AFC,0.01192998981342608,1.192998981342608,False
2000-01,5,AFC,0.011691390017157558,1.1691390017157557,False
2000-02,5,AFC,0.011457562216814406,1.1457562216814405,False
2000-03,5,AFC,0.011228410972478118,1.1228410972478118,False
2000-04,5,AFC,0.011003842753028556,1.1003842753028557,False
2000-05,5,AFC,0.010783765897967985,1.0783765897967985,False
2000-06,5,AFC,0.010568090580008625,1.0568090580008624,False
2000-07,5,AFC,0.014356728768408452,1.4356728768408453,False
2000-08,5,AFC,0.014069594193040283,1.4069594193040282,False
2000-09,5,AFC,0.013788202309179477,1.3788202309179476,False
2000-10,5,AFC,0.013512438262995887,1.3512438262995887,False
2000-11,5,AFC,0.013242189497735968,1.3242189497735968,False
2000-12,5,AFC,0.020977345707781248,2.0977345707781248,False
2001-01,5,AFC,0.024557798793625622,2.455779879362562,False
2001-02,5,AFC,0.02406664281775311,2.406664281775311,False
2001-03,5,AFC,0.023585309961398047,2.358530996139805,False
2001-04,5,AFC,0.023113603762170084,2.3113603762170083,False
2001-05,5,AFC,0.022651331686926682,2.2651331686926683,False
2001-06,5,AFC,0.02219830505318815,2.219830505318815,False
2001-07,5,AFC,0.025754338952124388,2.5754338952124387,False
2001-08,5,AFC,0.0252392521730819,2.52392521730819,False
2001-09,5,AFC,0.024734467129620262,2.4734467129620263,False
2001-10,5,AFC,0.024239777787027857,2.4239777787027856,False
2001-11,5,AFC,0.0237549822312873,2.37549822312873,False
2001-12,5,AFC,0.031279882586661555,3.1279882586661554,False
2002-01,5,AFC,0.030654284934928323,3.065428493492832,False
2002-02,5,AFC,0.030041199236229756,3.0041199236229756,False
2002-03,5,AFC,0.029440375251505158,2.9440375251505158,False
2002-04,5,AFC,0.028851567746475053,2.8851567746475055,False
2002-05,5,AFC,0.028274536391545552,2.8274536391545553,False
2002-06,5,AFC,0.02770904566371464,2.770904566371464,False
2002-07,5,AFC,0.031154864750440346,3.1154864750440345,False
2002-08,5,AFC,0.030531767455431538,3.0531767455431535,False
2002-09,5,AFC,0.029921132106322905,2.9921132106322905,False
2002-10,5,AFC,0.029322709464196448,2.932270946419645,False
2002-11,5,AFC,0.02873625527491252,2.8736255274912517,False
2002-12,5,AFC,0.03616153016941427,3.616153016941427,False
2003-01,5,AFC,0.03543829956602598,3.543829956602598,False
2003-02,5,AFC,0.034729533574705464,3.4729533574705465,False
2003-03,5,AFC,0.03403494290321135,3.4034942903211354,False
2003-04,5,AFC,0.03335424404514713,3.3354244045147126,False
2003-05,5,AFC,0.03268715916424418,3.268715916424418,False
2003-06,5,AFC,0.032033415980959296,3.2033415980959297,False
2003-07,5,AFC,0.031392747661340106,3.139274766134011,False
2003-08,5,AFC,0.030764892708113303,3.0764892708113303,False
2003-09,5,AFC,0.030149594853951037,3.014959485395104,False
2003-10,5,AFC,0.029546602956872014,2.9546602956872015,False
2003-11,5,AFC,0.028955670897734574,2.8955670897734573,False
2003-12,5,AFC,0.03237655747977988,3.237655747977988,False
2004-01,5,AFC,0.03172902633018428,3.1729026330184285,False
2004-02,5,AFC,0.031094445803580596,3.1094445803580597,False
2004-03,5,AFC,0.030472556887508984,3.0472556887508984,False
2004-04,5,AFC,0.029863105749758805,2.9863105749758803,False
2004-05,5,AFC,0.029265843634763627,2.926584363476363,False
2004-06,5,AFC,0.028680526762068354,2.8680526762068355,False
2004-07,5,AFC,0.028106916226826987,2.8106916226826986,False
2004-08,5,AFC,0.027544777902290447,2.7544777902290445,False
2004-09,5,AFC,0.026993882344244637,2.6993882344244637,False
2004-10,5,AFC,0.026454004697359743,2.645400469735974,False
2004-11,5,AFC,0.025924924603412548,2.592492460341255,False
2004-12,5,AFC,0.0374064261113443,3.74064261113443,False
2005-01,5,AFC,0.04065829758911742,4.065829758911741,False
2005-02,5,AFC,0.039845131637335066,3.9845131637335065,False
2005-03,5,AFC,0.03904822900458836,3.904822900458836,False
2005-04,5,AFC,0.03826726442449659,3.8267264424496594,False
2005-05,5,AFC,0.04150191913600666,4.150191913600667,False
2005-06,5,AFC,0.04067188075328653,4.067188075328653,False
2005-07,5,AFC,0.04385844313822079,4.385844313822079,False
2005-08,5,AFC,0.04298127427545637,4.298127427545637,False
2005-09,5,AFC,0.042121648789947244,4.212164878994725,False
2005-10,5,AFC,0.0412792158141483,4.12792158141483,False
2005-11,5,AFC,0.04045363149786533,4.0453631497865326,False
2005-12,5,AFC,0.03964455886790802,3.9644558867908017,False
2006-01,5,AFC,0.03885166769054986,3.885166769054986,False
2006-02,5,AFC,0.04207463433673886,4.207463433673886,False
2006-03,5,AFC,0.04123314165000408,4.123314165000408,False
2006-04,5,AFC,0.040408478817004,4.0408478817004,False
2006-05,5,AFC,0.03960030924066392,3.960030924066392,False
2006-06,5,AFC,0.03880830305585064,3.880830305585064,False
2006-07,5,AFC,0.03803213699473362,3.8032136994733623,False
2006-08,5,AFC,0.03727149425483895,3.727149425483895,False
2006-09,5,AFC,0.03652606436974217,3.6526064369742173,False
2006-10,5,AFC,0.03579554308234733,3.5795543082347328,False
2006-11,5,AFC,0.03507963222070038,3.507963222070038,False
2006-12,5,AFC,0.03437803957628637,3.437803957628637,False
2007-01,5,AFC,0.04169047878476064,4.169047878476064,False
2007-02,5,AFC,0.04085666920906543,4.085666920906543,False
2007-03,5,AFC,0.04003953582488412,4.003953582488412,False
2007-04,5,AFC,0.03923874510838644,3.923874510838644,False
2007-05,5,AFC,0.038453970206218706,3.8453970206218706,False
2007-06,5,AFC,0.037684890802094334,3.7684890802094335,False
2007-07,5,AFC,0.03693119298605245,3.693119298605245,False
2007-08,5,AFC,0.0361925691263314,3.6192569126331398,False
2007-09,5,AFC,0.03546871774380477,3.546871774380477,False
2007-10,5,AFC,0.03475934338892867,3.475934338892867,False
2007-11,5,AFC,0.0340641565211501,3.40641565211501,False
2007-12,5,AFC,0.0413828733907271,4.1382873390727095,False
2008-01,5,AFC,0.04455521592291256,4.455521592291256,False
2008-02,5,AFC,0.04366411160445431,4.366411160445431,False
2008-03,5,AFC,0.042790829372365224,4.279082937236522,False
2008-04,5,AFC,0.04593501278491792,4.593501278491792,False
2008-05,5,AFC,0.04501631252921956,4.501631252921956,False
2008-06,5,AFC,0.044115986278635166,4.411598627863516,False
2008-07,5,AFC,0.047233666553062464,4.723366655306246,False
2008-08,5,AFC,0.046288993222001217,4.628899322200121,False
2008-09,5,AFC,0.04536321335756119,4.536321335756119,False
2008-10,5,AFC,0.044455949090409966,4.445594909040997,False
2008-11,5,AFC,0.04356683010860177,4.356683010860177,False
2008-12,5,AFC,0.05069549350642973,5.069549350642974,False
2009-01,5,AFC,0.05368158363630114,5.368158363630114,False
2009-02,5,AFC,0.052607951963575116,5.2607951963575115,False
2009-03,5,AFC,0.05155579292430361,5.155579292430361,False
2009-04,5,AFC,0.050524677065817536,5.052467706581753,False
2009-05,5,AFC,0.053514183524501185,5.351418352450119,False
2009-06,5,AFC,0.05244389985401116,5.244389985401116,False
2009-07,5,AFC,0.051395021856930935,5.139502185693093,False
2009-08,5,AFC,0.05036712141979231,5.036712141979232,False
2009-09,5,AFC,0.049359778991396465,4.935977899139647,False
2009-10,5,AFC,0.04837258341156853,4.837258341156853,False
2009-11,5,AFC,0.04740513174333716,4.740513174333715,False
2009-12,5,AFC,0.05445702910847042,5.445702910847042,False
2010-01,5,AFC,0.061367888526301005,6.136788852630101,False
2010-02,5,AFC,0.06814053075577498,6.8140530755774975,False
2010-03,5,AFC,0.06677772014065947,6.677772014065947,False
2010-04,5,AFC,0.06944216573784628,6.944216573784629,False
2010-05,5,AFC,0.06805332242308935,6.8053322423089355,False
2010-06,5,AFC,0.06669225597462757,6.669225597462757,False
2010-07,5,AFC,0.06535841085513501,6.535841085513501,False
2010-08,5,AFC,0.0640512426380323,6.405124263803231,False
2010-09,5,AFC,0.06277021778527166,6.277021778527166,False
2010-10,5,AFC,0.061514813429566224,6.151481342956623,False
2010-11,5,AFC,0.060284517160974896,6.028451716097489,False
2010-12,5,AFC,0.0670788268177554,6.70788268177554,False
2011-01,5,AFC,0.07773725028140029,7.773725028140029,False
2011-02,5,AFC,0.07618250527577228,7.618250527577228,False
2011-03,5,AFC,0.07465885517025683,7.465885517025683,False
2011-04,5,AFC,0.07716567806685169,7.716567806685169,False
2011-05,5,AFC,0.07562236450551466,7.562236450551466,False
2011-06,5,AFC,0.07410991721540436,7.4109917215404355,False
2011-07,5,AFC,0.07262771887109627,7.262771887109627,False
2011-08,5,AFC,0.07117516449367435,7.117516449367435,False
2011-09,5,AFC,0.06975166120380086,6.975166120380086,False
2011-10,5,AFC,0.06835662797972485,6.835662797972485,False
2011-11,5,AFC,0.06698949542013034,6.698949542013034,False
2011-12,5,AFC,0.06564970551172773,6.564970551172773,False
2012-01,5,AFC,0.06433671140149318,6.433671140149317,False
2012-02,5,AFC,0.0630499771734633,6.304997717346331,False
2012-03,5,AFC,0.06178897762999404,6.178897762999404,False
2012-04,5,AFC,0.06455319807739415,6.455319807739415,False
2012-05,5,AFC,0.06326213411584627,6.326213411584628,False
2012-06,5,AFC,0.06199689143352935,6.199689143352935,False
2012-07,5,AFC,0.06475695360485877,6.475695360485877,False
2012-08,5,AFC,0.06346181453276159,6.346181453276159,False
2012-09,5,AFC,0.062192578242106354,6.2192578242106356,False
2012-10,5,AFC,0.060948726677264226,6.094872667726422,False
2012-11,5,AFC,0.05972975214371894,5.9729752143718935,False
2012-12,5,AFC,0.06253515710084456,6.253515710084456,False
2013-01,5,AFC,0.06128445395882767,6.128445395882768,False
2013-02,5,AFC,0.060058764879651116,6.005876487965112,False
2013-03,5,AFC,0.05885758958205809,5.885758958205809,False
2013-04,5,AFC,0.05768043779041693,5.768043779041693,False
2013-05,5,AFC,0.05652682903460859,5.6526829034608586,False
2013-06,5,AFC,0.05539629245391642,5.539629245391642,False
2013-07,5,AFC,0.06228836660483809,6.228836660483808,False
2013-08,5,AFC,0.061042599272741326,6.104259927274133,False
2013-09,5,AFC,0.059821747287286495,5.9821747287286495,False
2013-10,5,AFC,0.05862531234154077,5.862531234154076,False
2013-11,5,AFC,0.05745280609470995,5.745280609470995,False
2013-12,5,AFC,0.06830374997281576,6.8303749972815755,False
2014-01,5,AFC,0.06693767497335944,6.693767497335943,False
2014-02,5,AFC,0.08159892147389225,8.159892147389225,False
2014-03,5,AFC,0.0799669430444144,7.99669430444144,False
2014-04,5,AFC,0.07836760418352612,7.836760418352612,False
2014-05,5,AFC,0.0768002520998556,7.680025209985559,False
2014-06,5,AFC,0.07526424705785849,7.526424705785849,False
2014-07,5,AFC,0.07375896211670131,7.375896211670131,False
2014-08,5,AFC,0.0802837828743673,8.02837828743673,False
2014-09,5,AFC,0.07867810721687996,7.867810721687995,False
2014-10,5,AFC,0.07710454507254236,7.710454507254235,False
2014-11,5,AFC,0.0755624541710915,7.55624541710915,False
2014-12,5,AFC,0.09405120508766968,9.405120508766968,False
2015-01,5,AFC,0.10417018098591628,10.417018098591628,False
2015-02,5,AFC,0.10208677736619795,10.208677736619794,False
2015-03,5,AFC,0.10004504181887398,10.004504181887398,False
2015-04,5,AFC,0.0980441409824965,9.80441409824965,False
2015-05,5,AFC,0.10008325816284658,10.008325816284657,False
2015-06,5,AFC,0.09808159299958964,9.808159299958964,False
2015-07,5,AFC,0.09611996113959785,9.611996113959785,False
2015-08,5,AFC,0.1141975619168059,11.41975619168059,False
2015-09,5,AFC,0.11191361067846978,11.191361067846978,False
2015-10,5,AFC,0.10967533846490038,10.967533846490038,False
2015-11,5,AFC,0.10748183169560237,10.748183169560237,False
2015-12,5,AFC,0.10533219506169032,10.533219506169033,False
2016-01,5,AFC,0.10722555116045651,10.722555116045651,False
2016-02,5,AFC,0.11308104013724737,11.308104013724737,False
2016-03,5,AFC,0.11081941933450243,11.081941933450242,False
2016-04,5,AFC,0.10860303094781237,10.860303094781237,False
2016-05,5,AFC,0.10643097032885612,10.643097032885612,False
2016-06,5,AFC,0.104302350922279,10.4302350922279,False
2016-07,5,AFC,0.10221630390383342,10.221630390383343,False
2016-08,5,AFC,0.10017197782575675,10.017197782575675,False
2016-09,5,AFC,0.09816853826924161,9.816853826924161,False
2016-10,5,AFC,0.09620516750385678,9.62051675038568,False
2016-11,5,AFC,0.09428106415377964,9.428106415377965,False
2016-12,5,AFC,0.09639544287070405,9.639544287070406,False
2017-01,5,AFC,0.09446753401328997,9.446753401328998,False
2017-02,5,AFC,0.09257818333302417,9.257818333302417,False
2017-03,5,AFC,0.09072661966636368,9.072661966636367,False
2017-04,5,AFC,0.0889120872730364,8.89120872730364,False
2017-05,5,AFC,0.08713384552757567,8.713384552757567,False
2017-06,5,AFC,0.08539116861702414,8.539116861702414,False
2017-07,5,AFC,0.08368334524468365,8.368334524468365,False
2017-08,5,AFC,0.08200967833978998,8.200967833978998,False
2017-09,5,AFC,0.08036948477299417,8.036948477299417,False
2017-10,5,AFC,0.07876209507753429,7.876209507753429,False
2017-11,5,AFC,0.0771868531759836,7.71868531759836,False
2017-12,5,AFC,0.09564311611246393,9.564311611246392,False
2018-01,5,AFC,0.09373025379021464,9.373025379021465,False
2018-02,5,AFC,0.10385564871441035,10.385564871441035,False
2018-03,5,AFC,0.10177853574012213,10.177853574012213,False
2018-04,5,AFC,0.0997429650253197,9.974296502531969,False
2018-05,5,AFC,0.0977481057248133,9.774810572481329,False
2018-06,5,AFC,0.09579314361031703,9.579314361031702,False
2018-07,5,AFC,0.09387728073811069,9.387728073811068,False
2018-08,5,AFC,0.10399973512334847,10.399973512334846,False
2018-09,5,AFC,0.10191974042088149,10.19197404208815,False
2018-10,5,AFC,0.09988134561246385,9.988134561246385,False
2018-11,5,AFC,0.09788371870021458,9.788371870021457,False
2018-12,5,AFC,0.11592604432621029,11.592604432621028,False
2019-01,5,AFC,0.12960752343968607,12.960752343968608,False
2019-02,5,AFC,0.13501537297089236,13.501537297089236,False
2019-03,5,AFC,0.1323150655114745,13.23150655114745,False
2019-04,5,AFC,0.129668764201245,12.966876420124501,False
2019-05,5,AFC,0.12707538891722012,12.707538891722011,False
2019-06,5,AFC,0.12453388113887572,12.453388113887572,False
2019-07,5,AFC,0.1220432035160982,12.20432035160982,False
2019-08,5,AFC,0.1396023394457762,13.960233944577622,False
2019-09,5,AFC,0.13681029265686068,13.681029265686067,False
2019-10,5,AFC,0.13407408680372346,13.407408680372345,False
2019-11,5,AFC,0.131392605067649,13.139260506764899,False
2019-12,5,AFC,0.148764752966296,14.876475296629598,False
2020-01,5,AFC,0.14578945790697007,14.578945790697006,False
2020-02,5,AFC,0.14287366874883067,14.287366874883068,False
2020-03,5,AFC,0.14001619537385407,14.001619537385407,False
2020-04,5,AFC,0.13721587146637698,13.721587146637699,False
2020-05,5,AFC,0.13447155403704944,13.447155403704944,False
2020-06,5,AFC,0.13178212295630845,13.178212295630845,False
2020-07,5,AFC,0.12914648049718228,12.914648049718227,False
2020-08,5,AFC,0.12656355088723864,12.656355088723863,False
2020-09,5,AFC,0.12403227986949386,12.403227986949386,False
2020-10,5,AFC,0.12155163427210398,12.155163427210399,False
2020-11,5,AFC,0.1191206015866619,11.91206015866619,False
2020-12,5,AFC,0.12673818955492866,12.673818955492866,False
2021-01,5,AFC,0.1282034257638301,12.820342576383009,False
2021-02,5,AFC,0.1376393572485535,13.76393572485535,False
2021-03,5,AFC,0.13488657010358243,13.488657010358244,False
2021-04,5,AFC,0.13218883870151077,13.218883870151076,False
2021-05,5,AFC,0.12954506192748055,12.954506192748056,False
2021-06,5,AFC,0.12695416068893095,12.695416068893095,False
2021-07,5,AFC,0.12441507747515233,12.441507747515233,False
2021-08,5,AFC,0.12192677592564928,12.192677592564928,False
2021-09,5,AFC,0.11948824040713629,11.94882404071363,False
2021-10,5,AFC,0.11709847559899357,11.709847559899357,False
2021-11,5,AFC,0.1147565060870137,11.47565060870137,False
2021-12,5,AFC,0.11246137596527342,11.246137596527342,False
2022-01,5,AFC,0.11421214844596796,11.421214844596795,False
2022-02,5,AFC,0.11592790547704859,11.59279054770486,False
2022-03,5,AFC,0.11360934736750762,11.360934736750762,False
2022-04,5,AFC,0.11133716042015747,11.133716042015747,False
2022-05,5,AFC,0.12111041721175432,12.111041721175432,False
2022-06,5,AFC,0.11868820886751923,11.868820886751923,False
2022-07,5,AFC,0.12831444469016884,12.831444469016883,False
2022-08,5,AFC,0.12574815579636545,12.574815579636544,False
2022-09,5,AFC,0.12323319268043814,12.323319268043814,False
2022-10,5,AFC,0.12876852882682938,12.876852882682938,False
2022-11,5,AFC,0.1261931582502928,12.619315825029279,False
2022-12,5,AFC,0.12366929508528693,12.366929508528694,False
2023-01,5,AFC,0.12519590918358117,12.519590918358118,False
2023-02,5,AFC,0.12269199099990954,12.269199099990955,False
2023-03,5,AFC,0.12023815117991135,12.023815117991136,False
2023-04,5,AFC,0.11783338815631313,11.783338815631312,False
2023-05,5,AFC,0.11547672039318686,11.547672039318686,False
2023-06,5,AFC,0.11316718598532312,11.316718598532312,False
2023-07,5,AFC,0.11090384226561666,11.090384226561666,False
2023-08,5,AFC,0.10868576542030432,10.868576542030432,False
2023-09,5,AFC,0.10651205011189824,10.651205011189823,False
2023-10,5,AFC,0.10438180910966027,10.438180910966027,False
2023-11,5,AFC,0.10229417292746706,10.229417292746707,False
2023-12,5,AFC,0.10024828946891771,10.024828946891772,False
2024-01,5,AFC,0.11024332367953936,11.024332367953935,False
2024-02,5,AFC,0.12803845720594856,12.803845720594856,False
2024-03,5,AFC,0.12547768806182957,12.547768806182958,False
2024-04,5,AFC,0.12296813430059297,12.296813430059297,False
2024-05,5,AFC,0.12050877161458111,12.05087716145811,False
2024-06,5,AFC,0.11809859618228949,11.809859618228948,False
2024-07,5,AFC,0.1157366242586437,11.57366242586437,False
2024-08,5,AFC,0.13342189177347083,13.342189177347082,False
2024-09,5,AFC,0.13075345393800142,13.075345393800141,False
2024-10,5,AFC,0.1281383848592414,12.813838485924139,False
2024-11,5,AFC,0.12557561716205656,12.557561716205656,False
2024-12,5,AFC,0.14306410481881543,14.306410481881542,False
2025-01,5,AFC,0.14820282272243912,14.820282272243912,False
2025-02,5,AFC,0.14923876626799035,14.923876626799034,False
2025-03,5,AFC,0.14625399094263053,14.625399094263052,False
2025-04,5,AFC,0.1433289111237779,14.33289111237779,False
2025-05,5,AFC,0.15246233290130234,15.246233290130235,False
2025-06,5,AFC,0.1494130862432763,14.941308624327629,False
2025-07,5,AFC,0.14642482451841077,14.642482451841076,False
2025-08,5,AFC,0.15349632802804256,15.349632802804255,False
2025-09,5,AFC,0.1504264014674817,15.042640146748171,False
2025-10,5,AFC,0.14741787343813206,14.741787343813206,False
2025-11,5,AFC,0.1444695159693694,14.446951596936941,False
2025-12,5,AFC,0.141580125649982,14.158012564998202,False
2026-01,5,AFC,0.13874852313698238,13.874852313698238,False
2026-02,5,AFC,0.13597355267424274,13.597355267424275,False
2026-03,5,AFC,0.13325408162075789,13.325408162075789,False
2026-04,5,AFC,0.13058899998834272,13.058899998834272,False
2026-05,5,AFC,0.13197721998857587,13.197721998857586,False
2026-06,5,AFC,0.12933767558880435,12.933767558880435,False
2026-07,5,AFC,0.12675092207702826,12.675092207702827,False
2026-08,5,AFC,0.12675092207702826,12.675092207702827,True
2026-09,5,AFC,0.12675092207702826,12.675092207702827,True
2026-10,5,AFC,0.12675092207702826,12.675092207702827,True
2026-11,5,AFC,0.12675092207702826,12.675092207702827,True
2026-12,5,AFC,0.12675092207702826,12.675092207702827,True
2027-01,5,AFC,0.12675092207702826,12.675092207702827,True
2027-02,5,AFC,0.12675092207702826,12.675092207702827,True
2027-03,5,AFC,0.12675092207702826,12.675092207702827,True
2027-04,5,AFC,0.12675092207702826,12.675092207702827,True
2027-05,5,AFC,0.12675092207702826,12.675092207702827,True
2027-06,5,AFC,0.12675092207702826,12.675092207702827,True
2027-07,5,AFC,0.12675092207702826,12.675092207702827,True
1992-01,10,UEFA,0.5,50.0,False
1992-02,10,UEFA,0.722,72.2,False
1992-03,10,UEFA,0.85372,85.372,False
1992-04,10,UEFA,0.8139672,81.39672,False
1992-05,10,UEFA,0.803631472,80.3631472,False
1992-06,10,UEFA,0.87494418272,87.49441827199999,False
1992-07,10,UEFA,0.3014854875072,30.14854875072,False
1992-08,10,UEFA,0.522386226751872,52.238622675187194,False
1992-09,10,UEFA,0.6538204189554867,65.38204189554867,False
1992-10,10,UEFA,0.8359933089284266,83.59933089284266,False
1992-11,10,UEFA,0.8093582603213909,80.93582603213909,False
1992-12,10,UEFA,0.6544331476835616,65.44331476835616,False
1993-01,10,UEFA,0.688152618397726,68.8152618397726,False
1993-02,10,UEFA,0.7709196807834088,77.09196807834088,False
1993-03,10,UEFA,0.8664391170036864,86.64391170036863,False
1993-04,10,UEFA,0.9652741704209584,96.52741704209585,False
1993-05,10,UEFA,0.8429712843094492,84.29712843094492,False
1993-06,10,UEFA,0.7371725339204568,73.71725339204568,False
1993-07,10,UEFA,0.33966485881931874,33.966485881931874,False
1993-08,10,UEFA,0.4583128632930229,45.83128632930229,False
1993-09,10,UEFA,0.5631613444561859,56.316134445618594,False
1993-10,10,UEFA,0.7384219495586083,73.84219495586083,False
1993-11,10,UEFA,0.7099897068852382,70.99897068852383,False
1993-12,10,UEFA,0.2585973237901619,25.859732379016194,False
1994-01,10,UEFA,0.511235304185442,51.123530418544206,False
1994-02,10,UEFA,0.650921179088215,65.0921179088215,False
1994-03,10,UEFA,0.687239506562936,68.7239506562936,False
1994-04,10,UEFA,0.7706822717063633,77.06822717063633,False
1994-05,10,UEFA,0.7183773906436545,71.83773906436545,False
1994-06,10,UEFA,0.7047781215673502,70.47781215673503,False
1994-07,10,UEFA,0.701242311607511,70.12423116075111,False
1994-08,10,UEFA,0.6263230010179529,62.63230010179529,False
1994-09,10,UEFA,0.9028439802646677,90.28439802646677,False
1994-10,10,UEFA,0.9747394348688136,97.47394348688137,False
1994-11,10,UEFA,0.9194322530658916,91.94322530658916,False
1994-12,10,UEFA,0.8310523857971318,83.10523857971319,False
1995-01,10,UEFA,0.5860736203072543,58.607362030725426,False
1995-02,10,UEFA,0.5963791412798861,59.63791412798861,False
1995-03,10,UEFA,0.7470585767327704,74.70585767327704,False
1995-04,10,UEFA,0.9342352299505203,93.42352299505204,False
1995-05,10,UEFA,0.5389011597871353,53.890115978713524,False
1995-06,10,UEFA,0.6581143015446552,65.81143015446553,False
1995-07,10,UEFA,0.31910971840161034,31.910971840161036,False
1995-08,10,UEFA,0.6749685267844187,67.49685267844187,False
1995-09,10,UEFA,0.7674918169639489,76.74918169639488,False
1995-10,10,UEFA,0.7915478724106266,79.15478724106266,False
1995-11,10,UEFA,0.871802446826763,87.1802446826763,False
1995-12,10,UEFA,0.5966686361749584,59.666863617495835,False
1996-01,10,UEFA,0.1551338454054892,15.51338454054892,False
1996-02,10,UEFA,0.6323347998054272,63.23347998054272,False
1996-03,10,UEFA,0.756407047949411,75.6407047949411,False
1996-04,10,UEFA,0.7146658324668469,71.46658324668469,False
1996-05,10,UEFA,0.7778131164413802,77.78131164413801,False
1996-06,10,UEFA,0.8682314102747589,86.8231410274759,False
1996-07,10,UEFA,0.22574016667143731,22.57401666714373,False
1996-08,10,UEFA,0.5766924433345737,57.66924433345737,False
1996-09,10,UEFA,0.6679400352669892,66.79400352669892,False
1996-10,10,UEFA,0.7656644091694171,76.56644091694172,False
1996-11,10,UEFA,0.7910727463840485,79.10727463840485,False
1996-12,10,UEFA,0.7236789140598526,72.36789140598526,False
1997-01,10,UEFA,0.48415651765556167,48.41565176555617,False
1997-02,10,UEFA,0.6438806945904461,64.3880694590446,False
1997-03,10,UEFA,0.833408980593516,83.3408980593516,False
1997-04,10,UEFA,0.7346863349543142,73.46863349543142,False
1997-05,10,UEFA,0.4870184470881217,48.70184470881217,False
1997-06,10,UEFA,0.7186247962429116,71.86247962429117,False
1997-07,10,UEFA,0.260842447023157,26.0842447023157,False
1997-08,10,UEFA,0.7338190362260208,73.38190362260208,False
1997-09,10,UEFA,0.7827929494187654,78.27929494187654,False
1997-10,10,UEFA,0.8695261668488791,86.9526166848879,False
1997-11,10,UEFA,0.8180768033807085,81.80768033807085,False
1997-12,10,UEFA,0.4346999688789842,43.46999688789842,False
1998-01,10,UEFA,0.4830219919085359,48.30219919085359,False
1998-02,10,UEFA,0.5695857178962194,56.958571789621935,False
1998-03,10,UEFA,0.666092286653017,66.6092286653017,False
1998-04,10,UEFA,0.6911839945297844,69.11839945297844,False
1998-05,10,UEFA,0.7717078385777439,77.1707838577744,False
1998-06,10,UEFA,0.7926440380302134,79.26440380302134,False
1998-07,10,UEFA,0.7240874498878556,72.40874498878556,False
1998-08,10,UEFA,0.9282627369708425,92.82627369708425,False
1998-09,10,UEFA,0.9073483116124191,90.73483116124191,False
1998-10,10,UEFA,0.9019105610192291,90.19105610192291,False
1998-11,10,UEFA,0.8264967458649995,82.64967458649996,False
1998-12,10,UEFA,0.36288915392489984,36.28891539248998,False
1999-01,10,UEFA,0.31635118002047397,31.635118002047395,False
1999-02,10,UEFA,0.6742513068053232,67.42513068053232,False
1999-03,10,UEFA,0.693305339769384,69.3305339769384,False
1999-04,10,UEFA,0.8462593883400399,84.62593883400399,False
1999-05,10,UEFA,0.6640274409684104,66.40274409684103,False
1999-06,10,UEFA,0.6906471346517867,69.06471346517867,False
1999-07,10,UEFA,0.25356825500946456,25.356825500946456,False
1999-08,10,UEFA,0.6579277463024608,65.79277463024607,False
1999-09,10,UEFA,0.7630612140386398,76.30612140386398,False
1999-10,10,UEFA,0.7903959156500463,79.03959156500463,False
1999-11,10,UEFA,0.797502938069012,79.7502938069012,False
1999-12,10,UEFA,0.35535076389794307,35.535076389794305,False
2000-01,10,UEFA,0.3143911986134652,31.43911986134652,False
2000-02,10,UEFA,0.6737417116395009,67.3741711639501,False
2000-03,10,UEFA,0.7671728450262703,76.71728450262702,False
2000-04,10,UEFA,0.7914649397068303,79.14649397068303,False
2000-05,10,UEFA,0.7237808843237759,72.37808843237758,False
2000-06,10,UEFA,0.7801830299241816,78.01830299241817,False
2000-07,10,UEFA,0.35084758778028724,35.08475877802872,False
2000-08,10,UEFA,0.6092203728228747,60.92203728228747,False
2000-09,10,UEFA,0.7503972969339474,75.03972969339475,False
2000-10,10,UEFA,0.7131032972028264,71.31032972028264,False
2000-11,10,UEFA,0.6294068572727349,62.94068572727349,False
2000-12,10,UEFA,0.3856457828909111,38.56457828909111,False
2001-01,10,UEFA,0.3222679035516369,32.22679035516369,False
2001-02,10,UEFA,0.6757896549234256,67.57896549234256,False
2001-03,10,UEFA,0.6937053102800906,69.37053102800907,False
2001-04,10,UEFA,0.6243633806728236,62.43633806728236,False
2001-05,10,UEFA,0.4583344789749341,45.833447897493414,False
2001-06,10,UEFA,0.5631669645334829,56.31669645334829,False
2001-07,10,UEFA,0.2204234107787056,22.04234107787056,False
2001-08,10,UEFA,0.5013100868024635,50.131008680246346,False
2001-09,10,UEFA,0.7963406225686406,79.63406225686406,False
2001-10,10,UEFA,0.8730485618678466,87.30485618678466,False
2001-11,10,UEFA,0.7449926260856401,74.49926260856401,False
2001-12,10,UEFA,0.19369808278226644,19.369808278226643,False
2002-01,10,UEFA,0.12436150152338928,12.436150152338927,False
2002-02,10,UEFA,0.6243339903960812,62.43339903960812,False
2002-03,10,UEFA,0.6803268375029812,68.03268375029812,False
2002-04,10,UEFA,0.6948849777507751,69.4884977750775,False
2002-05,10,UEFA,0.6246700942152015,62.467009421520146,False
2002-06,10,UEFA,0.7544142244959524,75.44142244959524,False
2002-07,10,UEFA,0.27014769836894764,27.014769836894764,False
2002-08,10,UEFA,0.7362384015759265,73.62384015759264,False
2002-09,10,UEFA,0.8574219844097409,85.7421984409741,False
2002-10,10,UEFA,0.8889297159465327,88.89297159465328,False
2002-11,10,UEFA,0.7491217261460985,74.91217261460986,False
2002-12,10,UEFA,0.1947716487979856,19.47716487979856,False
2003-01,10,UEFA,0.2726406286874763,27.26406286874763,False
2003-02,10,UEFA,0.5888865634587439,58.88865634587439,False
2003-03,10,UEFA,0.7451105064992734,74.51105064992734,False
2003-04,10,UEFA,0.785728731689811,78.5728731689811,False
2003-05,10,UEFA,0.35228947023935087,35.228947023935085,False
2003-06,10,UEFA,0.6835952622622312,68.35952622622312,False
2003-07,10,UEFA,0.17773476818818013,17.77347681881801,False
2003-08,10,UEFA,0.6382110397289268,63.82110397289268,False
2003-09,10,UEFA,0.757934870329521,75.7934870329521,False
2003-10,10,UEFA,0.8630630662856755,86.30630662856755,False
2003-11,10,UEFA,0.8163963972342756,81.63963972342756,False
2003-12,10,UEFA,0.28626306328091167,28.626306328091168,False
2004-01,10,UEFA,0.22242839645303703,22.242839645303704,False
2004-02,10,UEFA,0.6498313830777896,64.98313830777896,False
2004-03,10,UEFA,0.7609561596002252,76.09561596002253,False
2004-04,10,UEFA,0.7158486014960586,71.58486014960586,False
2004-05,10,UEFA,0.7041206363889753,70.41206363889752,False
2004-06,10,UEFA,0.7750713654611335,77.50713654611336,False
2004-07,10,UEFA,0.4235185550198947,42.35185550198947,False
2004-08,10,UEFA,0.7021148243051726,70.21148243051726,False
2004-09,10,UEFA,0.7005498543193449,70.0549854319345,False
2004-10,10,UEFA,0.5521429621230297,55.21429621230297,False
2004-11,10,UEFA,0.5875571701519877,58.75571701519877,False
2004-12,10,UEFA,0.3007648642395168,30.076486423951682,False
2005-01,10,UEFA,0.22619886470227435,22.619886470227435,False
2005-02,10,UEFA,0.5768117048225914,57.681170482259134,False
2005-03,10,UEFA,0.6679710432538738,66.79710432538738,False
2005-04,10,UEFA,0.3956724712460072,39.56724712460072,False
2005-05,10,UEFA,0.3988748425239619,39.88748425239619,False
2005-06,10,UEFA,0.5477074590562301,54.77074590562301,False
2005-07,10,UEFA,0.1424039393546198,14.24039393546198,False
2005-08,10,UEFA,0.5550250242322011,55.502502423220115,False
2005-09,10,UEFA,0.6623065063003724,66.23065063003723,False
2005-10,10,UEFA,0.7641996916380968,76.41996916380968,False
2005-11,10,UEFA,0.7906919198259051,79.06919198259051,False
2005-12,10,UEFA,0.20557989915473535,20.557989915473534,False
2006-01,10,UEFA,0.2754507737802312,27.54507737802312,False
2006-02,10,UEFA,0.2196172011828601,21.96172011828601,False
2006-03,10,UEFA,0.6491004723075436,64.91004723075436,False
2006-04,10,UEFA,0.31676612279996136,31.676612279996135,False
2006-05,10,UEFA,0.6743591919279899,67.43591919279899,False
2006-06,10,UEFA,0.7673333899012773,76.73333899012773,False
2006-07,10,UEFA,0.5695066813743321,56.95066813743321,False
2006-08,10,UEFA,0.7400717371573263,74.00717371573263,False
2006-09,10,UEFA,0.7844186516609049,78.44186516609048,False
2006-10,10,UEFA,0.7959488494318352,79.59488494318352,False
2006-11,10,UEFA,0.8729467008522772,87.29467008522772,False
2006-12,10,UEFA,0.4489661422215921,44.89661422215921,False
2007-01,10,UEFA,0.19073119697761393,19.073119697761392,False
2007-02,10,UEFA,0.6415901112141796,64.15901112141796,False
2007-03,10,UEFA,0.8328134289156868,83.28134289156867,False
2007-04,10,UEFA,0.21653149151807857,21.653149151807856,False
2007-05,10,UEFA,0.20429818779470044,20.429818779470043,False
2007-06,10,UEFA,0.6451175288266221,64.51175288266221,False
2007-07,10,UEFA,0.16773055749492174,16.773055749492176,False
2007-08,10,UEFA,0.5616099449486797,56.160994494867964,False
2007-09,10,UEFA,0.7380185856866567,73.80185856866566,False
2007-10,10,UEFA,0.7838848322785307,78.38848322785307,False
2007-11,10,UEFA,0.795810056392418,79.5810056392418,False
2007-12,10,UEFA,0.20691061466202867,20.691061466202868,False
2008-01,10,UEFA,0.12779675981212746,12.779675981212746,False
2008-02,10,UEFA,0.5512271575511531,55.122715755115316,False
2008-03,10,UEFA,0.7353190609632998,73.53190609632998,False
2008-04,10,UEFA,0.19118295585045794,19.118295585045793,False
2008-05,10,UEFA,0.641707568521119,64.1707568521119,False
2008-06,10,UEFA,0.7588439678154909,75.88439678154909,False
2008-07,10,UEFA,0.19729943163202765,19.729943163202766,False
2008-08,10,UEFA,0.6432978522243271,64.32978522243272,False
2008-09,10,UEFA,0.7592574415783251,75.92574415783251,False
2008-10,10,UEFA,0.7894069348103645,78.94069348103645,False
2008-11,10,UEFA,0.6492458030506948,64.92458030506948,False
2008-12,10,UEFA,0.31680390879318066,31.680390879318065,False
2009-01,10,UEFA,0.15636901628622696,15.636901628622695,False
2009-02,10,UEFA,0.48465594423441904,48.46559442344191,False
2009-03,10,UEFA,0.6440105455009489,64.4010545500949,False
2009-04,10,UEFA,0.6854427418302468,68.54427418302468,False
2009-05,10,UEFA,0.32621511287586413,32.621511287586415,False
2009-06,10,UEFA,0.6028159293477247,60.28159293477246,False
2009-07,10,UEFA,0.1567321416304084,15.673214163040841,False
2009-08,10,UEFA,0.4847503568239062,48.47503568239062,False
2009-09,10,UEFA,0.6440350927742157,64.40350927742156,False
2009-10,10,UEFA,0.611449124121296,61.14491241212961,False
2009-11,10,UEFA,0.676976772271537,67.69767722715369,False
2009-12,10,UEFA,0.1760139607905996,17.60139607905996,False
2010-01,10,UEFA,0.1197636298055559,11.97636298055559,False
2010-02,10,UEFA,0.031138543749444535,3.1138543749444536,False
2010-03,10,UEFA,0.4520960213748556,45.20960213748556,False
2010-04,10,UEFA,0.19976718777968466,19.976718777968465,False
2010-05,10,UEFA,0.495939468822718,49.5939468822718,False
2010-06,10,UEFA,0.49894426189390667,49.894426189390664,False
2010-07,10,UEFA,0.35172550809241576,35.17255080924158,False
2010-08,10,UEFA,0.4614486321040281,46.14486321040281,False
2010-09,10,UEFA,0.5639766443470473,56.39766443470473,False
2010-10,10,UEFA,0.5906339275302324,59.06339275302324,False
2010-11,10,UEFA,0.5975648211578604,59.756482115786035,False
2010-12,10,UEFA,0.2293668535010437,22.93668535010437,False
2011-01,10,UEFA,0.13363538191027136,13.363538191027136,False
2011-02,10,UEFA,0.5527451992966705,55.27451992966705,False
2011-03,10,UEFA,0.5877137518171344,58.77137518171344,False
2011-04,10,UEFA,0.15280557547245494,15.280557547245493,False
2011-05,10,UEFA,0.18772944962283827,18.772944962283827,False
2011-06,10,UEFA,0.49280965690193795,49.280965690193796,False
2011-07,10,UEFA,0.12813051079450388,12.81305107945039,False
2011-08,10,UEFA,0.47731393280657103,47.7313932806571,False
2011-09,10,UEFA,0.5681016225297084,56.81016225297084,False
2011-10,10,UEFA,0.5177064218577242,51.77064218577242,False
2011-11,10,UEFA,0.5786036696830084,57.86036696830084,False
2011-12,10,UEFA,0.15043695411758218,15.043695411758218,False
2012-01,10,UEFA,0.2611136080705714,26.11136080705714,False
2012-02,10,UEFA,0.5858895380983485,58.588953809834855,False
2012-03,10,UEFA,0.15233127990557063,15.233127990557064,False
2012-04,10,UEFA,0.03960613277544837,3.960613277544837,False
2012-05,10,UEFA,0.6022975945216166,60.22975945216166,False
2012-06,10,UEFA,0.5265973745756203,52.65973745756203,False
2012-07,10,UEFA,0.28491531738966125,28.491531738966124,False
2012-08,10,UEFA,0.518077982521312,51.8077982521312,False
2012-09,10,UEFA,0.5787002754555411,57.870027545554116,False
2012-10,10,UEFA,0.5944620716184407,59.446207161844065,False
2012-11,10,UEFA,0.5985601386207946,59.85601386207946,False
2012-12,10,UEFA,0.22962563604140662,22.962563604140662,False
2013-01,10,UEFA,0.2077026653707657,20.77026653707657,False
2013-02,10,UEFA,0.4980026929963991,49.80026929963991,False
2013-03,10,UEFA,0.5734807001790638,57.34807001790638,False
2013-04,10,UEFA,0.1491049820465566,14.910498204655658,False
2013-05,10,UEFA,0.3347672953321047,33.47672953321047,False
2013-06,10,UEFA,0.5310394967863472,53.10394967863472,False
2013-07,10,UEFA,0.13807026916445028,13.807026916445029,False
2013-08,10,UEFA,0.4058982699827571,40.589826998275704,False
2013-09,10,UEFA,0.47553355019551685,47.55335501955169,False
2013-10,10,UEFA,0.4196387230508344,41.96387230508344,False
2013-11,10,UEFA,0.4791060679932169,47.91060679932169,False
2013-12,10,UEFA,0.12456757767823641,12.45675776782364,False
2014-01,10,UEFA,0.25438757019634145,25.438757019634146,False
2014-02,10,UEFA,0.06614076825104878,6.6140768251048785,False
2014-03,10,UEFA,0.38719659974527265,38.71965997452727,False
2014-04,10,UEFA,0.1006711159337709,10.06711159337709,False
2014-05,10,UEFA,0.5441744901427804,54.41744901427804,False
2014-06,10,UEFA,0.585485367437123,58.5485367437123,False
2014-07,10,UEFA,0.522226195533652,52.2226195533652,False
2014-08,10,UEFA,0.20977881083874955,20.977881083874955,False
2014-09,10,UEFA,0.4245424908180749,42.45424908180749,False
2014-10,10,UEFA,0.48038104761269945,48.03810476126994,False
2014-11,10,UEFA,0.49489907237930186,49.48990723793018,False
2014-12,10,UEFA,0.2026737588186185,20.26737588186185,False
2015-01,10,UEFA,0.1266951772928408,12.66951772928408,False
2015-02,10,UEFA,0.03294074609613861,3.294074609613861,False
2015-03,10,UEFA,0.37856459398499603,37.8564593984996,False
2015-04,10,UEFA,0.09842679443609897,9.842679443609898,False
2015-05,10,UEFA,0.09959096655338573,9.959096655338573,False
2015-06,10,UEFA,0.4698936513038803,46.98936513038803,False
2015-07,10,UEFA,0.12217234933900888,12.217234933900887,False
2015-08,10,UEFA,0.03176481082814231,3.176481082814231,False
2015-09,10,UEFA,0.452258850815317,45.2258850815317,False
2015-10,10,UEFA,0.48758730121198246,48.75873012119825,False
2015-11,10,UEFA,0.49677269831511545,49.677269831511545,False
2015-12,10,UEFA,0.12916090156193002,12.916090156193002,False
2016-01,10,UEFA,0.2555818344061018,25.558183440610183,False
2016-02,10,UEFA,0.06645127694558647,6.6451276945586475,False
2016-03,10,UEFA,0.31327733200585245,31.327733200585246,False
2016-04,10,UEFA,0.08145210632152164,8.145210632152164,False
2016-05,10,UEFA,0.6131775476435956,61.317754764359556,False
2016-06,10,UEFA,0.5294261623873349,52.942616238733486,False
2016-07,10,UEFA,0.655650802220707,65.5650802220707,False
2016-08,10,UEFA,0.7624692085773839,76.24692085773839,False
2016-09,10,UEFA,0.5682419942301198,56.824199423011976,False
2016-10,10,UEFA,0.44374291849983116,44.374291849983116,False
2016-11,10,UEFA,0.48537315880995613,48.537315880995614,False
2016-12,10,UEFA,0.1261970212905886,12.61970212905886,False
2017-01,10,UEFA,0.18081122553555304,18.081122553555304,False
2017-02,10,UEFA,0.13951091863924378,13.951091863924377,False
2017-03,10,UEFA,0.3322728388462034,33.22728388462034,False
2017-04,10,UEFA,0.08639093810001289,8.639093810001288,False
2017-05,10,UEFA,0.24446164390600336,24.446164390600337,False
2017-06,10,UEFA,0.4335600274155609,43.35600274155609,False
2017-07,10,UEFA,0.2607256071280458,26.07256071280458,False
2017-08,10,UEFA,0.3637886578532919,36.37886578532919,False
2017-09,10,UEFA,0.5385850510418559,53.858505104185596,False
2017-10,10,UEFA,0.5840321132708826,58.40321132708826,False
2017-11,10,UEFA,0.5958483494504294,59.58483494504294,False
2017-12,10,UEFA,0.15492057085711167,15.492057085711167,False
2018-01,10,UEFA,0.410279348422849,41.0279348422849,False
2018-02,10,UEFA,0.40267263058994074,40.267263058994075,False
2018-03,10,UEFA,0.5486948839533846,54.869488395338465,False
2018-04,10,UEFA,0.14266066982788,14.266066982788,False
2018-05,10,UEFA,0.33309177415524877,33.30917741552488,False
2018-06,10,UEFA,0.6046038612803647,60.46038612803647,False
2018-07,10,UEFA,0.6751970039328948,67.51970039328948,False
2018-08,10,UEFA,0.17555122102255266,17.555122102255265,False
2018-09,10,UEFA,0.4896433174658637,48.96433174658637,False
2018-10,10,UEFA,0.6453072625411246,64.53072625411245,False
2018-11,10,UEFA,0.7597798882606923,75.97798882606924,False
2018-12,10,UEFA,0.19754277094778,19.754277094778,False
2019-01,10,UEFA,0.2733611204464228,27.33611204464228,False
2019-02,10,UEFA,0.23551833576051434,23.551833576051433,False
2019-03,10,UEFA,0.5792347672977337,57.92347672977337,False
2019-04,10,UEFA,0.6686010394974108,66.86010394974107,False
2019-05,10,UEFA,0.3218362702693268,32.18362702693268,False
2019-06,10,UEFA,0.601677430270025,60.167743027002494,False
2019-07,10,UEFA,0.1564361318702065,15.64361318702065,False
2019-08,10,UEFA,0.04067339428625369,4.067339428625369,False
2019-09,10,UEFA,0.45457508251442597,45.4575082514426,False
2019-10,10,UEFA,0.5621895214537508,56.21895214537508,False
2019-11,10,UEFA,0.5901692755779753,59.01692755779753,False
2019-12,10,UEFA,0.15344401165027358,15.344401165027358,False
2020-01,10,UEFA,0.46275258588621393,46.27525858862139,False
2020-02,10,UEFA,0.12031567233041562,12.031567233041562,False
2020-03,10,UEFA,0.03128207480590806,3.1282074805908064,False
2020-04,10,UEFA,0.008133339449536096,0.8133339449536096,False
2020-05,10,UEFA,0.002114668256879385,0.2114668256879385,False
2020-06,10,UEFA,0.0005498137467886402,0.05498137467886402,False
2020-07,10,UEFA,0.00014295157416504645,0.014295157416504644,False
2020-08,10,UEFA,3.716740928291208e-05,0.003716740928291208,False
2020-09,10,UEFA,0.7400096635264135,74.00096635264136,False
2020-10,10,UEFA,0.6364025125168675,63.64025125168675,False
2020-11,10,UEFA,0.6834646532543855,68.34646532543856,False
2020-12,10,UEFA,0.17770080984614026,17.770080984614026,False
2021-01,10,UEFA,0.12020221055999647,12.020221055999647,False
2021-02,10,UEFA,0.03125257474559908,3.125257474559908,False
2021-03,10,UEFA,0.6741256694338558,67.41256694338557,False
2021-04,10,UEFA,0.8412726740528025,84.12726740528025,False
2021-05,10,UEFA,0.6627308952537286,66.27308952537287,False
2021-06,10,UEFA,0.6903100327659695,69.03100327659695,False
2021-07,10,UEFA,0.6234806085191521,62.34806085191521,False
2021-08,10,UEFA,0.16210495821497956,16.210495821497954,False
2021-09,10,UEFA,0.5601472891358947,56.01472891358947,False
2021-10,10,UEFA,0.7376382951753326,73.76382951753327,False
2021-11,10,UEFA,0.7837859567455865,78.37859567455865,False
2021-12,10,UEFA,0.20378434875385248,20.37843487538525,False
2022-01,10,UEFA,0.05298393067600165,5.2983930676001645,False
2022-02,10,UEFA,0.01377582197576043,1.377582197576043,False
2022-03,10,UEFA,0.5215817137136978,52.158171371369775,False
2022-04,10,UEFA,0.13561124556556142,13.561124556556143,False
2022-05,10,UEFA,0.03525892384704597,3.5258923847045973,False
2022-06,10,UEFA,0.5271673202002319,52.716732020023194,False
2022-07,10,UEFA,0.13706350325206032,13.706350325206031,False
2022-08,10,UEFA,0.035636510845535686,3.5636510845535687,False
2022-09,10,UEFA,0.6012654928198392,60.12654928198392,False
2022-10,10,UEFA,0.3413290281331582,34.132902813315816,False
2022-11,10,UEFA,0.6067455473146212,60.674554731462116,False
2022-12,10,UEFA,0.7497538423018015,74.97538423018015,False
2023-01,10,UEFA,0.41693599899846845,41.693599899846845,False
2023-02,10,UEFA,0.1084033597396018,10.84033597396018,False
2023-03,10,UEFA,0.5461848735322965,54.61848735322965,False
2023-04,10,UEFA,0.14200806711839709,14.200806711839709,False
2023-05,10,UEFA,0.036922097450783245,3.6922097450783244,False
2023-06,10,UEFA,0.5275997453372037,52.75997453372037,False
2023-07,10,UEFA,0.13717593378767295,13.717593378767296,False
2023-08,10,UEFA,0.03566574278479497,3.5665742784794974,False
2023-09,10,UEFA,0.5272730931240467,52.72730931240467,False
2023-10,10,UEFA,0.5810910042122521,58.109100421225214,False
2023-11,10,UEFA,0.5950836610951855,59.50836610951855,False
2023-12,10,UEFA,0.15472175188474824,15.472175188474823,False
2024-01,10,UEFA,0.18822765549003453,18.822765549003453,False
2024-02,10,UEFA,0.048939190427408984,4.893919042740898,False
2024-03,10,UEFA,0.45672418951112637,45.67241895111264,False
2024-04,10,UEFA,0.11874828927289285,11.874828927289286,False
2024-05,10,UEFA,0.030874555210952143,3.0874555210952144,False
2024-06,10,UEFA,0.4520273843548476,45.202738435484754,False
2024-07,10,UEFA,0.5615271199322603,56.152711993226035,False
2024-08,10,UEFA,0.1459970511823877,14.59970511823877,False
2024-09,10,UEFA,0.4819592333074208,48.19592333074208,False
2024-10,10,UEFA,0.6433094006599294,64.33094006599293,False
2024-11,10,UEFA,0.6112604441715817,61.12604441715816,False
2024-12,10,UEFA,0.15892771548461124,15.892771548461123,False
2025-01,10,UEFA,0.041321206025998924,4.132120602599892,False
2025-02,10,UEFA,0.01074351356675972,1.0743513566759721,False
2025-03,10,UEFA,0.4467933135273575,44.67933135273575,False
2025-04,10,UEFA,0.560166261517113,56.0166261517113,False
2025-05,10,UEFA,0.1456432279944494,14.56432279944494,False
2025-06,10,UEFA,0.48186723927855685,48.18672392785569,False
2025-07,10,UEFA,0.12528548221242478,12.528548221242477,False
2025-08,10,UEFA,0.03257422537523044,3.2574225375230443,False
2025-09,10,UEFA,0.4524692985975599,45.246929859755994,False
2025-10,10,UEFA,0.5616420176353656,56.16420176353656,False
2025-11,10,UEFA,0.590026924585195,59.002692458519505,False
2025-12,10,UEFA,0.15340700039215072,15.340700039215072,False
2026-01,10,UEFA,0.03988582010195919,3.988582010195919,False
2026-02,10,UEFA,0.3803703132265094,38.03703132265094,False
2026-03,10,UEFA,0.5428962814388925,54.289628143889246,False
2026-04,10,UEFA,0.585153033174112,58.5153033174112,False
2026-05,10,UEFA,0.37413978862526914,37.41397886252692,False
2026-06,10,UEFA,0.46727634504257,46.727634504257,False
2026-07,10,UEFA,0.5654918497110683,56.549184971106826,False
2026-08,10,UEFA,0.5654918497110683,56.549184971106826,True
2026-09,10,UEFA,0.5654918497110683,56.549184971106826,True
2026-10,10,UEFA,0.5654918497110683,56.549184971106826,True
2026-11,10,UEFA,0.5654918497110683,56.549184971106826,True
2026-12,10,UEFA,0.5654918497110683,56.549184971106826,True
2027-01,10,UEFA,0.5654918497110683,56.549184971106826,True
2027-02,10,UEFA,0.5654918497110683,56.549184971106826,True
2027-03,10,UEFA,0.5654918497110683,56.549184971106826,True
2027-04,10,UEFA,0.5654918497110683,56.549184971106826,True
2027-05,10,UEFA,0.5654918497110683,56.549184971106826,True
2027-06,10,UEFA,0.5654918497110683,56.549184971106826,True
2027-07,10,UEFA,0.5654918497110683,56.549184971106826,True
1992-01,10,CONMEBOL,0.0,0.0,False
1992-02,10,CONMEBOL,0.006000000000000001,0.6000000000000001,False
1992-03,10,CONMEBOL,0.005640000000000001,0.5640000000000001,False
1992-04,10,CONMEBOL,0.017301600000000004,1.7301600000000004,False
1992-05,10,CONMEBOL,0.028263504000000002,2.8263504000000004,False
1992-06,10,CONMEBOL,0.03256769376,3.2567693760000003,False
1992-07,10,CONMEBOL,0.042613632134400004,4.26136321344,False
1992-08,10,CONMEBOL,0.052056814206336004,5.2056814206336,False
1992-09,10,CONMEBOL,0.06693340535395584,6.693340535395584,False
1992-10,10,CONMEBOL,0.06891740103271848,6.891740103271848,False
1992-11,10,CONMEBOL,0.07678235697075536,7.678235697075536,False
1992-12,10,CONMEBOL,0.08417541555251003,8.417541555251002,False
1993-01,10,CONMEBOL,0.07912489061935941,7.912489061935942,False
1993-02,10,CONMEBOL,0.08637739718219785,8.637739718219786,False
1993-03,10,CONMEBOL,0.08719475335126597,8.719475335126598,False
1993-04,10,CONMEBOL,0.08196306815019001,8.196306815019001,False
1993-05,10,CONMEBOL,0.07704528406117861,7.704528406117861,False
1993-06,10,CONMEBOL,0.08442256701750789,8.44225670175079,False
1993-07,10,CONMEBOL,0.09735721299645742,9.735721299645741,False
1993-08,10,CONMEBOL,0.10351578021666996,10.351578021666995,False
1993-09,10,CONMEBOL,0.10930483340366975,10.930483340366976,False
1993-10,10,CONMEBOL,0.10874654339944957,10.874654339944957,False
1993-11,10,CONMEBOL,0.1142217507954826,11.422175079548259,False
1993-12,10,CONMEBOL,0.12536844574775363,12.536844574775364,False
1994-01,10,CONMEBOL,0.1178463390028884,11.78463390028884,False
1994-02,10,CONMEBOL,0.1107755586627151,11.07755586627151,False
1994-03,10,CONMEBOL,0.11612902514295219,11.612902514295218,False
1994-04,10,CONMEBOL,0.11516128363437506,11.516128363437506,False
1994-05,10,CONMEBOL,0.12025160661631254,12.025160661631254,False
1994-06,10,CONMEBOL,0.1250365102193338,12.50365102193338,False
1994-07,10,CONMEBOL,0.12953431960617376,12.953431960617376,False
1994-08,10,CONMEBOL,0.12176226042980333,12.176226042980334,False
1994-09,10,CONMEBOL,0.11445652480401512,11.445652480401511,False
1994-10,10,CONMEBOL,0.10758913331577422,10.758913331577421,False
1994-11,10,CONMEBOL,0.10713378531682777,10.713378531682777,False
1994-12,10,CONMEBOL,0.1127057581978181,11.27057581978181,False
1995-01,10,CONMEBOL,0.117943412705949,11.7943412705949,False
1995-02,10,CONMEBOL,0.12286680794359206,12.286680794359206,False
1995-03,10,CONMEBOL,0.12149479946697654,12.149479946697655,False
1995-04,10,CONMEBOL,0.11420511149895794,11.420511149895795,False
1995-05,10,CONMEBOL,0.12535280480902045,12.535280480902045,False
1995-06,10,CONMEBOL,0.12983163652047922,12.98316365204792,False
1995-07,10,CONMEBOL,0.14604173832925046,14.604173832925046,False
1995-08,10,CONMEBOL,0.14327923402949544,14.327923402949544,False
1995-09,10,CONMEBOL,0.1406824799877257,14.06824799877257,False
1995-10,10,CONMEBOL,0.14424153118846217,14.424153118846217,False
1995-11,10,CONMEBOL,0.14158703931715444,14.158703931715444,False
1995-12,10,CONMEBOL,0.15109181695812518,15.109181695812518,False
1996-01,10,CONMEBOL,0.14802630794063767,14.802630794063768,False
1996-02,10,CONMEBOL,0.1391447294641994,13.91447294641994,False
1996-03,10,CONMEBOL,0.13679604569634743,13.679604569634742,False
1996-04,10,CONMEBOL,0.14058828295456657,14.058828295456657,False
1996-05,10,CONMEBOL,0.13215298597729258,13.215298597729259,False
1996-06,10,CONMEBOL,0.12422380681865502,12.422380681865503,False
1996-07,10,CONMEBOL,0.15277037840953572,15.277037840953572,False
1996-08,10,CONMEBOL,0.15560415570496358,15.560415570496358,False
1996-09,10,CONMEBOL,0.15826790636266577,15.826790636266578,False
1996-10,10,CONMEBOL,0.15477183198090583,15.477183198090582,False
1996-11,10,CONMEBOL,0.1514855220620515,15.14855220620515,False
1996-12,10,CONMEBOL,0.1543963907383284,15.43963907383284,False
1997-01,10,CONMEBOL,0.16313260729402868,16.313260729402867,False
1997-02,10,CONMEBOL,0.16534465085638694,16.534465085638693,False
1997-03,10,CONMEBOL,0.15542397180500372,15.542397180500373,False
1997-04,10,CONMEBOL,0.1580985334967035,15.80985334967035,False
1997-05,10,CONMEBOL,0.15461262148690127,15.461262148690128,False
1997-06,10,CONMEBOL,0.1513358641976872,15.133586419768719,False
1997-07,10,CONMEBOL,0.17825571234582596,17.825571234582597,False
1997-08,10,CONMEBOL,0.1735603696050764,17.35603696050764,False
1997-09,10,CONMEBOL,0.17514674742877182,17.514674742877183,False
1997-10,10,CONMEBOL,0.17063794258304552,17.06379425830455,False
1997-11,10,CONMEBOL,0.16639966602806278,16.63996660280628,False
1997-12,10,CONMEBOL,0.16841568606637902,16.841568606637903,False
1998-01,10,CONMEBOL,0.16431074490239628,16.431074490239627,False
1998-02,10,CONMEBOL,0.1664521002082525,16.64521002082525,False
1998-03,10,CONMEBOL,0.16846497419575734,16.846497419575734,False
1998-04,10,CONMEBOL,0.1703570757440119,17.03570757440119,False
1998-05,10,CONMEBOL,0.16613565119937118,16.613565119937117,False
1998-06,10,CONMEBOL,0.1681675121274089,16.81675121274089,False
1998-07,10,CONMEBOL,0.17007746139976437,17.007746139976437,False
1998-08,10,CONMEBOL,0.1598728137157785,15.987281371577849,False
1998-09,10,CONMEBOL,0.15628044489283177,15.628044489283177,False
1998-10,10,CONMEBOL,0.15290361819926185,15.290361819926185,False
1998-11,10,CONMEBOL,0.14972940110730615,14.972940110730615,False
1998-12,10,CONMEBOL,0.14674563704086777,14.674563704086777,False
1999-01,10,CONMEBOL,0.1439408988184157,14.394089881841571,False
1999-02,10,CONMEBOL,0.14130444488931077,14.130444488931076,False
1999-03,10,CONMEBOL,0.14482617819595212,14.482617819595212,False
1999-04,10,CONMEBOL,0.13613660750419498,13.613660750419498,False
1999-05,10,CONMEBOL,0.13996841105394328,13.996841105394328,False
1999-06,10,CONMEBOL,0.1435703063907067,14.35703063907067,False
1999-07,10,CONMEBOL,0.1649560880072643,16.49560880072643,False
1999-08,10,CONMEBOL,0.16105872272682845,16.105872272682845,False
1999-09,10,CONMEBOL,0.16339519936321875,16.339519936321874,False
1999-10,10,CONMEBOL,0.16559148740142562,16.55914874014256,False
1999-11,10,CONMEBOL,0.16765599815734009,16.76559981573401,False
1999-12,10,CONMEBOL,0.16359663826789966,16.359663826789966,False
2000-01,10,CONMEBOL,0.15378083997182568,15.378083997182568,False
2000-02,10,CONMEBOL,0.15655398957351613,15.655398957351613,False
2000-03,10,CONMEBOL,0.15916075019910517,15.916075019910517,False
2000-04,10,CONMEBOL,0.16161110518715885,16.161110518715883,False
2000-05,10,CONMEBOL,0.15791443887592932,15.791443887592932,False
2000-06,10,CONMEBOL,0.16043957254337357,16.043957254337357,False
2000-07,10,CONMEBOL,0.16881319819077117,16.881319819077117,False
2000-08,10,CONMEBOL,0.1706844062993249,17.06844062993249,False
2000-09,10,CONMEBOL,0.17244334192136543,17.24433419213654,False
2000-10,10,CONMEBOL,0.1800967414060835,18.00967414060835,False
2000-11,10,CONMEBOL,0.1872909369217185,18.72909369217185,False
2000-12,10,CONMEBOL,0.1820534807064154,18.205348070641538,False
2001-01,10,CONMEBOL,0.17713027186403046,17.713027186403046,False
2001-02,10,CONMEBOL,0.17250245555218863,17.250245555218864,False
2001-03,10,CONMEBOL,0.1801523082190573,18.01523082190573,False
2001-04,10,CONMEBOL,0.18734316972591386,18.734316972591387,False
2001-05,10,CONMEBOL,0.18210257954235903,18.210257954235903,False
2001-06,10,CONMEBOL,0.1891764247698175,18.91764247698175,False
2001-07,10,CONMEBOL,0.18982583928362845,18.982583928362846,False
2001-08,10,CONMEBOL,0.18443628892661074,18.443628892661074,False
2001-09,10,CONMEBOL,0.1793701115910141,17.93701115910141,False
2001-10,10,CONMEBOL,0.17460790489555325,17.460790489555325,False
2001-11,10,CONMEBOL,0.17013143060182004,17.013143060182003,False
2001-12,10,CONMEBOL,0.15992354476571083,15.992354476571084,False
2002-01,10,CONMEBOL,0.16232813207976818,16.232813207976818,False
2002-02,10,CONMEBOL,0.15858844415498208,15.858844415498208,False
2002-03,10,CONMEBOL,0.15507313750568316,15.507313750568317,False
2002-04,10,CONMEBOL,0.15176874925534217,15.176874925534218,False
2002-05,10,CONMEBOL,0.14866262430002164,14.866262430002164,False
2002-06,10,CONMEBOL,0.15174286684202035,15.174286684202034,False
2002-07,10,CONMEBOL,0.14263829483149912,14.263829483149912,False
2002-08,10,CONMEBOL,0.14007999714160918,14.007999714160919,False
2002-09,10,CONMEBOL,0.1316751973131126,13.16751973131126,False
2002-10,10,CONMEBOL,0.12377468547432585,12.377468547432585,False
2002-11,10,CONMEBOL,0.1283482043458663,12.83482043458663,False
2002-12,10,CONMEBOL,0.12664731208511432,12.664731208511432,False
2003-01,10,CONMEBOL,0.12504847336000746,12.504847336000747,False
2003-02,10,CONMEBOL,0.12954556495840702,12.954556495840702,False
2003-03,10,CONMEBOL,0.1277728310609026,12.777283106090259,False
2003-04,10,CONMEBOL,0.13210646119724842,13.210646119724842,False
2003-05,10,CONMEBOL,0.1241800735254135,12.41800735254135,False
2003-06,10,CONMEBOL,0.12872926911388868,12.872926911388868,False
2003-07,10,CONMEBOL,0.14500551296705536,14.500551296705536,False
2003-08,10,CONMEBOL,0.14230518218903204,14.230518218903205,False
2003-09,10,CONMEBOL,0.1457668712576901,14.576687125769011,False
2003-10,10,CONMEBOL,0.14302085898222872,14.302085898222872,False
2003-11,10,CONMEBOL,0.14643960744329498,14.643960744329497,False
2003-12,10,CONMEBOL,0.14965323099669728,14.965323099669728,False
2004-01,10,CONMEBOL,0.14067403713689544,14.067403713689544,False
2004-02,10,CONMEBOL,0.1382335949086817,13.823359490868171,False
2004-03,10,CONMEBOL,0.1419395792141608,14.19395792141608,False
2004-04,10,CONMEBOL,0.14542320446131116,14.542320446131116,False
2004-05,10,CONMEBOL,0.14269781219363248,14.269781219363248,False
2004-06,10,CONMEBOL,0.14613594346201453,14.613594346201452,False
2004-07,10,CONMEBOL,0.15536778685429364,15.536778685429365,False
2004-08,10,CONMEBOL,0.15804571964303601,15.804571964303602,False
2004-09,10,CONMEBOL,0.16056297646445386,16.056297646445387,False
2004-10,10,CONMEBOL,0.16292919787658663,16.292919787658665,False
2004-11,10,CONMEBOL,0.16515344600399143,16.515344600399143,False
2004-12,10,CONMEBOL,0.16124423924375195,16.124423924375193,False
2005-01,10,CONMEBOL,0.16356958488912685,16.356958488912685,False
2005-02,10,CONMEBOL,0.16575540979577924,16.575540979577923,False
2005-03,10,CONMEBOL,0.16781008520803248,16.781008520803248,False
2005-04,10,CONMEBOL,0.16374148009555053,16.374148009555054,False
2005-05,10,CONMEBOL,0.1599169912898175,15.99169912898175,False
2005-06,10,CONMEBOL,0.16232197181242847,16.232197181242846,False
2005-07,10,CONMEBOL,0.15258265350368275,15.258265350368275,False
2005-08,10,CONMEBOL,0.1554276942934618,15.542769429346178,False
2005-09,10,CONMEBOL,0.1581020326358541,15.810203263585409,False
2005-10,10,CONMEBOL,0.16061591067770284,16.061591067770284,False
2005-11,10,CONMEBOL,0.16297895603704068,16.297895603704067,False
2005-12,10,CONMEBOL,0.17120021867481822,17.12002186748182,False
2006-01,10,CONMEBOL,0.1609282055543291,16.092820555432912,False
2006-02,10,CONMEBOL,0.15127251322106935,15.127251322106936,False
2006-03,10,CONMEBOL,0.1541961624278052,15.41961624278052,False
2006-04,10,CONMEBOL,0.15094439268213689,15.094439268213689,False
2006-05,10,CONMEBOL,0.14788772912120868,14.788772912120868,False
2006-06,10,CONMEBOL,0.15101446537393615,15.101446537393615,False
2006-07,10,CONMEBOL,0.14795359745149997,14.795359745149996,False
2006-08,10,CONMEBOL,0.15107638160440998,15.107638160440997,False
2006-09,10,CONMEBOL,0.15401179870814538,15.401179870814538,False
2006-10,10,CONMEBOL,0.15677109078565665,15.677109078565666,False
2006-11,10,CONMEBOL,0.15336482533851725,15.336482533851726,False
2006-12,10,CONMEBOL,0.15016293581820622,15.016293581820623,False
2007-01,10,CONMEBOL,0.14715315966911385,14.715315966911385,False
2007-02,10,CONMEBOL,0.15032397008896703,15.032397008896703,False
2007-03,10,CONMEBOL,0.147304531883629,14.7304531883629,False
2007-04,10,CONMEBOL,0.15046625997061125,15.046625997061124,False
2007-05,10,CONMEBOL,0.15343828437237458,15.343828437237459,False
2007-06,10,CONMEBOL,0.1562319873100321,15.62319873100321,False
2007-07,10,CONMEBOL,0.17685806807143017,17.685806807143017,False
2007-08,10,CONMEBOL,0.17824658398714435,17.824658398714437,False
2007-09,10,CONMEBOL,0.17955178894791568,17.95517889479157,False
2007-10,10,CONMEBOL,0.18077868161104074,18.077868161104075,False
2007-11,10,CONMEBOL,0.1819319607143783,18.193196071437832,False
2007-12,10,CONMEBOL,0.1710160430715156,17.10160430715156,False
2008-01,10,CONMEBOL,0.16675508048722468,16.675508048722467,False
2008-02,10,CONMEBOL,0.1627497756579912,16.27497756579912,False
2008-03,10,CONMEBOL,0.16498478911851172,16.498478911851173,False
2008-04,10,CONMEBOL,0.15508570177140102,15.508570177140102,False
2008-05,10,CONMEBOL,0.15778055966511695,15.778055966511694,False
2008-06,10,CONMEBOL,0.16031372608520994,16.031372608520993,False
2008-07,10,CONMEBOL,0.15069490252009735,15.069490252009734,False
2008-08,10,CONMEBOL,0.1476532083688915,14.76532083688915,False
2008-09,10,CONMEBOL,0.15079401586675803,15.079401586675804,False
2008-10,10,CONMEBOL,0.15374637491475254,15.374637491475255,False
2008-11,10,CONMEBOL,0.1685215924198674,16.85215924198674,False
2008-12,10,CONMEBOL,0.16441029687467534,16.441029687467534,False
2009-01,10,CONMEBOL,0.16054567906219483,16.054567906219482,False
2009-02,10,CONMEBOL,0.17491293831846313,17.491293831846313,False
2009-03,10,CONMEBOL,0.18241816201935535,18.241816201935535,False
2009-04,10,CONMEBOL,0.189473072298194,18.947307229819398,False
2009-05,10,CONMEBOL,0.19010468796030236,19.010468796030235,False
2009-06,10,CONMEBOL,0.19069840668268423,19.069840668268423,False
2009-07,10,CONMEBOL,0.17925650228172316,17.925650228172316,False
2009-08,10,CONMEBOL,0.18650111214481974,18.650111214481974,False
2009-09,10,CONMEBOL,0.18731104541613056,18.731104541613057,False
2009-10,10,CONMEBOL,0.19407238269116273,19.407238269116274,False
2009-11,10,CONMEBOL,0.20042803972969297,20.0428039729693,False
2009-12,10,CONMEBOL,0.19440235734591138,19.440235734591138,False
2010-01,10,CONMEBOL,0.1947382159051567,19.47382159051567,False
2010-02,10,CONMEBOL,0.18905392295084728,18.905392295084727,False
2010-03,10,CONMEBOL,0.19571068757379645,19.571068757379646,False
2010-04,10,CONMEBOL,0.18396804631936864,18.396804631936863,False
2010-05,10,CONMEBOL,0.19092996354020653,19.092996354020652,False
2010-06,10,CONMEBOL,0.20347416572779412,20.347416572779412,False
2010-07,10,CONMEBOL,0.21526571578412645,21.526571578412646,False
2010-08,10,CONMEBOL,0.22034977283707885,22.034977283707885,False
2010-09,10,CONMEBOL,0.21912878646685413,21.912878646685414,False
2010-10,10,CONMEBOL,0.22998105927884285,22.998105927884286,False
2010-11,10,CONMEBOL,0.24018219572211227,24.018219572211226,False
2010-12,10,CONMEBOL,0.22577126397878552,22.57712639787855,False
2011-01,10,CONMEBOL,0.2182249881400584,21.82249881400584,False
2011-02,10,CONMEBOL,0.2171314888516549,21.713148885165488,False
2011-03,10,CONMEBOL,0.2281035995205556,22.81035995205556,False
2011-04,10,CONMEBOL,0.22641738354932225,22.641738354932226,False
2011-05,10,CONMEBOL,0.2368323405363629,23.68323405363629,False
2011-06,10,CONMEBOL,0.24062240010418112,24.062240010418112,False
2011-07,10,CONMEBOL,0.26218505609793025,26.218505609793024,False
2011-08,10,CONMEBOL,0.2584539527320544,25.84539527320544,False
2011-09,10,CONMEBOL,0.26694671556813115,26.694671556813116,False
2011-10,10,CONMEBOL,0.2689299126340433,26.89299126340433,False
2011-11,10,CONMEBOL,0.2767941178760007,27.679411787600074,False
2011-12,10,CONMEBOL,0.27218647080344066,27.218647080344066,False
2012-01,10,CONMEBOL,0.2558552825552342,25.58552825552342,False
2012-02,10,CONMEBOL,0.2585039656019201,25.850396560192014,False
2012-03,10,CONMEBOL,0.2549937276658049,25.499372766580493,False
2012-04,10,CONMEBOL,0.25769410400585663,25.769410400585663,False
2012-05,10,CONMEBOL,0.25423245776550524,25.423245776550523,False
2012-06,10,CONMEBOL,0.2629785102995749,26.297851029957492,False
2012-07,10,CONMEBOL,0.2471997996816004,24.71997996816004,False
2012-08,10,CONMEBOL,0.2563678117007044,25.63678117007044,False
2012-09,10,CONMEBOL,0.2589857429986621,25.898574299866212,False
2012-10,10,CONMEBOL,0.2554465984187424,25.54465984187424,False
2012-11,10,CONMEBOL,0.2521198025136178,25.211980251361783,False
2012-12,10,CONMEBOL,0.24299261436280073,24.299261436280073,False
2013-01,10,CONMEBOL,0.23441305750103267,23.44130575010327,False
2013-02,10,CONMEBOL,0.2383482740509707,23.83482740509707,False
2013-03,10,CONMEBOL,0.24204737760791245,24.204737760791247,False
2013-04,10,CONMEBOL,0.2515245349514377,25.152453495143767,False
2013-05,10,CONMEBOL,0.2424330628543514,24.24330628543514,False
2013-06,10,CONMEBOL,0.24588707908309032,24.588707908309033,False
2013-07,10,CONMEBOL,0.23113385433810488,23.11338543381049,False
2013-08,10,CONMEBOL,0.23526582307781857,23.526582307781858,False
2013-09,10,CONMEBOL,0.23914987369314944,23.914987369314943,False
2013-10,10,CONMEBOL,0.24880088127156044,24.880088127156043,False
2013-11,10,CONMEBOL,0.2578728283952668,25.787282839526682,False
2013-12,10,CONMEBOL,0.2484004586915508,24.84004586915508,False
2014-01,10,CONMEBOL,0.23949643117005776,23.949643117005774,False
2014-02,10,CONMEBOL,0.22512664529985427,22.512664529985425,False
2014-03,10,CONMEBOL,0.235619046581863,23.5619046581863,False
2014-04,10,CONMEBOL,0.2214819037869512,22.14819037869512,False
2014-05,10,CONMEBOL,0.21419298955973412,21.419298955973414,False
2014-06,10,CONMEBOL,0.21934141018615005,21.934141018615005,False
2014-07,10,CONMEBOL,0.21818092557498106,21.818092557498105,False
2014-08,10,CONMEBOL,0.2110900700404822,21.10900700404822,False
2014-09,10,CONMEBOL,0.22242466583805323,22.242466583805324,False
2014-10,10,CONMEBOL,0.23307918588777002,23.307918588777003,False
2014-11,10,CONMEBOL,0.2430944347345038,24.30944347345038,False
2014-12,10,CONMEBOL,0.22850876865043354,22.850876865043354,False
2015-01,10,CONMEBOL,0.22079824253140753,22.079824253140753,False
2015-02,10,CONMEBOL,0.20755034797952307,20.755034797952305,False
2015-03,10,CONMEBOL,0.21909732710075167,21.909732710075165,False
2015-04,10,CONMEBOL,0.20595148747470654,20.595148747470652,False
2015-05,10,CONMEBOL,0.19359439822622412,19.359439822622413,False
2015-06,10,CONMEBOL,0.19997873433265068,19.997873433265067,False
2015-07,10,CONMEBOL,0.21198001027269162,21.19800102726916,False
2015-08,10,CONMEBOL,0.1992612096563301,19.92612096563301,False
2015-09,10,CONMEBOL,0.20530553707695026,20.530553707695027,False
2015-10,10,CONMEBOL,0.21698720485233322,21.698720485233324,False
2015-11,10,CONMEBOL,0.22796797256119322,22.796797256119323,False
2015-12,10,CONMEBOL,0.21428989420752162,21.428989420752163,False
2016-01,10,CONMEBOL,0.2014325005550703,20.143250055507032,False
2016-02,10,CONMEBOL,0.18934655052176608,18.93465505217661,False
2016-03,10,CONMEBOL,0.2019857574904601,20.19857574904601,False
2016-04,10,CONMEBOL,0.1898666120410325,18.98666120410325,False
2016-05,10,CONMEBOL,0.18447461531857054,18.447461531857055,False
2016-06,10,CONMEBOL,0.1914061383994563,19.14061383994563,False
2016-07,10,CONMEBOL,0.1799217700954889,17.99217700954889,False
2016-08,10,CONMEBOL,0.16912646388975955,16.912646388975954,False
2016-09,10,CONMEBOL,0.17697887605637397,17.697887605637398,False
2016-10,10,CONMEBOL,0.19036014349299152,19.03601434929915,False
2016-11,10,CONMEBOL,0.196938534883412,19.6938534883412,False
2016-12,10,CONMEBOL,0.18512222279040727,18.512222279040728,False
2017-01,10,CONMEBOL,0.18601488942298283,18.601488942298282,False
2017-02,10,CONMEBOL,0.18235399605760386,18.235399605760385,False
2017-03,10,CONMEBOL,0.19541275629414762,19.541275629414763,False
2017-04,10,CONMEBOL,0.18368799091649876,18.368799091649876,False
2017-05,10,CONMEBOL,0.17266671146150883,17.266671146150884,False
2017-06,10,CONMEBOL,0.18030670877381827,18.030670877381827,False
2017-07,10,CONMEBOL,0.18748830624738916,18.748830624738915,False
2017-08,10,CONMEBOL,0.20023900787254578,20.02390078725458,False
2017-09,10,CONMEBOL,0.20622466740019302,20.622466740019302,False
2017-10,10,CONMEBOL,0.21185118735618141,21.18511873561814,False
2017-11,10,CONMEBOL,0.21714011611481054,21.714011611481055,False
2017-12,10,CONMEBOL,0.2041117091479219,20.41117091479219,False
2018-01,10,CONMEBOL,0.19186500659904657,19.186500659904656,False
2018-02,10,CONMEBOL,0.18035310620310377,18.035310620310376,False
2018-03,10,CONMEBOL,0.18753191983091755,18.753191983091753,False
2018-04,10,CONMEBOL,0.1762800046410625,17.62800046410625,False
2018-05,10,CONMEBOL,0.18370320436259874,18.370320436259874,False
2018-06,10,CONMEBOL,0.1846810121008428,18.46810121008428,False
2018-07,10,CONMEBOL,0.18560015137479224,18.560015137479226,False
2018-08,10,CONMEBOL,0.1744641422923047,17.44641422923047,False
2018-09,10,CONMEBOL,0.1819962937547664,18.19962937547664,False
2018-10,10,CONMEBOL,0.18307651612948042,18.307651612948042,False
2018-11,10,CONMEBOL,0.1840919251617116,18.40919251617116,False
2018-12,10,CONMEBOL,0.1730464096520089,17.30464096520089,False
2019-01,10,CONMEBOL,0.16266362507288837,16.266362507288836,False
2019-02,10,CONMEBOL,0.15290380756851507,15.290380756851507,False
2019-03,10,CONMEBOL,0.15572957911440416,15.572957911440415,False
2019-04,10,CONMEBOL,0.1583858043675399,15.83858043675399,False
2019-05,10,CONMEBOL,0.1488826561054875,14.888265610548752,False
2019-06,10,CONMEBOL,0.15194969673915826,15.194969673915825,False
2019-07,10,CONMEBOL,0.16683271493480875,16.683271493480873,False
2019-08,10,CONMEBOL,0.1568227520387202,15.68227520387202,False
2019-09,10,CONMEBOL,0.165413386916397,16.5413386916397,False
2019-10,10,CONMEBOL,0.17348858370141318,17.34885837014132,False
2019-11,10,CONMEBOL,0.1810792686793284,18.10792686793284,False
2019-12,10,CONMEBOL,0.17021451255856868,17.021451255856867,False
2020-01,10,CONMEBOL,0.16000164180505455,16.000164180505454,False
2020-02,10,CONMEBOL,0.15040154329675126,15.040154329675126,False
2020-03,10,CONMEBOL,0.14137745069894617,14.137745069894617,False
2020-04,10,CONMEBOL,0.1328948036570094,13.289480365700939,False
2020-05,10,CONMEBOL,0.12492111543758883,12.492111543758883,False
2020-06,10,CONMEBOL,0.11742584851133349,11.74258485113335,False
2020-07,10,CONMEBOL,0.11038029760065347,11.038029760065347,False
2020-08,10,CONMEBOL,0.10375747974461426,10.375747974461426,False
2020-09,10,CONMEBOL,0.0975320309599374,9.75320309599374,False
2020-10,10,CONMEBOL,0.10368010910234114,10.368010910234114,False
2020-11,10,CONMEBOL,0.10945930255620066,10.945930255620066,False
2020-12,10,CONMEBOL,0.10289174440282861,10.289174440282862,False
2021-01,10,CONMEBOL,0.0967182397386589,9.671823973865889,False
2021-02,10,CONMEBOL,0.09091514535433935,9.091514535433936,False
2021-03,10,CONMEBOL,0.08546023663307899,8.5460236633079,False
2021-04,10,CONMEBOL,0.08033262243509424,8.033262243509425,False
2021-05,10,CONMEBOL,0.07551266508898859,7.551266508898859,False
2021-06,10,CONMEBOL,0.08898190518364928,8.898190518364927,False
2021-07,10,CONMEBOL,0.10164299087263032,10.164299087263032,False
2021-08,10,CONMEBOL,0.0955444114202725,9.55444114202725,False
2021-09,10,CONMEBOL,0.10781174673505614,10.781174673505614,False
2021-10,10,CONMEBOL,0.11334304193095276,11.334304193095276,False
2021-11,10,CONMEBOL,0.11854245941509559,11.854245941509559,False
2021-12,10,CONMEBOL,0.12342991185018984,12.342991185018985,False
2022-01,10,CONMEBOL,0.14602411713917846,14.602411713917846,False
2022-02,10,CONMEBOL,0.16726267011082774,16.726267011082776,False
2022-03,10,CONMEBOL,0.17522690990417805,17.522690990417804,False
2022-04,10,CONMEBOL,0.16471329530992737,16.471329530992737,False
2022-05,10,CONMEBOL,0.15483049759133172,15.483049759133172,False
2022-06,10,CONMEBOL,0.1635406677358518,16.35406677358518,False
2022-07,10,CONMEBOL,0.1537282276717007,15.372822767170069,False
2022-08,10,CONMEBOL,0.17450453401139865,17.450453401139864,False
2022-09,10,CONMEBOL,0.17603426197071473,17.603426197071474,False
2022-10,10,CONMEBOL,0.16547220625247183,16.547220625247185,False
2022-11,10,CONMEBOL,0.16754387387732353,16.754387387732354,False
2022-12,10,CONMEBOL,0.1694912414446841,16.94912414446841,False
2023-01,10,CONMEBOL,0.15932176695800304,15.932176695800305,False
2023-02,10,CONMEBOL,0.14976246094052284,14.976246094052284,False
2023-03,10,CONMEBOL,0.15277671328409148,15.277671328409149,False
2023-04,10,CONMEBOL,0.14361011048704597,14.361011048704597,False
2023-05,10,CONMEBOL,0.13499350385782322,13.499350385782321,False
2023-06,10,CONMEBOL,0.13889389362635382,13.889389362635383,False
2023-07,10,CONMEBOL,0.13056026000877258,13.056026000877258,False
2023-08,10,CONMEBOL,0.12872664440824622,12.872664440824622,False
2023-09,10,CONMEBOL,0.13300304574375144,13.300304574375144,False
2023-10,10,CONMEBOL,0.14302286299912637,14.302286299912637,False
2023-11,10,CONMEBOL,0.15244149121917877,15.244149121917877,False
2023-12,10,CONMEBOL,0.14329500174602805,14.329500174602805,False
2024-01,10,CONMEBOL,0.13469730164126636,13.469730164126636,False
2024-02,10,CONMEBOL,0.12661546354279038,12.661546354279038,False
2024-03,10,CONMEBOL,0.13701853573022293,13.701853573022294,False
2024-04,10,CONMEBOL,0.12879742358640955,12.879742358640955,False
2024-05,10,CONMEBOL,0.14506957817122498,14.506957817122498,False
2024-06,10,CONMEBOL,0.15436540348095146,15.436540348095146,False
2024-07,10,CONMEBOL,0.16310347927209434,16.310347927209435,False
2024-08,10,CONMEBOL,0.15331727051576868,15.331727051576868,False
2024-09,10,CONMEBOL,0.16211823428482258,16.21182342848226,False
2024-10,10,CONMEBOL,0.16439114022773324,16.439114022773325,False
2024-11,10,CONMEBOL,0.17252767181406925,17.252767181406924,False
2024-12,10,CONMEBOL,0.1621760115052251,16.21760115052251,False
2025-01,10,CONMEBOL,0.15244545081491157,15.244545081491157,False
2025-02,10,CONMEBOL,0.15329872376601686,15.329872376601687,False
2025-03,10,CONMEBOL,0.16210080034005586,16.210080034005586,False
2025-04,10,CONMEBOL,0.1703747523196525,17.03747523196525,False
2025-05,10,CONMEBOL,0.16015226718047332,16.01522671804733,False
2025-06,10,CONMEBOL,0.16854313114964492,16.85431311496449,False
2025-07,10,CONMEBOL,0.15843054328066622,15.843054328066621,False
2025-08,10,CONMEBOL,0.14892471068382623,14.892471068382623,False
2025-09,10,CONMEBOL,0.15798922804279664,15.798922804279664,False
2025-10,10,CONMEBOL,0.16650987436022885,16.650987436022884,False
2025-11,10,CONMEBOL,0.1745192818986151,17.45192818986151,False
2025-12,10,CONMEBOL,0.16404812498469817,16.404812498469816,False
2026-01,10,CONMEBOL,0.16020523748561627,16.020523748561626,False
2026-02,10,CONMEBOL,0.1505929232364793,15.059292323647929,False
2026-03,10,CONMEBOL,0.15955734784229053,15.955734784229053,False
2026-04,10,CONMEBOL,0.16798390697175308,16.798390697175307,False
2026-05,10,CONMEBOL,0.1699048725534479,16.990487255344792,False
2026-06,10,CONMEBOL,0.17171058020024105,17.171058020024105,False
2026-07,10,CONMEBOL,0.1734079453882266,17.34079453882266,False
2026-08,10,CONMEBOL,0.1734079453882266,17.34079453882266,True
2026-09,10,CONMEBOL,0.1734079453882266,17.34079453882266,True
2026-10,10,CONMEBOL,0.1734079453882266,17.34079453882266,True
2026-11,10,CONMEBOL,0.1734079453882266,17.34079453882266,True
2026-12,10,CONMEBOL,0.1734079453882266,17.34079453882266,True
2027-01,10,CONMEBOL,0.1734079453882266,17.34079453882266,True
2027-02,10,CONMEBOL,0.1734079453882266,17.34079453882266,True
2027-03,10,CONMEBOL,0.1734079453882266,17.34079453882266,True
2027-04,10,CONMEBOL,0.1734079453882266,17.34079453882266,True
2027-05,10,CONMEBOL,0.1734079453882266,17.34079453882266,True
2027-06,10,CONMEBOL,0.1734079453882266,17.34079453882266,True
2027-07,10,CONMEBOL,0.1734079453882266,17.34079453882266,True
1992-01,10,CAF,0.5,50.0,False
1992-02,10,CAF,0.476,47.599999999999994,False
1992-03,10,CAF,0.44743999999999995,44.74399999999999,False
1992-04,10,CAF,0.4205935999999999,42.05935999999999,False
1992-05,10,CAF,0.3953579839999999,39.53579839999999,False
1992-06,10,CAF,0.3716365049599999,37.16365049599999,False
1992-07,10,CAF,0.3613383146623999,36.13383146623999,False
1992-08,10,CAF,0.3456580157826559,34.56580157826559,False
1992-09,10,CAF,0.32491853483569655,32.491853483569656,False
1992-10,10,CAF,0.30542342274555473,30.542342274555473,False
1992-11,10,CAF,0.2870980173808214,28.70980173808214,False
1992-12,10,CAF,0.27587213633797214,27.587213633797212,False
1993-01,10,CAF,0.2713198081576938,27.13198081576938,False
1993-02,10,CAF,0.25504061966823216,25.504061966823215,False
1993-03,10,CAF,0.23973818248813822,23.97381824881382,False
1993-04,10,CAF,0.2253538915388499,22.535389153884992,False
1993-05,10,CAF,0.2118326580465189,21.183265804651892,False
1993-06,10,CAF,0.19912269856372777,19.912269856372777,False
1993-07,10,CAF,0.1991753366499041,19.917533664990412,False
1993-08,10,CAF,0.18722481645090985,18.722481645090987,False
1993-09,10,CAF,0.17599132746385526,17.599132746385525,False
1993-10,10,CAF,0.16543184781602394,16.543184781602392,False
1993-11,10,CAF,0.1555059369470625,15.550593694706249,False
1993-12,10,CAF,0.17017558073023872,17.01755807302387,False
1994-01,10,CAF,0.16596504588642438,16.59650458864244,False
1994-02,10,CAF,0.1560071431332389,15.600714313323891,False
1994-03,10,CAF,0.14664671454524456,14.664671454524456,False
1994-04,10,CAF,0.13784791167252988,13.784791167252989,False
1994-05,10,CAF,0.1295770369721781,12.95770369721781,False
1994-06,10,CAF,0.1218024147538474,12.18024147538474,False
1994-07,10,CAF,0.11449426986861655,11.449426986861654,False
1994-08,10,CAF,0.13162461367649955,13.162461367649955,False
1994-09,10,CAF,0.12372713685590957,12.372713685590957,False
1994-10,10,CAF,0.11630350864455499,11.6303508644555,False
1994-11,10,CAF,0.10932529812588168,10.932529812588168,False
1994-12,10,CAF,0.10276578023832877,10.276578023832878,False
1995-01,10,CAF,0.10259983342402905,10.259983342402904,False
1995-02,10,CAF,0.0964438434185873,9.64438434185873,False
1995-03,10,CAF,0.09065721281347207,9.065721281347207,False
1995-04,10,CAF,0.08521778004466374,8.521778004466373,False
1995-05,10,CAF,0.09210471324198391,9.21047132419839,False
1995-06,10,CAF,0.08657843044746487,8.657843044746487,False
1995-07,10,CAF,0.08738372462061697,8.738372462061697,False
1995-08,10,CAF,0.08214070114337994,8.214070114337995,False
1995-09,10,CAF,0.07721225907477715,7.721225907477715,False
1995-10,10,CAF,0.07257952353029051,7.257952353029051,False
1995-11,10,CAF,0.06822475211847308,6.8224752118473075,False
1995-12,10,CAF,0.0701312669913647,7.013126699136469,False
1996-01,10,CAF,0.10192339097188281,10.192339097188281,False
1996-02,10,CAF,0.10180798751356984,10.180798751356985,False
1996-03,10,CAF,0.09569950826275564,9.569950826275564,False
1996-04,10,CAF,0.0899575377669903,8.99575377669903,False
1996-05,10,CAF,0.08456008550097087,8.456008550097087,False
1996-06,10,CAF,0.07948648037091262,7.948648037091262,False
1996-07,10,CAF,0.07471729154865786,7.471729154865786,False
1996-08,10,CAF,0.07023425405573838,7.023425405573838,False
1996-09,10,CAF,0.06602019881239407,6.602019881239407,False
1996-10,10,CAF,0.06205898688365042,6.205898688365042,False
1996-11,10,CAF,0.05833544767063139,5.833544767063139,False
1996-12,10,CAF,0.0548353208103935,5.483532081039351,False
1997-01,10,CAF,0.057545201561769885,5.754520156176988,False
1997-02,10,CAF,0.054092489468063686,5.409248946806368,False
1997-03,10,CAF,0.050846940099979865,5.084694009997986,False
1997-04,10,CAF,0.04779612369398107,4.779612369398107,False
1997-05,10,CAF,0.056928356272342204,5.692835627234221,False
1997-06,10,CAF,0.05351265489600167,5.351265489600167,False
1997-07,10,CAF,0.05630189560224157,5.6301895602241565,False
1997-08,10,CAF,0.05292378186610707,5.292378186610707,False
1997-09,10,CAF,0.04974835495414064,4.974835495414064,False
1997-10,10,CAF,0.046763453656892204,4.676345365689221,False
1997-11,10,CAF,0.04395764643747867,4.395764643747866,False
1997-12,10,CAF,0.05332018765122995,5.332018765122995,False
1998-01,10,CAF,0.062120976392156156,6.2120976392156155,False
1998-02,10,CAF,0.05839371780862678,5.839371780862678,False
1998-03,10,CAF,0.05489009474010917,5.489009474010917,False
1998-04,10,CAF,0.05159668905570262,5.159668905570261,False
1998-05,10,CAF,0.048500887712360455,4.850088771236045,False
1998-06,10,CAF,0.045590834449618825,4.559083444961883,False
1998-07,10,CAF,0.04285538438264169,4.285538438264169,False
1998-08,10,CAF,0.040284061319683186,4.028406131968318,False
1998-09,10,CAF,0.037867017640502196,3.7867017640502194,False
1998-10,10,CAF,0.03559499658207206,3.5594996582072063,False
1998-11,10,CAF,0.033459296787147735,3.3459296787147736,False
1998-12,10,CAF,0.04945173897991887,4.945173897991887,False
1999-01,10,CAF,0.07648463464112373,7.648463464112373,False
1999-02,10,CAF,0.07189555656265631,7.189555656265631,False
1999-03,10,CAF,0.06758182316889692,6.758182316889692,False
1999-04,10,CAF,0.0635269137787631,6.35269137787631,False
1999-05,10,CAF,0.06571529895203732,6.5715298952037315,False
1999-06,10,CAF,0.06177238101491507,6.177238101491507,False
1999-07,10,CAF,0.058066038154020165,5.806603815402016,False
1999-08,10,CAF,0.05458207586477895,5.458207586477895,False
1999-09,10,CAF,0.05130715131289221,5.130715131289221,False
1999-10,10,CAF,0.04822872223411867,4.822872223411867,False
1999-11,10,CAF,0.045334998900071546,4.533499890007155,False
1999-12,10,CAF,0.07261489896606725,7.261489896606725,False
2000-01,10,CAF,0.08025800502810321,8.02580050281032,False
2000-02,10,CAF,0.075442524726417,7.544252472641701,False
2000-03,10,CAF,0.07091597324283198,7.091597324283199,False
2000-04,10,CAF,0.06666101484826206,6.666101484826206,False
2000-05,10,CAF,0.06266135395736634,6.266135395736634,False
2000-06,10,CAF,0.05890167271992436,5.890167271992436,False
2000-07,10,CAF,0.06136757235672889,6.136757235672889,False
2000-08,10,CAF,0.057685518015325156,5.7685518015325155,False
2000-09,10,CAF,0.05422438693440564,5.422438693440564,False
2000-10,10,CAF,0.050970923718341304,5.0970923718341306,False
2000-11,10,CAF,0.04791266829524082,4.791266829524083,False
2000-12,10,CAF,0.06303790819752637,6.3037908197526376,False
2001-01,10,CAF,0.06525563370567479,6.525563370567479,False
2001-02,10,CAF,0.0613402956833343,6.13402956833343,False
2001-03,10,CAF,0.057659877942334244,5.765987794233425,False
2001-04,10,CAF,0.054200285265794186,5.420028526579419,False
2001-05,10,CAF,0.06294826814984653,6.294826814984653,False
2001-06,10,CAF,0.05917137206085573,5.917137206085573,False
2001-07,10,CAF,0.061621089737204385,6.162108973720438,False
2001-08,10,CAF,0.057923824352972116,5.7923824352972115,False
2001-09,10,CAF,0.05444839489179379,5.444839489179379,False
2001-10,10,CAF,0.05118149119828616,5.118149119828616,False
2001-11,10,CAF,0.048110601726388987,4.811060172638899,False
2001-12,10,CAF,0.08122396562280565,8.122396562280565,False
2002-01,10,CAF,0.0883505276854373,8.835052768543731,False
2002-02,10,CAF,0.08904949602431106,8.904949602431106,False
2002-03,10,CAF,0.0897065262628524,8.97065262628524,False
2002-04,10,CAF,0.09032413468708125,9.032413468708125,False
2002-05,10,CAF,0.09690468660585637,9.690468660585637,False
2002-06,10,CAF,0.09109040540950498,9.109040540950499,False
2002-07,10,CAF,0.10362498108493469,10.362498108493469,False
2002-08,10,CAF,0.09740748221983861,9.74074822198386,False
2002-09,10,CAF,0.0975630332866483,9.75630332866483,False
2002-10,10,CAF,0.09770925128944939,9.770925128944938,False
2002-11,10,CAF,0.09184669621208243,9.184669621208243,False
2002-12,10,CAF,0.11033589443935748,11.033589443935748,False
2003-01,10,CAF,0.10971574077299603,10.971574077299604,False
2003-02,10,CAF,0.10313279632661626,10.313279632661626,False
2003-03,10,CAF,0.09694482854701927,9.694482854701928,False
2003-04,10,CAF,0.09112813883419811,9.112813883419811,False
2003-05,10,CAF,0.10366045050414623,10.366045050414623,False
2003-06,10,CAF,0.09744082347389744,9.744082347389744,False
2003-07,10,CAF,0.1035943740654636,10.359437406546359,False
2003-08,10,CAF,0.09737871162153577,9.737871162153578,False
2003-09,10,CAF,0.09153598892424362,9.153598892424363,False
2003-10,10,CAF,0.086043829588789,8.604382958878901,False
2003-11,10,CAF,0.08088119981346166,8.088119981346166,False
2003-12,10,CAF,0.08202832782465397,8.202832782465396,False
2004-01,10,CAF,0.11910662815517473,11.910662815517473,False
2004-02,10,CAF,0.11196023046586423,11.196023046586422,False
2004-03,10,CAF,0.10524261663791237,10.524261663791238,False
2004-04,10,CAF,0.09892805963963762,9.892805963963761,False
2004-05,10,CAF,0.09899237606125937,9.899237606125936,False
2004-06,10,CAF,0.0930528334975838,9.30528334975838,False
2004-07,10,CAF,0.09346966348772877,9.346966348772877,False
2004-08,10,CAF,0.08786148367846504,8.786148367846504,False
2004-09,10,CAF,0.08258979465775713,8.258979465775713,False
2004-10,10,CAF,0.0776344069782917,7.76344069782917,False
2004-11,10,CAF,0.07297634255959419,7.297634255959419,False
2004-12,10,CAF,0.06859776200601854,6.859776200601854,False
2005-01,10,CAF,0.07048189628565743,7.048189628565743,False
2005-02,10,CAF,0.06625298250851798,6.625298250851798,False
2005-03,10,CAF,0.0622778035580069,6.2277803558006894,False
2005-04,10,CAF,0.07654113534452647,7.654113534452647,False
2005-05,10,CAF,0.07794866722385489,7.794866722385489,False
2005-06,10,CAF,0.07327174719042359,7.327174719042359,False
2005-07,10,CAF,0.08087544235899817,8.087544235899816,False
2005-08,10,CAF,0.07602291581745828,7.602291581745828,False
2005-09,10,CAF,0.07146154086841078,7.146154086841078,False
2005-10,10,CAF,0.06717384841630612,6.717384841630612,False
2005-11,10,CAF,0.06314341751132775,6.314341751132775,False
2005-12,10,CAF,0.07735481246064808,7.735481246064809,False
2006-01,10,CAF,0.1027135237130092,10.27135237130092,False
2006-02,10,CAF,0.11455071229022865,11.455071229022865,False
2006-03,10,CAF,0.10767766955281492,10.767766955281493,False
2006-04,10,CAF,0.11921700937964602,11.921700937964602,False
2006-05,10,CAF,0.11206398881686726,11.206398881686725,False
2006-06,10,CAF,0.10534014948785522,10.534014948785522,False
2006-07,10,CAF,0.1110197405185839,11.10197405185839,False
2006-08,10,CAF,0.10435855608746886,10.435855608746886,False
2006-09,10,CAF,0.09809704272222072,9.809704272222072,False
2006-10,10,CAF,0.09221122015888747,9.221122015888747,False
2006-11,10,CAF,0.08667854694935422,8.667854694935421,False
2006-12,10,CAF,0.09947783413239296,9.947783413239296,False
2007-01,10,CAF,0.09350916408444937,9.350916408444936,False
2007-02,10,CAF,0.0878986142393824,8.789861423938241,False
2007-03,10,CAF,0.08262469738501946,8.262469738501945,False
2007-04,10,CAF,0.11366721554191829,11.366721554191829,False
2007-05,10,CAF,0.11884718260940319,11.88471826094032,False
2007-06,10,CAF,0.111716351652839,11.171635165283899,False
2007-07,10,CAF,0.10501337055366865,10.501337055366864,False
2007-08,10,CAF,0.09871256832044853,9.871256832044853,False
2007-09,10,CAF,0.09278981422122161,9.278981422122161,False
2007-10,10,CAF,0.0872224253679483,8.72224253679483,False
2007-11,10,CAF,0.08198907984587141,8.19890798458714,False
2007-12,10,CAF,0.10706973505511912,10.706973505511911,False
2008-01,10,CAF,0.12464555095181197,12.464555095181197,False
2008-02,10,CAF,0.12316681789470325,12.316681789470325,False
2008-03,10,CAF,0.11577680882102105,11.577680882102106,False
2008-04,10,CAF,0.11483020029175979,11.483020029175979,False
2008-05,10,CAF,0.1079403882742542,10.79403882742542,False
2008-06,10,CAF,0.10146396497779894,10.146396497779895,False
2008-07,10,CAF,0.107376127079131,10.7376127079131,False
2008-08,10,CAF,0.10093355945438313,10.093355945438313,False
2008-09,10,CAF,0.09487754588712013,9.487754588712013,False
2008-10,10,CAF,0.08918489313389293,8.918489313389292,False
2008-11,10,CAF,0.08383379954585934,8.383379954585934,False
2008-12,10,CAF,0.07880377157310778,7.880377157310778,False
2009-01,10,CAF,0.08007554527872131,8.00755452787213,False
2009-02,10,CAF,0.07527101256199803,7.527101256199803,False
2009-03,10,CAF,0.07075475180827814,7.075475180827814,False
2009-04,10,CAF,0.06650946669978144,6.650946669978144,False
2009-05,10,CAF,0.08051889869779455,8.051889869779455,False
2009-06,10,CAF,0.07568776477592687,7.568776477592687,False
2009-07,10,CAF,0.07714649888937126,7.714649888937126,False
2009-08,10,CAF,0.07251770895600898,7.251770895600898,False
2009-09,10,CAF,0.06816664641864843,6.816664641864843,False
2009-10,10,CAF,0.06407664763352952,6.407664763352952,False
2009-11,10,CAF,0.060232048775517744,6.023204877551774,False
2009-12,10,CAF,0.07461812584898668,7.461812584898668,False
2010-01,10,CAF,0.08214103829804748,8.214103829804747,False
2010-02,10,CAF,0.07721257600016462,7.721257600016463,False
2010-03,10,CAF,0.07257982144015475,7.257982144015475,False
2010-04,10,CAF,0.07489169882041213,7.489169882041214,False
2010-05,10,CAF,0.0703981968911874,7.0398196891187395,False
2010-06,10,CAF,0.06617430507771616,6.617430507771616,False
2010-07,10,CAF,0.08020384677305319,8.02038467730532,False
2010-08,10,CAF,0.08139161596667,8.139161596667,False
2010-09,10,CAF,0.08250811900866979,8.25081190086698,False
2010-10,10,CAF,0.0775576318681496,7.75576318681496,False
2010-11,10,CAF,0.07290417395606062,7.290417395606062,False
2010-12,10,CAF,0.07452992351869699,7.452992351869699,False
2011-01,10,CAF,0.07605812810757517,7.605812810757517,False
2011-02,10,CAF,0.07149464042112066,7.149464042112067,False
2011-03,10,CAF,0.06720496199585342,6.720496199585342,False
2011-04,10,CAF,0.07517266427610221,7.517266427610221,False
2011-05,10,CAF,0.07666230441953607,7.666230441953608,False
2011-06,10,CAF,0.0720625661543639,7.2062566154363905,False
2011-07,10,CAF,0.06773881218510207,6.773881218510207,False
2011-08,10,CAF,0.06367448345399594,6.367448345399594,False
2011-09,10,CAF,0.059854014446756185,5.9854014446756185,False
2011-10,10,CAF,0.05626277357995081,5.6262773579950816,False
2011-11,10,CAF,0.05288700716515376,5.288700716515375,False
2011-12,10,CAF,0.07971378673524453,7.971378673524453,False
2012-01,10,CAF,0.09293095953112986,9.293095953112985,False
2012-02,10,CAF,0.08735510195926206,8.735510195926206,False
2012-03,10,CAF,0.10011379584170634,10.011379584170633,False
2012-04,10,CAF,0.10610696809120394,10.610696809120395,False
2012-05,10,CAF,0.0997405500057317,9.97405500057317,False
2012-06,10,CAF,0.0937561170053878,9.37561170053878,False
2012-07,10,CAF,0.12413074998506453,12.413074998506453,False
2012-08,10,CAF,0.11668290498596065,11.668290498596065,False
2012-09,10,CAF,0.109681930686803,10.9681930686803,False
2012-10,10,CAF,0.10310101484559482,10.310101484559482,False
2012-11,10,CAF,0.10291495395485913,10.291495395485912,False
2012-12,10,CAF,0.12074005671756759,12.074005671756758,False
2013-01,10,CAF,0.13749565331451352,13.749565331451352,False
2013-02,10,CAF,0.1292459141156427,12.92459141156427,False
2013-03,10,CAF,0.12149115926870414,12.149115926870415,False
2013-04,10,CAF,0.1262016897125819,12.620168971258188,False
2013-05,10,CAF,0.12462958832982697,12.462958832982697,False
2013-06,10,CAF,0.11715181303003734,11.715181303003734,False
2013-07,10,CAF,0.1221227042482351,12.21227042482351,False
2013-08,10,CAF,0.11479534199334099,11.479534199334099,False
2013-09,10,CAF,0.10790762147374053,10.790762147374053,False
2013-10,10,CAF,0.10143316418531609,10.143316418531608,False
2013-11,10,CAF,0.09534717433419712,9.534717433419711,False
2013-12,10,CAF,0.1196263438741453,11.96263438741453,False
2014-01,10,CAF,0.12444876324169657,12.444876324169657,False
2014-02,10,CAF,0.11698183744719477,11.698183744719477,False
2014-03,10,CAF,0.10996292720036308,10.996292720036308,False
2014-04,10,CAF,0.12736515156834127,12.736515156834127,False
2014-05,10,CAF,0.11972324247424079,11.97232424742408,False
2014-06,10,CAF,0.11253984792578633,11.253984792578633,False
2014-07,10,CAF,0.10578745705023915,10.578745705023914,False
2014-08,10,CAF,0.11144020962722478,11.144020962722479,False
2014-09,10,CAF,0.10475379704959129,10.475379704959128,False
2014-10,10,CAF,0.0984685692266158,9.84685692266158,False
2014-11,10,CAF,0.09256045507301885,9.256045507301886,False
2014-12,10,CAF,0.08700682776863772,8.700682776863772,False
2015-01,10,CAF,0.09978641810251945,9.978641810251945,False
2015-02,10,CAF,0.12979923301636828,12.979923301636829,False
2015-03,10,CAF,0.12201127903538618,12.201127903538618,False
2015-04,10,CAF,0.114690602293263,11.469060229326299,False
2015-05,10,CAF,0.12580916615566723,12.580916615566723,False
2015-06,10,CAF,0.11826061618632719,11.82606161863272,False
2015-07,10,CAF,0.11116497921514755,11.116497921514755,False
2015-08,10,CAF,0.11649508046223869,11.64950804622387,False
2015-09,10,CAF,0.10950537563450437,10.950537563450437,False
2015-10,10,CAF,0.1029350530964341,10.29350530964341,False
2015-11,10,CAF,0.09675894991064804,9.675894991064805,False
2015-12,10,CAF,0.12095341291600915,12.095341291600915,False
2016-01,10,CAF,0.1316962081410486,13.16962081410486,False
2016-02,10,CAF,0.13579443565258567,13.579443565258567,False
2016-03,10,CAF,0.1276467695134305,12.764676951343052,False
2016-04,10,CAF,0.11998796334262468,11.998796334262469,False
2016-05,10,CAF,0.1127886855420672,11.278868554206719,False
2016-06,10,CAF,0.10602136440954316,10.602136440954316,False
2016-07,10,CAF,0.09966008254497057,9.966008254497057,False
2016-08,10,CAF,0.09968047759227233,9.968047759227233,False
2016-09,10,CAF,0.09369964893673599,9.369964893673599,False
2016-10,10,CAF,0.08807767000053182,8.807767000053182,False
2016-11,10,CAF,0.0827930098004999,8.27930098004999,False
2016-12,10,CAF,0.09782542921246991,9.782542921246991,False
2017-01,10,CAF,0.10395590345972171,10.39559034597217,False
2017-02,10,CAF,0.1277185492521384,12.771854925213841,False
2017-03,10,CAF,0.1200554362970101,12.005543629701009,False
2017-04,10,CAF,0.11285211011918948,11.285211011918948,False
2017-05,10,CAF,0.14208098351203813,14.208098351203812,False
2017-06,10,CAF,0.13355612450131582,13.355612450131582,False
2017-07,10,CAF,0.13154275703123686,13.154275703123686,False
2017-08,10,CAF,0.12365019160936264,12.365019160936264,False
2017-09,10,CAF,0.11623118011280087,11.623118011280088,False
2017-10,10,CAF,0.10925730930603281,10.925730930603281,False
2017-11,10,CAF,0.10270187074767083,10.270187074767083,False
2017-12,10,CAF,0.10853975850281057,10.853975850281056,False
2018-01,10,CAF,0.10202737299264193,10.202737299264193,False
2018-02,10,CAF,0.09590573061308341,9.59057306130834,False
2018-03,10,CAF,0.0901513867762984,9.01513867762984,False
2018-04,10,CAF,0.0967423035697205,9.67423035697205,False
2018-05,10,CAF,0.09093776535553726,9.093776535553726,False
2018-06,10,CAF,0.08548149943420502,8.548149943420501,False
2018-07,10,CAF,0.08035260946815272,8.035260946815272,False
2018-08,10,CAF,0.07553145290006355,7.553145290006355,False
2018-09,10,CAF,0.07099956572605973,7.099956572605973,False
2018-10,10,CAF,0.06673959178249614,6.673959178249614,False
2018-11,10,CAF,0.06273521627554636,6.273521627554636,False
2018-12,10,CAF,0.06497110329901358,6.497110329901358,False
2019-01,10,CAF,0.06107283710107276,6.107283710107276,False
2019-02,10,CAF,0.05740846687500839,5.740846687500839,False
2019-03,10,CAF,0.053963958862507884,5.396395886250788,False
2019-04,10,CAF,0.05072612133075741,5.072612133075741,False
2019-05,10,CAF,0.08968255405091197,8.968255405091197,False
2019-06,10,CAF,0.08430160080785724,8.430160080785724,False
2019-07,10,CAF,0.10324350475938582,10.324350475938582,False
2019-08,10,CAF,0.09704889447382266,9.704889447382266,False
2019-09,10,CAF,0.09122596080539329,9.12259608053933,False
2019-10,10,CAF,0.08575240315706968,8.575240315706969,False
2019-11,10,CAF,0.08060725896764549,8.060725896764549,False
2019-12,10,CAF,0.07577082342958676,7.5770823429586756,False
2020-01,10,CAF,0.07122457402381155,7.122457402381155,False
2020-02,10,CAF,0.06695109958238285,6.695109958238285,False
2020-03,10,CAF,0.06293403360743988,6.293403360743987,False
2020-04,10,CAF,0.05915799159099348,5.915799159099349,False
2020-05,10,CAF,0.05560851209553387,5.5608512095533875,False
2020-06,10,CAF,0.052272001369801833,5.2272001369801835,False
2020-07,10,CAF,0.04913568128761372,4.913568128761372,False
2020-08,10,CAF,0.04618754041035689,4.6187540410356895,False
2020-09,10,CAF,0.04341628798573548,4.341628798573548,False
2020-10,10,CAF,0.040811310706591344,4.081131070659135,False
2020-11,10,CAF,0.038362632064195865,3.8362632064195865,False
2020-12,10,CAF,0.03606087414034411,3.6060874140344112,False
2021-01,10,CAF,0.03389722169192346,3.3897221691923463,False
2021-02,10,CAF,0.03186338839040805,3.1863388390408054,False
2021-03,10,CAF,0.02995158508698357,2.9951585086983568,False
2021-04,10,CAF,0.028154489981764553,2.815448998176455,False
2021-05,10,CAF,0.02646522058285868,2.6465220582858677,False
2021-06,10,CAF,0.024877307347887158,2.4877307347887156,False
2021-07,10,CAF,0.023384668907013927,2.3384668907013926,False
2021-08,10,CAF,0.05531492210592643,5.531492210592643,False
2021-09,10,CAF,0.05199602677957084,5.199602677957084,False
2021-10,10,CAF,0.048876265172796585,4.887626517279658,False
2021-11,10,CAF,0.04594368926242879,4.594368926242879,False
2021-12,10,CAF,0.06718706790668307,6.718706790668307,False
2022-01,10,CAF,0.06315584383228208,6.315584383228208,False
2022-02,10,CAF,0.059366493202345154,5.936649320234515,False
2022-03,10,CAF,0.05580450361020444,5.580450361020444,False
2022-04,10,CAF,0.05245623339359217,5.245623339359217,False
2022-05,10,CAF,0.06730885938997663,6.730885938997663,False
2022-06,10,CAF,0.06327032782657803,6.327032782657803,False
2022-07,10,CAF,0.10147410815698335,10.147410815698334,False
2022-08,10,CAF,0.09538566166756435,9.538566166756436,False
2022-09,10,CAF,0.08966252196751048,8.966252196751048,False
2022-10,10,CAF,0.08428277064945985,8.428277064945986,False
2022-11,10,CAF,0.07922580441049226,7.922580441049226,False
2022-12,10,CAF,0.07447225614586273,7.447225614586273,False
2023-01,10,CAF,0.07000392077711096,7.000392077711096,False
2023-02,10,CAF,0.0658036855304843,6.580368553048429,False
2023-03,10,CAF,0.06185546439865523,6.185546439865523,False
2023-04,10,CAF,0.058144136534735914,5.814413653473592,False
2023-05,10,CAF,0.054655488342651756,5.465548834265175,False
2023-06,10,CAF,0.051376159042092646,5.137615904209265,False
2023-07,10,CAF,0.06029358949956709,6.029358949956709,False
2023-08,10,CAF,0.08667597412959306,8.667597412959307,False
2023-09,10,CAF,0.08147541568181747,8.147541568181747,False
2023-10,10,CAF,0.07658689074090842,7.658689074090843,False
2023-11,10,CAF,0.07199167729645391,7.19916772964539,False
2023-12,10,CAF,0.06767217665866666,6.767217665866666,False
2024-01,10,CAF,0.08161184605914666,8.161184605914666,False
2024-02,10,CAF,0.09471513529559786,9.471513529559786,False
2024-03,10,CAF,0.08903222717786198,8.903222717786198,False
2024-04,10,CAF,0.08369029354719025,8.369029354719025,False
2024-05,10,CAF,0.07866887593435883,7.866887593435883,False
2024-06,10,CAF,0.0739487433782973,7.394874337829729,False
2024-07,10,CAF,0.06951181877559945,6.951181877559945,False
2024-08,10,CAF,0.06534110964906348,6.534110964906348,False
2024-09,10,CAF,0.061420643070119664,6.1420643070119665,False
2024-10,10,CAF,0.05773540448591248,5.773540448591248,False
2024-11,10,CAF,0.05427128021675773,5.427128021675773,False
2024-12,10,CAF,0.051015003403752264,5.101500340375226,False
2025-01,10,CAF,0.06595410319952713,6.595410319952713,False
2025-02,10,CAF,0.0719968570075555,7.199685700755549,False
2025-03,10,CAF,0.06767704558710216,6.767704558710216,False
2025-04,10,CAF,0.06361642285187603,6.361642285187603,False
2025-05,10,CAF,0.07779943748076347,7.779943748076347,False
2025-06,10,CAF,0.07313147123191766,7.313147123191765,False
2025-07,10,CAF,0.06874358295800259,6.874358295800259,False
2025-08,10,CAF,0.06461896798052243,6.461896798052242,False
2025-09,10,CAF,0.06074182990169108,6.074182990169108,False
2025-10,10,CAF,0.05709732010758961,5.709732010758961,False
2025-11,10,CAF,0.05367148090113423,5.367148090113423,False
2025-12,10,CAF,0.09845119204706618,9.845119204706618,False
2026-01,10,CAF,0.1285441205242422,12.85441205242422,False
2026-02,10,CAF,0.12083147329278765,12.083147329278765,False
2026-03,10,CAF,0.11358158489522038,11.358158489522038,False
2026-04,10,CAF,0.10676668980150715,10.676668980150716,False
2026-05,10,CAF,0.11836068841341672,11.836068841341673,False
2026-06,10,CAF,0.11725904710861172,11.725904710861172,False
2026-07,10,CAF,0.11622350428209502,11.622350428209502,False
2026-08,10,CAF,0.11622350428209502,11.622350428209502,True
2026-09,10,CAF,0.11622350428209502,11.622350428209502,True
2026-10,10,CAF,0.11622350428209502,11.622350428209502,True
2026-11,10,CAF,0.11622350428209502,11.622350428209502,True
2026-12,10,CAF,0.11622350428209502,11.622350428209502,True
2027-01,10,CAF,0.11622350428209502,11.622350428209502,True
2027-02,10,CAF,0.11622350428209502,11.622350428209502,True
2027-03,10,CAF,0.11622350428209502,11.622350428209502,True
2027-04,10,CAF,0.11622350428209502,11.622350428209502,True
2027-05,10,CAF,0.11622350428209502,11.622350428209502,True
2027-06,10,CAF,0.11622350428209502,11.622350428209502,True
2027-07,10,CAF,0.11622350428209502,11.622350428209502,True
1992-01,10,CONCACAF,0.0,0.0,False
1992-02,10,CONCACAF,0.0,0.0,False
1992-03,10,CONCACAF,0.003,0.3,False
1992-04,10,CONCACAF,0.00291,0.291,False
1992-05,10,CONCACAF,0.0028226999999999996,0.28226999999999997,False
1992-06,10,CONCACAF,0.0027380189999999995,0.27380189999999993,False
1992-07,10,CONCACAF,0.011655878429999999,1.165587843,False
1992-08,10,CONCACAF,0.014306202077099997,1.4306202077099996,False
1992-09,10,CONCACAF,0.013877016014786997,1.3877016014786996,False
1992-10,10,CONCACAF,0.013460705534343387,1.3460705534343387,False
1992-11,10,CONCACAF,0.013056884368313084,1.3056884368313084,False
1992-12,10,CONCACAF,0.01566517783726369,1.566517783726369,False
1993-01,10,CONCACAF,0.01819522250214578,1.819522250214578,False
1993-02,10,CONCACAF,0.017649365827081407,1.7649365827081407,False
1993-03,10,CONCACAF,0.017119884852268966,1.7119884852268965,False
1993-04,10,CONCACAF,0.016606288306700898,1.6606288306700898,False
1993-05,10,CONCACAF,0.01910809965749987,1.910809965749987,False
1993-06,10,CONCACAF,0.02153485666777487,2.1534856667774873,False
1993-07,10,CONCACAF,0.026888810967741622,2.6888810967741623,False
1993-08,10,CONCACAF,0.032082146638709376,3.2082146638709377,False
1993-09,10,CONCACAF,0.03711968223954809,3.711968223954809,False
1993-10,10,CONCACAF,0.03900609177236165,3.9006091772361646,False
1993-11,10,CONCACAF,0.0408359090191908,4.08359090191908,False
1993-12,10,CONCACAF,0.042610831748615074,4.261083174861508,False
1994-01,10,CONCACAF,0.047332506796156616,4.7332506796156615,False
1994-02,10,CONCACAF,0.05191253159227192,5.191253159227192,False
1994-03,10,CONCACAF,0.05335515564450376,5.335515564450375,False
1994-04,10,CONCACAF,0.054754500975168645,5.475450097516864,False
1994-05,10,CONCACAF,0.05611186594591359,5.611186594591358,False
1994-06,10,CONCACAF,0.05742850996753618,5.742850996753618,False
1994-07,10,CONCACAF,0.0587056546685101,5.870565466851009,False
1994-08,10,CONCACAF,0.05694448502845479,5.694448502845479,False
1994-09,10,CONCACAF,0.055236150477601144,5.5236150477601145,False
1994-10,10,CONCACAF,0.05357906596327311,5.357906596327311,False
1994-11,10,CONCACAF,0.051971693984374914,5.197169398437492,False
1994-12,10,CONCACAF,0.050412543164843664,5.041254316484366,False
1995-01,10,CONCACAF,0.05490016686989835,5.490016686989835,False
1995-02,10,CONCACAF,0.0592531618638014,5.925316186380139,False
1995-03,10,CONCACAF,0.06047556700788736,6.047556700788736,False
1995-04,10,CONCACAF,0.05866129999765073,5.866129999765073,False
1995-05,10,CONCACAF,0.059901460997721215,5.990146099772121,False
1995-06,10,CONCACAF,0.06110441716778958,6.110441716778958,False
1995-07,10,CONCACAF,0.06527128465275589,6.527128465275589,False
1995-08,10,CONCACAF,0.06331314611317321,6.331314611317321,False
1995-09,10,CONCACAF,0.06441375172977801,6.441375172977801,False
1995-10,10,CONCACAF,0.06248133917788466,6.248133917788466,False
1995-11,10,CONCACAF,0.06060689900254812,6.060689900254812,False
1995-12,10,CONCACAF,0.06178869203247168,6.178869203247168,False
1996-01,10,CONCACAF,0.06593503127149752,6.593503127149752,False
1996-02,10,CONCACAF,0.0669569803333526,6.695698033335259,False
1996-03,10,CONCACAF,0.06794827092335201,6.794827092335201,False
1996-04,10,CONCACAF,0.06890982279565146,6.890982279565145,False
1996-05,10,CONCACAF,0.06984252811178192,6.984252811178192,False
1996-06,10,CONCACAF,0.07074725226842846,7.074725226842846,False
1996-07,10,CONCACAF,0.0776248347003756,7.76248347003756,False
1996-08,10,CONCACAF,0.07829608965936433,7.8296089659364325,False
1996-09,10,CONCACAF,0.07894720696958339,7.8947206969583394,False
1996-10,10,CONCACAF,0.07957879076049588,7.957879076049588,False
1996-11,10,CONCACAF,0.080191427037681,8.0191427037681,False
1996-12,10,CONCACAF,0.08078568422655058,8.078568422655058,False
1997-01,10,CONCACAF,0.08136211369975406,8.136211369975406,False
1997-02,10,CONCACAF,0.08192125028876143,8.192125028876143,False
1997-03,10,CONCACAF,0.07946361278009859,7.946361278009858,False
1997-04,10,CONCACAF,0.07707970439669562,7.707970439669562,False
1997-05,10,CONCACAF,0.07476731326479474,7.476731326479475,False
1997-06,10,CONCACAF,0.0725242938668509,7.25242938668509,False
1997-07,10,CONCACAF,0.07334856505084537,7.334856505084537,False
1997-08,10,CONCACAF,0.07114810809932001,7.114810809932001,False
1997-09,10,CONCACAF,0.0690136648563404,6.90136648563404,False
1997-10,10,CONCACAF,0.06694325491065019,6.694325491065019,False
1997-11,10,CONCACAF,0.06493495726333068,6.493495726333068,False
1997-12,10,CONCACAF,0.06598690854543075,6.598690854543075,False
1998-01,10,CONCACAF,0.06700730128906783,6.700730128906783,False
1998-02,10,CONCACAF,0.0679970822503958,6.799708225039581,False
1998-03,10,CONCACAF,0.06895716978288392,6.895716978288393,False
1998-04,10,CONCACAF,0.0698884546893974,6.98884546893974,False
1998-05,10,CONCACAF,0.07079180104871548,7.079180104871548,False
1998-06,10,CONCACAF,0.06866804701725401,6.8668047017254015,False
1998-07,10,CONCACAF,0.0696080056067364,6.96080056067364,False
1998-08,10,CONCACAF,0.0675197654385343,6.75197654385343,False
1998-09,10,CONCACAF,0.06549417247537827,6.549417247537827,False
1998-10,10,CONCACAF,0.06352934730111692,6.352934730111692,False
1998-11,10,CONCACAF,0.06462346688208341,6.462346688208341,False
1998-12,10,CONCACAF,0.0626847628756209,6.26847628756209,False
1999-01,10,CONCACAF,0.06380421998935228,6.380421998935228,False
1999-02,10,CONCACAF,0.06489009338967171,6.489009338967171,False
1999-03,10,CONCACAF,0.06594339058798156,6.594339058798155,False
1999-04,10,CONCACAF,0.06696508887034211,6.696508887034211,False
1999-05,10,CONCACAF,0.06795613620423185,6.795613620423185,False
1999-06,10,CONCACAF,0.0689174521181049,6.89174521181049,False
1999-07,10,CONCACAF,0.07584992855456175,7.584992855456176,False
1999-08,10,CONCACAF,0.0765744306979249,7.65744306979249,False
1999-09,10,CONCACAF,0.07427719777698714,7.427719777698714,False
1999-10,10,CONCACAF,0.07204888184367753,7.204888184367753,False
1999-11,10,CONCACAF,0.0698874153883672,6.988741538836719,False
1999-12,10,CONCACAF,0.07379079292671618,7.379079292671618,False
2000-01,10,CONCACAF,0.0775770691389147,7.75770691389147,False
2000-02,10,CONCACAF,0.07524975706474725,7.524975706474725,False
2000-03,10,CONCACAF,0.07299226435280483,7.299226435280483,False
2000-04,10,CONCACAF,0.07080249642222068,7.080249642222068,False
2000-05,10,CONCACAF,0.07167842152955406,7.167842152955406,False
2000-06,10,CONCACAF,0.06952806888366743,6.952806888366743,False
2000-07,10,CONCACAF,0.0764422268171574,7.64422268171574,False
2000-08,10,CONCACAF,0.07714896001264268,7.714896001264268,False
2000-09,10,CONCACAF,0.0748344912122634,7.48344912122634,False
2000-10,10,CONCACAF,0.0725894564758955,7.25894564758955,False
2000-11,10,CONCACAF,0.07041177278161863,7.041177278161863,False
2000-12,10,CONCACAF,0.07129941959817007,7.129941959817007,False
2001-01,10,CONCACAF,0.07516043701022497,7.516043701022497,False
2001-02,10,CONCACAF,0.07590562389991823,7.590562389991823,False
2001-03,10,CONCACAF,0.07362845518292067,7.362845518292067,False
2001-04,10,CONCACAF,0.07141960152743305,7.141960152743305,False
2001-05,10,CONCACAF,0.06927701348161006,6.927701348161006,False
2001-06,10,CONCACAF,0.06719870307716175,6.7198703077161746,False
2001-07,10,CONCACAF,0.07718274198484688,7.718274198484688,False
2001-08,10,CONCACAF,0.07786725972530148,7.786725972530148,False
2001-09,10,CONCACAF,0.07553124193354244,7.553124193354243,False
2001-10,10,CONCACAF,0.07326530467553616,7.326530467553615,False
2001-11,10,CONCACAF,0.07406734553527007,7.4067345535270075,False
2001-12,10,CONCACAF,0.07484532516921197,7.484532516921197,False
2002-01,10,CONCACAF,0.0815999654141356,8.159996541413559,False
2002-02,10,CONCACAF,0.07915196645171153,7.915196645171154,False
2002-03,10,CONCACAF,0.07677740745816018,7.677740745816018,False
2002-04,10,CONCACAF,0.07447408523441537,7.4474085234415375,False
2002-05,10,CONCACAF,0.0752398626773829,7.52398626773829,False
2002-06,10,CONCACAF,0.07298266679706142,7.298266679706142,False
2002-07,10,CONCACAF,0.07379318679314957,7.379318679314957,False
2002-08,10,CONCACAF,0.07157939118935508,7.1579391189355075,False
2002-09,10,CONCACAF,0.06943200945367442,6.943200945367442,False
2002-10,10,CONCACAF,0.06734904917006418,6.734904917006418,False
2002-11,10,CONCACAF,0.06832857769496226,6.832857769496226,False
2002-12,10,CONCACAF,0.0722787203641134,7.227872036411339,False
2003-01,10,CONCACAF,0.08511035875319,8.511035875319,False
2003-02,10,CONCACAF,0.0825570479905943,8.25570479905943,False
2003-03,10,CONCACAF,0.08308033655087647,8.308033655087648,False
2003-04,10,CONCACAF,0.08058792645435017,8.058792645435018,False
2003-05,10,CONCACAF,0.08417028866071967,8.417028866071966,False
2003-06,10,CONCACAF,0.08164518000089807,8.164518000089807,False
2003-07,10,CONCACAF,0.09119582460087113,9.119582460087113,False
2003-08,10,CONCACAF,0.09145994986284499,9.1459949862845,False
2003-09,10,CONCACAF,0.08871615136695964,8.871615136695963,False
2003-10,10,CONCACAF,0.08605466682595085,8.605466682595084,False
2003-11,10,CONCACAF,0.08347302682117233,8.347302682117233,False
2003-12,10,CONCACAF,0.08096883601653716,8.096883601653717,False
2004-01,10,CONCACAF,0.07853977093604105,7.8539770936041045,False
2004-02,10,CONCACAF,0.07618357780795981,7.618357780795981,False
2004-03,10,CONCACAF,0.07389807047372102,7.389807047372102,False
2004-04,10,CONCACAF,0.0746811283595094,7.468112835950939,False
2004-05,10,CONCACAF,0.0724406945087241,7.24406945087241,False
2004-06,10,CONCACAF,0.07026747367346238,7.026747367346238,False
2004-07,10,CONCACAF,0.07415944946325852,7.415944946325852,False
2004-08,10,CONCACAF,0.07193466597936075,7.193466597936076,False
2004-09,10,CONCACAF,0.07277662599997993,7.277662599997993,False
2004-10,10,CONCACAF,0.07359332721998053,7.3593327219980536,False
2004-11,10,CONCACAF,0.07438552740338111,7.438552740338111,False
2004-12,10,CONCACAF,0.08115396158127967,8.115396158127968,False
2005-01,10,CONCACAF,0.08771934273384127,8.771934273384128,False
2005-02,10,CONCACAF,0.08808776245182603,8.808776245182603,False
2005-03,10,CONCACAF,0.08844512957827125,8.844512957827124,False
2005-04,10,CONCACAF,0.0947917756909231,9.479177569092311,False
2005-05,10,CONCACAF,0.09794802242019542,9.794802242019541,False
2005-06,10,CONCACAF,0.10100958174758956,10.100958174758956,False
2005-07,10,CONCACAF,0.11597929429516188,11.597929429516189,False
2005-08,10,CONCACAF,0.11549991546630702,11.549991546630702,False
2005-09,10,CONCACAF,0.1150349180023178,11.50349180023178,False
2005-10,10,CONCACAF,0.11158387046224826,11.158387046224826,False
2005-11,10,CONCACAF,0.1082363543483808,10.82363543483808,False
2005-12,10,CONCACAF,0.10798926371792938,10.798926371792938,False
2006-01,10,CONCACAF,0.1107495858063915,11.074958580639152,False
2006-02,10,CONCACAF,0.11342709823219976,11.342709823219977,False
2006-03,10,CONCACAF,0.11002428528523377,11.002428528523376,False
2006-04,10,CONCACAF,0.11272355672667675,11.272355672667675,False
2006-05,10,CONCACAF,0.10934185002487644,10.934185002487643,False
2006-06,10,CONCACAF,0.10606159452413014,10.606159452413014,False
2006-07,10,CONCACAF,0.10287974668840623,10.287974668840622,False
2006-08,10,CONCACAF,0.09979335428775404,9.979335428775403,False
2006-09,10,CONCACAF,0.09679955365912142,9.679955365912143,False
2006-10,10,CONCACAF,0.09389556704934778,9.389556704934778,False
2006-11,10,CONCACAF,0.09107870003786733,9.107870003786733,False
2006-12,10,CONCACAF,0.09434633903673131,9.43463390367313,False
2007-01,10,CONCACAF,0.10351594886562937,10.351594886562937,False
2007-02,10,CONCACAF,0.10041047039966049,10.041047039966049,False
2007-03,10,CONCACAF,0.09739815628767066,9.739815628767067,False
2007-04,10,CONCACAF,0.10047621159904055,10.047621159904056,False
2007-05,10,CONCACAF,0.10946192525106933,10.946192525106934,False
2007-06,10,CONCACAF,0.10617806749353725,10.617806749353726,False
2007-07,10,CONCACAF,0.11199272546873112,11.199272546873113,False
2007-08,10,CONCACAF,0.1116329437046692,11.16329437046692,False
2007-09,10,CONCACAF,0.10828395539352911,10.828395539352911,False
2007-10,10,CONCACAF,0.10503543673172323,10.503543673172324,False
2007-11,10,CONCACAF,0.10188437362977153,10.188437362977153,False
2007-12,10,CONCACAF,0.09882784242087837,9.882784242087837,False
2008-01,10,CONCACAF,0.09886300714825202,9.886300714825202,False
2008-02,10,CONCACAF,0.09889711693380446,9.889711693380447,False
2008-03,10,CONCACAF,0.09593020342579033,9.593020342579033,False
2008-04,10,CONCACAF,0.11405229732301661,11.405229732301661,False
2008-05,10,CONCACAF,0.1106307284033261,11.06307284033261,False
2008-06,10,CONCACAF,0.10731180655122632,10.731180655122632,False
2008-07,10,CONCACAF,0.11909245235468953,11.909245235468953,False
2008-08,10,CONCACAF,0.11851967878404884,11.851967878404885,False
2008-09,10,CONCACAF,0.11496408842052737,11.496408842052737,False
2008-10,10,CONCACAF,0.11151516576791154,11.151516576791154,False
2008-11,10,CONCACAF,0.1081697107948742,10.81697107948742,False
2008-12,10,CONCACAF,0.11392461947102796,11.392461947102795,False
2009-01,10,CONCACAF,0.12250688088689711,12.250688088689712,False
2009-02,10,CONCACAF,0.1188316744602902,11.88316744602902,False
2009-03,10,CONCACAF,0.11526672422648149,11.526672422648149,False
2009-04,10,CONCACAF,0.11180872249968704,11.180872249968704,False
2009-05,10,CONCACAF,0.11145446082469643,11.145446082469643,False
2009-06,10,CONCACAF,0.11111082699995553,11.111082699995553,False
2009-07,10,CONCACAF,0.13177750218995687,13.177750218995687,False
2009-08,10,CONCACAF,0.13082417712425817,13.082417712425817,False
2009-09,10,CONCACAF,0.12989945181053042,12.989945181053042,False
2009-10,10,CONCACAF,0.1290024682562145,12.90024682562145,False
2009-11,10,CONCACAF,0.12513239420852806,12.513239420852805,False
2009-12,10,CONCACAF,0.12137842238227221,12.137842238227222,False
2010-01,10,CONCACAF,0.12373706971080405,12.373706971080404,False
2010-02,10,CONCACAF,0.13202495761947994,13.202495761947993,False
2010-03,10,CONCACAF,0.13106420889089554,13.106420889089554,False
2010-04,10,CONCACAF,0.14379894929083534,14.379894929083534,False
2010-05,10,CONCACAF,0.14248498081211028,14.248498081211029,False
2010-06,10,CONCACAF,0.14121043138774697,14.121043138774697,False
2010-07,10,CONCACAF,0.13697411844611457,13.697411844611457,False
2010-08,10,CONCACAF,0.13586489489273113,13.586489489273113,False
2010-09,10,CONCACAF,0.13478894804594918,13.478894804594917,False
2010-10,10,CONCACAF,0.1307452796045707,13.074527960457068,False
2010-11,10,CONCACAF,0.12682292121643357,12.682292121643357,False
2010-12,10,CONCACAF,0.13201823357994055,13.201823357994055,False
2011-01,10,CONCACAF,0.13405768657254233,13.405768657254233,False
2011-02,10,CONCACAF,0.13303595597536605,13.303595597536605,False
2011-03,10,CONCACAF,0.12904487729610506,12.904487729610507,False
2011-04,10,CONCACAF,0.1311735309772219,13.117353097722189,False
2011-05,10,CONCACAF,0.13623832504790526,13.623832504790526,False
2011-06,10,CONCACAF,0.13515117529646808,13.515117529646808,False
2011-07,10,CONCACAF,0.14009664003757405,14.009664003757404,False
2011-08,10,CONCACAF,0.1358937408364468,13.589374083644682,False
2011-09,10,CONCACAF,0.1318169286113534,13.18169286113534,False
2011-10,10,CONCACAF,0.1278624207530128,12.78624207530128,False
2011-11,10,CONCACAF,0.12402654813042241,12.402654813042242,False
2011-12,10,CONCACAF,0.12630575168650973,12.630575168650973,False
2012-01,10,CONCACAF,0.13451657913591444,13.451657913591445,False
2012-02,10,CONCACAF,0.130481081761837,13.048108176183701,False
2012-03,10,CONCACAF,0.1385666493089819,13.85666493089819,False
2012-04,10,CONCACAF,0.14340964982971247,14.340964982971247,False
2012-05,10,CONCACAF,0.1391073603348211,13.91073603348211,False
2012-06,10,CONCACAF,0.13793413952477646,13.793413952477646,False
2012-07,10,CONCACAF,0.13379611533903316,13.379611533903315,False
2012-08,10,CONCACAF,0.12978223187886215,12.978223187886215,False
2012-09,10,CONCACAF,0.1288887649224963,12.88887649224963,False
2012-10,10,CONCACAF,0.1310221019748214,13.102210197482139,False
2012-11,10,CONCACAF,0.13009143891557676,13.009143891557676,False
2012-12,10,CONCACAF,0.12618869574810945,12.618869574810946,False
2013-01,10,CONCACAF,0.13140303487566618,13.140303487566618,False
2013-02,10,CONCACAF,0.1304609438293962,13.046094382939618,False
2013-03,10,CONCACAF,0.1295471155145143,12.954711551451432,False
2013-04,10,CONCACAF,0.13166070204907887,13.166070204907887,False
2013-05,10,CONCACAF,0.1367108809876065,13.67108809876065,False
2013-06,10,CONCACAF,0.1356095545579783,13.56095545579783,False
2013-07,10,CONCACAF,0.14654126792123895,14.654126792123895,False
2013-08,10,CONCACAF,0.1481450298836018,14.814502988360179,False
2013-09,10,CONCACAF,0.14970067898709374,14.970067898709374,False
2013-10,10,CONCACAF,0.15120965861748092,15.120965861748093,False
2013-11,10,CONCACAF,0.1496733688589565,14.96733688589565,False
2013-12,10,CONCACAF,0.1451831677931878,14.518316779318779,False
2014-01,10,CONCACAF,0.14682767275939215,14.682767275939215,False
2014-02,10,CONCACAF,0.1461728425766104,14.617284257661039,False
2014-03,10,CONCACAF,0.1447876572993121,14.478765729931208,False
2014-04,10,CONCACAF,0.14644402758033273,14.644402758033273,False
2014-05,10,CONCACAF,0.14805070675292276,14.805070675292276,False
2014-06,10,CONCACAF,0.14660918555033506,14.660918555033506,False
2014-07,10,CONCACAF,0.151210909983825,15.121090998382499,False
2014-08,10,CONCACAF,0.15867458268431026,15.867458268431026,False
2014-09,10,CONCACAF,0.15691434520378095,15.691434520378095,False
2014-10,10,CONCACAF,0.15520691484766752,15.520691484766752,False
2014-11,10,CONCACAF,0.1535507074022375,15.35507074022375,False
2014-12,10,CONCACAF,0.14894418618017038,14.894418618017038,False
2015-01,10,CONCACAF,0.14747586059476528,14.747586059476529,False
2015-02,10,CONCACAF,0.15505158477692232,15.505158477692232,False
2015-03,10,CONCACAF,0.15340003723361464,15.340003723361464,False
2015-04,10,CONCACAF,0.1787980361166062,17.87980361166062,False
2015-05,10,CONCACAF,0.182434095033108,18.2434095033108,False
2015-06,10,CONCACAF,0.17996107218211477,17.996107218211478,False
2015-07,10,CONCACAF,0.19256224001665131,19.25622400166513,False
2015-08,10,CONCACAF,0.18678537281615176,18.678537281615178,False
2015-09,10,CONCACAF,0.18418181163166722,18.41818116316672,False
2015-10,10,CONCACAF,0.1816563572827172,18.16563572827172,False
2015-11,10,CONCACAF,0.17920666656423567,17.920666656423567,False
2015-12,10,CONCACAF,0.18883046656730862,18.883046656730862,False
2016-01,10,CONCACAF,0.19216555257028936,19.216555257028936,False
2016-02,10,CONCACAF,0.20140058599318067,20.140058599318067,False
2016-03,10,CONCACAF,0.20135856841338526,20.135856841338526,False
2016-04,10,CONCACAF,0.2253178113609837,22.53178113609837,False
2016-05,10,CONCACAF,0.22155827702015418,22.15582770201542,False
2016-06,10,CONCACAF,0.22091152870954955,22.091152870954957,False
2016-07,10,CONCACAF,0.21428418284826306,21.428418284826307,False
2016-08,10,CONCACAF,0.20785565736281517,20.785565736281516,False
2016-09,10,CONCACAF,0.2076199876419307,20.76199876419307,False
2016-10,10,CONCACAF,0.2073913880126728,20.73913880126728,False
2016-11,10,CONCACAF,0.2071696463722926,20.71696463722926,False
2016-12,10,CONCACAF,0.20762122364779048,20.76212236477905,False
2017-01,10,CONCACAF,0.21339258693835678,21.339258693835678,False
2017-02,10,CONCACAF,0.21449080933020606,21.449080933020607,False
2017-03,10,CONCACAF,0.21405608505029988,21.40560850502999,False
2017-04,10,CONCACAF,0.2376344024987909,23.76344024987909,False
2017-05,10,CONCACAF,0.23350537042382716,23.350537042382715,False
2017-06,10,CONCACAF,0.23250020931111234,23.250020931111234,False
2017-07,10,CONCACAF,0.237525203031779,23.7525203031779,False
2017-08,10,CONCACAF,0.23339944694082562,23.33994469408256,False
2017-09,10,CONCACAF,0.22939746353260085,22.939746353260084,False
2017-10,10,CONCACAF,0.22551553962662282,22.551553962662283,False
2017-11,10,CONCACAF,0.22175007343782413,22.17500734378241,False
2017-12,10,CONCACAF,0.2150975712346894,21.50975712346894,False
2018-01,10,CONCACAF,0.21764464409764872,21.764464409764873,False
2018-02,10,CONCACAF,0.21111530477471926,21.111530477471927,False
2018-03,10,CONCACAF,0.2077818456314777,20.778184563147768,False
2018-04,10,CONCACAF,0.21954839026253334,21.954839026253335,False
2018-05,10,CONCACAF,0.21896193855465734,21.896193855465736,False
2018-06,10,CONCACAF,0.2153930803980176,21.53930803980176,False
2018-07,10,CONCACAF,0.21193128798607708,21.19312879860771,False
2018-08,10,CONCACAF,0.22357334934649475,22.357334934649476,False
2018-09,10,CONCACAF,0.2198661488660999,21.98661488660999,False
2018-10,10,CONCACAF,0.2162701644001169,21.62701644001169,False
2018-11,10,CONCACAF,0.20978205946811337,20.978205946811336,False
2018-12,10,CONCACAF,0.20348859768406996,20.348859768406996,False
2019-01,10,CONCACAF,0.20038393975354785,20.038393975354786,False
2019-02,10,CONCACAF,0.21103908822760806,21.103908822760804,False
2019-03,10,CONCACAF,0.2077079155807798,20.77079155807798,False
2019-04,10,CONCACAF,0.2044766781133564,20.44766781133564,False
2019-05,10,CONCACAF,0.2013423777699557,20.13423777699557,False
2019-06,10,CONCACAF,0.19830210643685703,19.830210643685703,False
2019-07,10,CONCACAF,0.19835304324375133,19.835304324375134,False
2019-08,10,CONCACAF,0.1954024519464388,19.54024519464388,False
2019-09,10,CONCACAF,0.19254037838804564,19.254037838804564,False
2019-10,10,CONCACAF,0.18976416703640425,18.976416703640425,False
2019-11,10,CONCACAF,0.1870712420253121,18.70712420253121,False
2019-12,10,CONCACAF,0.18145910476455274,18.145910476455274,False
2020-01,10,CONCACAF,0.188872474478759,18.8872474478759,False
2020-02,10,CONCACAF,0.2132063002443962,21.32063002443962,False
2020-03,10,CONCACAF,0.23681011123706433,23.681011123706433,False
2020-04,10,CONCACAF,0.2597058078999524,25.97058078999524,False
2020-05,10,CONCACAF,0.2819146336629538,28.191463366295377,False
2020-06,10,CONCACAF,0.3034571946530652,30.34571946530652,False
2020-07,10,CONCACAF,0.3243534788134732,32.43534788134732,False
2020-08,10,CONCACAF,0.344622874449069,34.462287444906906,False
2020-09,10,CONCACAF,0.33428418821559697,33.428418821559696,False
2020-10,10,CONCACAF,0.330255662569129,33.0255662569129,False
2020-11,10,CONCACAF,0.32334799269205516,32.33479926920552,False
2020-12,10,CONCACAF,0.3286475529112935,32.86475529112935,False
2021-01,10,CONCACAF,0.3337881263239547,33.37881263239547,False
2021-02,10,CONCACAF,0.3357744825342361,33.57744825342361,False
2021-03,10,CONCACAF,0.328701248058209,32.8701248058209,False
2021-04,10,CONCACAF,0.32184021061646273,32.18402106164627,False
2021-05,10,CONCACAF,0.31818500429796887,31.818500429796888,False
2021-06,10,CONCACAF,0.30863945416902977,30.863945416902975,False
2021-07,10,CONCACAF,0.3023802705439589,30.23802705439589,False
2021-08,10,CONCACAF,0.3066421957609734,30.66421957609734,False
2021-09,10,CONCACAF,0.2974429298881442,29.74429298881442,False
2021-10,10,CONCACAF,0.2885196419914999,28.851964199149986,False
2021-11,10,CONCACAF,0.27986405273175485,27.986405273175485,False
2021-12,10,CONCACAF,0.27746813114980223,27.746813114980224,False
2022-01,10,CONCACAF,0.28114408721530815,28.114408721530815,False
2022-02,10,CONCACAF,0.2847097645988489,28.470976459884888,False
2022-03,10,CONCACAF,0.27616847166088343,27.61684716608834,False
2022-04,10,CONCACAF,0.29788341751105696,29.788341751105698,False
2022-05,10,CONCACAF,0.29494691498572523,29.49469149857252,False
2022-06,10,CONCACAF,0.28609850753615346,28.609850753615344,False
2022-07,10,CONCACAF,0.27751555231006886,27.751555231006886,False
2022-08,10,CONCACAF,0.2841900857407668,28.41900857407668,False
2022-09,10,CONCACAF,0.2756643831685438,27.56643831685438,False
2022-10,10,CONCACAF,0.2823944516734875,28.239445167348748,False
2022-11,10,CONCACAF,0.27692261812328284,27.692261812328283,False
2022-12,10,CONCACAF,0.2686149395795843,26.861493957958434,False
2023-01,10,CONCACAF,0.2665564913921968,26.65564913921968,False
2023-02,10,CONCACAF,0.28855979665043086,28.855979665043087,False
2023-03,10,CONCACAF,0.2829030027509179,28.29030027509179,False
2023-04,10,CONCACAF,0.3044159126683903,30.44159126683903,False
2023-05,10,CONCACAF,0.3252834352883386,32.52834352883386,False
2023-06,10,CONCACAF,0.3185249322296884,31.852493222968842,False
2023-07,10,CONCACAF,0.32996918426279775,32.99691842627978,False
2023-08,10,CONCACAF,0.3260701087349138,32.60701087349138,False
2023-09,10,CONCACAF,0.3192880054728664,31.92880054728664,False
2023-10,10,CONCACAF,0.3127093653086804,31.27093653086804,False
2023-11,10,CONCACAF,0.30632808434941994,30.632808434941992,False
2023-12,10,CONCACAF,0.30713824181893734,30.713824181893735,False
2024-01,10,CONCACAF,0.3009240945643692,30.09240945643692,False
2024-02,10,CONCACAF,0.2918963717274381,29.189637172743808,False
2024-03,10,CONCACAF,0.28613948057561495,28.613948057561494,False
2024-04,10,CONCACAF,0.30005529615834653,30.005529615834654,False
2024-05,10,CONCACAF,0.30905363727359614,30.905363727359614,False
2024-06,10,CONCACAF,0.30278202815538824,30.278202815538823,False
2024-07,10,CONCACAF,0.2966985673107266,29.66985673107266,False
2024-08,10,CONCACAF,0.28779761029140477,28.779761029140477,False
2024-09,10,CONCACAF,0.2821636819826626,28.216368198266263,False
2024-10,10,CONCACAF,0.27669877152318273,27.66987715231827,False
2024-11,10,CONCACAF,0.2713978083774872,27.139780837748724,False
2024-12,10,CONCACAF,0.2632558741261626,26.325587412616258,False
2025-01,10,CONCACAF,0.2643581979023777,26.43581979023777,False
2025-02,10,CONCACAF,0.2714274519653064,27.142745196530637,False
2025-03,10,CONCACAF,0.2662846284063472,26.62846284063472,False
2025-04,10,CONCACAF,0.2612960895541568,26.12960895541568,False
2025-05,10,CONCACAF,0.2594572068675321,25.94572068675321,False
2025-06,10,CONCACAF,0.25467349066150613,25.467349066150614,False
2025-07,10,CONCACAF,0.27703328594166093,27.703328594166095,False
2025-08,10,CONCACAF,0.2837222873634111,28.37222873634111,False
2025-09,10,CONCACAF,0.27821061874250874,27.821061874250873,False
2025-10,10,CONCACAF,0.2728643001802335,27.28643001802335,False
2025-11,10,CONCACAF,0.2676783711748265,26.76783711748265,False
2025-12,10,CONCACAF,0.2596480200395817,25.96480200395817,False
2026-01,10,CONCACAF,0.25785857943839424,25.785857943839424,False
2026-02,10,CONCACAF,0.2651228220552424,26.51228220552424,False
2026-03,10,CONCACAF,0.2601691373935851,26.01691373935851,False
2026-04,10,CONCACAF,0.2553640632717775,25.53640632717775,False
2026-05,10,CONCACAF,0.25070314137362415,25.070314137362416,False
2026-06,10,CONCACAF,0.24918204713241543,24.918204713241543,False
2026-07,10,CONCACAF,0.24470658571844298,24.470658571844297,False
2026-08,10,CONCACAF,0.24470658571844298,24.470658571844297,True
2026-09,10,CONCACAF,0.24470658571844298,24.470658571844297,True
2026-10,10,CONCACAF,0.24470658571844298,24.470658571844297,True
2026-11,10,CONCACAF,0.24470658571844298,24.470658571844297,True
2026-12,10,CONCACAF,0.24470658571844298,24.470658571844297,True
2027-01,10,CONCACAF,0.24470658571844298,24.470658571844297,True
2027-02,10,CONCACAF,0.24470658571844298,24.470658571844297,True
2027-03,10,CONCACAF,0.24470658571844298,24.470658571844297,True
2027-04,10,CONCACAF,0.24470658571844298,24.470658571844297,True
2027-05,10,CONCACAF,0.24470658571844298,24.470658571844297,True
2027-06,10,CONCACAF,0.24470658571844298,24.470658571844297,True
2027-07,10,CONCACAF,0.24470658571844298,24.470658571844297,True
1992-01,10,OFC,0.0,0.0,False
1992-02,10,OFC,0.0,0.0,False
1992-03,10,OFC,0.0,0.0,False
1992-04,10,OFC,0.0,0.0,False
1992-05,10,OFC,0.0,0.0,False
1992-06,10,OFC,0.0,0.0,False
1992-07,10,OFC,0.002,0.2,False
1992-08,10,OFC,0.00198,0.198,False
1992-09,10,OFC,0.0019602,0.19602,False
1992-10,10,OFC,0.001940598,0.1940598,False
1992-11,10,OFC,0.0019211920199999999,0.192119202,False
1992-12,10,OFC,0.0019019800997999998,0.19019800997999997,False
1993-01,10,OFC,0.0018829602988019998,0.18829602988019997,False
1993-02,10,OFC,0.0018641306958139799,0.186413069581398,False
1993-03,10,OFC,0.00184548938885584,0.184548938885584,False
1993-04,10,OFC,0.0018270344949672815,0.18270344949672815,False
1993-05,10,OFC,0.0028087641500176086,0.28087641500176086,False
1993-06,10,OFC,0.0027806765085174323,0.27806765085174323,False
1993-07,10,OFC,0.003752869743432258,0.3752869743432258,False
1993-08,10,OFC,0.004715341045997935,0.4715341045997935,False
1993-09,10,OFC,0.0046681876355379555,0.46681876355379553,False
1993-10,10,OFC,0.004621505759182576,0.4621505759182576,False
1993-11,10,OFC,0.00457529070159075,0.457529070159075,False
1993-12,10,OFC,0.005529537794574843,0.5529537794574843,False
1994-01,10,OFC,0.005474242416629094,0.5474242416629094,False
1994-02,10,OFC,0.005419499992462803,0.5419499992462803,False
1994-03,10,OFC,0.005365304992538175,0.5365304992538176,False
1994-04,10,OFC,0.005311651942612794,0.5311651942612794,False
1994-05,10,OFC,0.005258535423186666,0.5258535423186667,False
1994-06,10,OFC,0.005205950068954799,0.5205950068954799,False
1994-07,10,OFC,0.005153890568265251,0.5153890568265251,False
1994-08,10,OFC,0.005102351662582599,0.5102351662582599,False
1994-09,10,OFC,0.005051328145956773,0.5051328145956773,False
1994-10,10,OFC,0.005000814864497205,0.5000814864497205,False
1994-11,10,OFC,0.004950806715852233,0.4950806715852233,False
1994-12,10,OFC,0.004901298648693711,0.4901298648693711,False
1995-01,10,OFC,0.004852285662206773,0.48522856622067734,False
1995-02,10,OFC,0.004803762805584705,0.48037628055847054,False
1995-03,10,OFC,0.0047557251775288585,0.47557251775288584,False
1995-04,10,OFC,0.00470816792575357,0.470816792575357,False
1995-05,10,OFC,0.004661086246496035,0.46610862464960345,False
1995-06,10,OFC,0.004614475384031074,0.4614475384031074,False
1995-07,10,OFC,0.004568330630190763,0.45683306301907634,False
1995-08,10,OFC,0.005522647323888855,0.5522647323888855,False
1995-09,10,OFC,0.005467420850649967,0.5467420850649967,False
1995-10,10,OFC,0.005412746642143467,0.5412746642143468,False
1995-11,10,OFC,0.005358619175722033,0.5358619175722033,False
1995-12,10,OFC,0.005305032983964812,0.5305032983964811,False
1996-01,10,OFC,0.005251982654125163,0.5251982654125164,False
1996-02,10,OFC,0.005199462827583911,0.5199462827583912,False
1996-03,10,OFC,0.005147468199308072,0.5147468199308072,False
1996-04,10,OFC,0.005095993517314991,0.5095993517314992,False
1996-05,10,OFC,0.006045033582141842,0.6045033582141842,False
1996-06,10,OFC,0.005984583246320423,0.5984583246320423,False
1996-07,10,OFC,0.005924737413857219,0.5924737413857218,False
1996-08,10,OFC,0.005865490039718646,0.5865490039718646,False
1996-09,10,OFC,0.0058068351393214595,0.5806835139321459,False
1996-10,10,OFC,0.005748766787928245,0.5748766787928244,False
1996-11,10,OFC,0.005691279120048963,0.5691279120048962,False
1996-12,10,OFC,0.005634366328848473,0.5634366328848472,False
1997-01,10,OFC,0.006578022665559988,0.6578022665559988,False
1997-02,10,OFC,0.006512242438904388,0.6512242438904389,False
1997-03,10,OFC,0.0074471200145153444,0.7447120014515345,False
1997-04,10,OFC,0.008372648814370191,0.837264881437019,False
1997-05,10,OFC,0.00828892232622649,0.8288922326226489,False
1997-06,10,OFC,0.009206033102964223,0.9206033102964223,False
1997-07,10,OFC,0.010113972771934581,1.011397277193458,False
1997-08,10,OFC,0.010012833044215234,1.0012833044215235,False
1997-09,10,OFC,0.009912704713773082,0.9912704713773082,False
1997-10,10,OFC,0.009813577666635351,0.9813577666635351,False
1997-11,10,OFC,0.010715441889968997,1.0715441889968997,False
1997-12,10,OFC,0.011608287471069307,1.1608287471069307,False
1998-01,10,OFC,0.011492204596358614,1.1492204596358615,False
1998-02,10,OFC,0.012377282550395028,1.2377282550395028,False
1998-03,10,OFC,0.012253509724891077,1.2253509724891076,False
1998-04,10,OFC,0.012130974627642167,1.2130974627642166,False
1998-05,10,OFC,0.012009664881365744,1.2009664881365745,False
1998-06,10,OFC,0.011889568232552087,1.1889568232552086,False
1998-07,10,OFC,0.011770672550226565,1.1770672550226564,False
1998-08,10,OFC,0.011652965824724299,1.16529658247243,False
1998-09,10,OFC,0.011536436166477055,1.1536436166477055,False
1998-10,10,OFC,0.011421071804812284,1.1421071804812284,False
1998-11,10,OFC,0.011306861086764161,1.1306861086764162,False
1998-12,10,OFC,0.01119379247589652,1.119379247589652,False
1999-01,10,OFC,0.011081854551137554,1.1081854551137553,False
1999-02,10,OFC,0.010971036005626178,1.0971036005626178,False
1999-03,10,OFC,0.010861325645569917,1.0861325645569917,False
1999-04,10,OFC,0.010752712389114218,1.0752712389114218,False
1999-05,10,OFC,0.010645185265223076,1.0645185265223076,False
1999-06,10,OFC,0.010538733412570845,1.0538733412570844,False
1999-07,10,OFC,0.010433346078445137,1.0433346078445138,False
1999-08,10,OFC,0.010329012617660685,1.0329012617660684,False
1999-09,10,OFC,0.010225722491484079,1.022572249148408,False
1999-10,10,OFC,0.010123465266569237,1.0123465266569238,False
1999-11,10,OFC,0.010022230613903544,1.0022230613903544,False
1999-12,10,OFC,0.00992200830776451,0.9922008307764509,False
2000-01,10,OFC,0.009822788224686864,0.9822788224686864,False
2000-02,10,OFC,0.009724560342439995,0.9724560342439995,False
2000-03,10,OFC,0.009627314739015595,0.9627314739015594,False
2000-04,10,OFC,0.009531041591625438,0.9531041591625439,False
2000-05,10,OFC,0.009435731175709184,0.9435731175709184,False
2000-06,10,OFC,0.009341373863952092,0.9341373863952093,False
2000-07,10,OFC,0.00924796012531257,0.9247960125312571,False
2000-08,10,OFC,0.009155480524059444,0.9155480524059444,False
2000-09,10,OFC,0.009063925718818849,0.9063925718818848,False
2000-10,10,OFC,0.00897328646163066,0.897328646163066,False
2000-11,10,OFC,0.009883553597014354,0.9883553597014354,False
2000-12,10,OFC,0.009784718061044211,0.9784718061044211,False
2001-01,10,OFC,0.00968687088043377,0.968687088043377,False
2001-02,10,OFC,0.009590002171629431,0.9590002171629431,False
2001-03,10,OFC,0.009494102149913137,0.9494102149913136,False
2001-04,10,OFC,0.009399161128414005,0.9399161128414004,False
2001-05,10,OFC,0.010305169517129866,1.0305169517129866,False
2001-06,10,OFC,0.011202117821958568,1.1202117821958568,False
2001-07,10,OFC,0.011090096643738983,1.1090096643738983,False
2001-08,10,OFC,0.011979195677301591,1.197919567730159,False
2001-09,10,OFC,0.011859403720528575,1.1859403720528576,False
2001-10,10,OFC,0.01174080968332329,1.174080968332329,False
2001-11,10,OFC,0.012623401586490057,1.2623401586490057,False
2001-12,10,OFC,0.012497167570625156,1.2497167570625156,False
2002-01,10,OFC,0.012372195894918905,1.2372195894918905,False
2002-02,10,OFC,0.012248473935969716,1.2248473935969717,False
2002-03,10,OFC,0.012125989196610018,1.2125989196610019,False
2002-04,10,OFC,0.012004729304643918,1.2004729304643917,False
2002-05,10,OFC,0.011884682011597479,1.1884682011597478,False
2002-06,10,OFC,0.011765835191481503,1.1765835191481504,False
2002-07,10,OFC,0.015648176839566687,1.5648176839566688,False
2002-08,10,OFC,0.01549169507117102,1.549169507117102,False
2002-09,10,OFC,0.01533677812045931,1.533677812045931,False
2002-10,10,OFC,0.015183410339254716,1.5183410339254717,False
2002-11,10,OFC,0.015031576235862168,1.5031576235862167,False
2002-12,10,OFC,0.014881260473503546,1.4881260473503546,False
2003-01,10,OFC,0.01473244786876851,1.473244786876851,False
2003-02,10,OFC,0.015585123390080825,1.5585123390080824,False
2003-03,10,OFC,0.015429272156180016,1.5429272156180016,False
2003-04,10,OFC,0.015274979434618216,1.5274979434618217,False
2003-05,10,OFC,0.016122229640272035,1.6122229640272034,False
2003-06,10,OFC,0.015961007343869314,1.5961007343869313,False
2003-07,10,OFC,0.01580139727043062,1.5801397270430622,False
2003-08,10,OFC,0.015643383297726313,1.5643383297726312,False
2003-09,10,OFC,0.01548694946474905,1.548694946474905,False
2003-10,10,OFC,0.01533207997010156,1.533207997010156,False
2003-11,10,OFC,0.015178759170400544,1.5178759170400544,False
2003-12,10,OFC,0.015026971578696539,1.502697157869654,False
2004-01,10,OFC,0.014876701862909573,1.4876701862909574,False
2004-02,10,OFC,0.015727934844280478,1.5727934844280478,False
2004-03,10,OFC,0.015570655495837672,1.5570655495837673,False
2004-04,10,OFC,0.015414948940879296,1.5414948940879296,False
2004-05,10,OFC,0.016260799451470503,1.6260799451470502,False
2004-06,10,OFC,0.016098191456955797,1.6098191456955797,False
2004-07,10,OFC,0.01593720954238624,1.5937209542386241,False
2004-08,10,OFC,0.01577783744696238,1.577783744696238,False
2004-09,10,OFC,0.015620059072492755,1.5620059072492756,False
2004-10,10,OFC,0.01646385848176783,1.6463858481767828,False
2004-11,10,OFC,0.01629921989695015,1.629921989695015,False
2004-12,10,OFC,0.01613622769798065,1.6136227697980647,False
2005-01,10,OFC,0.015974865421000843,1.5974865421000843,False
2005-02,10,OFC,0.015815116766790833,1.5815116766790833,False
2005-03,10,OFC,0.015656965599122923,1.5656965599122923,False
2005-04,10,OFC,0.015500395943131694,1.5500395943131695,False
2005-05,10,OFC,0.015345391983700378,1.5345391983700378,False
2005-06,10,OFC,0.015191938063863373,1.5191938063863373,False
2005-07,10,OFC,0.01504001868322474,1.5040018683224738,False
2005-08,10,OFC,0.014889618496392492,1.4889618496392492,False
2005-09,10,OFC,0.014740722311428566,1.4740722311428567,False
2005-10,10,OFC,0.01459331508831428,1.459331508831428,False
2005-11,10,OFC,0.014447381937431137,1.4447381937431136,False
2005-12,10,OFC,0.014302908118056824,1.4302908118056825,False
2006-01,10,OFC,0.014159879036876256,1.4159879036876255,False
2006-02,10,OFC,0.014018280246507493,1.4018280246507493,False
2006-03,10,OFC,0.013878097444042418,1.3878097444042419,False
2006-04,10,OFC,0.014739316469601995,1.4739316469601995,False
2006-05,10,OFC,0.014591923304905975,1.4591923304905976,False
2006-06,10,OFC,0.014446004071856915,1.4446004071856915,False
2006-07,10,OFC,0.014301544031138345,1.4301544031138345,False
2006-08,10,OFC,0.01415852859082696,1.415852859082696,False
2006-09,10,OFC,0.014016943304918691,1.4016943304918692,False
2006-10,10,OFC,0.013876773871869504,1.3876773871869503,False
2006-11,10,OFC,0.013738006133150809,1.3738006133150809,False
2006-12,10,OFC,0.0136006260718193,1.36006260718193,False
2007-01,10,OFC,0.013464619811101107,1.3464619811101106,False
2007-02,10,OFC,0.013329973612990096,1.3329973612990096,False
2007-03,10,OFC,0.013196673876860195,1.3196673876860194,False
2007-04,10,OFC,0.013064707138091592,1.3064707138091591,False
2007-05,10,OFC,0.012934060066710676,1.2934060066710675,False
2007-06,10,OFC,0.01280471946604357,1.2804719466043568,False
2007-07,10,OFC,0.012676672271383133,1.2676672271383134,False
2007-08,10,OFC,0.012549905548669301,1.25499055486693,False
2007-09,10,OFC,0.012424406493182608,1.242440649318261,False
2007-10,10,OFC,0.012300162428250782,1.2300162428250783,False
2007-11,10,OFC,0.012177160803968273,1.2177160803968272,False
2007-12,10,OFC,0.01205538919592859,1.205538919592859,False
2008-01,10,OFC,0.011934835303969304,1.1934835303969304,False
2008-02,10,OFC,0.011815486950929611,1.181548695092961,False
2008-03,10,OFC,0.011697332081420314,1.1697332081420315,False
2008-04,10,OFC,0.011580358760606112,1.158035876060611,False
2008-05,10,OFC,0.011464555173000051,1.146455517300005,False
2008-06,10,OFC,0.011349909621270051,1.1349909621270051,False
2008-07,10,OFC,0.01323641052505735,1.3236410525057352,False
2008-08,10,OFC,0.013104046419806777,1.3104046419806776,False
2008-09,10,OFC,0.01297300595560871,1.297300595560871,False
2008-10,10,OFC,0.012843275896052622,1.2843275896052622,False
2008-11,10,OFC,0.012714843137092096,1.2714843137092096,False
2008-12,10,OFC,0.012587694705721176,1.2587694705721175,False
2009-01,10,OFC,0.012461817758663963,1.2461817758663962,False
2009-02,10,OFC,0.012337199581077323,1.2337199581077323,False
2009-03,10,OFC,0.01221382758526655,1.221382758526655,False
2009-04,10,OFC,0.012091689309413884,1.2091689309413884,False
2009-05,10,OFC,0.011970772416319745,1.1970772416319746,False
2009-06,10,OFC,0.011851064692156547,1.1851064692156548,False
2009-07,10,OFC,0.011732554045234982,1.1732554045234982,False
2009-08,10,OFC,0.011615228504782632,1.1615228504782633,False
2009-09,10,OFC,0.011499076219734805,1.1499076219734805,False
2009-10,10,OFC,0.011384085457537458,1.1384085457537458,False
2009-11,10,OFC,0.011270244602962083,1.1270244602962083,False
2009-12,10,OFC,0.011157542156932463,1.1157542156932463,False
2010-01,10,OFC,0.011045966735363138,1.1045966735363137,False
2010-02,10,OFC,0.010935507068009507,1.0935507068009507,False
2010-03,10,OFC,0.010826151997329411,1.0826151997329412,False
2010-04,10,OFC,0.010717890477356117,1.0717890477356118,False
2010-05,10,OFC,0.010610711572582556,1.0610711572582556,False
2010-06,10,OFC,0.01050460445685673,1.050460445685673,False
2010-07,10,OFC,0.010399558412288163,1.0399558412288163,False
2010-08,10,OFC,0.010295562828165282,1.0295562828165283,False
2010-09,10,OFC,0.01019260719988363,1.019260719988363,False
2010-10,10,OFC,0.010090681127884794,1.0090681127884793,False
2010-11,10,OFC,0.009989774316605946,0.9989774316605946,False
2010-12,10,OFC,0.009889876573439886,0.9889876573439886,False
2011-01,10,OFC,0.009790977807705487,0.9790977807705487,False
2011-02,10,OFC,0.009693068029628433,0.9693068029628432,False
2011-03,10,OFC,0.009596137349332148,0.9596137349332148,False
2011-04,10,OFC,0.011500175975838826,1.1500175975838827,False
2011-05,10,OFC,0.011385174216080438,1.1385174216080438,False
2011-06,10,OFC,0.011271322473919633,1.1271322473919634,False
2011-07,10,OFC,0.011158609249180437,1.1158609249180436,False
2011-08,10,OFC,0.011047023156688632,1.1047023156688631,False
2011-09,10,OFC,0.010936552925121745,1.0936552925121745,False
2011-10,10,OFC,0.010827187395870528,1.0827187395870528,False
2011-11,10,OFC,0.010718915521911822,1.0718915521911823,False
2011-12,10,OFC,0.010611726366692704,1.0611726366692704,False
2012-01,10,OFC,0.010505609103025776,1.0505609103025777,False
2012-02,10,OFC,0.010400553011995519,1.040055301199552,False
2012-03,10,OFC,0.010296547481875563,1.0296547481875564,False
2012-04,10,OFC,0.010193582007056808,1.0193582007056807,False
2012-05,10,OFC,0.01009164618698624,1.009164618698624,False
2012-06,10,OFC,0.009990729725116377,0.9990729725116377,False
2012-07,10,OFC,0.009890822427865213,0.9890822427865212,False
2012-08,10,OFC,0.00979191420358656,0.9791914203586559,False
2012-09,10,OFC,0.009693995061550694,0.9693995061550694,False
2012-10,10,OFC,0.009597055110935187,0.9597055110935186,False
2012-11,10,OFC,0.009501084559825835,0.9501084559825835,False
2012-12,10,OFC,0.009406073714227577,0.9406073714227577,False
2013-01,10,OFC,0.009312012977085301,0.9312012977085301,False
2013-02,10,OFC,0.009218892847314449,0.9218892847314449,False
2013-03,10,OFC,0.009126703918841305,0.9126703918841305,False
2013-04,10,OFC,0.009035436879652891,0.9035436879652892,False
2013-05,10,OFC,0.008945082510856362,0.8945082510856363,False
2013-06,10,OFC,0.008855631685747798,0.8855631685747798,False
2013-07,10,OFC,0.00876707536889032,0.876707536889032,False
2013-08,10,OFC,0.008679404615201418,0.8679404615201417,False
2013-09,10,OFC,0.008592610569049404,0.8592610569049404,False
2013-10,10,OFC,0.008506684463358909,0.8506684463358909,False
2013-11,10,OFC,0.00842161761872532,0.842161761872532,False
2013-12,10,OFC,0.008337401442538066,0.8337401442538066,False
2014-01,10,OFC,0.008254027428112687,0.8254027428112687,False
2014-02,10,OFC,0.00817148715383156,0.817148715383156,False
2014-03,10,OFC,0.008089772282293245,0.8089772282293245,False
2014-04,10,OFC,0.008008874559470311,0.8008874559470311,False
2014-05,10,OFC,0.007928785813875608,0.7928785813875608,False
2014-06,10,OFC,0.007849497955736853,0.7849497955736853,False
2014-07,10,OFC,0.007771002976179484,0.7771002976179484,False
2014-08,10,OFC,0.00769329294641769,0.769329294641769,False
2014-09,10,OFC,0.007616360016953513,0.7616360016953513,False
2014-10,10,OFC,0.007540196416783978,0.7540196416783977,False
2014-11,10,OFC,0.0074647944526161384,0.7464794452616138,False
2014-12,10,OFC,0.0073901465080899766,0.7390146508089976,False
2015-01,10,OFC,0.007316245043009077,0.7316245043009078,False
2015-02,10,OFC,0.007243082592578986,0.7243082592578987,False
2015-03,10,OFC,0.007170651766653197,0.7170651766653197,False
2015-04,10,OFC,0.007098945248986664,0.7098945248986664,False
2015-05,10,OFC,0.007027955796496798,0.7027955796496798,False
2015-06,10,OFC,0.00695767623853183,0.695767623853183,False
2015-07,10,OFC,0.006888099476146512,0.6888099476146512,False
2015-08,10,OFC,0.0068192184813850466,0.6819218481385046,False
2015-09,10,OFC,0.006751026296571196,0.6751026296571195,False
2015-10,10,OFC,0.0066835160336054834,0.6683516033605483,False
2015-11,10,OFC,0.006616680873269429,0.6616680873269429,False
2015-12,10,OFC,0.006550514064536735,0.6550514064536734,False
2016-01,10,OFC,0.0064850089238913675,0.6485008923891368,False
2016-02,10,OFC,0.0064201588346524535,0.6420158834652454,False
2016-03,10,OFC,0.0063559572463059285,0.6355957246305929,False
2016-04,10,OFC,0.0062923976738428694,0.629239767384287,False
2016-05,10,OFC,0.00622947369710444,0.6229473697104441,False
2016-06,10,OFC,0.006167178960133396,0.6167178960133396,False
2016-07,10,OFC,0.006105507170532062,0.6105507170532062,False
2016-08,10,OFC,0.006044452098826742,0.6044452098826741,False
2016-09,10,OFC,0.0059840075778384745,0.5984007577838475,False
2016-10,10,OFC,0.00592416750206009,0.592416750206009,False
2016-11,10,OFC,0.005864925827039489,0.5864925827039489,False
2016-12,10,OFC,0.005806276568769094,0.5806276568769094,False
2017-01,10,OFC,0.005748213803081403,0.5748213803081403,False
2017-02,10,OFC,0.0056907316650505885,0.5690731665050588,False
2017-03,10,OFC,0.005633824348400082,0.5633824348400083,False
2017-04,10,OFC,0.0055774861049160815,0.5577486104916082,False
2017-05,10,OFC,0.005521711243866921,0.5521711243866921,False
2017-06,10,OFC,0.005466494131428252,0.5466494131428251,False
2017-07,10,OFC,0.005411829190113969,0.5411829190113969,False
2017-08,10,OFC,0.005357710898212829,0.5357710898212829,False
2017-09,10,OFC,0.005304133789230701,0.5304133789230701,False
2017-10,10,OFC,0.0052510924513383935,0.5251092451338394,False
2017-11,10,OFC,0.00519858152682501,0.519858152682501,False
2017-12,10,OFC,0.005146595711556759,0.514659571155676,False
2018-01,10,OFC,0.005095129754441191,0.5095129754441191,False
2018-02,10,OFC,0.005044178456896779,0.5044178456896778,False
2018-03,10,OFC,0.004993736672327811,0.4993736672327811,False
2018-04,10,OFC,0.004943799305604533,0.49437993056045326,False
2018-05,10,OFC,0.004894361312548487,0.4894361312548487,False
2018-06,10,OFC,0.0048454176994230025,0.48454176994230025,False
2018-07,10,OFC,0.0047969635224287726,0.47969635224287727,False
2018-08,10,OFC,0.005748993887204485,0.5748993887204485,False
2018-09,10,OFC,0.00569150394833244,0.569150394833244,False
2018-10,10,OFC,0.005634588908849115,0.5634588908849115,False
2018-11,10,OFC,0.005578243019760624,0.5578243019760624,False
2018-12,10,OFC,0.005522460589563017,0.5522460589563017,False
2019-01,10,OFC,0.005467235983667387,0.5467235983667387,False
2019-02,10,OFC,0.005412563623830713,0.5412563623830713,False
2019-03,10,OFC,0.005358437987592406,0.5358437987592406,False
2019-04,10,OFC,0.005304853607716482,0.5304853607716482,False
2019-05,10,OFC,0.005251805071639317,0.5251805071639317,False
2019-06,10,OFC,0.0051992870209229235,0.5199287020922924,False
2019-07,10,OFC,0.005147294150713694,0.5147294150713694,False
2019-08,10,OFC,0.005095821209206557,0.5095821209206557,False
2019-09,10,OFC,0.0050448629971144915,0.5044862997114491,False
2019-10,10,OFC,0.004994414367143346,0.4994414367143346,False
2019-11,10,OFC,0.004944470223471912,0.49444702234719123,False
2019-12,10,OFC,0.004895025521237193,0.4895025521237193,False
2020-01,10,OFC,0.004846075266024821,0.48460752660248213,False
2020-02,10,OFC,0.004797614513364573,0.47976145133645726,False
2020-03,10,OFC,0.004749638368230927,0.47496383682309273,False
2020-04,10,OFC,0.004702141984548618,0.4702141984548618,False
2020-05,10,OFC,0.004655120564703132,0.4655120564703132,False
2020-06,10,OFC,0.004608569359056101,0.46085693590561005,False
2020-07,10,OFC,0.0045624836654655394,0.45624836654655393,False
2020-08,10,OFC,0.004516858828810884,0.4516858828810884,False
2020-09,10,OFC,0.004471690240522775,0.4471690240522775,False
2020-10,10,OFC,0.004426973338117547,0.4426973338117547,False
2020-11,10,OFC,0.004382703604736371,0.4382703604736371,False
2020-12,10,OFC,0.0043388765686890075,0.43388765686890074,False
2021-01,10,OFC,0.004295487803002118,0.42954878030021176,False
2021-02,10,OFC,0.004252532924972096,0.4252532924972096,False
2021-03,10,OFC,0.004210007595722375,0.4210007595722375,False
2021-04,10,OFC,0.004167907519765151,0.4167907519765151,False
2021-05,10,OFC,0.0041262284445675,0.41262284445675,False
2021-06,10,OFC,0.004084966160121825,0.4084966160121825,False
2021-07,10,OFC,0.004044116498520607,0.4044116498520607,False
2021-08,10,OFC,0.004003675333535401,0.4003675333535401,False
2021-09,10,OFC,0.003963638580200046,0.3963638580200046,False
2021-10,10,OFC,0.003924002194398046,0.3924002194398046,False
2021-11,10,OFC,0.0038847621724540653,0.38847621724540654,False
2021-12,10,OFC,0.0038459145507295247,0.38459145507295245,False
2022-01,10,OFC,0.0038074554052222294,0.3807455405222229,False
2022-02,10,OFC,0.003769380851170007,0.3769380851170007,False
2022-03,10,OFC,0.003731687042658307,0.3731687042658307,False
2022-04,10,OFC,0.003694370172231724,0.3694370172231724,False
2022-05,10,OFC,0.0036574264705094067,0.3657426470509407,False
2022-06,10,OFC,0.0036208522058043128,0.3620852205804313,False
2022-07,10,OFC,0.0035846436837462694,0.3584643683746269,False
2022-08,10,OFC,0.0035487972469088066,0.35487972469088064,False
2022-09,10,OFC,0.0035133092744397184,0.3513309274439718,False
2022-10,10,OFC,0.003478176181695321,0.3478176181695321,False
2022-11,10,OFC,0.003443394419878368,0.3443394419878368,False
2022-12,10,OFC,0.003408960475679584,0.34089604756795844,False
2023-01,10,OFC,0.003374870870922788,0.3374870870922788,False
2023-02,10,OFC,0.0033411221622135605,0.33411221622135606,False
2023-03,10,OFC,0.003307710940591425,0.33077109405914246,False
2023-04,10,OFC,0.0032746338311855105,0.32746338311855105,False
2023-05,10,OFC,0.0032418874928736552,0.3241887492873655,False
2023-06,10,OFC,0.003209468617944919,0.3209468617944919,False
2023-07,10,OFC,0.0031773739317654697,0.317737393176547,False
2023-08,10,OFC,0.005145600192447815,0.5145600192447815,False
2023-09,10,OFC,0.005094144190523337,0.5094144190523336,False
2023-10,10,OFC,0.005043202748618103,0.5043202748618103,False
2023-11,10,OFC,0.004992770721131922,0.4992770721131922,False
2023-12,10,OFC,0.01160950968058727,1.1609509680587269,False
2024-01,10,OFC,0.011493414583781397,1.1493414583781396,False
2024-02,10,OFC,0.011378480437943582,1.1378480437943583,False
2024-03,10,OFC,0.011264695633564146,1.1264695633564146,False
2024-04,10,OFC,0.012402048677228503,1.2402048677228503,False
2024-05,10,OFC,0.012278028190456218,1.2278028190456218,False
2024-06,10,OFC,0.012155247908551657,1.2155247908551656,False
2024-07,10,OFC,0.01203369542946614,1.203369542946614,False
2024-08,10,OFC,0.01191335847517148,1.1913358475171478,False
2024-09,10,OFC,0.011794224890419765,1.1794224890419764,False
2024-10,10,OFC,0.011676282641515568,1.1676282641515567,False
2024-11,10,OFC,0.011559519815100412,1.1559519815100412,False
2024-12,10,OFC,0.012443924616949407,1.2443924616949407,False
2025-01,10,OFC,0.012319485370779912,1.2319485370779912,False
2025-02,10,OFC,0.012196290517072113,1.2196290517072113,False
2025-03,10,OFC,0.012074327611901392,1.2074327611901392,False
2025-04,10,OFC,0.011953584335782377,1.1953584335782377,False
2025-05,10,OFC,0.011834048492424554,1.1834048492424554,False
2025-06,10,OFC,0.011715708007500308,1.1715708007500307,False
2025-07,10,OFC,0.011598550927425304,1.1598550927425304,False
2025-08,10,OFC,0.01148256541815105,1.148256541815105,False
2025-09,10,OFC,0.01136773976396954,1.136773976396954,False
2025-10,10,OFC,0.011254062366329845,1.1254062366329844,False
2025-11,10,OFC,0.011141521742666546,1.1141521742666547,False
2025-12,10,OFC,0.01103010652523988,1.103010652523988,False
2026-01,10,OFC,0.010919805459987482,1.0919805459987482,False
2026-02,10,OFC,0.010810607405387607,1.0810607405387607,False
2026-03,10,OFC,0.010702501331333731,1.0702501331333731,False
2026-04,10,OFC,0.010595476318020394,1.0595476318020394,False
2026-05,10,OFC,0.010489521554840191,1.048952155484019,False
2026-06,10,OFC,0.010384626339291788,1.038462633929179,False
2026-07,10,OFC,0.01028078007589887,1.028078007589887,False
2026-08,10,OFC,0.01028078007589887,1.028078007589887,True
2026-09,10,OFC,0.01028078007589887,1.028078007589887,True
2026-10,10,OFC,0.01028078007589887,1.028078007589887,True
2026-11,10,OFC,0.01028078007589887,1.028078007589887,True
2026-12,10,OFC,0.01028078007589887,1.028078007589887,True
2027-01,10,OFC,0.01028078007589887,1.028078007589887,True
2027-02,10,OFC,0.01028078007589887,1.028078007589887,True
2027-03,10,OFC,0.01028078007589887,1.028078007589887,True
2027-04,10,OFC,0.01028078007589887,1.028078007589887,True
2027-05,10,OFC,0.01028078007589887,1.028078007589887,True
2027-06,10,OFC,0.01028078007589887,1.028078007589887,True
2027-07,10,OFC,0.01028078007589887,1.028078007589887,True
1992-01,10,AFC,0.0,0.0,False
1992-02,10,AFC,0.0,0.0,False
1992-03,10,AFC,0.0,0.0,False
1992-04,10,AFC,0.0,0.0,False
1992-05,10,AFC,0.0,0.0,False
1992-06,10,AFC,0.0,0.0,False
1992-07,10,AFC,0.0,0.0,False
1992-08,10,AFC,0.0,0.0,False
1992-09,10,AFC,0.0,0.0,False
1992-10,10,AFC,0.0,0.0,False
1992-11,10,AFC,0.0,0.0,False
1992-12,10,AFC,0.0,0.0,False
1993-01,10,AFC,0.0,0.0,False
1993-02,10,AFC,0.0,0.0,False
1993-03,10,AFC,0.0,0.0,False
1993-04,10,AFC,0.0,0.0,False
1993-05,10,AFC,0.0,0.0,False
1993-06,10,AFC,0.0,0.0,False
1993-07,10,AFC,0.0,0.0,False
1993-08,10,AFC,0.0,0.0,False
1993-09,10,AFC,0.0,0.0,False
1993-10,10,AFC,0.0,0.0,False
1993-11,10,AFC,0.0,0.0,False
1993-12,10,AFC,0.0,0.0,False
1994-01,10,AFC,0.03900000000000001,3.900000000000001,False
1994-02,10,AFC,0.06279000000000001,6.279000000000002,False
1994-03,10,AFC,0.03830190000000001,3.830190000000001,False
1994-04,10,AFC,0.023364159000000002,2.3364159000000004,False
1994-05,10,AFC,0.01425213699,1.4252136990000002,False
1994-06,10,AFC,0.0086938035639,0.86938035639,False
1994-07,10,AFC,0.005303220173979,0.5303220173979,False
1994-08,10,AFC,0.0032349643061271895,0.32349643061271893,False
1994-09,10,AFC,0.0019733282267375856,0.19733282267375857,False
1994-10,10,AFC,0.0012037302183099273,0.12037302183099273,False
1994-11,10,AFC,0.0007342754331690556,0.07342754331690556,False
1994-12,10,AFC,0.0004479080142331239,0.04479080142331239,False
1995-01,10,AFC,0.0002732238886822056,0.027322388868220557,False
1995-02,10,AFC,0.0001666665720961454,0.016666657209614542,False
1995-03,10,AFC,0.00010166660897864869,0.010166660897864868,False
1995-04,10,AFC,6.20166314769757e-05,0.00620166314769757,False
1995-05,10,AFC,3.783014520095518e-05,0.0037830145200955178,False
1995-06,10,AFC,2.3076388572582656e-05,0.0023076388572582656,False
1995-07,10,AFC,0.03901407659702928,3.901407659702928,False
1995-08,10,AFC,0.023798586724187863,2.3798586724187865,False
1995-09,10,AFC,0.014517137901754596,1.4517137901754595,False
1995-10,10,AFC,0.008855454120070303,0.8855454120070303,False
1995-11,10,AFC,0.005401827013242885,0.5401827013242885,False
1995-12,10,AFC,0.0032951144780781596,0.32951144780781594,False
1996-01,10,AFC,0.041010019831627685,4.101001983162768,False
1996-02,10,AFC,0.02501611209729289,2.501611209729289,False
1996-03,10,AFC,0.015259828379348661,1.525982837934866,False
1996-04,10,AFC,0.009308495311402683,0.9308495311402684,False
1996-05,10,AFC,0.005678182139955637,0.5678182139955636,False
1996-06,10,AFC,0.0034636911053729383,0.34636911053729386,False
1996-07,10,AFC,0.0411128515742775,4.11128515742775,False
1996-08,10,AFC,0.025078839460309275,2.5078839460309275,False
1996-09,10,AFC,0.015298092070788657,1.5298092070788658,False
1996-10,10,AFC,0.009331836163181081,0.9331836163181081,False
1996-11,10,AFC,0.0056924200595404595,0.569242005954046,False
1996-12,10,AFC,0.00347237623631968,0.34723762363196803,False
1997-01,10,AFC,0.002118149504155005,0.21181495041550047,False
1997-02,10,AFC,0.0012920711975345528,0.12920711975345528,False
1997-03,10,AFC,0.0007881634304960772,0.07881634304960772,False
1997-04,10,AFC,0.0004807796926026071,0.04807796926026071,False
1997-05,10,AFC,0.11729327561248758,11.729327561248757,False
1997-06,10,AFC,0.07154889812361742,7.154889812361742,False
1997-07,10,AFC,0.043644827855406625,4.3644827855406625,False
1997-08,10,AFC,0.02662334499179804,2.662334499179804,False
1997-09,10,AFC,0.016240240444996803,1.6240240444996803,False
1997-10,10,AFC,0.009906546671448049,0.9906546671448049,False
1997-11,10,AFC,0.00604299346958331,0.604299346958331,False
1997-12,10,AFC,0.042686226016445825,4.268622601644583,False
1998-01,10,AFC,0.06503859787003197,6.503859787003197,False
1998-02,10,AFC,0.0396735447007195,3.96735447007195,False
1998-03,10,AFC,0.024200862267438894,2.4200862267438894,False
1998-04,10,AFC,0.014762525983137724,1.4762525983137724,False
1998-05,10,AFC,0.009005140849714011,0.9005140849714011,False
1998-06,10,AFC,0.005493135918325546,0.5493135918325547,False
1998-07,10,AFC,0.003350812910178583,0.3350812910178583,False
1998-08,10,AFC,0.0020439958752089355,0.20439958752089354,False
1998-09,10,AFC,0.0012468374838774507,0.12468374838774507,False
1998-10,10,AFC,0.0007605708651652449,0.07605708651652449,False
1998-11,10,AFC,0.0004639482277507994,0.04639482277507994,False
1998-12,10,AFC,0.156283008418928,15.6283008418928,False
1999-01,10,AFC,0.09533263513554609,9.533263513554608,False
1999-02,10,AFC,0.058152907432683115,5.815290743268312,False
1999-03,10,AFC,0.0354732735339367,3.54732735339367,False
1999-04,10,AFC,0.021638696855701387,2.163869685570139,False
1999-05,10,AFC,0.013199605081977846,1.3199605081977845,False
1999-06,10,AFC,0.008051759100006486,0.8051759100006486,False
1999-07,10,AFC,0.04391157305100396,4.391157305100396,False
1999-08,10,AFC,0.026786059561112414,2.6786059561112414,False
1999-09,10,AFC,0.01633949633227857,1.6339496332278571,False
1999-10,10,AFC,0.009967092762689929,0.9967092762689929,False
1999-11,10,AFC,0.006079926585240857,0.6079926585240857,False
1999-12,10,AFC,0.003708755216996923,0.3708755216996923,False
2000-01,10,AFC,0.11926234068236811,11.92623406823681,False
2000-02,10,AFC,0.07275002781624455,7.275002781624456,False
2000-03,10,AFC,0.044377516967909175,4.437751696790918,False
2000-04,10,AFC,0.027070285350424595,2.7070285350424594,False
2000-05,10,AFC,0.05551287406375901,5.551287406375901,False
2000-06,10,AFC,0.033862853178892996,3.3862853178892998,False
2000-07,10,AFC,0.05965634043912474,5.965634043912474,False
2000-08,10,AFC,0.03639036766786609,3.639036766786609,False
2000-09,10,AFC,0.022198124277398312,2.2198124277398312,False
2000-10,10,AFC,0.01354085580921297,1.354085580921297,False
2000-11,10,AFC,0.008259922043619911,0.8259922043619911,False
2000-12,10,AFC,0.08303855244660815,8.303855244660815,False
2001-01,10,AFC,0.16765351699243097,16.765351699243098,False
2001-02,10,AFC,0.1022686453653829,10.22686453653829,False
2001-03,10,AFC,0.06238387367288357,6.2383873672883565,False
2001-04,10,AFC,0.07705416294045898,7.705416294045898,False
2001-05,10,AFC,0.12500303939368,12.500303939367999,False
2001-06,10,AFC,0.0762518540301448,7.62518540301448,False
2001-07,10,AFC,0.12451363095838834,12.451363095838834,False
2001-08,10,AFC,0.1149533148846169,11.495331488461689,False
2001-09,10,AFC,0.0701215220796163,7.0121522079616305,False
2001-10,10,AFC,0.042774128468565945,4.277412846856595,False
2001-11,10,AFC,0.026092218365825225,2.6092218365825226,False
2001-12,10,AFC,0.13291625320315337,13.291625320315337,False
2002-01,10,AFC,0.15907891445392358,15.907891445392359,False
2002-02,10,AFC,0.09703813781689338,9.703813781689338,False
2002-03,10,AFC,0.09819326406830498,9.819326406830498,False
2002-04,10,AFC,0.09889789108166605,9.889789108166605,False
2002-05,10,AFC,0.06032771355981629,6.0327713559816285,False
2002-06,10,AFC,0.03679990527148794,3.6799905271487936,False
2002-07,10,AFC,0.06144794221560765,6.1447942215607645,False
2002-08,10,AFC,0.037483244751520664,3.7483244751520663,False
2002-09,10,AFC,0.022864779298427604,2.28647792984276,False
2002-10,10,AFC,0.013947515372040838,1.3947515372040837,False
2002-11,10,AFC,0.00850798437694491,0.850798437694491,False
2002-12,10,AFC,0.12218987046993639,12.21898704699364,False
2003-01,10,AFC,0.0745358209866612,7.45358209866612,False
2003-02,10,AFC,0.04546685080186333,4.546685080186333,False
2003-03,10,AFC,0.02773477898913663,2.773477898913663,False
2003-04,10,AFC,0.016918215183373345,1.6918215183373344,False
2003-05,10,AFC,0.08832011126185775,8.832011126185774,False
2003-06,10,AFC,0.05387526786973323,5.387526786973322,False
2003-07,10,AFC,0.032863913400537265,3.2863913400537266,False
2003-08,10,AFC,0.02004698717432773,2.004698717432773,False
2003-09,10,AFC,0.012228662176339916,1.2228662176339915,False
2003-10,10,AFC,0.007459483927567349,0.7459483927567349,False
2003-11,10,AFC,0.004550285195816082,0.4550285195816082,False
2003-12,10,AFC,0.2367756739694478,23.67756739694478,False
2004-01,10,AFC,0.18343316112136315,18.343316112136314,False
2004-02,10,AFC,0.11189422828403152,11.189422828403153,False
2004-03,10,AFC,0.06825547925325923,6.825547925325923,False
2004-04,10,AFC,0.041635842344488125,4.1635842344488125,False
2004-05,10,AFC,0.025397863830137757,2.5397863830137757,False
2004-06,10,AFC,0.015492696936384031,1.5492696936384032,False
2004-07,10,AFC,0.04845054513119427,4.845054513119427,False
2004-08,10,AFC,0.029554832530028503,2.9554832530028503,False
2004-09,10,AFC,0.018028447843317388,1.8028447843317388,False
2004-10,10,AFC,0.04999735318442361,4.999735318442361,False
2004-11,10,AFC,0.06949838544249841,6.9498385442498405,False
2004-12,10,AFC,0.19839401511992405,19.839401511992406,False
2005-01,10,AFC,0.19902034922315368,19.902034922315366,False
2005-02,10,AFC,0.12140241302612374,12.140241302612374,False
2005-03,10,AFC,0.07405547194593548,7.405547194593548,False
2005-04,10,AFC,0.04517383788702064,4.517383788702064,False
2005-05,10,AFC,0.1055560411110826,10.555604111108261,False
2005-06,10,AFC,0.06438918507776038,6.438918507776038,False
2005-07,10,AFC,0.11727740289743385,11.727740289743386,False
2005-08,10,AFC,0.07153921576743465,7.153921576743465,False
2005-09,10,AFC,0.04363892161813513,4.363892161813513,False
2005-10,10,AFC,0.02661974218706243,2.661974218706243,False
2005-11,10,AFC,0.01623804273410808,1.623804273410808,False
2005-12,10,AFC,0.12690520606780592,12.690520606780591,False
2006-01,10,AFC,0.07741217570136161,7.741217570136161,False
2006-02,10,AFC,0.16422142717783056,16.422142717783057,False
2006-03,10,AFC,0.10017507057847663,10.017507057847663,False
2006-04,10,AFC,0.10010679305287075,10.010679305287075,False
2006-05,10,AFC,0.10006514376225116,10.006514376225116,False
2006-06,10,AFC,0.06103973769497321,6.103973769497321,False
2006-07,10,AFC,0.11523423999393367,11.523423999393367,False
2006-08,10,AFC,0.07029288639629953,7.029288639629954,False
2006-09,10,AFC,0.04287866070174271,4.287866070174271,False
2006-10,10,AFC,0.026155983028063053,2.6155983028063052,False
2006-11,10,AFC,0.01595514964711846,1.595514964711846,False
2006-12,10,AFC,0.048732641284742265,4.873264128474227,False
2007-01,10,AFC,0.1857269111836928,18.57269111836928,False
2007-02,10,AFC,0.11329341582205261,11.329341582205261,False
2007-03,10,AFC,0.0691089836514521,6.91089836514521,False
2007-04,10,AFC,0.04215648002738578,4.215648002738578,False
2007-05,10,AFC,0.025715452816705325,2.5715452816705326,False
2007-06,10,AFC,0.015686426218190247,1.5686426218190248,False
2007-07,10,AFC,0.08756871999309607,8.756871999309606,False
2007-08,10,AFC,0.0534169191957886,5.34169191957886,False
2007-09,10,AFC,0.03258432070943105,3.2584320709431047,False
2007-10,10,AFC,0.019876435632752938,1.9876435632752938,False
2007-11,10,AFC,0.012124625735979291,1.212462573597929,False
2007-12,10,AFC,0.20239602169894738,20.239602169894738,False
2008-01,10,AFC,0.2404615732363579,24.04615732363579,False
2008-02,10,AFC,0.1466815596741783,14.668155967417832,False
2008-03,10,AFC,0.08947575140124876,8.947575140124876,False
2008-04,10,AFC,0.13258020835476175,13.258020835476175,False
2008-05,10,AFC,0.08087392709640467,8.087392709640467,False
2008-06,10,AFC,0.04933309552880685,4.933309552880686,False
2008-07,10,AFC,0.06909318827257219,6.909318827257219,False
2008-08,10,AFC,0.04214684484626903,4.214684484626903,False
2008-09,10,AFC,0.025709575356224108,2.570957535622411,False
2008-10,10,AFC,0.015682840967296705,1.5682840967296705,False
2008-11,10,AFC,0.00956653299005099,0.956653299005099,False
2008-12,10,AFC,0.16183558512393112,16.183558512393112,False
2009-01,10,AFC,0.21571970692559797,21.5719706925598,False
2009-02,10,AFC,0.13158902122461477,13.158902122461477,False
2009-03,10,AFC,0.08026930294701501,8.0269302947015,False
2009-04,10,AFC,0.048964274797679154,4.896427479767915,False
2009-05,10,AFC,0.10786820762658429,10.78682076265843,False
2009-06,10,AFC,0.06579960665221642,6.579960665221642,False
2009-07,10,AFC,0.07913776005785203,7.913776005785203,False
2009-08,10,AFC,0.04827403363528974,4.8274033635289735,False
2009-09,10,AFC,0.02944716051752674,2.944716051752674,False
2009-10,10,AFC,0.017962767915691312,1.7962767915691311,False
2009-11,10,AFC,0.0109572884285717,1.0957288428571699,False
2009-12,10,AFC,0.24068394594142872,24.068394594142873,False
2010-01,10,AFC,0.26381720702427147,26.381720702427145,False
2010-02,10,AFC,0.3559284962848056,35.59284962848056,False
2010-03,10,AFC,0.2171163827337314,21.71163827337314,False
2010-04,10,AFC,0.21910766013424282,21.910766013424283,False
2010-05,10,AFC,0.1336556726818881,13.36556726818881,False
2010-06,10,AFC,0.08152996033595174,8.152996033595175,False
2010-07,10,AFC,0.04973327580493056,4.973327580493056,False
2010-08,10,AFC,0.03033729824100764,3.0337298241007638,False
2010-09,10,AFC,0.01850575192701466,1.850575192701466,False
2010-10,10,AFC,0.011288508675478943,1.1288508675478943,False
2010-11,10,AFC,0.006885990292042155,0.6885990292042155,False
2010-12,10,AFC,0.1992004540781457,19.92004540781457,False
2011-01,10,AFC,0.3165122769876689,31.65122769876689,False
2011-02,10,AFC,0.193072488962478,19.3072488962478,False
2011-03,10,AFC,0.11777421826711158,11.777421826711159,False
2011-04,10,AFC,0.14984227314293808,14.984227314293808,False
2011-05,10,AFC,0.09140378661719223,9.140378661719224,False
2011-06,10,AFC,0.05575630983648726,5.5756309836487254,False
2011-07,10,AFC,0.07301134900025724,7.301134900025724,False
2011-08,10,AFC,0.12253692289015693,12.253692289015692,False
2011-09,10,AFC,0.07474752296299572,7.474752296299572,False
2011-10,10,AFC,0.12359598900742741,12.359598900742741,False
2011-11,10,AFC,0.07539355329453072,7.539355329453072,False
2011-12,10,AFC,0.08499006750966374,8.499006750966375,False
2012-01,10,AFC,0.05184394118089488,5.184394118089488,False
2012-02,10,AFC,0.03162480412034588,3.1624804120345877,False
2012-03,10,AFC,0.05829113051341099,5.829113051341099,False
2012-04,10,AFC,0.11355758961318071,11.355758961318072,False
2012-05,10,AFC,0.06927012966404024,6.927012966404024,False
2012-06,10,AFC,0.042254779095064546,4.225477909506455,False
2012-07,10,AFC,0.10377541524798939,10.37754152479894,False
2012-08,10,AFC,0.06330300330127353,6.330300330127353,False
2012-09,10,AFC,0.03861483201377685,3.861483201377685,False
2012-10,10,AFC,0.02355504752840388,2.355504752840388,False
2012-11,10,AFC,0.014368578992326365,1.4368578992326364,False
2012-12,10,AFC,0.16476483318531912,16.476483318531912,False
2013-01,10,AFC,0.10050654824304465,10.050654824304466,False
2013-02,10,AFC,0.06130899442825724,6.130899442825724,False
2013-03,10,AFC,0.037398486601236916,3.7398486601236915,False
2013-04,10,AFC,0.10081307682675453,10.081307682675453,False
2013-05,10,AFC,0.10049597686432027,10.049597686432026,False
2013-06,10,AFC,0.06130254588723536,6.1302545887235365,False
2013-07,10,AFC,0.15439455299121357,15.439455299121358,False
2013-08,10,AFC,0.09418067732464028,9.418067732464028,False
2013-09,10,AFC,0.05745021316803057,5.745021316803057,False
2013-10,10,AFC,0.03504463003249864,3.5044630032498643,False
2013-11,10,AFC,0.02137722431982417,2.137722431982417,False
2013-12,10,AFC,0.16904010683509277,16.904010683509277,False
2014-01,10,AFC,0.1811144651694066,18.11144651694066,False
2014-02,10,AFC,0.45172982375333803,45.1729823753338,False
2014-03,10,AFC,0.2755551924895362,27.55551924895362,False
2014-04,10,AFC,0.3240886674186171,32.40886674186171,False
2014-05,10,AFC,0.1976940871253564,19.76940871253564,False
2014-06,10,AFC,0.1205933931464674,12.05933931464674,False
2014-07,10,AFC,0.07356196981934511,7.356196981934511,False
2014-08,10,AFC,0.12287280158980053,12.287280158980053,False
2014-09,10,AFC,0.07495240896977833,7.495240896977832,False
2014-10,10,AFC,0.04572096947156478,4.572096947156478,False
2014-11,10,AFC,0.027889791377654516,2.788979137765452,False
2014-12,10,AFC,0.3680127727403693,36.801277274036934,False
2015-01,10,AFC,0.3804877913716253,38.04877913716253,False
2015-02,10,AFC,0.23209755273669144,23.209755273669145,False
2015-03,10,AFC,0.14157950716938178,14.157950716938178,False
2015-04,10,AFC,0.08636349937332288,8.636349937332287,False
2015-05,10,AFC,0.16968173461772695,16.968173461772697,False
2015-06,10,AFC,0.10350585811681344,10.350585811681343,False
2015-07,10,AFC,0.0631385734512562,6.31385734512562,False
2015-08,10,AFC,0.3505145298052663,35.05145298052663,False
2015-09,10,AFC,0.21381386318121245,21.381386318121244,False
2015-10,10,AFC,0.13042645654053958,13.042645654053958,False
2015-11,10,AFC,0.07956013848972915,7.956013848972915,False
2015-12,10,AFC,0.04853168447873478,4.853168447873478,False
2016-01,10,AFC,0.06860432753202822,6.860432753202822,False
2016-02,10,AFC,0.1588486397945372,15.88486397945372,False
2016-03,10,AFC,0.0968976702746677,9.68976702746677,False
2016-04,10,AFC,0.05910757886754729,5.9107578867547295,False
2016-05,10,AFC,0.03605562310920385,3.605562310920385,False
2016-06,10,AFC,0.021993930096614347,2.1993930096614345,False
2016-07,10,AFC,0.13041629735893473,13.041629735893473,False
2016-08,10,AFC,0.11855394138895019,11.855394138895019,False
2016-09,10,AFC,0.07231790424725962,7.231790424725962,False
2016-10,10,AFC,0.044113921590828366,4.411392159082837,False
2016-11,10,AFC,0.0269094921704053,2.6909492170405303,False
2016-12,10,AFC,0.18974812355728057,18.97481235572806,False
2017-01,10,AFC,0.11574635536994114,11.574635536994114,False
2017-02,10,AFC,0.0706052767756641,7.06052767756641,False
2017-03,10,AFC,0.0430692188331551,4.30692188331551,False
2017-04,10,AFC,0.02627222348822461,2.6272223488224613,False
2017-05,10,AFC,0.016026056327817013,1.6026056327817013,False
2017-06,10,AFC,0.009775894359968378,0.9775894359968378,False
2017-07,10,AFC,0.00596329555958071,0.596329555958071,False
2017-08,10,AFC,0.04263761029134424,4.263761029134424,False
2017-09,10,AFC,0.026008942277719986,2.6008942277719984,False
2017-10,10,AFC,0.015865454789409192,1.5865454789409192,False
2017-11,10,AFC,0.009677927421539606,0.9677927421539606,False
2017-12,10,AFC,0.3179035357271392,31.79035357271392,False
2018-01,10,AFC,0.2719211567935549,27.19211567935549,False
2018-02,10,AFC,0.3998719056440685,39.98719056440685,False
2018-03,10,AFC,0.24392186244288178,24.392186244288176,False
2018-04,10,AFC,0.2267923360901579,22.67923360901579,False
2018-05,10,AFC,0.1773433250149963,17.73433250149963,False
2018-06,10,AFC,0.10817942825914774,10.817942825914773,False
2018-07,10,AFC,0.06598945123808012,6.5989451238080115,False
2018-08,10,AFC,0.15725356525522888,15.725356525522887,False
2018-09,10,AFC,0.09592467480568961,9.592467480568962,False
2018-10,10,AFC,0.058514051631470665,5.851405163147066,False
2018-11,10,AFC,0.035693571495197106,3.5693571495197105,False
2018-12,10,AFC,0.37277307861207026,37.27730786120703,False
2019-01,10,AFC,0.46139157795336283,46.13915779533628,False
2019-02,10,AFC,0.368115529218218,36.8115529218218,False
2019-03,10,AFC,0.22455047282311297,22.4550472823113,False
2019-04,10,AFC,0.1369757884220989,13.69757884220989,False
2019-05,10,AFC,0.08355523093748032,8.355523093748033,False
2019-06,10,AFC,0.050968690871862996,5.0968690871863,False
2019-07,10,AFC,0.031090901431836425,3.1090901431836424,False
2019-08,10,AFC,0.3699654498734203,36.99654498734203,False
2019-09,10,AFC,0.22567892442278636,22.567892442278637,False
2019-10,10,AFC,0.1376641438978997,13.766414389789968,False
2019-11,10,AFC,0.0839751277777188,8.39751277777188,False
2019-12,10,AFC,0.4412248279444085,44.12248279444085,False
2020-01,10,AFC,0.26914714504608916,26.914714504608916,False
2020-02,10,AFC,0.1641797584781144,16.41797584781144,False
2020-03,10,AFC,0.10014965267164977,10.014965267164976,False
2020-04,10,AFC,0.06109128812970636,6.109128812970636,False
2020-05,10,AFC,0.03726568575912088,3.7265685759120877,False
2020-06,10,AFC,0.022732068313063736,2.2732068313063736,False
2020-07,10,AFC,0.013866561670968879,1.386656167096888,False
2020-08,10,AFC,0.008458602619291015,0.8458602619291015,False
2020-09,10,AFC,0.005159747597767519,0.5159747597767519,False
2020-10,10,AFC,0.0031474460346381863,0.3147446034638186,False
2020-11,10,AFC,0.0019199420811292936,0.19199420811292936,False
2020-12,10,AFC,0.19617116466948886,19.617116466948886,False
2021-01,10,AFC,0.27566441044838824,27.566441044838825,False
2021-02,10,AFC,0.4021552903735168,40.215529037351686,False
2021-03,10,AFC,0.24531472712784527,24.531472712784527,False
2021-04,10,AFC,0.1496419835479856,14.96419835479856,False
2021-05,10,AFC,0.16928160996427122,16.92816099642712,False
2021-06,10,AFC,0.10326178207820544,10.326178207820544,False
2021-07,10,AFC,0.06298968706770532,6.298968706770531,False
2021-08,10,AFC,0.03842370911130024,3.842370911130024,False
2021-09,10,AFC,0.023438462557893145,2.3438462557893147,False
2021-10,10,AFC,0.014297462160314817,1.4297462160314818,False
2021-11,10,AFC,0.008721451917792038,0.8721451917792038,False
2021-12,10,AFC,0.08332008566985316,8.332008566985316,False
2022-01,10,AFC,0.08982525225861043,8.982525225861043,False
2022-02,10,AFC,0.09379340387775237,9.379340387775237,False
2022-03,10,AFC,0.057213976365428944,5.7213976365428945,False
2022-04,10,AFC,0.03490052558291166,3.4900525582911657,False
2022-05,10,AFC,0.21628932060557612,21.628932060557613,False
2022-06,10,AFC,0.13193648556940143,13.193648556940143,False
2022-07,10,AFC,0.19748125619733486,19.748125619733486,False
2022-08,10,AFC,0.12046356628037426,12.046356628037426,False
2022-09,10,AFC,0.0734827754310283,7.34827754310283,False
2022-10,10,AFC,0.14232449301292727,14.232449301292727,False
2022-11,10,AFC,0.08681794073788564,8.681794073788565,False
2022-12,10,AFC,0.05295894385011024,5.2958943850110245,False
2023-01,10,AFC,0.22730495574856724,22.730495574856725,False
2023-02,10,AFC,0.13865602300662602,13.865602300662601,False
2023-03,10,AFC,0.08458017403404187,8.458017403404188,False
2023-04,10,AFC,0.05159390616076554,5.159390616076554,False
2023-05,10,AFC,0.03147228275806698,3.147228275806698,False
2023-06,10,AFC,0.019198092482420857,1.9198092482420857,False
2023-07,10,AFC,0.05071083641427673,5.071083641427673,False
2023-08,10,AFC,0.030933610212708806,3.0933610212708804,False
2023-09,10,AFC,0.01886950222975237,1.886950222975237,False
2023-10,10,AFC,0.011510396360148945,1.1510396360148945,False
2023-11,10,AFC,0.007021341779690856,0.7021341779690856,False
2023-12,10,AFC,0.004283018485611422,0.42830184856114223,False
2024-01,10,AFC,0.158612641276223,15.861264127622299,False
2024-02,10,AFC,0.369753711178496,36.9753711178496,False
2024-03,10,AFC,0.22554976381888253,22.554976381888252,False
2024-04,10,AFC,0.18633535592951833,18.633535592951834,False
2024-05,10,AFC,0.11366456711700618,11.366456711700618,False
2024-06,10,AFC,0.06933538594137377,6.933538594137377,False
2024-07,10,AFC,0.042294585424238,4.2294585424238,False
2024-08,10,AFC,0.41579969710878517,41.579969710878515,False
2024-09,10,AFC,0.253637815236359,25.363781523635897,False
2024-10,10,AFC,0.15471906729417897,15.471906729417897,False
2024-11,10,AFC,0.09437863104944917,9.437863104944917,False
2024-12,10,AFC,0.40857096494016404,40.8570964940164,False
2025-01,10,AFC,0.4052282886135001,40.52282886135001,False
2025-02,10,AFC,0.31218925605423503,31.218925605423504,False
2025-03,10,AFC,0.19043544619308336,19.043544619308335,False
2025-04,10,AFC,0.11616562217778086,11.616562217778085,False
2025-05,10,AFC,0.2658610295284463,26.58610295284463,False
2025-06,10,AFC,0.16217522801235223,16.217522801235223,False
2025-07,10,AFC,0.09892688908753486,9.892688908753486,False
2025-08,10,AFC,0.25534540234339625,25.534540234339627,False
2025-09,10,AFC,0.1557606954294717,15.576069542947172,False
2025-10,10,AFC,0.09501402421197774,9.501402421197774,False
2025-11,10,AFC,0.05795855476930642,5.795855476930642,False
2025-12,10,AFC,0.11335471840927694,11.335471840927694,False
2026-01,10,AFC,0.10814637822965893,10.814637822965894,False
2026-02,10,AFC,0.06596929072009194,6.596929072009194,False
2026-03,10,AFC,0.040241267339256086,4.024126733925608,False
2026-04,10,AFC,0.024547173076946212,2.4547173076946214,False
2026-05,10,AFC,0.053973775576937194,5.397377557693719,False
2026-06,10,AFC,0.032924003101931686,3.2924003101931687,False
2026-07,10,AFC,0.020083641892178327,2.0083641892178328,False
2026-08,10,AFC,0.020083641892178327,2.0083641892178328,True
2026-09,10,AFC,0.020083641892178327,2.0083641892178328,True
2026-10,10,AFC,0.020083641892178327,2.0083641892178328,True
2026-11,10,AFC,0.020083641892178327,2.0083641892178328,True
2026-12,10,AFC,0.020083641892178327,2.0083641892178328,True
2027-01,10,AFC,0.020083641892178327,2.0083641892178328,True
2027-02,10,AFC,0.020083641892178327,2.0083641892178328,True
2027-03,10,AFC,0.020083641892178327,2.0083641892178328,True
2027-04,10,AFC,0.020083641892178327,2.0083641892178328,True
2027-05,10,AFC,0.020083641892178327,2.0083641892178328,True
2027-06,10,AFC,0.020083641892178327,2.0083641892178328,True
2027-07,10,AFC,0.020083641892178327,2.0083641892178328,True
1992-01,20,UEFA,0.35,35.0,False
1992-02,20,UEFA,0.666,66.60000000000001,False
1992-03,20,UEFA,0.7718600000000001,77.186,False
1992-04,20,UEFA,0.7545906,75.45906,False
1992-05,20,UEFA,0.7904640260000001,79.04640260000001,False
1992-06,20,UEFA,0.7189974454599999,71.899744546,False
1992-07,20,UEFA,0.22998946354659996,22.998946354659996,False
1992-08,20,UEFA,0.403797787344786,40.3797787344786,False
1992-09,20,UEFA,0.7167975353424052,71.67975353424052,False
1992-10,20,UEFA,0.822027482421905,82.20274824219051,False
1992-11,20,UEFA,0.8046257713086001,80.46257713086001,False
1992-12,20,UEFA,0.405971411974806,40.5971411974806,False
1993-01,20,UEFA,0.4012539965147093,40.12539965147093,False
1993-02,20,UEFA,0.676763339268089,67.6763339268089,False
1993-03,20,UEFA,0.8136203012462986,81.36203012462985,False
1993-04,20,UEFA,0.8028602632617228,80.28602632617228,False
1993-05,20,UEFA,0.5636006552849617,56.36006552849617,False
1993-06,20,UEFA,0.631856137609842,63.185613760984204,False
1993-07,20,UEFA,0.21168978889806683,21.168978889806684,False
1993-08,20,UEFA,0.281454855668594,28.145485566859403,False
1993-09,20,UEFA,0.6911055196904049,69.11055196904049,False
1993-10,20,UEFA,0.816632159134985,81.6632159134985,False
1993-11,20,UEFA,0.8429927534183468,84.29927534183467,False
1993-12,20,UEFA,0.21652847821785282,21.652847821785283,False
1994-01,20,UEFA,0.36147098042574916,36.14709804257492,False
1994-02,20,UEFA,0.39190890588940736,39.19089058894073,False
1994-03,20,UEFA,0.5563008702367755,55.630087023677554,False
1994-04,20,UEFA,0.6303231827497229,63.03231827497229,False
1994-05,20,UEFA,0.6458678683774418,64.58678683774419,False
1994-06,20,UEFA,0.6491322523592629,64.91322523592629,False
1994-07,20,UEFA,0.5313177729954452,53.131777299544524,False
1994-08,20,UEFA,0.6250767323290436,62.50767323290436,False
1994-09,20,UEFA,0.8027661137890991,80.2766113789099,False
1994-10,20,UEFA,0.8795808838957109,87.95808838957109,False
1994-11,20,UEFA,0.8562119856180992,85.62119856180992,False
1994-12,20,UEFA,0.7328045169798008,73.28045169798007,False
1995-01,20,UEFA,0.3908889485657581,39.08889485657581,False
1995-02,20,UEFA,0.4770866791988092,47.708667919880924,False
1995-03,20,UEFA,0.73218820263175,73.218820263175,False
1995-04,20,UEFA,0.8647595225526675,86.47595225526675,False
1995-05,20,UEFA,0.4580994997360601,45.80994997360601,False
1995-06,20,UEFA,0.6887008949445727,68.87008949445726,False
1995-07,20,UEFA,0.2631271879383602,26.31271879383602,False
1995-08,20,UEFA,0.5687567094670557,56.87567094670557,False
1995-09,20,UEFA,0.7514389089880817,75.14389089880818,False
1995-10,20,UEFA,0.7108021708874971,71.0802170887497,False
1995-11,20,UEFA,0.7417684558863744,74.17684558863743,False
1995-12,20,UEFA,0.39277137573613863,39.277137573613864,False
1996-01,20,UEFA,0.16148198890458912,16.14819889045891,False
1996-02,20,UEFA,0.3894112176699637,38.941121766996375,False
1996-03,20,UEFA,0.7137763557106925,71.37763557106925,False
1996-04,20,UEFA,0.7423930346992454,74.23930346992455,False
1996-05,20,UEFA,0.6694025372868416,66.94025372868417,False
1996-06,20,UEFA,0.7725745328302368,77.25745328302368,False
1996-07,20,UEFA,0.2412406518943497,24.12406518943497,False
1996-08,20,UEFA,0.5246605368978134,52.46605368978135,False
1996-09,20,UEFA,0.5051787127485409,50.51787127485409,False
1996-10,20,UEFA,0.6590875296771935,65.90875296771935,False
1996-11,20,UEFA,0.7309083812322106,73.09083812322106,False
1996-12,20,UEFA,0.5484907600587642,54.84907600587642,False
1997-01,20,UEFA,0.27318305961234046,27.318305961234046,False
1997-02,20,UEFA,0.4918684425185915,49.18684425185915,False
1997-03,20,UEFA,0.6562923729289041,65.62923729289041,False
1997-04,20,UEFA,0.7303213983150698,73.03213983150698,False
1997-05,20,UEFA,0.39036749364616463,39.03674936461646,False
1997-06,20,UEFA,0.6744771736656946,67.44771736656946,False
1997-07,20,UEFA,0.18114020646979584,18.114020646979583,False
1997-08,20,UEFA,0.43303944335865713,43.303944335865715,False
1997-09,20,UEFA,0.6834382831053181,68.3438283105318,False
1997-10,20,UEFA,0.7360220394521169,73.60220394521168,False
1997-11,20,UEFA,0.5890646282849445,58.906462828494455,False
1997-12,20,UEFA,0.24220357193983832,24.220357193983833,False
1998-01,20,UEFA,0.327362750107366,32.7362750107366,False
1998-02,20,UEFA,0.3847461775225469,38.474617752254694,False
1998-03,20,UEFA,0.5942966972797349,59.42966972797349,False
1998-04,20,UEFA,0.6778023064287443,67.78023064287443,False
1998-05,20,UEFA,0.5768384843500363,57.683848435003625,False
1998-06,20,UEFA,0.6346360817135077,63.46360817135077,False
1998-07,20,UEFA,0.4492735771598366,44.92735771598366,False
1998-08,20,UEFA,0.6868474512035657,68.68474512035657,False
1998-09,20,UEFA,0.7367379647527488,73.67379647527488,False
1998-10,20,UEFA,0.7472149725980772,74.72149725980772,False
1998-11,20,UEFA,0.6309151442455961,63.09151442455961,False
1998-12,20,UEFA,0.21149218029157518,21.149218029157517,False
1999-01,20,UEFA,0.1629133578612308,16.291335786123078,False
1999-02,20,UEFA,0.5872118051508584,58.721180515085834,False
1999-03,20,UEFA,0.7158144790816803,71.58144790816803,False
1999-04,20,UEFA,0.7033210406071528,70.33210406071528,False
1999-05,20,UEFA,0.5426974185275021,54.26974185275021,False
1999-06,20,UEFA,0.6669664578907754,66.69664578907754,False
1999-07,20,UEFA,0.1795629561570628,17.95629561570628,False
1999-08,20,UEFA,0.5907082207929831,59.07082207929831,False
1999-09,20,UEFA,0.7165487263665264,71.65487263665264,False
1999-10,20,UEFA,0.7429752325369705,74.29752325369705,False
1999-11,20,UEFA,0.7090247988327637,70.90247988327637,False
1999-12,20,UEFA,0.22789520775488037,22.789520775488036,False
2000-01,20,UEFA,0.16635799362852488,16.635799362852488,False
2000-02,20,UEFA,0.5484351786619903,54.84351786619903,False
2000-03,20,UEFA,0.6681713875190178,66.81713875190178,False
2000-04,20,UEFA,0.6933159913789937,69.33159913789937,False
2000-05,20,UEFA,0.5800963581895887,58.00963581895887,False
2000-06,20,UEFA,0.6353202352198137,63.53202352198137,False
2000-07,20,UEFA,0.21241724939616088,21.241724939616088,False
2000-08,20,UEFA,0.5581076223731939,55.81076223731939,False
2000-09,20,UEFA,0.7097026006983708,70.97026006983708,False
2000-10,20,UEFA,0.5835375461466579,58.35375461466579,False
2000-11,20,UEFA,0.5570428846907982,55.70428846907982,False
2000-12,20,UEFA,0.3638540057850676,36.38540057850676,False
2001-01,20,UEFA,0.23440934121486423,23.44093412148642,False
2001-02,20,UEFA,0.5627259616551216,56.272596165512155,False
2001-03,20,UEFA,0.6711724519475755,67.11724519475754,False
2001-04,20,UEFA,0.6149462149089908,61.49462149089908,False
2001-05,20,UEFA,0.28713870513088807,28.713870513088807,False
2001-06,20,UEFA,0.5737991280774866,57.37991280774865,False
2001-07,20,UEFA,0.15999781689627218,15.999781689627218,False
2001-08,20,UEFA,0.5865995415482171,58.65995415482171,False
2001-09,20,UEFA,0.6366859037251257,63.66859037251257,False
2001-10,20,UEFA,0.6472040397822765,64.72040397822765,False
2001-11,20,UEFA,0.649412848354278,64.94128483542781,False
2001-12,20,UEFA,0.13637669815439837,13.637669815439837,False
2002-01,20,UEFA,0.06813910661242366,6.813910661242366,False
2002-02,20,UEFA,0.527809212388609,52.7809212388609,False
2002-03,20,UEFA,0.5848399346016079,58.48399346016079,False
2002-04,20,UEFA,0.5968163862663376,59.681638626633756,False
2002-05,20,UEFA,0.5598314411159309,55.983144111593084,False
2002-06,20,UEFA,0.5915646026343454,59.15646026343454,False
2002-07,20,UEFA,0.20322856655321253,20.322856655321253,False
2002-08,20,UEFA,0.7141779989761746,71.41779989761746,False
2002-09,20,UEFA,0.7819773797849967,78.19773797849967,False
2002-10,20,UEFA,0.7962152497548494,79.62152497548493,False
2002-11,20,UEFA,0.6807052024485184,68.07052024485183,False
2002-12,20,UEFA,0.14294809251418883,14.294809251418883,False
2003-01,20,UEFA,0.18801909942797967,18.801909942797966,False
2003-02,20,UEFA,0.5134840108798757,51.34840108798757,False
2003-03,20,UEFA,0.5818316422847738,58.18316422847738,False
2003-04,20,UEFA,0.6751846448798025,67.51846448798024,False
2003-05,20,UEFA,0.3392887754247585,33.92887754247585,False
2003-06,20,UEFA,0.6242506428391992,62.425064283919916,False
2003-07,20,UEFA,0.1310926349962318,13.10926349962318,False
2003-08,20,UEFA,0.5805294533492086,58.05294533492086,False
2003-09,20,UEFA,0.7144111852033338,71.44111852033338,False
2003-10,20,UEFA,0.7425263488927001,74.25263488927001,False
2003-11,20,UEFA,0.669430533267467,66.9430533267467,False
2003-12,20,UEFA,0.21958041198616807,21.958041198616808,False
2004-01,20,UEFA,0.12511188651709532,12.511188651709531,False
2004-02,20,UEFA,0.50027349616859,50.027349616859,False
2004-03,20,UEFA,0.6580574341954039,65.80574341954039,False
2004-04,20,UEFA,0.6516920611810348,65.16920611810349,False
2004-05,20,UEFA,0.6898553328480173,68.98553328480173,False
2004-06,20,UEFA,0.6583696198980837,65.83696198980837,False
2004-07,20,UEFA,0.2962576201785976,29.625762017859756,False
2004-08,20,UEFA,0.6547141002375055,65.47141002375055,False
2004-09,20,UEFA,0.6114899610498761,61.14899610498761,False
2004-10,20,UEFA,0.641912891820474,64.1912891820474,False
2004-11,20,UEFA,0.6483017072822996,64.83017072822996,False
2004-12,20,UEFA,0.2941433585292829,29.414335852928293,False
2005-01,20,UEFA,0.14077010529114942,14.077010529114942,False
2005-02,20,UEFA,0.5430617221111415,54.306172211114145,False
2005-03,20,UEFA,0.5880429616433397,58.80429616433397,False
2005-04,20,UEFA,0.33894356739964676,33.89435673996468,False
2005-05,20,UEFA,0.26867814915392585,26.867814915392586,False
2005-06,20,UEFA,0.5699224113223245,56.992241132232444,False
2005-07,20,UEFA,0.11968370637768812,11.968370637768812,False
2005-08,20,UEFA,0.5781335783393144,57.81335783393145,False
2005-09,20,UEFA,0.6744080514512559,67.4408051451256,False
2005-10,20,UEFA,0.6946256908047637,69.46256908047637,False
2005-11,20,UEFA,0.6593713950690004,65.93713950690004,False
2005-12,20,UEFA,0.1779679929644901,17.79679929644901,False
2006-01,20,UEFA,0.23487327852254292,23.487327852254293,False
2006-02,20,UEFA,0.20732338848973403,20.732338848973402,False
2006-03,20,UEFA,0.5965379115828441,59.653791158284406,False
2006-04,20,UEFA,0.24377296143239724,24.377296143239725,False
2006-05,20,UEFA,0.5251923219008033,52.51923219008033,False
2006-06,20,UEFA,0.6237903875991687,62.379038759916874,False
2006-07,20,UEFA,0.3679959813958254,36.79959813958254,False
2006-08,20,UEFA,0.6302791560931232,63.02791560931232,False
2006-09,20,UEFA,0.6853586227795558,68.53586227795559,False
2006-10,20,UEFA,0.6969253107837067,69.69253107837066,False
2006-11,20,UEFA,0.7388543152645783,73.88543152645784,False
2006-12,20,UEFA,0.2736594062055614,27.365940620556138,False
2007-01,20,UEFA,0.09696847530316789,9.69684753031679,False
2007-02,20,UEFA,0.5338633798136653,53.38633798136653,False
2007-03,20,UEFA,0.6256113097608698,62.56113097608698,False
2007-04,20,UEFA,0.13137837504978261,13.137837504978261,False
2007-05,20,UEFA,0.18558945876045438,18.55894587604544,False
2007-06,20,UEFA,0.5129737863396954,51.29737863396954,False
2007-07,20,UEFA,0.147224495131336,14.7224495131336,False
2007-08,20,UEFA,0.5444171439775807,54.44171439775807,False
2007-09,20,UEFA,0.627827600235292,62.78276002352921,False
2007-10,20,UEFA,0.7243437960494113,72.43437960494113,False
2007-11,20,UEFA,0.7051121971703763,70.51121971703763,False
2007-12,20,UEFA,0.14807356140577901,14.807356140577902,False
2008-01,20,UEFA,0.0705954478952136,7.05954478952136,False
2008-02,20,UEFA,0.4888250440579948,48.88250440579948,False
2008-03,20,UEFA,0.616153259252179,61.6153259252179,False
2008-04,20,UEFA,0.12939218444295758,12.939218444295758,False
2008-05,20,UEFA,0.5406723587330211,54.06723587330211,False
2008-06,20,UEFA,0.5875411953339345,58.75411953339344,False
2008-07,20,UEFA,0.12338365102012622,12.338365102012622,False
2008-08,20,UEFA,0.5394105667142266,53.94105667142266,False
2008-09,20,UEFA,0.5872762190099875,58.72762190099875,False
2008-10,20,UEFA,0.5973280059920973,59.73280059920973,False
2008-11,20,UEFA,0.5204388812583405,52.043888125834044,False
2008-12,20,UEFA,0.1882921650642515,18.82921650642515,False
2009-01,20,UEFA,0.07904135466349282,7.904135466349283,False
2009-02,20,UEFA,0.45109868447933354,45.10986844793335,False
2009-03,20,UEFA,0.56873072374066,56.873072374066005,False
2009-04,20,UEFA,0.6724334519855385,67.24334519855385,False
2009-05,20,UEFA,0.2597110249169631,25.971102491696307,False
2009-06,20,UEFA,0.5285393152325623,52.85393152325623,False
2009-07,20,UEFA,0.15049325619883808,15.049325619883808,False
2009-08,20,UEFA,0.46610358380175604,46.610358380175605,False
2009-09,20,UEFA,0.5323817525983688,53.238175259836886,False
2009-10,20,UEFA,0.5068001680456574,50.68001680456574,False
2009-11,20,UEFA,0.501428035289588,50.1428035289588,False
2009-12,20,UEFA,0.14479988741081345,14.479988741081346,False
2010-01,20,UEFA,0.14890797635627082,14.89079763562708,False
2010-02,20,UEFA,0.07077067503481688,7.077067503481688,False
2010-03,20,UEFA,0.4493618417573116,44.93618417573116,False
2010-04,20,UEFA,0.1821437645468132,18.214376454681318,False
2010-05,20,UEFA,0.5517501905548309,55.17501905548309,False
2010-06,20,UEFA,0.4713675400165145,47.13675400165145,False
2010-07,20,UEFA,0.26827289768918233,26.827289768918234,False
2010-08,20,UEFA,0.4513373085147283,45.13373085147283,False
2010-09,20,UEFA,0.529280834788093,52.9280834788093,False
2010-10,20,UEFA,0.5456489753054996,54.56489753054996,False
2010-11,20,UEFA,0.5885862848141549,58.85862848141549,False
2010-12,20,UEFA,0.2421031198109725,24.21031198109725,False
2011-01,20,UEFA,0.09034165516030422,9.034165516030422,False
2011-02,20,UEFA,0.532471747583664,53.2471747583664,False
2011-03,20,UEFA,0.5068190669925694,50.68190669925694,False
2011-04,20,UEFA,0.10643200406843956,10.643200406843956,False
2011-05,20,UEFA,0.2593507208543723,25.935072085437227,False
2011-06,20,UEFA,0.4099636513794182,40.99636513794182,False
2011-07,20,UEFA,0.08609236678967781,8.60923667896778,False
2011-08,20,UEFA,0.5315793970258325,53.15793970258325,False
2011-09,20,UEFA,0.4671316733754248,46.71316733754248,False
2011-10,20,UEFA,0.4930976514088392,49.30976514088392,False
2011-11,20,UEFA,0.4985505067958562,49.855050679585624,False
2011-12,20,UEFA,0.10469560642712979,10.46956064271298,False
2012-01,20,UEFA,0.1799860773496973,17.99860773496973,False
2012-02,20,UEFA,0.43279707624343644,43.279707624343644,False
2012-03,20,UEFA,0.09088738601112163,9.088738601112164,False
2012-04,20,UEFA,0.01908635106233554,1.908635106233554,False
2012-05,20,UEFA,0.5570081337230904,55.70081337230904,False
2012-06,20,UEFA,0.511971708081849,51.1971708081849,False
2012-07,20,UEFA,0.1865140586971883,18.65140586971883,False
2012-08,20,UEFA,0.47366795232640957,47.36679523264095,False
2012-09,20,UEFA,0.533970269988546,53.3970269988546,False
2012-10,20,UEFA,0.5466337566975947,54.663375669759475,False
2012-11,20,UEFA,0.5887930889064948,58.87930889064948,False
2012-12,20,UEFA,0.2026465486703639,20.26465486703639,False
2013-01,20,UEFA,0.1610557752207764,16.105577522077642,False
2013-02,20,UEFA,0.507821712796363,50.7821712796363,False
2013-03,20,UEFA,0.5806425596872362,58.06425596872362,False
2013-04,20,UEFA,0.12193493753431958,12.193493753431959,False
2013-05,20,UEFA,0.30210633688220706,30.210633688220707,False
2013-06,20,UEFA,0.4979423307452635,49.79423307452635,False
2013-07,20,UEFA,0.10456788945650532,10.456788945650532,False
2013-08,20,UEFA,0.4959592567858661,49.59592567858661,False
2013-09,20,UEFA,0.6176514439250319,61.76514439250319,False
2013-10,20,UEFA,0.6432068032242567,64.32068032242567,False
2013-11,20,UEFA,0.6090734286770938,60.90734286770938,False
2013-12,20,UEFA,0.1279054200221897,12.790542002218968,False
2014-01,20,UEFA,0.2638601382046598,26.38601382046598,False
2014-02,20,UEFA,0.05541062902297855,5.541062902297855,False
2014-03,20,UEFA,0.4856362320948255,48.56362320948255,False
2014-04,20,UEFA,0.10198360873991333,10.198360873991334,False
2014-05,20,UEFA,0.5349165578353818,53.491655783538185,False
2014-06,20,UEFA,0.5468324771454303,54.68324771454303,False
2014-07,20,UEFA,0.3123348202005404,31.233482020054037,False
2014-08,20,UEFA,0.1445903122421135,14.45903122421135,False
2014-09,20,UEFA,0.5043639655708438,50.436396557084386,False
2014-10,20,UEFA,0.6194164327698772,61.941643276987726,False
2014-11,20,UEFA,0.6040774508816742,60.40774508816742,False
2014-12,20,UEFA,0.17623126468515157,17.623126468515157,False
2015-01,20,UEFA,0.15550856558388182,15.550856558388181,False
2015-02,20,UEFA,0.1116567987726152,11.16567987726152,False
2015-03,20,UEFA,0.45794792774224924,45.79479277422492,False
2015-04,20,UEFA,0.09616906482587233,9.616906482587233,False
2015-05,20,UEFA,0.05969550361343319,5.969550361343319,False
2015-06,20,UEFA,0.447036055758821,44.7036055758821,False
2015-07,20,UEFA,0.13337757170935238,13.337757170935237,False
2015-08,20,UEFA,0.028009290058963996,2.8009290058964,False
2015-09,20,UEFA,0.44038195091238247,44.038195091238244,False
2015-10,20,UEFA,0.5664802096916003,56.64802096916003,False
2015-11,20,UEFA,0.5929608440352361,59.29608440352361,False
2015-12,20,UEFA,0.12452177724739956,12.452177724739956,False
2016-01,20,UEFA,0.18414957322195394,18.414957322195395,False
2016-02,20,UEFA,0.03867141037661032,3.8671410376610322,False
2016-03,20,UEFA,0.48212099617908816,48.21209961790881,False
2016-04,20,UEFA,0.1012454091976085,10.12454091976085,False
2016-05,20,UEFA,0.5742615359314978,57.42615359314978,False
2016-06,20,UEFA,0.5550949225456145,55.50949225456145,False
2016-07,20,UEFA,0.4852366004012457,48.523660040124575,False
2016-08,20,UEFA,0.4968996860842616,49.68996860842616,False
2016-09,20,UEFA,0.538848934077695,53.884893407769496,False
2016-10,20,UEFA,0.5081582761563159,50.81582761563159,False
2016-11,20,UEFA,0.5017132379928263,50.17132379928263,False
2016-12,20,UEFA,0.10535977997849351,10.53597799784935,False
2017-01,20,UEFA,0.18012555379548367,18.012555379548367,False
2017-02,20,UEFA,0.13657636629705155,13.657636629705156,False
2017-03,20,UEFA,0.4631810369223809,46.31810369223809,False
2017-04,20,UEFA,0.09726801775369998,9.726801775369998,False
2017-05,20,UEFA,0.13892628372827698,13.892628372827698,False
2017-06,20,UEFA,0.4636745195829382,46.36745195829382,False
2017-07,20,UEFA,0.21587164911241702,21.5871649112417,False
2017-08,20,UEFA,0.32183304631360754,32.183304631360755,False
2017-09,20,UEFA,0.5020849397258577,50.208493972585764,False
2017-10,20,UEFA,0.57943783734243,57.943783734243006,False
2017-11,20,UEFA,0.6351819458419103,63.518194584191036,False
2017-12,20,UEFA,0.13338820862680115,13.338820862680114,False
2018-01,20,UEFA,0.37912263492273934,37.91226349227394,False
2018-02,20,UEFA,0.3956157533337753,39.56157533337753,False
2018-03,20,UEFA,0.5570793082000928,55.707930820009274,False
2018-04,20,UEFA,0.11698665472201947,11.698665472201947,False
2018-05,20,UEFA,0.4195671974916241,41.95671974916241,False
2018-06,20,UEFA,0.562109111473241,56.210911147324104,False
2018-07,20,UEFA,0.47354291340938065,47.35429134093806,False
2018-08,20,UEFA,0.14591460005126403,14.591460005126402,False
2018-09,20,UEFA,0.5046420660107654,50.46420660107655,False
2018-10,20,UEFA,0.6194748338622608,61.947483386226075,False
2018-11,20,UEFA,0.6830897151110746,68.30897151110746,False
2018-12,20,UEFA,0.14344884017332565,14.344884017332566,False
2019-01,20,UEFA,0.1881242564363984,18.81242564363984,False
2019-02,20,UEFA,0.2150616494071992,21.50616494071992,False
2019-03,20,UEFA,0.6376629463755119,63.76629463755119,False
2019-04,20,UEFA,0.7264092187388576,72.64092187388576,False
2019-05,20,UEFA,0.2842126026018267,28.421260260182667,False
2019-06,20,UEFA,0.5336846465463836,53.36846465463836,False
2019-07,20,UEFA,0.11207377577474054,11.207377577474054,False
2019-08,20,UEFA,0.023535492912695508,2.353549291269551,False
2019-09,20,UEFA,0.47894245351166603,47.8942453511666,False
2019-10,20,UEFA,0.6140779152374499,61.40779152374499,False
2019-11,20,UEFA,0.6424563621998645,64.24563621998645,False
2019-12,20,UEFA,0.13491583606197152,13.491583606197151,False
2020-01,20,UEFA,0.4797608970015854,47.97608970015854,False
2020-02,20,UEFA,0.10074978837033292,10.074978837033292,False
2020-03,20,UEFA,0.02115745555776991,2.115745555776991,False
2020-04,20,UEFA,0.00444306566713168,0.44430656671316804,False
2020-05,20,UEFA,0.0009330437900976527,0.09330437900976526,False
2020-06,20,UEFA,0.00019593919592050704,0.019593919592050705,False
2020-07,20,UEFA,4.114723114330647e-05,0.004114723114330647,False
2020-08,20,UEFA,8.640918540094358e-06,0.0008640918540094359,False
2020-09,20,UEFA,0.7900018145928934,79.00018145928934,False
2020-10,20,UEFA,0.7189003810645075,71.89003810645075,False
2020-11,20,UEFA,0.6644690800235467,66.44690800235466,False
2020-12,20,UEFA,0.13953850680494478,13.953850680494478,False
2021-01,20,UEFA,0.10112126824722023,10.112126824722022,False
2021-02,20,UEFA,0.021235466331916246,2.1235466331916246,False
2021-03,20,UEFA,0.5969594479297025,59.695944792970245,False
2021-04,20,UEFA,0.7178614840652375,71.78614840652375,False
2021-05,20,UEFA,0.4667509116536999,46.67509116536999,False
2021-06,20,UEFA,0.532517691447277,53.2517691447277,False
2021-07,20,UEFA,0.4278287152039282,42.78287152039282,False
2021-08,20,UEFA,0.0898440301928249,8.98440301928249,False
2021-09,20,UEFA,0.4928672463404932,49.28672463404932,False
2021-10,20,UEFA,0.5775021217315035,57.75021217315035,False
2021-11,20,UEFA,0.5952754455636157,59.52754455636157,False
2021-12,20,UEFA,0.16450784356835926,16.450784356835925,False
2022-01,20,UEFA,0.03454664714935544,3.454664714935544,False
2022-02,20,UEFA,0.0072547959013646406,0.725479590136464,False
2022-03,20,UEFA,0.47552350713928654,47.552350713928654,False
2022-04,20,UEFA,0.09985993649925015,9.985993649925016,False
2022-05,20,UEFA,0.020970586664842528,2.0970586664842528,False
2022-06,20,UEFA,0.517903823199617,51.7903823199617,False
2022-07,20,UEFA,0.10875980287191955,10.875980287191956,False
2022-08,20,UEFA,0.0228395586031031,2.2839558603103103,False
2022-09,20,UEFA,0.5182963073066518,51.82963073066518,False
2022-10,20,UEFA,0.30634222453439686,30.634222453439687,False
2022-11,20,UEFA,0.5383318671522233,53.833186715222325,False
2022-12,20,UEFA,0.5080496921019668,50.80496921019668,False
2023-01,20,UEFA,0.304190435341413,30.4190435341413,False
2023-02,20,UEFA,0.06387999142169672,6.387999142169671,False
2023-03,20,UEFA,0.48741479819855626,48.74147981985563,False
2023-04,20,UEFA,0.1023571076216968,10.23571076216968,False
2023-05,20,UEFA,0.021494992600556324,2.1494992600556326,False
2023-06,20,UEFA,0.43901394844611685,43.90139484461169,False
2023-07,20,UEFA,0.09219292917368452,9.219292917368453,False
2023-08,20,UEFA,0.019360515126473746,1.9360515126473747,False
2023-09,20,UEFA,0.43856570817655954,43.85657081765596,False
2023-10,20,UEFA,0.5660987987170775,56.60987987170775,False
2023-11,20,UEFA,0.5928807477305862,59.28807477305862,False
2023-12,20,UEFA,0.12450495702342308,12.450495702342309,False
2024-01,20,UEFA,0.10514604097491886,10.514604097491887,False
2024-02,20,UEFA,0.02208066860473296,2.208066860473296,False
2024-03,20,UEFA,0.4786369404069939,47.863694040699386,False
2024-04,20,UEFA,0.1005137574854687,10.05137574854687,False
2024-05,20,UEFA,0.021107889071948424,2.1107889071948422,False
2024-06,20,UEFA,0.47843265670510915,47.84326567051092,False
2024-07,20,UEFA,0.534970857908073,53.4970857908073,False
2024-08,20,UEFA,0.11234388016069531,11.23438801606953,False
2024-09,20,UEFA,0.537092214833746,53.709221483374606,False
2024-10,20,UEFA,0.6262893651150867,62.62893651150867,False
2024-11,20,UEFA,0.5265207666741683,52.65207666741682,False
2024-12,20,UEFA,0.11056936100157531,11.05693610015753,False
2025-01,20,UEFA,0.02321956581033081,2.321956581033081,False
2025-02,20,UEFA,0.004876108820169469,0.4876108820169469,False
2025-03,20,UEFA,0.47502398285223557,47.502398285223556,False
2025-04,20,UEFA,0.5737550363989694,57.37550363989694,False
2025-05,20,UEFA,0.12048855764378355,12.048855764378356,False
2025-06,20,UEFA,0.49930259710519453,49.93025971051945,False
2025-07,20,UEFA,0.10485354539209084,10.485354539209084,False
2025-08,20,UEFA,0.022019244532339072,2.2019244532339073,False
2025-09,20,UEFA,0.4786240413517912,47.86240413517912,False
2025-10,20,UEFA,0.5745110486838761,57.45110486838762,False
2025-11,20,UEFA,0.594647320223614,59.4647320223614,False
2025-12,20,UEFA,0.12487593724695892,12.487593724695891,False
2026-01,20,UEFA,0.02622394682186137,2.622394682186137,False
2026-02,20,UEFA,0.40050702883259093,40.05070288325909,False
2026-03,20,UEFA,0.5186064760548441,51.86064760548441,False
2026-04,20,UEFA,0.5434073599715173,54.34073599715173,False
2026-05,20,UEFA,0.39061554559401857,39.061554559401856,False
2026-06,20,UEFA,0.595529264574744,59.5529264574744,False
2026-07,20,UEFA,0.4805611455606963,48.05611455606963,False
2026-08,20,UEFA,0.4805611455606963,48.05611455606963,True
2026-09,20,UEFA,0.4805611455606963,48.05611455606963,True
2026-10,20,UEFA,0.4805611455606963,48.05611455606963,True
2026-11,20,UEFA,0.4805611455606963,48.05611455606963,True
2026-12,20,UEFA,0.4805611455606963,48.05611455606963,True
2027-01,20,UEFA,0.4805611455606963,48.05611455606963,True
2027-02,20,UEFA,0.4805611455606963,48.05611455606963,True
2027-03,20,UEFA,0.4805611455606963,48.05611455606963,True
2027-04,20,UEFA,0.4805611455606963,48.05611455606963,True
2027-05,20,UEFA,0.4805611455606963,48.05611455606963,True
2027-06,20,UEFA,0.4805611455606963,48.05611455606963,True
2027-07,20,UEFA,0.4805611455606963,48.05611455606963,True
1992-01,20,CONMEBOL,0.0,0.0,False
1992-02,20,CONMEBOL,0.017,1.7000000000000002,False
1992-03,20,CONMEBOL,0.011219999999999999,1.1219999999999999,False
1992-04,20,CONMEBOL,0.0414052,4.14052,False
1992-05,20,CONMEBOL,0.061327432,6.1327432,False
1992-06,20,CONMEBOL,0.07447610512,7.447610512,False
1992-07,20,CONMEBOL,0.10015422937919999,10.015422937919999,False
1992-08,20,CONMEBOL,0.10010179139027199,10.0101791390272,False
1992-09,20,CONMEBOL,0.11706718231757951,11.70671823175795,False
1992-10,20,CONMEBOL,0.09426434032960247,9.426434032960247,False
1992-11,20,CONMEBOL,0.11321446461753762,11.321446461753762,False
1992-12,20,CONMEBOL,0.10872154664757482,10.872154664757481,False
1993-01,20,CONMEBOL,0.07175622078739936,7.175622078739936,False
1993-02,20,CONMEBOL,0.08135910571968358,8.135910571968358,False
1993-03,20,CONMEBOL,0.08769700977499115,8.769700977499115,False
1993-04,20,CONMEBOL,0.05788002645149415,5.788002645149415,False
1993-05,20,CONMEBOL,0.055200817457986134,5.520081745798613,False
1993-06,20,CONMEBOL,0.08743253952227084,8.743253952227084,False
1993-07,20,CONMEBOL,0.12570547608469876,12.570547608469877,False
1993-08,20,CONMEBOL,0.1849656142159012,18.49656142159012,False
1993-09,20,CONMEBOL,0.15607730538249476,15.607730538249475,False
1993-10,20,CONMEBOL,0.12001102155244653,12.001102155244652,False
1993-11,20,CONMEBOL,0.1132072742246147,11.32072742246147,False
1993-12,20,CONMEBOL,0.1257168009882457,12.57168009882457,False
1994-01,20,CONMEBOL,0.08297308865224215,8.297308865224215,False
1994-02,20,CONMEBOL,0.0717622385104798,7.176223851047981,False
1994-03,20,CONMEBOL,0.08136307741691667,8.136307741691667,False
1994-04,20,CONMEBOL,0.087699631095165,8.7699631095165,False
1994-05,20,CONMEBOL,0.1088817565228089,10.888175652280891,False
1994-06,20,CONMEBOL,0.10586195930505388,10.586195930505388,False
1994-07,20,CONMEBOL,0.10386889314133556,10.386889314133557,False
1994-08,20,CONMEBOL,0.08555346947328146,8.555346947328147,False
1994-09,20,CONMEBOL,0.056465289852365756,5.646528985236576,False
1994-10,20,CONMEBOL,0.054267091302561396,5.42670913025614,False
1994-11,20,CONMEBOL,0.05281628025969052,5.281628025969052,False
1994-12,20,CONMEBOL,0.06885874497139574,6.885874497139574,False
1995-01,20,CONMEBOL,0.07944677168112119,7.944677168112118,False
1995-02,20,CONMEBOL,0.10343486930953999,10.343486930953999,False
1995-03,20,CONMEBOL,0.08526701374429639,8.526701374429638,False
1995-04,20,CONMEBOL,0.07327622907123561,7.327622907123561,False
1995-05,20,CONMEBOL,0.1333623111870155,13.33623111870155,False
1995-06,20,CONMEBOL,0.12201912538343022,12.201912538343022,False
1995-07,20,CONMEBOL,0.19953262275306394,19.953262275306393,False
1995-08,20,CONMEBOL,0.1486915310170222,14.86915310170222,False
1995-09,20,CONMEBOL,0.14913641047123466,14.913641047123466,False
1995-10,20,CONMEBOL,0.14943003091101487,14.943003091101486,False
1995-11,20,CONMEBOL,0.1326238204012698,13.26238204012698,False
1995-12,20,CONMEBOL,0.13853172146483805,13.853172146483805,False
1996-01,20,CONMEBOL,0.1084309361667931,10.84309361667931,False
1996-02,20,CONMEBOL,0.13956441787008345,13.956441787008345,False
1996-03,20,CONMEBOL,0.12611251579425506,12.611251579425506,False
1996-04,20,CONMEBOL,0.13423426042420833,13.423426042420832,False
1996-05,20,CONMEBOL,0.10559461187997748,10.559461187997748,False
1996-06,20,CONMEBOL,0.08669244384078513,8.669244384078514,False
1996-07,20,CONMEBOL,0.17621701293491818,17.621701293491817,False
1996-08,20,CONMEBOL,0.184303228537046,18.4303228537046,False
1996-09,20,CONMEBOL,0.18964013083445036,18.964013083445035,False
1996-10,20,CONMEBOL,0.17616248635073722,17.616248635073724,False
1996-11,20,CONMEBOL,0.15026724099148656,15.026724099148655,False
1996-12,20,CONMEBOL,0.1841763790543811,18.417637905438113,False
1997-01,20,CONMEBOL,0.24055641017589152,24.055641017589153,False
1997-02,20,CONMEBOL,0.2267672307160884,22.67672307160884,False
1997-03,20,CONMEBOL,0.14966637227261834,14.966637227261833,False
1997-04,20,CONMEBOL,0.1497798056999281,14.97798056999281,False
1997-05,20,CONMEBOL,0.13285467176195254,13.285467176195255,False
1997-06,20,CONMEBOL,0.12168408336288866,12.168408336288866,False
1997-07,20,CONMEBOL,0.1993114950195065,19.93114950195065,False
1997-08,20,CONMEBOL,0.21654558671287427,21.654558671287425,False
1997-09,20,CONMEBOL,0.19392008723049703,19.392008723049702,False
1997-10,20,CONMEBOL,0.17898725757212802,17.8987257572128,False
1997-11,20,CONMEBOL,0.16913158999760447,16.913158999760448,False
1997-12,20,CONMEBOL,0.14562684939841894,14.562684939841894,False
1998-01,20,CONMEBOL,0.11311372060295649,11.31137206029565,False
1998-02,20,CONMEBOL,0.14265505559795127,14.265505559795127,False
1998-03,20,CONMEBOL,0.14515233669464783,14.515233669464783,False
1998-04,20,CONMEBOL,0.14680054221846756,14.680054221846756,False
1998-05,20,CONMEBOL,0.14788835786418858,14.788835786418858,False
1998-06,20,CONMEBOL,0.16560631619036445,16.560631619036446,False
1998-07,20,CONMEBOL,0.14330016868564052,14.330016868564051,False
1998-08,20,CONMEBOL,0.09457811133252274,9.457811133252275,False
1998-09,20,CONMEBOL,0.079421553479465,7.9421553479465,False
1998-10,20,CONMEBOL,0.1034182252964469,10.34182252964469,False
1998-11,20,CONMEBOL,0.08525602869565495,8.525602869565494,False
1998-12,20,CONMEBOL,0.07326897893913226,7.326897893913226,False
1999-01,20,CONMEBOL,0.08235752609982729,8.235752609982729,False
1999-02,20,CONMEBOL,0.105355967225886,10.5355967225886,False
1999-03,20,CONMEBOL,0.12053493836908476,12.053493836908476,False
1999-04,20,CONMEBOL,0.13055305932359593,13.055305932359593,False
1999-05,20,CONMEBOL,0.1201650191535733,12.016501915357331,False
1999-06,20,CONMEBOL,0.11330891264135838,11.330891264135838,False
1999-07,20,CONMEBOL,0.21078388234329654,21.078388234329655,False
1999-08,20,CONMEBOL,0.1731173623465757,17.31173623465757,False
1999-09,20,CONMEBOL,0.14825745914873995,14.825745914873995,False
1999-10,20,CONMEBOL,0.14884992303816835,14.884992303816835,False
1999-11,20,CONMEBOL,0.1662409492051911,16.624094920519113,False
1999-12,20,CONMEBOL,0.12671902647542613,12.671902647542613,False
2000-01,20,CONMEBOL,0.10063455747378124,10.063455747378123,False
2000-02,20,CONMEBOL,0.10041880793269561,10.041880793269561,False
2000-03,20,CONMEBOL,0.11727641323557911,11.727641323557911,False
2000-04,20,CONMEBOL,0.12840243273548219,12.840243273548218,False
2000-05,20,CONMEBOL,0.10174560560541823,10.174560560541824,False
2000-06,20,CONMEBOL,0.10115209969957603,10.115209969957602,False
2000-07,20,CONMEBOL,0.1517603858017202,15.176038580172019,False
2000-08,20,CONMEBOL,0.1511618546291353,15.116185462913531,False
2000-09,20,CONMEBOL,0.1507668240552293,15.076682405522929,False
2000-10,20,CONMEBOL,0.1505061038764513,15.050610387645131,False
2000-11,20,CONMEBOL,0.15033402855845784,15.033402855845784,False
2000-12,20,CONMEBOL,0.12047045884858217,12.047045884858216,False
2001-01,20,CONMEBOL,0.09651050284006422,9.651050284006422,False
2001-02,20,CONMEBOL,0.08069693187444238,8.069693187444237,False
2001-03,20,CONMEBOL,0.10425997503713197,10.425997503713196,False
2001-04,20,CONMEBOL,0.11981158352450709,11.98115835245071,False
2001-05,20,CONMEBOL,0.09607564512617467,9.607564512617467,False
2001-06,20,CONMEBOL,0.11440992578327527,11.440992578327528,False
2001-07,20,CONMEBOL,0.1435105510169617,14.35105510169617,False
2001-08,20,CONMEBOL,0.12871696367119473,12.871696367119473,False
2001-09,20,CONMEBOL,0.11895319602298851,11.895319602298851,False
2001-10,20,CONMEBOL,0.1295091093751724,12.950910937517241,False
2001-11,20,CONMEBOL,0.10247601218761378,10.247601218761378,False
2001-12,20,CONMEBOL,0.08463416804382509,8.46341680438251,False
2002-01,20,CONMEBOL,0.08985855090892456,8.985855090892455,False
2002-02,20,CONMEBOL,0.1103066435998902,11.03066435998902,False
2002-03,20,CONMEBOL,0.10680238477592753,10.680238477592754,False
2002-04,20,CONMEBOL,0.10448957395211217,10.448957395211217,False
2002-05,20,CONMEBOL,0.10296311880839402,10.296311880839403,False
2002-06,20,CONMEBOL,0.11895565841354006,11.895565841354006,False
2002-07,20,CONMEBOL,0.07851073455293643,7.851073455293643,False
2002-08,20,CONMEBOL,0.08581708480493805,8.581708480493806,False
2002-09,20,CONMEBOL,0.0736392759712591,7.363927597125911,False
2002-10,20,CONMEBOL,0.065601922141031,6.5601922141031,False
2002-11,20,CONMEBOL,0.07729726861308045,7.729726861308045,False
2002-12,20,CONMEBOL,0.0680161972846331,6.80161972846331,False
2003-01,20,CONMEBOL,0.06189069020785784,6.189069020785784,False
2003-02,20,CONMEBOL,0.07484785553718618,7.484785553718617,False
2003-03,20,CONMEBOL,0.06639958465454288,6.639958465454288,False
2003-04,20,CONMEBOL,0.0948237258719983,9.48237258719983,False
2003-05,20,CONMEBOL,0.06258365907551887,6.2583659075518865,False
2003-06,20,CONMEBOL,0.09230521498984245,9.230521498984245,False
2003-07,20,CONMEBOL,0.14592144189329603,14.592144189329604,False
2003-08,20,CONMEBOL,0.1473081516495754,14.730815164957539,False
2003-09,20,CONMEBOL,0.14822338008871977,14.822338008871977,False
2003-10,20,CONMEBOL,0.13182743085855503,13.182743085855503,False
2003-11,20,CONMEBOL,0.1550061043666463,15.50061043666463,False
2003-12,20,CONMEBOL,0.13630402888198656,13.630402888198656,False
2004-01,20,CONMEBOL,0.08996065906211112,8.996065906211111,False
2004-02,20,CONMEBOL,0.09337403498099334,9.337403498099334,False
2004-03,20,CONMEBOL,0.11262686308745559,11.26268630874556,False
2004-04,20,CONMEBOL,0.1253337296377207,12.533372963772068,False
2004-05,20,CONMEBOL,0.09972026156089564,9.972026156089564,False
2004-06,20,CONMEBOL,0.09981537263019112,9.981537263019112,False
2004-07,20,CONMEBOL,0.13387814593592612,13.387814593592612,False
2004-08,20,CONMEBOL,0.12235957631771123,12.235957631771123,False
2004-09,20,CONMEBOL,0.1317573203696894,13.17573203696894,False
2004-10,20,CONMEBOL,0.120959831443995,12.095983144399499,False
2004-11,20,CONMEBOL,0.1308334887530367,13.083348875303669,False
2004-12,20,CONMEBOL,0.10335010257700421,10.335010257700421,False
2005-01,20,CONMEBOL,0.10221106770082278,10.221106770082278,False
2005-02,20,CONMEBOL,0.10145930468254302,10.145930468254303,False
2005-03,20,CONMEBOL,0.1179631410904784,11.79631410904784,False
2005-04,20,CONMEBOL,0.10876476402880665,10.876476402880666,False
2005-05,20,CONMEBOL,0.12278474425901238,12.278474425901239,False
2005-06,20,CONMEBOL,0.11503793121094817,11.503793121094818,False
2005-07,20,CONMEBOL,0.07592503459922578,7.592503459922578,False
2005-08,20,CONMEBOL,0.084110522835489,8.4110522835489,False
2005-09,20,CONMEBOL,0.08951294507142274,8.951294507142274,False
2005-10,20,CONMEBOL,0.110078543747139,11.0078543747139,False
2005-11,20,CONMEBOL,0.12365183887311174,12.365183887311174,False
2005-12,20,CONMEBOL,0.13261021365625375,13.261021365625375,False
2006-01,20,CONMEBOL,0.10452274101312746,10.452274101312746,False
2006-02,20,CONMEBOL,0.06898500906866412,6.898500906866412,False
2006-03,20,CONMEBOL,0.07953010598531832,7.953010598531832,False
2006-04,20,CONMEBOL,0.06948986995031009,6.948986995031009,False
2006-05,20,CONMEBOL,0.07986331416720466,7.986331416720466,False
2006-06,20,CONMEBOL,0.10370978735035508,10.370978735035507,False
2006-07,20,CONMEBOL,0.08544845965123435,8.544845965123434,False
2006-08,20,CONMEBOL,0.09039598336981466,9.039598336981467,False
2006-09,20,CONMEBOL,0.11066134902407768,11.066134902407768,False
2006-10,20,CONMEBOL,0.12403649035589126,12.403649035589126,False
2006-11,20,CONMEBOL,0.11586408363488822,11.586408363488822,False
2006-12,20,CONMEBOL,0.09347029519902622,9.347029519902621,False
2007-01,20,CONMEBOL,0.0786903948313573,7.8690394831357295,False
2007-02,20,CONMEBOL,0.10293566058869581,10.293566058869581,False
2007-03,20,CONMEBOL,0.10193753598853923,10.193753598853924,False
2007-04,20,CONMEBOL,0.10727877375243589,10.727877375243589,False
2007-05,20,CONMEBOL,0.12180399067660767,12.180399067660767,False
2007-06,20,CONMEBOL,0.14839063384656107,14.839063384656107,False
2007-07,20,CONMEBOL,0.21693781833873027,21.693781833873025,False
2007-08,20,CONMEBOL,0.17717896010356196,17.717896010356196,False
2007-09,20,CONMEBOL,0.16793811366835087,16.793811366835087,False
2007-10,20,CONMEBOL,0.16183915502111157,16.183915502111155,False
2007-11,20,CONMEBOL,0.17481384231393363,17.481384231393363,False
2007-12,20,CONMEBOL,0.11537713592719617,11.537713592719617,False
2008-01,20,CONMEBOL,0.09314890971194946,9.314890971194947,False
2008-02,20,CONMEBOL,0.09547828040988664,9.547828040988664,False
2008-03,20,CONMEBOL,0.09701566507052517,9.701566507052517,False
2008-04,20,CONMEBOL,0.06403033894654661,6.403033894654661,False
2008-05,20,CONMEBOL,0.09326002370472077,9.326002370472077,False
2008-06,20,CONMEBOL,0.1295516156451157,12.955161564511569,False
2008-07,20,CONMEBOL,0.08550406632577634,8.550406632577634,False
2008-08,20,CONMEBOL,0.10743268377501239,10.74326837750124,False
2008-09,20,CONMEBOL,0.15590557129150817,15.590557129150817,False
2008-10,20,CONMEBOL,0.1878976770523954,18.78976770523954,False
2008-11,20,CONMEBOL,0.20901246685458097,20.901246685458098,False
2008-12,20,CONMEBOL,0.15494822812402342,15.494822812402342,False
2009-01,20,CONMEBOL,0.11926583056185545,11.926583056185546,False
2009-02,20,CONMEBOL,0.1637154481708246,16.37154481708246,False
2009-03,20,CONMEBOL,0.19305219579274424,19.305219579274425,False
2009-04,20,CONMEBOL,0.21241444922321118,21.24144492232112,False
2009-05,20,CONMEBOL,0.19119353648731935,19.119353648731934,False
2009-06,20,CONMEBOL,0.21118773408163077,21.118773408163076,False
2009-07,20,CONMEBOL,0.1393839044938763,13.938390449387631,False
2009-08,20,CONMEBOL,0.15999337696595833,15.999337696595834,False
2009-09,20,CONMEBOL,0.1735956287975325,17.35956287975325,False
2009-10,20,CONMEBOL,0.1825731150063714,18.25731150063714,False
2009-11,20,CONMEBOL,0.1884982559042051,18.84982559042051,False
2009-12,20,CONMEBOL,0.14140884889677535,14.140884889677535,False
2010-01,20,CONMEBOL,0.12732984027187172,12.732984027187172,False
2010-02,20,CONMEBOL,0.11803769457943533,11.803769457943533,False
2010-03,20,CONMEBOL,0.14590487842242733,14.590487842242734,False
2010-04,20,CONMEBOL,0.09629721975880202,9.629721975880203,False
2010-05,20,CONMEBOL,0.11455616504080933,11.455616504080933,False
2010-06,20,CONMEBOL,0.16060706892693416,16.060706892693418,False
2010-07,20,CONMEBOL,0.20314352263463367,20.314352263463366,False
2010-08,20,CONMEBOL,0.20207472493885822,20.207472493885824,False
2010-09,20,CONMEBOL,0.18436931845964644,18.436931845964644,False
2010-10,20,CONMEBOL,0.18968375018336664,18.968375018336666,False
2010-11,20,CONMEBOL,0.21019127512102198,21.019127512102198,False
2010-12,20,CONMEBOL,0.13872624157987448,13.872624157987449,False
2011-01,20,CONMEBOL,0.10855931944271714,10.855931944271715,False
2011-02,20,CONMEBOL,0.10564915083219331,10.564915083219331,False
2011-03,20,CONMEBOL,0.1547284395492476,15.472843954924759,False
2011-04,20,CONMEBOL,0.15878743676917006,15.878743676917006,False
2011-05,20,CONMEBOL,0.17279970826765223,17.279970826765222,False
2011-06,20,CONMEBOL,0.19904780745665046,19.904780745665047,False
2011-07,20,CONMEBOL,0.2503715529213893,25.03715529213893,False
2011-08,20,CONMEBOL,0.19924522492811692,19.92452249281169,False
2011-09,20,CONMEBOL,0.21650184845255716,21.650184845255716,False
2011-10,20,CONMEBOL,0.22789121997868772,22.789121997868772,False
2011-11,20,CONMEBOL,0.23540820518593386,23.540820518593385,False
2011-12,20,CONMEBOL,0.18936941542271632,18.936941542271633,False
2012-01,20,CONMEBOL,0.12498381417899275,12.498381417899274,False
2012-02,20,CONMEBOL,0.16748931735813521,16.74893173581352,False
2012-03,20,CONMEBOL,0.14454294945636922,14.454294945636923,False
2012-04,20,CONMEBOL,0.16339834664120367,16.339834664120367,False
2012-05,20,CONMEBOL,0.14184290878319442,14.184290878319441,False
2012-06,20,CONMEBOL,0.16161631979690833,16.16163197969083,False
2012-07,20,CONMEBOL,0.10666677106595948,10.666677106595948,False
2012-08,20,CONMEBOL,0.15540006890353325,15.540006890353325,False
2012-09,20,CONMEBOL,0.18756404547633193,18.756404547633192,False
2012-10,20,CONMEBOL,0.20879227001437906,20.879227001437904,False
2012-11,20,CONMEBOL,0.18880289820949014,18.880289820949013,False
2012-12,20,CONMEBOL,0.14160991281826346,14.160991281826346,False
2013-01,20,CONMEBOL,0.11046254246005388,11.046254246005388,False
2013-02,20,CONMEBOL,0.15790527802363558,15.790527802363558,False
2013-03,20,CONMEBOL,0.17221748349559945,17.221748349559945,False
2013-04,20,CONMEBOL,0.2372999027434593,23.72999027434593,False
2013-05,20,CONMEBOL,0.17361793581068313,17.361793581068312,False
2013-06,20,CONMEBOL,0.19958783763505086,19.958783763505085,False
2013-07,20,CONMEBOL,0.13172797283913357,13.172797283913356,False
2013-08,20,CONMEBOL,0.17194046207382815,17.194046207382815,False
2013-09,20,CONMEBOL,0.19848070496872658,19.84807049687266,False
2013-10,20,CONMEBOL,0.21599726527935953,21.599726527935953,False
2013-11,20,CONMEBOL,0.2275581950843773,22.75581950843773,False
2013-12,20,CONMEBOL,0.16718840875568902,16.7188408755689,False
2014-01,20,CONMEBOL,0.12734434977875475,12.734434977875475,False
2014-02,20,CONMEBOL,0.08404727085397813,8.404727085397813,False
2014-03,20,CONMEBOL,0.14047119876362557,14.047119876362558,False
2014-04,20,CONMEBOL,0.09271099118399287,9.271099118399286,False
2014-05,20,CONMEBOL,0.09518925418143528,9.518925418143528,False
2014-06,20,CONMEBOL,0.14782490775974727,14.782490775974727,False
2014-07,20,CONMEBOL,0.13156443912143317,13.156443912143317,False
2014-08,20,CONMEBOL,0.10383252982014589,10.38325298201459,False
2014-09,20,CONMEBOL,0.13652946968129628,13.652946968129628,False
2014-10,20,CONMEBOL,0.15810944998965554,15.810944998965553,False
2014-11,20,CONMEBOL,0.17235223699317265,17.235223699317263,False
2014-12,20,CONMEBOL,0.11375247641549394,11.375247641549393,False
2015-01,20,CONMEBOL,0.09207663443422599,9.2076634434226,False
2015-02,20,CONMEBOL,0.06077057872658915,6.077057872658915,False
2015-03,20,CONMEBOL,0.12510858195954883,12.510858195954883,False
2015-04,20,CONMEBOL,0.08257166409330222,8.257166409330221,False
2015-05,20,CONMEBOL,0.054497298301579455,5.4497298301579455,False
2015-06,20,CONMEBOL,0.12096821687904244,12.096821687904244,False
2015-07,20,CONMEBOL,0.147839023140168,14.7839023140168,False
2015-08,20,CONMEBOL,0.09757375527251087,9.757375527251087,False
2015-09,20,CONMEBOL,0.14939867847985716,14.939867847985717,False
2015-10,20,CONMEBOL,0.18360312779670573,18.360312779670572,False
2015-11,20,CONMEBOL,0.20617806434582578,20.61780643458258,False
2015-12,20,CONMEBOL,0.136077522468245,13.6077522468245,False
2016-01,20,CONMEBOL,0.0898111648290417,8.98111648290417,False
2016-02,20,CONMEBOL,0.059275368787167514,5.927536878716752,False
2016-03,20,CONMEBOL,0.12412174339953055,12.412174339953056,False
2016-04,20,CONMEBOL,0.08192035064369016,8.192035064369016,False
2016-05,20,CONMEBOL,0.1050674314248355,10.50674314248355,False
2016-06,20,CONMEBOL,0.17134450474039142,17.13445047403914,False
2016-07,20,CONMEBOL,0.11308737312865833,11.308737312865832,False
2016-08,20,CONMEBOL,0.07463766626491448,7.463766626491449,False
2016-09,20,CONMEBOL,0.13426085973484356,13.426085973484355,False
2016-10,20,CONMEBOL,0.19061216742499676,19.061216742499674,False
2016-11,20,CONMEBOL,0.22780403050049786,22.780403050049784,False
2016-12,20,CONMEBOL,0.15035066013032858,15.035066013032857,False
2017-01,20,CONMEBOL,0.13323143568601686,13.323143568601687,False
2017-02,20,CONMEBOL,0.13043274755277112,13.043274755277112,False
2017-03,20,CONMEBOL,0.17108561338482892,17.108561338482893,False
2017-04,20,CONMEBOL,0.11291650483398707,11.291650483398708,False
2017-05,20,CONMEBOL,0.07452489319043146,7.452489319043146,False
2017-06,20,CONMEBOL,0.13418642950568477,13.418642950568477,False
2017-07,20,CONMEBOL,0.13956304347375192,13.956304347375193,False
2017-08,20,CONMEBOL,0.21111160869267626,21.111160869267625,False
2017-09,20,CONMEBOL,0.22433366173716635,22.433366173716635,False
2017-10,20,CONMEBOL,0.23306021674652977,23.30602167465298,False
2017-11,20,CONMEBOL,0.22181974305270963,22.181974305270963,False
2017-12,20,CONMEBOL,0.14640103041478833,14.640103041478833,False
2018-01,20,CONMEBOL,0.09662468007376028,9.662468007376027,False
2018-02,20,CONMEBOL,0.06377228884868177,6.3772288848681775,False
2018-03,20,CONMEBOL,0.12708971064012997,12.708971064012998,False
2018-04,20,CONMEBOL,0.08387920902248577,8.387920902248577,False
2018-05,20,CONMEBOL,0.1063602779548406,10.63602779548406,False
2018-06,20,CONMEBOL,0.1551977834501948,15.51977834501948,False
2018-07,20,CONMEBOL,0.13643053707712854,13.643053707712854,False
2018-08,20,CONMEBOL,0.09004415447090483,9.004415447090484,False
2018-09,20,CONMEBOL,0.1444291419507972,14.44291419507972,False
2018-10,20,CONMEBOL,0.18032323368752615,18.032323368752614,False
2018-11,20,CONMEBOL,0.20401333423376725,20.401333423376723,False
2018-12,20,CONMEBOL,0.13464880059428636,13.464880059428635,False
2019-01,20,CONMEBOL,0.08886820839222899,8.8868208392229,False
2019-02,20,CONMEBOL,0.05865301753887112,5.865301753887112,False
2019-03,20,CONMEBOL,0.07271099157565494,7.271099157565494,False
2019-04,20,CONMEBOL,0.08198925443993227,8.198925443993227,False
2019-05,20,CONMEBOL,0.05411290793035529,5.411290793035529,False
2019-06,20,CONMEBOL,0.12071451923403449,12.07145192340345,False
2019-07,20,CONMEBOL,0.14767158269446276,14.767158269446275,False
2019-08,20,CONMEBOL,0.0974632445783454,9.74632445783454,False
2019-09,20,CONMEBOL,0.13232574142170794,13.232574142170794,False
2019-10,20,CONMEBOL,0.15533498933832723,15.533498933832723,False
2019-11,20,CONMEBOL,0.15352109296329597,15.352109296329598,False
2019-12,20,CONMEBOL,0.10132392135577532,10.132392135577533,False
2020-01,20,CONMEBOL,0.0668737880948117,6.687378809481171,False
2020-02,20,CONMEBOL,0.044136700142575716,4.413670014257572,False
2020-03,20,CONMEBOL,0.029130222094099968,2.9130222094099967,False
2020-04,20,CONMEBOL,0.019225946582105975,1.9225946582105975,False
2020-05,20,CONMEBOL,0.012689124744189942,1.2689124744189941,False
2020-06,20,CONMEBOL,0.008374822331165361,0.8374822331165361,False
2020-07,20,CONMEBOL,0.005527382738569138,0.5527382738569138,False
2020-08,20,CONMEBOL,0.0036480726074556305,0.3648072607455631,False
2020-09,20,CONMEBOL,0.0024077279209207157,0.24077279209207156,False
2020-10,20,CONMEBOL,0.05258910042780768,5.258910042780768,False
2020-11,20,CONMEBOL,0.10270880628235307,10.270880628235307,False
2020-12,20,CONMEBOL,0.06778781214635302,6.778781214635302,False
2021-01,20,CONMEBOL,0.04473995601659299,4.473995601659299,False
2021-02,20,CONMEBOL,0.02952837097095137,2.952837097095137,False
2021-03,20,CONMEBOL,0.03648872484082791,3.6488724840827906,False
2021-04,20,CONMEBOL,0.041082558394946414,4.108255839494642,False
2021-05,20,CONMEBOL,0.02711448854066463,2.711448854066463,False
2021-06,20,CONMEBOL,0.08589556243683866,8.589556243683866,False
2021-07,20,CONMEBOL,0.1756910712083135,17.56910712083135,False
2021-08,20,CONMEBOL,0.1159561069974869,11.59561069974869,False
2021-09,20,CONMEBOL,0.12753103061834137,12.753103061834137,False
2021-10,20,CONMEBOL,0.1351704802081053,13.51704802081053,False
2021-11,20,CONMEBOL,0.1572125169373495,15.72125169373495,False
2021-12,20,CONMEBOL,0.13776026117865064,13.776026117865065,False
2022-01,20,CONMEBOL,0.19292177237790942,19.29217723779094,False
2022-02,20,CONMEBOL,0.24632836976942019,24.63283697694202,False
2022-03,20,CONMEBOL,0.23057672404781732,23.05767240478173,False
2022-04,20,CONMEBOL,0.15218063787155942,15.218063787155941,False
2022-05,20,CONMEBOL,0.1004392209952292,10.04392209952292,False
2022-06,20,CONMEBOL,0.15128988585685127,15.128988585685127,False
2022-07,20,CONMEBOL,0.09985132466552182,9.985132466552182,False
2022-08,20,CONMEBOL,0.23590187427924442,23.59018742792444,False
2022-09,20,CONMEBOL,0.2406952370243013,24.06952370243013,False
2022-10,20,CONMEBOL,0.15885885643603884,15.885885643603883,False
2022-11,20,CONMEBOL,0.17284684524778562,17.284684524778562,False
2022-12,20,CONMEBOL,0.1650789178635385,16.507891786353852,False
2023-01,20,CONMEBOL,0.1089520857899354,10.89520857899354,False
2023-02,20,CONMEBOL,0.07190837662135735,7.190837662135735,False
2023-03,20,CONMEBOL,0.13245952857009585,13.245952857009586,False
2023-04,20,CONMEBOL,0.08742328885626326,8.742328885626325,False
2023-05,20,CONMEBOL,0.057699370645133745,5.769937064513375,False
2023-06,20,CONMEBOL,0.12308158462578828,12.308158462578827,False
2023-07,20,CONMEBOL,0.08123384585302025,8.123384585302025,False
2023-08,20,CONMEBOL,0.0819476715963267,8.19476715963267,False
2023-09,20,CONMEBOL,0.12208546325357561,12.208546325357561,False
2023-10,20,CONMEBOL,0.1485764057473599,14.857640574735989,False
2023-11,20,CONMEBOL,0.16606042779325753,16.60604277932575,False
2023-12,20,CONMEBOL,0.10959988234354995,10.959988234354995,False
2024-01,20,CONMEBOL,0.07233592234674295,7.233592234674295,False
2024-02,20,CONMEBOL,0.047741708748850344,4.774170874885034,False
2024-03,20,CONMEBOL,0.09950952777424123,9.950952777424122,False
2024-04,20,CONMEBOL,0.0656762883309992,6.56762883309992,False
2024-05,20,CONMEBOL,0.17934635029845947,17.934635029845946,False
2024-06,20,CONMEBOL,0.18636859119698324,18.63685911969832,False
2024-07,20,CONMEBOL,0.19100327019000893,19.100327019000893,False
2024-08,20,CONMEBOL,0.12606215832540588,12.606215832540588,False
2024-09,20,CONMEBOL,0.15120102449476785,15.120102449476786,False
2024-10,20,CONMEBOL,0.16779267616654678,16.77926761665468,False
2024-11,20,CONMEBOL,0.17874316626992087,17.874316626992087,False
2024-12,20,CONMEBOL,0.11797048973814776,11.797048973814777,False
2025-01,20,CONMEBOL,0.07786052322717751,7.786052322717751,False
2025-02,20,CONMEBOL,0.10805461199660382,10.805461199660382,False
2025-03,20,CONMEBOL,0.13931604391775854,13.931604391775853,False
2025-04,20,CONMEBOL,0.15994858898572062,15.994858898572062,False
2025-05,20,CONMEBOL,0.1055660687305756,10.556606873057559,False
2025-06,20,CONMEBOL,0.13767360536217987,13.767360536217987,False
2025-07,20,CONMEBOL,0.0908645795390387,9.08645795390387,False
2025-08,20,CONMEBOL,0.059970622495765534,5.997062249576554,False
2025-09,20,CONMEBOL,0.12458061084720526,12.458061084720526,False
2025-10,20,CONMEBOL,0.15022320315915547,15.022320315915547,False
2025-11,20,CONMEBOL,0.1671473140850426,16.71473140850426,False
2025-12,20,CONMEBOL,0.1103172272961281,11.03172272961281,False
2026-01,20,CONMEBOL,0.08980937001544453,8.980937001544454,False
2026-02,20,CONMEBOL,0.059274184210193384,5.927418421019339,False
2026-03,20,CONMEBOL,0.10712096157872764,10.712096157872764,False
2026-04,20,CONMEBOL,0.13869983464196023,13.869983464196023,False
2026-05,20,CONMEBOL,0.12554189086369374,12.554189086369375,False
2026-06,20,CONMEBOL,0.13385764797003785,13.385764797003786,False
2026-07,20,CONMEBOL,0.13934604766022496,13.934604766022495,False
2026-08,20,CONMEBOL,0.13934604766022496,13.934604766022495,True
2026-09,20,CONMEBOL,0.13934604766022496,13.934604766022495,True
2026-10,20,CONMEBOL,0.13934604766022496,13.934604766022495,True
2026-11,20,CONMEBOL,0.13934604766022496,13.934604766022495,True
2026-12,20,CONMEBOL,0.13934604766022496,13.934604766022495,True
2027-01,20,CONMEBOL,0.13934604766022496,13.934604766022495,True
2027-02,20,CONMEBOL,0.13934604766022496,13.934604766022495,True
2027-03,20,CONMEBOL,0.13934604766022496,13.934604766022495,True
2027-04,20,CONMEBOL,0.13934604766022496,13.934604766022495,True
2027-05,20,CONMEBOL,0.13934604766022496,13.934604766022495,True
2027-06,20,CONMEBOL,0.13934604766022496,13.934604766022495,True
2027-07,20,CONMEBOL,0.13934604766022496,13.934604766022495,True
1992-01,20,CAF,0.55,55.00000000000001,False
1992-02,20,CAF,0.5095000000000001,50.95,False
1992-03,20,CAF,0.4681450000000001,46.81450000000001,False
1992-04,20,CAF,0.4350119500000001,43.50119500000001,False
1992-05,20,CAF,0.4003608745000001,40.03608745000001,False
1992-06,20,CAF,0.3643283957950001,36.43283957950001,False
1992-07,20,CAF,0.3540388401734501,35.403884017345014,False
1992-08,20,CAF,0.3356753445578396,33.56753445578396,False
1992-09,20,CAF,0.305464563547634,30.5464563547634,False
1992-10,20,CAF,0.282472752828347,28.2472752828347,False
1992-11,20,CAF,0.2570502050737958,25.70502050737958,False
1992-12,20,CAF,0.26991568661715415,26.991568661715416,False
1993-01,20,CAF,0.28612327482161026,28.612327482161028,False
1993-02,20,CAF,0.26937218008766534,26.937218008766532,False
1993-03,20,CAF,0.24512868387977546,24.512868387977544,False
1993-04,20,CAF,0.2320671023305957,23.206710233059567,False
1993-05,20,CAF,0.2201810631208421,22.01810631208421,False
1993-06,20,CAF,0.20486476743996632,20.486476743996633,False
1993-07,20,CAF,0.22692693837036937,22.692693837036938,False
1993-08,20,CAF,0.22000351391703615,22.000351391703614,False
1993-09,20,CAF,0.2002031976645029,20.02031976645029,False
1993-10,20,CAF,0.18218490987469765,18.218490987469764,False
1993-11,20,CAF,0.16578826798597487,16.578826798597486,False
1993-12,20,CAF,0.19136732386723715,19.136732386723715,False
1994-01,20,CAF,0.2011442647191858,20.11442647191858,False
1994-02,20,CAF,0.2100412808944591,21.00412808944591,False
1994-03,20,CAF,0.2046375656139578,20.46375656139578,False
1994-04,20,CAF,0.2042201847087016,20.42201847087016,False
1994-05,20,CAF,0.19034036808491847,19.034036808491848,False
1994-06,20,CAF,0.18220973495727583,18.220973495727584,False
1994-07,20,CAF,0.17481085881112102,17.4810858811121,False
1994-08,20,CAF,0.18607788151812013,18.607788151812013,False
1994-09,20,CAF,0.17383087218148932,17.383087218148933,False
1994-10,20,CAF,0.1626860936851553,16.26860936851553,False
1994-11,20,CAF,0.15254434525349134,15.254434525349133,False
1994-12,20,CAF,0.15231535418067713,15.231535418067713,False
1995-01,20,CAF,0.17010697230441618,17.010697230441618,False
1995-02,20,CAF,0.15929734479701874,15.929734479701875,False
1995-03,20,CAF,0.14496058376528706,14.496058376528707,False
1995-04,20,CAF,0.13641413122641124,13.641413122641124,False
1995-05,20,CAF,0.14663685941603424,14.663685941603424,False
1995-06,20,CAF,0.13343954206859115,13.343954206859115,False
1995-07,20,CAF,0.14842998328241797,14.842998328241796,False
1995-08,20,CAF,0.13957128478700034,13.957128478700035,False
1995-09,20,CAF,0.12700986915617032,12.700986915617033,False
1995-10,20,CAF,0.120078980932115,12.0078980932115,False
1995-11,20,CAF,0.11377187264822465,11.377187264822465,False
1995-12,20,CAF,0.13953240410988443,13.953240410988442,False
1996-01,20,CAF,0.17197448773999485,17.197448773999486,False
1996-02,20,CAF,0.16999678384339534,16.999678384339532,False
1996-03,20,CAF,0.15919707329748978,15.919707329748977,False
1996-04,20,CAF,0.1493693367007157,14.93693367007157,False
1996-05,20,CAF,0.1404260963976513,14.04260963976513,False
1996-06,20,CAF,0.1322877477218627,13.22877477218627,False
1996-07,20,CAF,0.12488185042689506,12.488185042689507,False
1996-08,20,CAF,0.1136424838884745,11.36424838884745,False
1996-09,20,CAF,0.1124146603385118,11.24146603385118,False
1996-10,20,CAF,0.10229734090804574,10.229734090804573,False
1996-11,20,CAF,0.09759058022632162,9.759058022632162,False
1996-12,20,CAF,0.08880742800595268,8.880742800595268,False
1997-01,20,CAF,0.10781475948541694,10.781475948541694,False
1997-02,20,CAF,0.09811143113172942,9.811143113172943,False
1997-03,20,CAF,0.08928140232987378,8.928140232987378,False
1997-04,20,CAF,0.08124607612018514,8.124607612018513,False
1997-05,20,CAF,0.10093392926936848,10.093392926936847,False
1997-06,20,CAF,0.09184987563512531,9.18498756351253,False
1997-07,20,CAF,0.11958338682796404,11.958338682796404,False
1997-08,20,CAF,0.12232088201344728,12.232088201344729,False
1997-09,20,CAF,0.11131200263223702,11.131200263223702,False
1997-10,20,CAF,0.1057939223953357,10.579392239533568,False
1997-11,20,CAF,0.1007724693797555,10.07724693797555,False
1997-12,20,CAF,0.1367029471355775,13.670294713557752,False
1998-01,20,CAF,0.16039968189337553,16.039968189337554,False
1998-02,20,CAF,0.15496371052297175,15.496371052297174,False
1998-03,20,CAF,0.1410169765759043,14.101697657590432,False
1998-04,20,CAF,0.12832544868407292,12.832544868407291,False
1998-05,20,CAF,0.12127615830250636,12.127615830250637,False
1998-06,20,CAF,0.11486130405528079,11.48613040552808,False
1998-07,20,CAF,0.13152378669030554,13.152378669030554,False
1998-08,20,CAF,0.14218664588817803,14.218664588817804,False
1998-09,20,CAF,0.138389847758242,13.838984775824201,False
1998-10,20,CAF,0.12593476146000024,12.593476146000024,False
1998-11,20,CAF,0.11910063292860022,11.910063292860022,False
1998-12,20,CAF,0.1353815759650262,13.53815759650262,False
1999-01,20,CAF,0.18169723412817385,18.169723412817383,False
1999-02,20,CAF,0.1698444830566382,16.984448305663822,False
1999-03,20,CAF,0.1545584795815408,15.455847958154079,False
1999-04,20,CAF,0.14514821641920211,14.51482164192021,False
1999-05,20,CAF,0.14108487694147392,14.108487694147392,False
1999-06,20,CAF,0.13288723801674127,13.288723801674127,False
1999-07,20,CAF,0.12992738659523456,12.992738659523456,False
1999-08,20,CAF,0.11823392180166345,11.823392180166344,False
1999-09,20,CAF,0.11209286883951375,11.209286883951375,False
1999-10,20,CAF,0.10200451064395752,10.200451064395752,False
1999-11,20,CAF,0.09732410468600135,9.732410468600134,False
1999-12,20,CAF,0.14706493526426123,14.706493526426122,False
2000-01,20,CAF,0.16532909109047772,16.532909109047772,False
2000-02,20,CAF,0.15044947289233473,15.044947289233473,False
2000-03,20,CAF,0.13690902033202462,13.690902033202462,False
2000-04,20,CAF,0.12908720850214242,12.908720850214243,False
2000-05,20,CAF,0.12196935973694961,12.196935973694961,False
2000-06,20,CAF,0.11099211736062416,11.099211736062415,False
2000-07,20,CAF,0.12350282679816799,12.350282679816798,False
2000-08,20,CAF,0.11238757238633287,11.238757238633287,False
2000-09,20,CAF,0.10227269087156292,10.227269087156293,False
2000-10,20,CAF,0.09756814869312226,9.756814869312226,False
2000-11,20,CAF,0.08878701531074126,8.878701531074126,False
2000-12,20,CAF,0.11454618393277455,11.454618393277455,False
2001-01,20,CAF,0.13573702737882484,13.573702737882485,False
2001-02,20,CAF,0.12802069491473062,12.80206949147306,False
2001-03,20,CAF,0.11649883237240487,11.649883237240486,False
2001-04,20,CAF,0.11051393745888843,11.051393745888843,False
2001-05,20,CAF,0.13206768308758848,13.206768308758848,False
2001-06,20,CAF,0.12018159160970553,12.018159160970553,False
2001-07,20,CAF,0.14086524836483205,14.086524836483205,False
2001-08,20,CAF,0.12818737601199717,12.818737601199718,False
2001-09,20,CAF,0.11665051217091743,11.665051217091744,False
2001-10,20,CAF,0.10615196607553487,10.615196607553488,False
2001-11,20,CAF,0.09659828912873673,9.659828912873673,False
2001-12,20,CAF,0.13290444310715044,13.290444310715044,False
2002-01,20,CAF,0.1614430432275069,16.144304322750692,False
2002-02,20,CAF,0.1514131693370313,15.14131693370313,False
2002-03,20,CAF,0.1512859840966985,15.12859840966985,False
2002-04,20,CAF,0.14667024552799565,14.667024552799566,False
2002-05,20,CAF,0.14696992343047605,14.696992343047604,False
2002-06,20,CAF,0.1427426303217332,14.274263032173321,False
2002-07,20,CAF,0.15689579359277722,15.689579359277722,False
2002-08,20,CAF,0.14277517216942728,14.277517216942728,False
2002-09,20,CAF,0.13892540667417885,13.892540667417885,False
2002-10,20,CAF,0.13542212007350277,13.542212007350276,False
2002-11,20,CAF,0.13223412926688752,13.223412926688752,False
2002-12,20,CAF,0.16083305763286765,16.083305763286766,False
2003-01,20,CAF,0.16435808244590955,16.435808244590955,False
2003-02,20,CAF,0.1585658550257777,15.856585502577769,False
2003-03,20,CAF,0.1577949280734577,15.779492807345772,False
2003-04,20,CAF,0.14359338454684653,14.359338454684654,False
2003-05,20,CAF,0.16666997993763036,16.666997993763037,False
2003-06,20,CAF,0.15616968174324364,15.616968174324363,False
2003-07,20,CAF,0.1601144103863517,16.011441038635173,False
2003-08,20,CAF,0.14570411345158008,14.570411345158007,False
2003-09,20,CAF,0.13709074324093787,13.709074324093788,False
2003-10,20,CAF,0.12925257634925347,12.925257634925346,False
2003-11,20,CAF,0.12661984447782065,12.661984447782066,False
2003-12,20,CAF,0.1332240584748168,13.322405847481681,False
2004-01,20,CAF,0.1707338932120833,17.073389321208328,False
2004-02,20,CAF,0.1643678428229958,16.43678428229958,False
2004-03,20,CAF,0.14957473696892618,14.957473696892617,False
2004-04,20,CAF,0.14061301064172282,14.061301064172282,False
2004-05,20,CAF,0.14145783968396777,14.145783968396778,False
2004-06,20,CAF,0.13322663411241067,13.322663411241068,False
2004-07,20,CAF,0.14823623704229372,14.823623704229371,False
2004-08,20,CAF,0.1348949757084873,13.48949757084873,False
2004-09,20,CAF,0.12725442789472344,12.725442789472345,False
2004-10,20,CAF,0.12030152938419833,12.030152938419834,False
2004-11,20,CAF,0.10947439173962048,10.947439173962048,False
2004-12,20,CAF,0.09962169648305463,9.962169648305464,False
2005-01,20,CAF,0.09515574379957972,9.515574379957972,False
2005-02,20,CAF,0.08659172685761755,8.659172685761755,False
2005-03,20,CAF,0.07879847144043198,7.879847144043198,False
2005-04,20,CAF,0.10443388173806584,10.443388173806584,False
2005-05,20,CAF,0.11753483238163992,11.753483238163993,False
2005-06,20,CAF,0.10695669746729233,10.695669746729234,False
2005-07,20,CAF,0.11083059469523603,11.083059469523603,False
2005-08,20,CAF,0.10085584117266479,10.085584117266478,False
2005-09,20,CAF,0.09177881546712496,9.177881546712497,False
2005-10,20,CAF,0.08351872207508372,8.351872207508372,False
2005-11,20,CAF,0.07600203708832619,7.600203708832619,False
2005-12,20,CAF,0.10066185375037684,10.066185375037684,False
2006-01,20,CAF,0.13210228691284293,13.210228691284293,False
2006-02,20,CAF,0.15171308109068707,15.171308109068708,False
2006-03,20,CAF,0.14255890379252525,14.255890379252525,False
2006-04,20,CAF,0.161228602451198,16.1228602451198,False
2006-05,20,CAF,0.1557180282305902,15.57180282305902,False
2006-06,20,CAF,0.14620340568983708,14.620340568983709,False
2006-07,20,CAF,0.16454509917775176,16.454509917775177,False
2006-08,20,CAF,0.1587360402517541,15.87360402517541,False
2006-09,20,CAF,0.15344979662909625,15.344979662909624,False
2006-10,20,CAF,0.1531393149324776,15.31393149324776,False
2006-11,20,CAF,0.14835677658855462,14.835677658855461,False
2006-12,20,CAF,0.18000466669558468,18.000466669558467,False
2007-01,20,CAF,0.16380424669298208,16.380424669298208,False
2007-02,20,CAF,0.1670618644906137,16.70618644906137,False
2007-03,20,CAF,0.1655262966864585,16.55262966864585,False
2007-04,20,CAF,0.20357010645526546,20.357010645526547,False
2007-05,20,CAF,0.20324879687429157,20.324879687429156,False
2007-06,20,CAF,0.19395640515560533,19.395640515560533,False
2007-07,20,CAF,0.18100032869160088,18.10003286916009,False
2007-08,20,CAF,0.17821029910935682,17.821029910935682,False
2007-09,20,CAF,0.17117137218951473,17.117137218951473,False
2007-10,20,CAF,0.1557659486924584,15.576594869245842,False
2007-11,20,CAF,0.14624701331013717,14.624701331013718,False
2007-12,20,CAF,0.19158478211222482,19.158478211222484,False
2008-01,20,CAF,0.21934215172212457,21.934215172212458,False
2008-02,20,CAF,0.21760135806713335,21.760135806713336,False
2008-03,20,CAF,0.20701723584109136,20.701723584109136,False
2008-04,20,CAF,0.20638568461539314,20.638568461539315,False
2008-05,20,CAF,0.19681097300000777,19.681097300000776,False
2008-06,20,CAF,0.18359798543000708,18.359798543000707,False
2008-07,20,CAF,0.20307416674130646,20.307416674130646,False
2008-08,20,CAF,0.1847974917345889,18.479749173458888,False
2008-09,20,CAF,0.1726657174784759,17.26657174784759,False
2008-10,20,CAF,0.16162580290541306,16.162580290541307,False
2008-11,20,CAF,0.1470794806439259,14.707948064392589,False
2008-12,20,CAF,0.14284232738597258,14.284232738597257,False
2009-01,20,CAF,0.13898651792123506,13.898651792123506,False
2009-02,20,CAF,0.1354777313083239,13.547773130832391,False
2009-03,20,CAF,0.12328473549057477,12.328473549057477,False
2009-04,20,CAF,0.11218910929642305,11.218910929642306,False
2009-05,20,CAF,0.12009208945974498,12.009208945974498,False
2009-06,20,CAF,0.11378380140836794,11.378380140836795,False
2009-07,20,CAF,0.12604325928161483,12.604325928161483,False
2009-08,20,CAF,0.11919936594626951,11.91993659462695,False
2009-09,20,CAF,0.11297142301110526,11.297142301110526,False
2009-10,20,CAF,0.10730399494010578,10.730399494010578,False
2009-11,20,CAF,0.11114663539549627,11.114663539549626,False
2009-12,20,CAF,0.1371434382099016,13.71434382099016,False
2010-01,20,CAF,0.15180052877101047,15.180052877101048,False
2010-02,20,CAF,0.13813848118161953,13.813848118161953,False
2010-03,20,CAF,0.13020601787527378,13.020601787527378,False
2010-04,20,CAF,0.12848747626649915,12.848747626649914,False
2010-05,20,CAF,0.11692360340251423,11.692360340251422,False
2010-06,20,CAF,0.11540047909628795,11.540047909628795,False
2010-07,20,CAF,0.14358586454905062,14.358586454905062,False
2010-08,20,CAF,0.14416313673963607,14.416313673963607,False
2010-09,20,CAF,0.14468845443306885,14.468845443306884,False
2010-10,20,CAF,0.14066649353409266,14.066649353409266,False
2010-11,20,CAF,0.13700650911602433,13.700650911602432,False
2010-12,20,CAF,0.13817592329558215,13.817592329558215,False
2011-01,20,CAF,0.13924009019897976,13.924009019897976,False
2011-02,20,CAF,0.13570848208107159,13.570848208107158,False
2011-03,20,CAF,0.13249471869377516,13.249471869377516,False
2011-04,20,CAF,0.1355701940113354,13.557019401133541,False
2011-05,20,CAF,0.14586887655031522,14.586887655031521,False
2011-06,20,CAF,0.14174067766078685,14.174067766078686,False
2011-07,20,CAF,0.13348401667131604,13.348401667131604,False
2011-08,20,CAF,0.1259704551708976,12.59704551708976,False
2011-09,20,CAF,0.11913311420551684,11.913311420551684,False
2011-10,20,CAF,0.11291113392702033,11.291113392702034,False
2011-11,20,CAF,0.1117491318735885,11.17491318735885,False
2011-12,20,CAF,0.15569171000496554,15.569171000496555,False
2012-01,20,CAF,0.17767945610451866,17.767945610451864,False
2012-02,20,CAF,0.16618830505511198,16.6188305055112,False
2012-03,20,CAF,0.1692313576001519,16.92313576001519,False
2012-04,20,CAF,0.17200053541613822,17.200053541613823,False
2012-05,20,CAF,0.16102048722868578,16.102048722868577,False
2012-06,20,CAF,0.15102864337810407,15.102864337810406,False
2012-07,20,CAF,0.1779360654740747,17.79360654740747,False
2012-08,20,CAF,0.16642181958140798,16.642181958140796,False
2012-09,20,CAF,0.15594385581908127,15.594385581908126,False
2012-10,20,CAF,0.14640890879536397,14.640890879536398,False
2012-11,20,CAF,0.13773210700378122,13.773210700378122,False
2012-12,20,CAF,0.15683621737344092,15.683621737344092,False
2013-01,20,CAF,0.17422095780983124,17.422095780983124,False
2013-02,20,CAF,0.16304107160694645,16.304107160694645,False
2013-03,20,CAF,0.15286737516232127,15.286737516232126,False
2013-04,20,CAF,0.1554729477613487,15.547294776134871,False
2013-05,20,CAF,0.1594803824628273,15.948038246282731,False
2013-06,20,CAF,0.14962714804117286,14.962714804117287,False
2013-07,20,CAF,0.1586607047174673,15.86607047174673,False
2013-08,20,CAF,0.14438124129289523,14.438124129289523,False
2013-09,20,CAF,0.13138692957653467,13.138692957653467,False
2013-10,20,CAF,0.11956210591464655,11.956210591464655,False
2013-11,20,CAF,0.10880151638232836,10.880151638232837,False
2013-12,20,CAF,0.14400937990791882,14.400937990791881,False
2014-01,20,CAF,0.1535485357162061,15.35485357162061,False
2014-02,20,CAF,0.13972916750174758,13.972916750174758,False
2014-03,20,CAF,0.1316535424265903,13.16535424265903,False
2014-04,20,CAF,0.15730472360819717,15.730472360819716,False
2014-05,20,CAF,0.15214729848345943,15.214729848345943,False
2014-06,20,CAF,0.1384540416199481,13.845404161994809,False
2014-07,20,CAF,0.16649317787415277,16.649317787415278,False
2014-08,20,CAF,0.19650879186547904,19.650879186547904,False
2014-09,20,CAF,0.17882300059758593,17.88230005975859,False
2014-10,20,CAF,0.16272893054380322,16.272893054380322,False
2014-11,20,CAF,0.14808332679486094,14.808332679486094,False
2014-12,20,CAF,0.13475582738332345,13.475582738332346,False
2015-01,20,CAF,0.15862780291882433,15.862780291882434,False
2015-02,20,CAF,0.17135130065613013,17.135130065613012,False
2015-03,20,CAF,0.15592968359707843,15.592968359707843,False
2015-04,20,CAF,0.14189601207334138,14.189601207334137,False
2015-05,20,CAF,0.16062537098674065,16.062537098674063,False
2015-06,20,CAF,0.146169087597934,14.6169087597934,False
2015-07,20,CAF,0.14651386971411998,14.651386971411998,False
2015-08,20,CAF,0.1693276214398492,16.93276214398492,False
2015-09,20,CAF,0.15408813551026276,15.408813551026276,False
2015-10,20,CAF,0.14022020331433913,14.022020331433913,False
2015-11,20,CAF,0.12760038501604862,12.760038501604862,False
2015-12,20,CAF,0.15111635036460425,15.111635036460424,False
2016-01,20,CAF,0.16901587883178987,16.901587883178987,False
2016-02,20,CAF,0.17180444973692877,17.180444973692875,False
2016-03,20,CAF,0.1563420492606052,15.63420492606052,False
2016-04,20,CAF,0.14227126482715072,14.227126482715072,False
2016-05,20,CAF,0.12946685099270716,12.946685099270717,False
2016-06,20,CAF,0.11781483440336352,11.781483440336352,False
2016-07,20,CAF,0.10721149930706081,10.721149930706082,False
2016-08,20,CAF,0.11106246436942534,11.106246436942534,False
2016-09,20,CAF,0.10106684257617705,10.106684257617706,False
2016-10,20,CAF,0.09197082674432112,9.197082674432112,False
2016-11,20,CAF,0.08369345233733222,8.369345233733222,False
2016-12,20,CAF,0.10616104162697232,10.616104162697232,False
2017-01,20,CAF,0.12810654788054482,12.810654788054482,False
2017-02,20,CAF,0.16157695857129578,16.15769585712958,False
2017-03,20,CAF,0.14703503229987916,14.703503229987916,False
2017-04,20,CAF,0.13380187939289004,13.380187939289003,False
2017-05,20,CAF,0.16675971024752995,16.675971024752993,False
2017-06,20,CAF,0.15175133632525226,15.175133632525226,False
2017-07,20,CAF,0.16059371605597955,16.059371605597956,False
2017-08,20,CAF,0.1461402816109414,14.61402816109414,False
2017-09,20,CAF,0.13298765626595668,13.298765626595669,False
2017-10,20,CAF,0.12101876720202058,12.101876720202059,False
2017-11,20,CAF,0.11012707815383874,11.012707815383873,False
2017-12,20,CAF,0.11821564111999326,11.821564111999326,False
2018-01,20,CAF,0.10757623341919387,10.757623341919388,False
2018-02,20,CAF,0.09789437241146642,9.789437241146642,False
2018-03,20,CAF,0.08908387889443445,8.908387889443445,False
2018-04,20,CAF,0.09906632979393536,9.906632979393535,False
2018-05,20,CAF,0.10365036011248117,10.365036011248117,False
2018-06,20,CAF,0.09432182770235788,9.432182770235787,False
2018-07,20,CAF,0.09483286320914566,9.483286320914566,False
2018-08,20,CAF,0.08629790552032256,8.629790552032256,False
2018-09,20,CAF,0.07853109402349354,7.853109402349354,False
2018-10,20,CAF,0.07146329556137912,7.146329556137912,False
2018-11,20,CAF,0.065031598960855,6.5031598960855,False
2018-12,20,CAF,0.06367875505437806,6.367875505437806,False
2019-01,20,CAF,0.05794766709948404,5.794766709948404,False
2019-02,20,CAF,0.05273237706053048,5.273237706053048,False
2019-03,20,CAF,0.047986463125082736,4.798646312508273,False
2019-04,20,CAF,0.04366768144382529,4.366768144382529,False
2019-05,20,CAF,0.09223759011388101,9.2237590113881,False
2019-06,20,CAF,0.08393620700363172,8.393620700363172,False
2019-07,20,CAF,0.12588194837330485,12.588194837330485,False
2019-08,20,CAF,0.11455257301970742,11.455257301970741,False
2019-09,20,CAF,0.10424284144793376,10.424284144793376,False
2019-10,20,CAF,0.09936098571761973,9.936098571761972,False
2019-11,20,CAF,0.09491849700303395,9.491849700303396,False
2019-12,20,CAF,0.0863758322727609,8.637583227276089,False
2020-01,20,CAF,0.07860200736821242,7.860200736821242,False
2020-02,20,CAF,0.07152782670507331,7.152782670507331,False
2020-03,20,CAF,0.06509032230161671,6.5090322301616705,False
2020-04,20,CAF,0.05923219329447121,5.923219329447121,False
2020-05,20,CAF,0.0539012958979688,5.39012958979688,False
2020-06,20,CAF,0.049050179267151606,4.905017926715161,False
2020-07,20,CAF,0.04463566313310796,4.463566313310796,False
2020-08,20,CAF,0.040618453451128245,4.0618453451128245,False
2020-09,20,CAF,0.0369627926405267,3.69627926405267,False
2020-10,20,CAF,0.038136141302879296,3.8136141302879296,False
2020-11,20,CAF,0.039203888585620156,3.9203888585620157,False
2020-12,20,CAF,0.035675538612914344,3.5675538612914344,False
2021-01,20,CAF,0.03246474013775205,3.246474013775205,False
2021-02,20,CAF,0.029542913525354368,2.954291352535437,False
2021-03,20,CAF,0.03138405130807247,3.1384051308072474,False
2021-04,20,CAF,0.03305948669034595,3.305948669034595,False
2021-05,20,CAF,0.03458413288821482,3.4584132888214816,False
2021-06,20,CAF,0.035971560928275484,3.5971560928275483,False
2021-07,20,CAF,0.03273412044473069,3.2734120444730688,False
2021-08,20,CAF,0.07978804960470492,7.978804960470493,False
2021-09,20,CAF,0.0771071251402815,7.710712514028149,False
2021-10,20,CAF,0.07466748387765616,7.466748387765616,False
2021-11,20,CAF,0.06794741032866711,6.79474103286671,False
2021-12,20,CAF,0.08883214339908707,8.883214339908708,False
2022-01,20,CAF,0.10333725049316925,10.333725049316925,False
2022-02,20,CAF,0.10753689794878402,10.753689794878401,False
2022-03,20,CAF,0.09785857713339345,9.785857713339345,False
2022-04,20,CAF,0.08905130519138804,8.905130519138805,False
2022-05,20,CAF,0.10803668772416311,10.80366877241631,False
2022-06,20,CAF,0.09831338582898844,9.831338582898844,False
2022-07,20,CAF,0.15946518110437946,15.946518110437946,False
2022-08,20,CAF,0.14511331480498532,14.511331480498532,False
2022-09,20,CAF,0.13205311647253665,13.205311647253664,False
2022-10,20,CAF,0.12016833599000835,12.016833599000835,False
2022-11,20,CAF,0.11385318575090761,11.38531857509076,False
2022-12,20,CAF,0.11260639903332592,11.260639903332592,False
2023-01,20,CAF,0.10247182312032659,10.247182312032658,False
2023-02,20,CAF,0.0932493590394972,9.32493590394972,False
2023-03,20,CAF,0.08935691672594245,8.935691672594245,False
2023-04,20,CAF,0.08131479422060764,8.131479422060764,False
2023-05,20,CAF,0.07399646274075296,7.3996462740752955,False
2023-06,20,CAF,0.0718367810940852,7.18367810940852,False
2023-07,20,CAF,0.08787147079561752,8.787147079561752,False
2023-08,20,CAF,0.13246303842401194,13.246303842401193,False
2023-09,20,CAF,0.12504136496585086,12.504136496585087,False
2023-10,20,CAF,0.11828764211892429,11.828764211892429,False
2023-11,20,CAF,0.11214175432822111,11.214175432822111,False
2023-12,20,CAF,0.10204899643868122,10.204899643868123,False
2024-01,20,CAF,0.1333645867591999,13.33645867591999,False
2024-02,20,CAF,0.16136177395087192,16.13617739508719,False
2024-03,20,CAF,0.15133921429529346,15.133921429529346,False
2024-04,20,CAF,0.13771868500871706,13.771868500871706,False
2024-05,20,CAF,0.12532400335793253,12.532400335793254,False
2024-06,20,CAF,0.11854484305571861,11.85448430557186,False
2024-07,20,CAF,0.10787580718070394,10.787580718070394,False
2024-08,20,CAF,0.09816698453444059,9.816698453444058,False
2024-09,20,CAF,0.08933195592634094,8.933195592634094,False
2024-10,20,CAF,0.08129207989297026,8.129207989297026,False
2024-11,20,CAF,0.08297579270260293,8.297579270260293,False
2024-12,20,CAF,0.07550797135936867,7.550797135936866,False
2025-01,20,CAF,0.09640456162933318,9.640456162933319,False
2025-02,20,CAF,0.1027281510826932,10.27281510826932,False
2025-03,20,CAF,0.09348261748525082,9.348261748525081,False
2025-04,20,CAF,0.08506918191157825,8.506918191157824,False
2025-05,20,CAF,0.09428795553953621,9.428795553953622,False
2025-06,20,CAF,0.09030203954097796,9.030203954097797,False
2025-07,20,CAF,0.08217485598228995,8.217485598228995,False
2025-08,20,CAF,0.07477911894388385,7.477911894388385,False
2025-09,20,CAF,0.0725489982389343,7.254899823893431,False
2025-10,20,CAF,0.07501958839743021,7.501958839743021,False
2025-11,20,CAF,0.07726782544166148,7.726782544166149,False
2025-12,20,CAF,0.12881372115191195,12.881372115191194,False
2026-01,20,CAF,0.1802204862482399,18.022048624823988,False
2026-02,20,CAF,0.1640006424858983,16.40006424858983,False
2026-03,20,CAF,0.15824058466216745,15.824058466216744,False
2026-04,20,CAF,0.1529989320425724,15.29989320425724,False
2026-05,20,CAF,0.15722902815874087,15.722902815874088,False
2026-06,20,CAF,0.1475784156244542,14.757841562445421,False
2026-07,20,CAF,0.15229635821825332,15.229635821825333,False
2026-08,20,CAF,0.15229635821825332,15.229635821825333,True
2026-09,20,CAF,0.15229635821825332,15.229635821825333,True
2026-10,20,CAF,0.15229635821825332,15.229635821825333,True
2026-11,20,CAF,0.15229635821825332,15.229635821825333,True
2026-12,20,CAF,0.15229635821825332,15.229635821825333,True
2027-01,20,CAF,0.15229635821825332,15.229635821825333,True
2027-02,20,CAF,0.15229635821825332,15.229635821825333,True
2027-03,20,CAF,0.15229635821825332,15.229635821825333,True
2027-04,20,CAF,0.15229635821825332,15.229635821825333,True
2027-05,20,CAF,0.15229635821825332,15.229635821825333,True
2027-06,20,CAF,0.15229635821825332,15.229635821825333,True
2027-07,20,CAF,0.15229635821825332,15.229635821825333,True
1992-01,20,CONCACAF,0.05,5.0,False
1992-02,20,CONCACAF,0.05,5.0,False
1992-03,20,CONCACAF,0.053,5.3,False
1992-04,20,CONCACAF,0.05291,5.2909999999999995,False
1992-05,20,CONCACAF,0.0513227,5.13227,False
1992-06,20,CONCACAF,0.052783019,5.2783019,False
1992-07,20,CONCACAF,0.05719952843,5.719952843,False
1992-08,20,CONCACAF,0.059983542577099994,5.998354257709999,False
1992-09,20,CONCACAF,0.058184036299786995,5.818403629978699,False
1992-10,20,CONCACAF,0.057938515210793386,5.793851521079339,False
1992-11,20,CONCACAF,0.057700359754469584,5.770035975446959,False
1992-12,20,CONCACAF,0.06046934896183549,6.046934896183549,False
1993-01,20,CONCACAF,0.06315526849298042,6.315526849298042,False
1993-02,20,CONCACAF,0.062760610438191,6.276061043819101,False
1993-03,20,CONCACAF,0.062377792125045274,6.2377792125045275,False
1993-04,20,CONCACAF,0.06200645836129392,6.200645836129392,False
1993-05,20,CONCACAF,0.0631462646104551,6.31462646104551,False
1993-06,20,CONCACAF,0.06425187667214144,6.425187667214144,False
1993-07,20,CONCACAF,0.06682432037197719,6.682432037197719,False
1993-08,20,CONCACAF,0.07081959076081788,7.081959076081788,False
1993-09,20,CONCACAF,0.07169500303799335,7.169500303799335,False
1993-10,20,CONCACAF,0.07104415294685355,7.104415294685356,False
1993-11,20,CONCACAF,0.07041282835844795,7.041282835844795,False
1993-12,20,CONCACAF,0.07280044350769452,7.280044350769452,False
1994-01,20,CONCACAF,0.07661643020246368,7.661643020246369,False
1994-02,20,CONCACAF,0.07881793729638978,7.881793729638978,False
1994-03,20,CONCACAF,0.07945339917749808,7.945339917749808,False
1994-04,20,CONCACAF,0.07856979720217314,7.856979720217313,False
1994-05,20,CONCACAF,0.07771270328610794,7.771270328610794,False
1994-06,20,CONCACAF,0.0783813221875247,7.838132218752469,False
1994-07,20,CONCACAF,0.07902988252189895,7.902988252189895,False
1994-08,20,CONCACAF,0.07665898604624198,7.665898604624198,False
1994-09,20,CONCACAF,0.07435921646485472,7.435921646485472,False
1994-10,20,CONCACAF,0.07212843997090908,7.212843997090908,False
1994-11,20,CONCACAF,0.0699645867717818,6.99645867717818,False
1994-12,20,CONCACAF,0.06936564916862835,6.936564916862835,False
1995-01,20,CONCACAF,0.0702846796935695,7.028467969356949,False
1995-02,20,CONCACAF,0.07117613930276241,7.117613930276241,False
1995-03,20,CONCACAF,0.07204085512367954,7.204085512367954,False
1995-04,20,CONCACAF,0.06987962946996915,6.987962946996914,False
1995-05,20,CONCACAF,0.07078324058587007,7.0783240585870075,False
1995-06,20,CONCACAF,0.07165974336829398,7.1659743368293976,False
1995-07,20,CONCACAF,0.07400995106724516,7.400995106724515,False
1995-08,20,CONCACAF,0.0732896525352278,7.328965253522781,False
1995-09,20,CONCACAF,0.07259096295917097,7.2590962959170975,False
1995-10,20,CONCACAF,0.07341323407039585,7.341323407039585,False
1995-11,20,CONCACAF,0.07271083704828397,7.271083704828397,False
1995-12,20,CONCACAF,0.07502951193683546,7.502951193683546,False
1996-01,20,CONCACAF,0.08027862657873039,8.027862657873039,False
1996-02,20,CONCACAF,0.07937026778136848,7.937026778136848,False
1996-03,20,CONCACAF,0.07848915974792742,7.8489159747927415,False
1996-04,20,CONCACAF,0.0776344849554896,7.7634484955489595,False
1996-05,20,CONCACAF,0.07980545040682491,7.9805450406824905,False
1996-06,20,CONCACAF,0.08041128689462015,8.041128689462015,False
1996-07,20,CONCACAF,0.08399894828778155,8.399894828778155,False
1996-08,20,CONCACAF,0.08447897983914811,8.44789798391481,False
1996-09,20,CONCACAF,0.08494461044397367,8.494461044397367,False
1996-10,20,CONCACAF,0.08389627213065445,8.389627213065445,False
1996-11,20,CONCACAF,0.08287938396673482,8.287938396673482,False
1996-12,20,CONCACAF,0.08189300244773277,8.189300244773277,False
1997-01,20,CONCACAF,0.08093621237430079,8.09362123743008,False
1997-02,20,CONCACAF,0.08150812600307177,8.150812600307177,False
1997-03,20,CONCACAF,0.08056288222297961,8.056288222297962,False
1997-04,20,CONCACAF,0.07814599575629022,7.814599575629022,False
1997-05,20,CONCACAF,0.07730161588360152,7.7301615883601515,False
1997-06,20,CONCACAF,0.07648256740709347,7.648256740709347,False
1997-07,20,CONCACAF,0.07718809038488067,7.718809038488067,False
1997-08,20,CONCACAF,0.07487244767333424,7.487244767333425,False
1997-09,20,CONCACAF,0.07262627424313421,7.262627424313421,False
1997-10,20,CONCACAF,0.07044748601584018,7.044748601584018,False
1997-11,20,CONCACAF,0.06983406143536497,6.983406143536497,False
1997-12,20,CONCACAF,0.07073903959230401,7.073903959230401,False
1998-01,20,CONCACAF,0.07161686840453489,7.1616868404534895,False
1998-02,20,CONCACAF,0.07396836235239884,7.396836235239884,False
1998-03,20,CONCACAF,0.07324931148182688,7.324931148182688,False
1998-04,20,CONCACAF,0.07255183213737207,7.255183213737207,False
1998-05,20,CONCACAF,0.0748752771732509,7.48752771732509,False
1998-06,20,CONCACAF,0.07412901885805337,7.412901885805337,False
1998-07,20,CONCACAF,0.07640514829231176,7.640514829231177,False
1998-08,20,CONCACAF,0.0741129938435424,7.4112993843542405,False
1998-09,20,CONCACAF,0.07188960402823613,7.188960402823613,False
1998-10,20,CONCACAF,0.06973291590738905,6.973291590738905,False
1998-11,20,CONCACAF,0.06914092843016738,6.914092843016737,False
1998-12,20,CONCACAF,0.06706670057726236,6.706670057726235,False
1999-01,20,CONCACAF,0.06805469955994449,6.805469955994449,False
1999-02,20,CONCACAF,0.06751305857314616,6.751305857314616,False
1999-03,20,CONCACAF,0.06698766681595177,6.698766681595177,False
1999-04,20,CONCACAF,0.06797803681147321,6.797803681147322,False
1999-05,20,CONCACAF,0.07493869570712901,7.493869570712901,False
1999-06,20,CONCACAF,0.07419053483591513,7.419053483591513,False
1999-07,20,CONCACAF,0.08096481879083767,8.096481879083766,False
1999-08,20,CONCACAF,0.08153587422711253,8.153587422711253,False
1999-09,20,CONCACAF,0.08058979800029915,8.058979800029915,False
1999-10,20,CONCACAF,0.07967210406029018,7.967210406029018,False
1999-11,20,CONCACAF,0.07878194093848148,7.8781940938481485,False
1999-12,20,CONCACAF,0.08241848271032703,8.241848271032703,False
2000-01,20,CONCACAF,0.08744592822901723,8.744592822901723,False
2000-02,20,CONCACAF,0.08932255038214672,8.932255038214672,False
2000-03,20,CONCACAF,0.08814287387068231,8.814287387068232,False
2000-04,20,CONCACAF,0.08699858765456184,8.699858765456185,False
2000-05,20,CONCACAF,0.08738863002492499,8.738863002492499,False
2000-06,20,CONCACAF,0.08926697112417724,8.926697112417724,False
2000-07,20,CONCACAF,0.09558896199045191,9.558896199045192,False
2000-08,20,CONCACAF,0.09722129313073836,9.722129313073836,False
2000-09,20,CONCACAF,0.09730465433681622,9.730465433681621,False
2000-10,20,CONCACAF,0.09738551470671174,9.738551470671174,False
2000-11,20,CONCACAF,0.10046394926551039,10.046394926551038,False
2000-12,20,CONCACAF,0.09932503078754508,9.932503078754507,False
2001-01,20,CONCACAF,0.10234527986391873,10.234527986391873,False
2001-02,20,CONCACAF,0.10227492146800117,10.227492146800117,False
2001-03,20,CONCACAF,0.10220667382396113,10.220667382396114,False
2001-04,20,CONCACAF,0.1021404736092423,10.21404736092423,False
2001-05,20,CONCACAF,0.10507625940096504,10.507625940096505,False
2001-06,20,CONCACAF,0.10342397161893609,10.342397161893608,False
2001-07,20,CONCACAF,0.107821252470368,10.7821252470368,False
2001-08,20,CONCACAF,0.10608661489625695,10.608661489625696,False
2001-09,20,CONCACAF,0.10890401644936924,10.890401644936924,False
2001-10,20,CONCACAF,0.11013689595588817,11.013689595588817,False
2001-11,20,CONCACAF,0.11133278907721153,11.133278907721152,False
2001-12,20,CONCACAF,0.11249280540489519,11.249280540489519,False
2002-01,20,CONCACAF,0.11511802124274834,11.511802124274833,False
2002-02,20,CONCACAF,0.11616448060546589,11.616448060546588,False
2002-03,20,CONCACAF,0.1156795461873019,11.567954618730191,False
2002-04,20,CONCACAF,0.11670915980168285,11.670915980168285,False
2002-05,20,CONCACAF,0.11770788500763237,11.770788500763237,False
2002-06,20,CONCACAF,0.11717664845740339,11.71766484574034,False
2002-07,20,CONCACAF,0.12116134900368128,12.116134900368127,False
2002-08,20,CONCACAF,0.11752650853357084,11.752650853357084,False
2002-09,20,CONCACAF,0.11400071327756371,11.400071327756372,False
2002-10,20,CONCACAF,0.1105806918792368,11.05806918792368,False
2002-11,20,CONCACAF,0.1117632711228597,11.176327112285971,False
2002-12,20,CONCACAF,0.11141037298917392,11.141037298917391,False
2003-01,20,CONCACAF,0.1200680617994987,12.00680617994987,False
2003-02,20,CONCACAF,0.12096601994551373,12.096601994551373,False
2003-03,20,CONCACAF,0.12333703934714832,12.333703934714832,False
2003-04,20,CONCACAF,0.12263692816673387,12.263692816673387,False
2003-05,20,CONCACAF,0.12345782032173186,12.345782032173187,False
2003-06,20,CONCACAF,0.12275408571207991,12.27540857120799,False
2003-07,20,CONCACAF,0.1340714631407175,13.407146314071749,False
2003-08,20,CONCACAF,0.13304931924649596,13.304931924649596,False
2003-09,20,CONCACAF,0.1290578396691011,12.905783966910109,False
2003-10,20,CONCACAF,0.12668610447902806,12.668610447902806,False
2003-11,20,CONCACAF,0.12438552134465722,12.438552134465722,False
2003-12,20,CONCACAF,0.1236539557043175,12.365395570431751,False
2004-01,20,CONCACAF,0.12444433703318798,12.444433703318799,False
2004-02,20,CONCACAF,0.12371100692219235,12.371100692219235,False
2004-03,20,CONCACAF,0.12299967671452658,12.299967671452658,False
2004-04,20,CONCACAF,0.12230968641309078,12.230968641309078,False
2004-05,20,CONCACAF,0.11864039582069806,11.864039582069806,False
2004-06,20,CONCACAF,0.11808118394607711,11.80811839460771,False
2004-07,20,CONCACAF,0.1190387484276948,11.90387484276948,False
2004-08,20,CONCACAF,0.11696758597486395,11.696758597486395,False
2004-09,20,CONCACAF,0.11645855839561803,11.645855839561802,False
2004-10,20,CONCACAF,0.11596480164374949,11.596480164374949,False
2004-11,20,CONCACAF,0.11548585759443701,11.548585759443702,False
2004-12,20,CONCACAF,0.1240212818666039,12.40212818666039,False
2005-01,20,CONCACAF,0.13380064341060577,13.380064341060576,False
2005-02,20,CONCACAF,0.1327866241082876,13.27866241082876,False
2005-03,20,CONCACAF,0.13180302538503896,13.180302538503897,False
2005-04,20,CONCACAF,0.13603075280530597,13.603075280530597,False
2005-05,20,CONCACAF,0.1364498302211468,13.64498302211468,False
2005-06,20,CONCACAF,0.13685633531451238,13.685633531451238,False
2005-07,20,CONCACAF,0.14925064525507703,14.925064525507704,False
2005-08,20,CONCACAF,0.14777312589742472,14.777312589742472,False
2005-09,20,CONCACAF,0.14633993212050198,14.633993212050198,False
2005-10,20,CONCACAF,0.14494973415688692,14.494973415688692,False
2005-11,20,CONCACAF,0.1421012421321803,14.21012421321803,False
2005-12,20,CONCACAF,0.1393382048682149,13.93382048682149,False
2006-01,20,CONCACAF,0.14115805872216847,14.115805872216846,False
2006-02,20,CONCACAF,0.14442331696050342,14.442331696050342,False
2006-03,20,CONCACAF,0.14309061745168833,14.309061745168833,False
2006-04,20,CONCACAF,0.14179789892813768,14.17978989281377,False
2006-05,20,CONCACAF,0.14054396196029356,14.054396196029357,False
2006-06,20,CONCACAF,0.13932764310148477,13.932764310148476,False
2006-07,20,CONCACAF,0.1381478138084402,13.814781380844021,False
2006-08,20,CONCACAF,0.135503379394187,13.5503379394187,False
2006-09,20,CONCACAF,0.13143827801236138,13.143827801236139,False
2006-10,20,CONCACAF,0.12749512967199053,12.749512967199053,False
2006-11,20,CONCACAF,0.12367027578183082,12.367027578183082,False
2006-12,20,CONCACAF,0.12296016750837589,12.29601675083759,False
2007-01,20,CONCACAF,0.1342713624831246,13.42713624831246,False
2007-02,20,CONCACAF,0.13024322160863086,13.024322160863086,False
2007-03,20,CONCACAF,0.12933592496037194,12.933592496037194,False
2007-04,20,CONCACAF,0.1307499648586196,13.07499648586196,False
2007-05,20,CONCACAF,0.13732746591286102,13.732746591286102,False
2007-06,20,CONCACAF,0.1362076419354752,13.620764193547519,False
2007-07,20,CONCACAF,0.13812141267741093,13.812141267741094,False
2007-08,20,CONCACAF,0.1369777702970886,13.69777702970886,False
2007-09,20,CONCACAF,0.13586843718817596,13.586843718817596,False
2007-10,20,CONCACAF,0.13479238407253066,13.479238407253066,False
2007-11,20,CONCACAF,0.13224861255035475,13.224861255035474,False
2007-12,20,CONCACAF,0.12978115417384412,12.978115417384412,False
2008-01,20,CONCACAF,0.1303877195486288,13.038771954862879,False
2008-02,20,CONCACAF,0.12947608796216992,12.947608796216992,False
2008-03,20,CONCACAF,0.13009180532330483,13.009180532330483,False
2008-04,20,CONCACAF,0.1381890511636057,13.818905116360568,False
2008-05,20,CONCACAF,0.13704337962869753,13.704337962869753,False
2008-06,20,CONCACAF,0.1374320782398366,13.74320782398366,False
2008-07,20,CONCACAF,0.1438091158926415,14.38091158926415,False
2008-08,20,CONCACAF,0.14249484241586224,14.249484241586224,False
2008-09,20,CONCACAF,0.14121999714338637,14.121999714338637,False
2008-10,20,CONCACAF,0.1399833972290848,13.99833972290848,False
2008-11,20,CONCACAF,0.13878389531221225,13.878389531221224,False
2008-12,20,CONCACAF,0.1436203784528459,14.36203784528459,False
2009-01,20,CONCACAF,0.14681176709926053,14.681176709926053,False
2009-02,20,CONCACAF,0.14390741408628271,14.390741408628271,False
2009-03,20,CONCACAF,0.14259019166369424,14.259019166369423,False
2009-04,20,CONCACAF,0.13981248591378342,13.981248591378343,False
2009-05,20,CONCACAF,0.14311811133636992,14.311811133636992,False
2009-06,20,CONCACAF,0.14182456799627882,14.182456799627882,False
2009-07,20,CONCACAF,0.15406983095639043,15.406983095639044,False
2009-08,20,CONCACAF,0.1539477360276987,15.39477360276987,False
2009-09,20,CONCACAF,0.15382930394686775,15.382930394686776,False
2009-10,20,CONCACAF,0.15221442482846173,15.221442482846173,False
2009-11,20,CONCACAF,0.14914799208360788,14.914799208360789,False
2009-12,20,CONCACAF,0.14467355232109963,14.467355232109963,False
2010-01,20,CONCACAF,0.14633334575146664,14.633334575146664,False
2010-02,20,CONCACAF,0.14944334537892265,14.944334537892265,False
2010-03,20,CONCACAF,0.14646004501755497,14.646004501755497,False
2010-04,20,CONCACAF,0.15873291033369497,15.873291033369497,False
2010-05,20,CONCACAF,0.15697092302368412,15.697092302368413,False
2010-06,20,CONCACAF,0.1552617953329736,15.526179533297361,False
2010-07,20,CONCACAF,0.15274679861584153,15.274679861584154,False
2010-08,20,CONCACAF,0.14966439465736628,14.966439465736627,False
2010-09,20,CONCACAF,0.1466744628176453,14.66744628176453,False
2010-10,20,CONCACAF,0.14377422893311592,14.377422893311593,False
2010-11,20,CONCACAF,0.13946100206512244,13.946100206512243,False
2010-12,20,CONCACAF,0.14427717200316878,14.427717200316877,False
2011-01,20,CONCACAF,0.1459488568430737,14.594885684307371,False
2011-02,20,CONCACAF,0.1430703911377815,14.30703911377815,False
2011-03,20,CONCACAF,0.14027827940364807,14.027827940364807,False
2011-04,20,CONCACAF,0.1410699310215386,14.106993102153861,False
2011-05,20,CONCACAF,0.14433783309089246,14.433783309089247,False
2011-06,20,CONCACAF,0.14150769809816569,14.150769809816568,False
2011-07,20,CONCACAF,0.14326246715522073,14.326246715522073,False
2011-08,20,CONCACAF,0.14046459314056411,14.046459314056412,False
2011-09,20,CONCACAF,0.1392506553463472,13.92506553463472,False
2011-10,20,CONCACAF,0.13657313568595678,13.657313568595677,False
2011-11,20,CONCACAF,0.13397594161537807,13.397594161537807,False
2011-12,20,CONCACAF,0.13595666336691672,13.595666336691673,False
2012-01,20,CONCACAF,0.13787796346590922,13.787796346590921,False
2012-02,20,CONCACAF,0.13674162456193195,13.674162456193194,False
2012-03,20,CONCACAF,0.144639375825074,14.4639375825074,False
2012-04,20,CONCACAF,0.1503001945503218,15.030019455032178,False
2012-05,20,CONCACAF,0.14729118871381214,14.729118871381214,False
2012-06,20,CONCACAF,0.14587245305239777,14.587245305239776,False
2012-07,20,CONCACAF,0.14899627946082583,14.899627946082584,False
2012-08,20,CONCACAF,0.14602639107700105,14.602639107700105,False
2012-09,20,CONCACAF,0.144645599344691,14.4645599344691,False
2012-10,20,CONCACAF,0.14330623136435028,14.330623136435028,False
2012-11,20,CONCACAF,0.14200704442341977,14.200704442341976,False
2012-12,20,CONCACAF,0.14074683309071717,14.074683309071718,False
2013-01,20,CONCACAF,0.14402442809799565,14.402442809799565,False
2013-02,20,CONCACAF,0.14120369525505577,14.120369525505577,False
2013-03,20,CONCACAF,0.1399675843974041,13.99675843974041,False
2013-04,20,CONCACAF,0.14395037504730013,14.395037504730013,False
2013-05,20,CONCACAF,0.14563186379588114,14.563186379588114,False
2013-06,20,CONCACAF,0.14576290788200472,14.576290788200472,False
2013-07,20,CONCACAF,0.15789002064554458,15.789002064554458,False
2013-08,20,CONCACAF,0.15765332002617824,15.765332002617823,False
2013-09,20,CONCACAF,0.1559237204253929,15.59237204253929,False
2013-10,20,CONCACAF,0.15424600881263112,15.424600881263112,False
2013-11,20,CONCACAF,0.15411862854825217,15.411862854825218,False
2013-12,20,CONCACAF,0.1494950696918046,14.94950696918046,False
2014-01,20,CONCACAF,0.14801021760105046,14.801021760105046,False
2014-02,20,CONCACAF,0.14731991107301895,14.731991107301894,False
2014-03,20,CONCACAF,0.14590031374082837,14.590031374082837,False
2014-04,20,CONCACAF,0.14652330432860353,14.652330432860353,False
2014-05,20,CONCACAF,0.14512760519874543,14.512760519874544,False
2014-06,20,CONCACAF,0.14677377704278308,14.677377704278308,False
2014-07,20,CONCACAF,0.1468705637314996,14.687056373149959,False
2014-08,20,CONCACAF,0.14996444681955462,14.996444681955461,False
2014-09,20,CONCACAF,0.15146551341496797,15.146551341496798,False
2014-10,20,CONCACAF,0.15142154801251895,15.142154801251895,False
2014-11,20,CONCACAF,0.15287890157214337,15.287890157214337,False
2014-12,20,CONCACAF,0.14829253452497906,14.829253452497907,False
2015-01,20,CONCACAF,0.1453437584892297,14.53437584892297,False
2015-02,20,CONCACAF,0.15298344573455283,15.298344573455283,False
2015-03,20,CONCACAF,0.15289394236251624,15.289394236251624,False
2015-04,20,CONCACAF,0.17830712409164076,17.830712409164075,False
2015-05,20,CONCACAF,0.17895791036889153,17.895791036889154,False
2015-06,20,CONCACAF,0.1795891730578248,17.958917305782478,False
2015-07,20,CONCACAF,0.19220149786609003,19.220149786609003,False
2015-08,20,CONCACAF,0.18643545293010733,18.64354529301073,False
2015-09,20,CONCACAF,0.1853423893422041,18.534238934220408,False
2015-10,20,CONCACAF,0.18278211766193797,18.2782117661938,False
2015-11,20,CONCACAF,0.18029865413207982,18.029865413207983,False
2015-12,20,CONCACAF,0.18322302784145075,18.322302784145077,False
2016-01,20,CONCACAF,0.18522633700620722,18.522633700620723,False
2016-02,20,CONCACAF,0.194669546896021,19.4669546896021,False
2016-03,20,CONCACAF,0.19182946048914037,19.182946048914037,False
2016-04,20,CONCACAF,0.21607457667446617,21.607457667446617,False
2016-05,20,CONCACAF,0.2140923393742322,21.40923393742322,False
2016-06,20,CONCACAF,0.21066956919300522,21.066956919300523,False
2016-07,20,CONCACAF,0.20434948211721507,20.434948211721508,False
2016-08,20,CONCACAF,0.1997189976536986,19.971899765369862,False
2016-09,20,CONCACAF,0.19822742772408763,19.822742772408763,False
2016-10,20,CONCACAF,0.196780604892365,19.6780604892365,False
2016-11,20,CONCACAF,0.19537718674559407,19.537718674559407,False
2016-12,20,CONCACAF,0.1961825378098929,19.61825378098929,False
2017-01,20,CONCACAF,0.1977970616755961,19.77970616755961,False
2017-02,20,CONCACAF,0.1993631498253282,19.93631498253282,False
2017-03,20,CONCACAF,0.19788225533056836,19.788225533056835,False
2017-04,20,CONCACAF,0.2219457876706513,22.194578767065128,False
2017-05,20,CONCACAF,0.22278741404053176,22.278741404053175,False
2017-06,20,CONCACAF,0.22060379161931581,22.060379161931582,False
2017-07,20,CONCACAF,0.22598567787073634,22.598567787073634,False
2017-08,20,CONCACAF,0.22220610753461426,22.220610753461425,False
2017-09,20,CONCACAF,0.22003992430857583,22.003992430857583,False
2017-10,20,CONCACAF,0.21643872657931856,21.643872657931855,False
2017-11,20,CONCACAF,0.212945564781939,21.2945564781939,False
2017-12,20,CONCACAF,0.2065571978384808,20.65571978384808,False
2018-01,20,CONCACAF,0.2053604819033264,20.53604819033264,False
2018-02,20,CONCACAF,0.1991996674462266,19.91996674462266,False
2018-03,20,CONCACAF,0.1962236774228398,19.62236774228398,False
2018-04,20,CONCACAF,0.2083369671001546,20.83369671001546,False
2018-05,20,CONCACAF,0.20508685808714994,20.508685808714993,False
2018-06,20,CONCACAF,0.20193425234453544,20.193425234453542,False
2018-07,20,CONCACAF,0.20187622477419936,20.187622477419936,False
2018-08,20,CONCACAF,0.21170229097214985,21.170229097214985,False
2018-09,20,CONCACAF,0.20835122224298536,20.835122224298537,False
2018-10,20,CONCACAF,0.2036006855756958,20.36006855756958,False
2018-11,20,CONCACAF,0.1974926650084249,19.74926650084249,False
2018-12,20,CONCACAF,0.19156788505817215,19.156788505817214,False
2019-01,20,CONCACAF,0.188820848506427,18.8820848506427,False
2019-02,20,CONCACAF,0.19982288971790085,19.982288971790084,False
2019-03,20,CONCACAF,0.19682820302636383,19.682820302636383,False
2019-04,20,CONCACAF,0.19392335693557292,19.392335693557293,False
2019-05,20,CONCACAF,0.19060565622750572,19.060565622750573,False
2019-06,20,CONCACAF,0.18788748654068055,18.788748654068055,False
2019-07,20,CONCACAF,0.18825086194446014,18.825086194446015,False
2019-08,20,CONCACAF,0.19310333608612634,19.310333608612634,False
2019-09,20,CONCACAF,0.19031023600354255,19.031023600354256,False
2019-10,20,CONCACAF,0.18760092892343627,18.76009289234363,False
2019-11,20,CONCACAF,0.1864729010557332,18.64729010557332,False
2019-12,20,CONCACAF,0.1808787140240612,18.08787140240612,False
2020-01,20,CONCACAF,0.1883094954604822,18.83094954604822,False
2020-02,20,CONCACAF,0.21266021059666773,21.266021059666773,False
2020-03,20,CONCACAF,0.2362804042787677,23.62804042787677,False
2020-04,20,CONCACAF,0.25919199215040467,25.919199215040468,False
2020-05,20,CONCACAF,0.28141623238589253,28.141623238589254,False
2020-06,20,CONCACAF,0.30297374541431576,30.297374541431576,False
2020-07,20,CONCACAF,0.32388453305188625,32.38845330518863,False
2020-08,20,CONCACAF,0.34416799706032963,34.41679970603296,False
2020-09,20,CONCACAF,0.33384295714851975,33.38429571485197,False
2020-10,20,CONCACAF,0.32682766843406413,32.68276684340641,False
2020-11,20,CONCACAF,0.32002283838104223,32.002283838104226,False
2020-12,20,CONCACAF,0.325422153229611,32.5422153229611,False
2021-01,20,CONCACAF,0.332023124996359,33.2023124996359,False
2021-02,20,CONCACAF,0.3340624312464682,33.40624312464682,False
2021-03,20,CONCACAF,0.3270405583090742,32.70405583090742,False
2021-04,20,CONCACAF,0.320229341559802,32.022934155980195,False
2021-05,20,CONCACAF,0.3136224613130079,31.362246131300793,False
2021-06,20,CONCACAF,0.30871378747361766,30.871378747361767,False
2021-07,20,CONCACAF,0.30545237384940915,30.545237384940915,False
2021-08,20,CONCACAF,0.3096221359672602,30.962213596726016,False
2021-09,20,CONCACAF,0.3048334718882424,30.48334718882424,False
2021-10,20,CONCACAF,0.30018846773159513,30.018846773159513,False
2021-11,20,CONCACAF,0.2956828136996473,29.568281369964726,False
2021-12,20,CONCACAF,0.29131232928865786,29.131232928865785,False
2022-01,20,CONCACAF,0.2885729594099981,28.857295940999812,False
2022-02,20,CONCACAF,0.2874157706276982,28.741577062769817,False
2022-03,20,CONCACAF,0.2832932975088672,28.32932975088672,False
2022-04,20,CONCACAF,0.3047944985836012,30.47944985836012,False
2022-05,20,CONCACAF,0.30615066362609317,30.615066362609316,False
2022-06,20,CONCACAF,0.29996614371731034,29.996614371731035,False
2022-07,20,CONCACAF,0.29096715940579104,29.096715940579106,False
2022-08,20,CONCACAF,0.2972381446236173,29.72381446236173,False
2022-09,20,CONCACAF,0.28982100028490876,28.982100028490876,False
2022-10,20,CONCACAF,0.2961263702763615,29.61263702763615,False
2022-11,20,CONCACAF,0.29024257916807067,29.024257916807066,False
2022-12,20,CONCACAF,0.28453530179302855,28.453530179302856,False
2023-01,20,CONCACAF,0.2789992427392377,27.89992427392377,False
2023-02,20,CONCACAF,0.3006292654570606,30.06292654570606,False
2023-03,20,CONCACAF,0.2931103874933488,29.311038749334877,False
2023-04,20,CONCACAF,0.3143170758685483,31.431707586854827,False
2023-05,20,CONCACAF,0.33488756359249183,33.48875635924918,False
2023-06,20,CONCACAF,0.3278409366847171,32.78409366847171,False
2023-07,20,CONCACAF,0.33750570858417556,33.750570858417554,False
2023-08,20,CONCACAF,0.3323805373266503,33.23805373266503,False
2023-09,20,CONCACAF,0.3269091212068508,32.69091212068508,False
2023-10,20,CONCACAF,0.32010184757064525,32.01018475706452,False
2023-11,20,CONCACAF,0.3119987921435259,31.19987921435259,False
2023-12,20,CONCACAF,0.3126388283792201,31.263882837922008,False
2024-01,20,CONCACAF,0.30475966352784345,30.475966352784344,False
2024-02,20,CONCACAF,0.29895020695534147,29.895020695534146,False
2024-03,20,CONCACAF,0.2914817007466812,29.148170074668123,False
2024-04,20,CONCACAF,0.3052372497242808,30.523724972428077,False
2024-05,20,CONCACAF,0.3140801322325524,31.40801322325524,False
2024-06,20,CONCACAF,0.3076577282655758,30.76577282655758,False
2024-07,20,CONCACAF,0.30592799641760854,30.592799641760855,False
2024-08,20,CONCACAF,0.2967501565250803,29.67501565250803,False
2024-09,20,CONCACAF,0.28934765182932787,28.934765182932786,False
2024-10,20,CONCACAF,0.282167222274448,28.2167222274448,False
2024-11,20,CONCACAF,0.27670220560621456,27.670220560621456,False
2024-12,20,CONCACAF,0.2684011394380281,26.840113943802812,False
2025-01,20,CONCACAF,0.26727218217796417,26.727218217796416,False
2025-02,20,CONCACAF,0.2742540167126252,27.425401671262524,False
2025-03,20,CONCACAF,0.26902639621124647,26.902639621124646,False
2025-04,20,CONCACAF,0.26395560432490905,26.395560432490907,False
2025-05,20,CONCACAF,0.2710369361951618,27.10369361951618,False
2025-06,20,CONCACAF,0.2659058281093069,26.59058281093069,False
2025-07,20,CONCACAF,0.2879286532660277,28.79286532660277,False
2025-08,20,CONCACAF,0.29429079366804684,29.429079366804682,False
2025-09,20,CONCACAF,0.28846206985800543,28.846206985800542,False
2025-10,20,CONCACAF,0.2828082077622653,28.280820776226527,False
2025-11,20,CONCACAF,0.2758239615293973,27.58239615293973,False
2025-12,20,CONCACAF,0.2675492426835154,26.754924268351537,False
2026-01,20,CONCACAF,0.2640227654030099,26.40227654030099,False
2026-02,20,CONCACAF,0.2711020824409196,27.11020824409196,False
2026-03,20,CONCACAF,0.265969019967692,26.5969019967692,False
2026-04,20,CONCACAF,0.26098994936866127,26.098994936866127,False
2026-05,20,CONCACAF,0.2576602508876014,25.76602508876014,False
2026-06,20,CONCACAF,0.25293044336097337,25.29304433609734,False
2026-07,20,CONCACAF,0.24984253006014417,24.984253006014416,False
2026-08,20,CONCACAF,0.24984253006014417,24.984253006014416,True
2026-09,20,CONCACAF,0.24984253006014417,24.984253006014416,True
2026-10,20,CONCACAF,0.24984253006014417,24.984253006014416,True
2026-11,20,CONCACAF,0.24984253006014417,24.984253006014416,True
2026-12,20,CONCACAF,0.24984253006014417,24.984253006014416,True
2027-01,20,CONCACAF,0.24984253006014417,24.984253006014416,True
2027-02,20,CONCACAF,0.24984253006014417,24.984253006014416,True
2027-03,20,CONCACAF,0.24984253006014417,24.984253006014416,True
2027-04,20,CONCACAF,0.24984253006014417,24.984253006014416,True
2027-05,20,CONCACAF,0.24984253006014417,24.984253006014416,True
2027-06,20,CONCACAF,0.24984253006014417,24.984253006014416,True
2027-07,20,CONCACAF,0.24984253006014417,24.984253006014416,True
1992-01,20,OFC,0.05,5.0,False
1992-02,20,OFC,0.05,5.0,False
1992-03,20,OFC,0.0485,4.8500000000000005,False
1992-04,20,OFC,0.047045000000000003,4.7045,False
1992-05,20,OFC,0.045633650000000005,4.563365,False
1992-06,20,OFC,0.0457646405,4.57646405,False
1992-07,20,OFC,0.051891701285,5.1891701285,False
1992-08,20,OFC,0.051834950246450004,5.1834950246450004,False
1992-09,20,OFC,0.05177990173905651,5.177990173905651,False
1992-10,20,OFC,0.05022650468688481,5.022650468688481,False
1992-11,20,OFC,0.048719709546278266,4.871970954627827,False
1992-12,20,OFC,0.04725811825988992,4.725811825988992,False
1993-01,20,OFC,0.04584037471209322,4.584037471209322,False
1993-02,20,OFC,0.04446516347073042,4.446516347073042,False
1993-03,20,OFC,0.04313120856660851,4.31312085666085,False
1993-04,20,OFC,0.04333727230961025,4.333727230961025,False
1993-05,20,OFC,0.04353715414032194,4.3537154140321945,False
1993-06,20,OFC,0.043731039516112284,4.3731039516112284,False
1993-07,20,OFC,0.04391910833062892,4.391910833062892,False
1993-08,20,OFC,0.044101535080710054,4.410153508071005,False
1993-09,20,OFC,0.04277848902828875,4.277848902828875,False
1993-10,20,OFC,0.04149513435744009,4.149513435744009,False
1993-11,20,OFC,0.04025028032671688,4.025028032671688,False
1993-12,20,OFC,0.04504277191691537,4.504277191691537,False
1994-01,20,OFC,0.04369148875940791,4.369148875940791,False
1994-02,20,OFC,0.04238074409662567,4.238074409662567,False
1994-03,20,OFC,0.0411093217737269,4.11093217737269,False
1994-04,20,OFC,0.03987604212051509,3.987604212051509,False
1994-05,20,OFC,0.04167976085689964,4.167976085689964,False
1994-06,20,OFC,0.040429368031192646,4.0429368031192645,False
1994-07,20,OFC,0.04221648699025687,4.221648699025686,False
1994-08,20,OFC,0.04094999238054916,4.094999238054916,False
1994-09,20,OFC,0.04122149260913269,4.122149260913269,False
1994-10,20,OFC,0.039984847830858705,3.9984847830858703,False
1994-11,20,OFC,0.04028530239593294,4.0285302395932945,False
1994-12,20,OFC,0.039076743324054954,3.907674332405495,False
1995-01,20,OFC,0.0379044410243333,3.79044410243333,False
1995-02,20,OFC,0.0382673077936033,3.82673077936033,False
1995-03,20,OFC,0.038619288559795205,3.8619288559795204,False
1995-04,20,OFC,0.03746070990300135,3.746070990300135,False
1995-05,20,OFC,0.036336888605911305,3.6336888605911306,False
1995-06,20,OFC,0.03674678194773397,3.6746781947733966,False
1995-07,20,OFC,0.035644378489301944,3.5644378489301944,False
1995-08,20,OFC,0.03757504713462289,3.7575047134622888,False
1995-09,20,OFC,0.0364477957205842,3.64477957205842,False
1995-10,20,OFC,0.035354361848966676,3.5354361848966676,False
1995-11,20,OFC,0.035793730993497676,3.5793730993497674,False
1995-12,20,OFC,0.03471991906369275,3.471991906369275,False
1996-01,20,OFC,0.033678321491781966,3.367832149178197,False
1996-02,20,OFC,0.03416797184702851,3.4167971847028507,False
1996-03,20,OFC,0.03314293269161765,3.314293269161765,False
1996-04,20,OFC,0.032148644710869125,3.2148644710869125,False
1996-05,20,OFC,0.032684185369543046,3.2684185369543046,False
1996-06,20,OFC,0.031703659808456755,3.1703659808456757,False
1996-07,20,OFC,0.030752550014203052,3.075255001420305,False
1996-08,20,OFC,0.02982997351377696,2.982997351377696,False
1996-09,20,OFC,0.030435074308363654,3.043507430836365,False
1996-10,20,OFC,0.031022022079112744,3.1022022079112745,False
1996-11,20,OFC,0.031591361416739364,3.1591361416739363,False
1996-12,20,OFC,0.030643620574237182,3.0643620574237183,False
1997-01,20,OFC,0.031224311957010066,3.1224311957010067,False
1997-02,20,OFC,0.030287582598299764,3.0287582598299765,False
1997-03,20,OFC,0.03087895512035077,3.087895512035077,False
1997-04,20,OFC,0.03145258646674025,3.1452586466740247,False
1997-05,20,OFC,0.03050900887273804,3.0509008872738037,False
1997-06,20,OFC,0.0310937386065559,3.10937386065559,False
1997-07,20,OFC,0.033160926448359225,3.3160926448359227,False
1997-08,20,OFC,0.032166098654908444,3.2166098654908444,False
1997-09,20,OFC,0.03120111569526119,3.1201115695261192,False
1997-10,20,OFC,0.030265082224403352,3.0265082224403352,False
1997-11,20,OFC,0.030857129757671253,3.0857129757671253,False
1997-12,20,OFC,0.031431415864941116,3.1431415864941115,False
1998-01,20,OFC,0.03048847338899288,3.048847338899288,False
1998-02,20,OFC,0.031073819187323097,3.1073819187323095,False
1998-03,20,OFC,0.030141604611703402,3.01416046117034,False
1998-04,20,OFC,0.0292373564733523,2.92373564733523,False
1998-05,20,OFC,0.02836023577915173,2.836023577915173,False
1998-06,20,OFC,0.02900942870577718,2.900942870577718,False
1998-07,20,OFC,0.028139145844603863,2.8139145844603863,False
1998-08,20,OFC,0.027294971469265746,2.7294971469265747,False
1998-09,20,OFC,0.027976122325187775,2.7976122325187776,False
1998-10,20,OFC,0.028636838655432144,2.8636838655432144,False
1998-11,20,OFC,0.02927773349576918,2.927773349576918,False
1998-12,20,OFC,0.028399401490896103,2.8399401490896103,False
1999-01,20,OFC,0.02754741944616922,2.754741944616922,False
1999-02,20,OFC,0.026720996862784143,2.6720996862784143,False
1999-03,20,OFC,0.025919366956900617,2.5919366956900616,False
1999-04,20,OFC,0.025141785948193596,2.51417859481936,False
1999-05,20,OFC,0.024387532369747788,2.4387532369747786,False
1999-06,20,OFC,0.023655906398655353,2.3655906398655353,False
1999-07,20,OFC,0.02444622920669569,2.4446229206695693,False
1999-08,20,OFC,0.02371284233049482,2.371284233049482,False
1999-09,20,OFC,0.023001457060579975,2.3001457060579975,False
1999-10,20,OFC,0.022311413348762573,2.2311413348762574,False
1999-11,20,OFC,0.021642070948299695,2.1642070948299694,False
1999-12,20,OFC,0.020992808819850703,2.09928088198507,False
2000-01,20,OFC,0.020363024555255183,2.0363024555255183,False
2000-02,20,OFC,0.02125213381859753,2.125213381859753,False
2000-03,20,OFC,0.0206145698040396,2.06145698040396,False
2000-04,20,OFC,0.019996132709918412,1.9996132709918413,False
2000-05,20,OFC,0.01939624872862086,1.939624872862086,False
2000-06,20,OFC,0.020314361266762233,2.0314361266762235,False
2000-07,20,OFC,0.019704930428759367,1.9704930428759366,False
2000-08,20,OFC,0.019113782515896585,1.9113782515896585,False
2000-09,20,OFC,0.018540369040419686,1.8540369040419686,False
2000-10,20,OFC,0.019484157969207095,1.9484157969207094,False
2000-11,20,OFC,0.020399633230130883,2.0399633230130885,False
2000-12,20,OFC,0.019787644233226955,1.9787644233226955,False
2001-01,20,OFC,0.019194014906230145,1.9194014906230146,False
2001-02,20,OFC,0.020118194459043243,2.011819445904324,False
2001-03,20,OFC,0.019514648625271944,1.9514648625271944,False
2001-04,20,OFC,0.020429209166513786,2.0429209166513784,False
2001-05,20,OFC,0.021316332891518373,2.1316332891518375,False
2001-06,20,OFC,0.02217684290477282,2.217684290477282,False
2001-07,20,OFC,0.021511537617629636,2.1511537617629637,False
2001-08,20,OFC,0.022366191489100747,2.2366191489100746,False
2001-09,20,OFC,0.021695205744427723,2.1695205744427724,False
2001-10,20,OFC,0.02104434957209489,2.104434957209489,False
2001-11,20,OFC,0.021913019084932043,2.1913019084932044,False
2001-12,20,OFC,0.02125562851238408,2.125562851238408,False
2002-01,20,OFC,0.020617959657012557,2.061795965701256,False
2002-02,20,OFC,0.01999942086730218,1.9999420867302178,False
2002-03,20,OFC,0.019399438241283113,1.9399438241283113,False
2002-04,20,OFC,0.01881745509404462,1.881745509404462,False
2002-05,20,OFC,0.01825293144122328,1.8252931441223281,False
2002-06,20,OFC,0.01770534349798658,1.770534349798658,False
2002-07,20,OFC,0.024674183193046983,2.4674183193046986,False
2002-08,20,OFC,0.023933957697255575,2.3933957697255575,False
2002-09,20,OFC,0.023215938966337907,2.321593896633791,False
2002-10,20,OFC,0.02251946079734777,2.251946079734777,False
2002-11,20,OFC,0.021843876973427337,2.184387697342734,False
2002-12,20,OFC,0.021188560664224518,2.1188560664224516,False
2003-01,20,OFC,0.020552903844297782,2.055290384429778,False
2003-02,20,OFC,0.021436316728968847,2.143631672896885,False
2003-03,20,OFC,0.02079322722709978,2.079322722709978,False
2003-04,20,OFC,0.020169430410286786,2.0169430410286786,False
2003-05,20,OFC,0.02256434749797818,2.256434749797818,False
2003-06,20,OFC,0.021887417073038835,2.1887417073038833,False
2003-07,20,OFC,0.02273079456084767,2.273079456084767,False
2003-08,20,OFC,0.02354887072402224,2.354887072402224,False
2003-09,20,OFC,0.024342404602301575,2.4342404602301575,False
2003-10,20,OFC,0.02361213246423253,2.3612132464232527,False
2003-11,20,OFC,0.02290376849030555,2.290376849030555,False
2003-12,20,OFC,0.022216655435596384,2.2216655435596384,False
2004-01,20,OFC,0.02155015577252849,2.155015577252849,False
2004-02,20,OFC,0.022403651099352637,2.2403651099352637,False
2004-03,20,OFC,0.02323154156637206,2.323154156637206,False
2004-04,20,OFC,0.022534595319380894,2.2534595319380895,False
2004-05,20,OFC,0.023358557459799468,2.3358557459799467,False
2004-06,20,OFC,0.024157800736005486,2.4157800736005486,False
2004-07,20,OFC,0.02343306671392532,2.343306671392532,False
2004-08,20,OFC,0.02273007471250756,2.273007471250756,False
2004-09,20,OFC,0.022048172471132332,2.2048172471132332,False
2004-10,20,OFC,0.022886727296998362,2.288672729699836,False
2004-11,20,OFC,0.02370012547808841,2.370012547808841,False
2004-12,20,OFC,0.022989121713745758,2.298912171374576,False
2005-01,20,OFC,0.022299448062333384,2.2299448062333385,False
2005-02,20,OFC,0.023130464620463382,2.313046462046338,False
2005-03,20,OFC,0.02393655068184948,2.393655068184948,False
2005-04,20,OFC,0.023218454161393995,2.3218454161393995,False
2005-05,20,OFC,0.022521900536552175,2.2521900536552177,False
2005-06,20,OFC,0.02184624352045561,2.184624352045561,False
2005-07,20,OFC,0.02119085621484194,2.119085621484194,False
2005-08,20,OFC,0.020555130528396682,2.055513052839668,False
2005-09,20,OFC,0.021438476612544784,2.1438476612544783,False
2005-10,20,OFC,0.02229532231416844,2.229532231416844,False
2005-11,20,OFC,0.023126462644743388,2.312646264474339,False
2005-12,20,OFC,0.022432668765401086,2.2432668765401087,False
2006-01,20,OFC,0.021759688702439054,2.1759688702439055,False
2006-02,20,OFC,0.021106898041365882,2.1106898041365882,False
2006-03,20,OFC,0.020473691100124904,2.0473691100124904,False
2006-04,20,OFC,0.021359480367121157,2.1359480367121155,False
2006-05,20,OFC,0.020718695956107522,2.0718695956107522,False
2006-06,20,OFC,0.020097135077424295,2.0097135077424295,False
2006-07,20,OFC,0.019494221025101566,1.9494221025101566,False
2006-08,20,OFC,0.01890939439434852,1.8909394394348518,False
2006-09,20,OFC,0.018342112562518064,1.8342112562518065,False
2006-10,20,OFC,0.01779184918564252,1.779184918564252,False
2006-11,20,OFC,0.017258093710073245,1.7258093710073246,False
2006-12,20,OFC,0.016740350898771048,1.6740350898771048,False
2007-01,20,OFC,0.016238140371807916,1.6238140371807916,False
2007-02,20,OFC,0.015750996160653678,1.5750996160653679,False
2007-03,20,OFC,0.015278466275834067,1.5278466275834066,False
2007-04,20,OFC,0.016584818169911985,1.6584818169911986,False
2007-05,20,OFC,0.017587273624814628,1.7587273624814628,False
2007-06,20,OFC,0.01705965541607019,1.705965541607019,False
2007-07,20,OFC,0.016547865753588083,1.6547865753588082,False
2007-08,20,OFC,0.01605142978098044,1.605142978098044,False
2007-09,20,OFC,0.015569886887551026,1.5569886887551025,False
2007-10,20,OFC,0.015102790280924495,1.5102790280924494,False
2007-11,20,OFC,0.01464970657249676,1.4649706572496761,False
2007-12,20,OFC,0.014210215375321857,1.4210215375321857,False
2008-01,20,OFC,0.0137839089140622,1.37839089140622,False
2008-02,20,OFC,0.013370391646640334,1.3370391646640334,False
2008-03,20,OFC,0.012969279897241124,1.2969279897241124,False
2008-04,20,OFC,0.01258020150032389,1.2580201500323889,False
2008-05,20,OFC,0.012202795455314172,1.2202795455314173,False
2008-06,20,OFC,0.011836711591654748,1.1836711591654747,False
2008-07,20,OFC,0.014481610243905103,1.4481610243905103,False
2008-08,20,OFC,0.01404716193658795,1.404716193658795,False
2008-09,20,OFC,0.013625747078490312,1.3625747078490311,False
2008-10,20,OFC,0.013216974666135603,1.3216974666135604,False
2008-11,20,OFC,0.012820465426151534,1.2820465426151535,False
2008-12,20,OFC,0.012435851463366987,1.2435851463366987,False
2009-01,20,OFC,0.012062775919465977,1.2062775919465978,False
2009-02,20,OFC,0.011700892641881996,1.1700892641881997,False
2009-03,20,OFC,0.011349865862625536,1.1349865862625537,False
2009-04,20,OFC,0.01100936988674677,1.100936988674677,False
2009-05,20,OFC,0.010679088790144366,1.0679088790144367,False
2009-06,20,OFC,0.010358716126440034,1.0358716126440035,False
2009-07,20,OFC,0.010047954642646833,1.0047954642646832,False
2009-08,20,OFC,0.009746516003367428,0.9746516003367428,False
2009-09,20,OFC,0.009454120523266406,0.9454120523266406,False
2009-10,20,OFC,0.009170496907568413,0.9170496907568413,False
2009-11,20,OFC,0.008895382000341361,0.8895382000341361,False
2009-12,20,OFC,0.008628520540331119,0.8628520540331119,False
2010-01,20,OFC,0.008369664924121185,0.8369664924121185,False
2010-02,20,OFC,0.00811857497639755,0.811857497639755,False
2010-03,20,OFC,0.007875017727105622,0.7875017727105622,False
2010-04,20,OFC,0.0076387671952924535,0.7638767195292453,False
2010-05,20,OFC,0.00740960417943368,0.740960417943368,False
2010-06,20,OFC,0.007187316054050669,0.718731605405067,False
2010-07,20,OFC,0.006971696572429149,0.6971696572429149,False
2010-08,20,OFC,0.006762545675256274,0.6762545675256274,False
2010-09,20,OFC,0.006559669304998585,0.6559669304998585,False
2010-10,20,OFC,0.006362879225848627,0.6362879225848628,False
2010-11,20,OFC,0.006171992849073168,0.6171992849073168,False
2010-12,20,OFC,0.005986833063600973,0.5986833063600973,False
2011-01,20,OFC,0.0058072280716929435,0.5807228071692944,False
2011-02,20,OFC,0.005633011229542155,0.5633011229542154,False
2011-03,20,OFC,0.00546402089265589,0.546402089265589,False
2011-04,20,OFC,0.010300100265876213,1.0300100265876213,False
2011-05,20,OFC,0.009991097257899926,0.9991097257899926,False
2011-06,20,OFC,0.009691364340162928,0.9691364340162928,False
2011-07,20,OFC,0.00940062340995804,0.940062340995804,False
2011-08,20,OFC,0.009118604707659298,0.9118604707659298,False
2011-09,20,OFC,0.008845046566429518,0.8845046566429519,False
2011-10,20,OFC,0.008579695169436633,0.8579695169436633,False
2011-11,20,OFC,0.008322304314353534,0.8322304314353534,False
2011-12,20,OFC,0.008072635184922928,0.8072635184922927,False
2012-01,20,OFC,0.00783045612937524,0.783045612937524,False
2012-02,20,OFC,0.007595542445493982,0.7595542445493982,False
2012-03,20,OFC,0.007367676172129163,0.7367676172129163,False
2012-04,20,OFC,0.007146645886965288,0.7146645886965288,False
2012-05,20,OFC,0.006932246510356329,0.6932246510356329,False
2012-06,20,OFC,0.0067242791150456385,0.6724279115045638,False
2012-07,20,OFC,0.008022550741594268,0.8022550741594269,False
2012-08,20,OFC,0.007781874219346441,0.7781874219346441,False
2012-09,20,OFC,0.007548417992766047,0.7548417992766048,False
2012-10,20,OFC,0.007321965452983066,0.7321965452983066,False
2012-11,20,OFC,0.0071023064893935735,0.7102306489393574,False
2012-12,20,OFC,0.006889237294711766,0.6889237294711765,False
2013-01,20,OFC,0.006682560175870413,0.6682560175870412,False
2013-02,20,OFC,0.0064820833705943,0.6482083370594299,False
2013-03,20,OFC,0.006287620869476471,0.6287620869476471,False
2013-04,20,OFC,0.006098992243392176,0.6098992243392176,False
2013-05,20,OFC,0.005916022476090411,0.5916022476090411,False
2013-06,20,OFC,0.005738541801807698,0.5738541801807698,False
2013-07,20,OFC,0.005566385547753467,0.5566385547753466,False
2013-08,20,OFC,0.005399393981320863,0.5399393981320862,False
2013-09,20,OFC,0.005237412161881237,0.5237412161881237,False
2013-10,20,OFC,0.0050802897970247994,0.50802897970248,False
2013-11,20,OFC,0.004927881103114055,0.4927881103114055,False
2013-12,20,OFC,0.004780044670020633,0.47800446700206334,False
2014-01,20,OFC,0.004636643329920014,0.46366433299200144,False
2014-02,20,OFC,0.004497544030022413,0.44975440300224134,False
2014-03,20,OFC,0.0043626177091217406,0.43626177091217405,False
2014-04,20,OFC,0.004231739177848088,0.4231739177848088,False
2014-05,20,OFC,0.004104787002512645,0.4104787002512645,False
2014-06,20,OFC,0.003981643392437266,0.3981643392437266,False
2014-07,20,OFC,0.003862194090664148,0.3862194090664148,False
2014-08,20,OFC,0.0037463282679442234,0.37463282679442234,False
2014-09,20,OFC,0.0036339384199058967,0.36339384199058966,False
2014-10,20,OFC,0.00352492026730872,0.352492026730872,False
2014-11,20,OFC,0.003419172659289458,0.3419172659289458,False
2014-12,20,OFC,0.003316597479510774,0.3316597479510774,False
2015-01,20,OFC,0.003217099555125451,0.3217099555125451,False
2015-02,20,OFC,0.0031205865684716875,0.31205865684716877,False
2015-03,20,OFC,0.003026968971417537,0.3026968971417537,False
2015-04,20,OFC,0.0029361599022750106,0.29361599022750107,False
2015-05,20,OFC,0.0028480751052067602,0.28480751052067604,False
2015-06,20,OFC,0.0027626328520505574,0.2762632852050557,False
2015-07,20,OFC,0.0026797538664890407,0.2679753866489041,False
2015-08,20,OFC,0.004099361250494369,0.40993612504943694,False
2015-09,20,OFC,0.003976380412979538,0.3976380412979538,False
2015-10,20,OFC,0.0038570890005901522,0.3857089000590152,False
2015-11,20,OFC,0.0037413763305724477,0.3741376330572448,False
2015-12,20,OFC,0.003629135040655274,0.3629135040655274,False
2016-01,20,OFC,0.003520260989435616,0.35202609894356157,False
2016-02,20,OFC,0.0034146531597525473,0.3414653159752547,False
2016-03,20,OFC,0.0033122135649599708,0.3312213564959971,False
2016-04,20,OFC,0.0032128471580111714,0.32128471580111717,False
2016-05,20,OFC,0.003116461743270836,0.3116461743270836,False
2016-06,20,OFC,0.0030229678909727106,0.3022967890972711,False
2016-07,20,OFC,0.002932278854243529,0.2932278854243529,False
2016-08,20,OFC,0.002844310488616223,0.2844310488616223,False
2016-09,20,OFC,0.0027589811739577364,0.27589811739577363,False
2016-10,20,OFC,0.0026762117387390044,0.26762117387390044,False
2016-11,20,OFC,0.002595925386576834,0.2595925386576834,False
2016-12,20,OFC,0.002518047624979529,0.2518047624979529,False
2017-01,20,OFC,0.002442506196230143,0.24425061962301428,False
2017-02,20,OFC,0.0023692310103432387,0.23692310103432387,False
2017-03,20,OFC,0.0022981540800329414,0.22981540800329414,False
2017-04,20,OFC,0.002229209457631953,0.2229209457631953,False
2017-05,20,OFC,0.005162333173902994,0.5162333173902994,False
2017-06,20,OFC,0.005007463178685904,0.5007463178685904,False
2017-07,20,OFC,0.004857239283325327,0.4857239283325327,False
2017-08,20,OFC,0.004711522104825567,0.4711522104825567,False
2017-09,20,OFC,0.0045701764416808,0.45701764416808,False
2017-10,20,OFC,0.004433071148430376,0.4433071148430376,False
2017-11,20,OFC,0.004300079013977464,0.4300079013977464,False
2017-12,20,OFC,0.01017107664355814,1.0171076643558141,False
2018-01,20,OFC,0.009865944344251396,0.9865944344251396,False
2018-02,20,OFC,0.009569966013923854,0.9569966013923854,False
2018-03,20,OFC,0.009282867033506139,0.9282867033506139,False
2018-04,20,OFC,0.009004381022500955,0.9004381022500955,False
2018-05,20,OFC,0.008734249591825926,0.8734249591825927,False
2018-06,20,OFC,0.008472222104071149,0.8472222104071149,False
2018-07,20,OFC,0.009718055440949013,0.9718055440949013,False
2018-08,20,OFC,0.011191219660073482,1.1191219660073481,False
2018-09,20,OFC,0.010855483070271277,1.0855483070271277,False
2018-10,20,OFC,0.010529818578163139,1.052981857816314,False
2018-11,20,OFC,0.010213924020818244,1.0213924020818244,False
2018-12,20,OFC,0.009907506300193696,0.9907506300193696,False
2019-01,20,OFC,0.009610281111187885,0.9610281111187885,False
2019-02,20,OFC,0.009321972677852248,0.9321972677852248,False
2019-03,20,OFC,0.00904231349751668,0.9042313497516681,False
2019-04,20,OFC,0.00877104409259118,0.877104409259118,False
2019-05,20,OFC,0.008507912769813445,0.8507912769813445,False
2019-06,20,OFC,0.008252675386719041,0.8252675386719042,False
2019-07,20,OFC,0.00800509512511747,0.8005095125117471,False
2019-08,20,OFC,0.0077649422713639464,0.7764942271363946,False
2019-09,20,OFC,0.007531994003223028,0.7531994003223028,False
2019-10,20,OFC,0.007306034183126337,0.7306034183126338,False
2019-11,20,OFC,0.007086853157632547,0.7086853157632548,False
2019-12,20,OFC,0.006874247562903571,0.687424756290357,False
2020-01,20,OFC,0.006668020136016464,0.6668020136016464,False
2020-02,20,OFC,0.00646797953193597,0.646797953193597,False
2020-03,20,OFC,0.006273940145977891,0.6273940145977891,False
2020-04,20,OFC,0.006085721941598554,0.6085721941598554,False
2020-05,20,OFC,0.0059031502833505976,0.5903150283350598,False
2020-06,20,OFC,0.00572605577485008,0.572605577485008,False
2020-07,20,OFC,0.005554274101604577,0.5554274101604577,False
2020-08,20,OFC,0.005387645878556439,0.538764587855644,False
2020-09,20,OFC,0.005226016502199746,0.5226016502199746,False
2020-10,20,OFC,0.005069236007133754,0.5069236007133754,False
2020-11,20,OFC,0.004917158926919741,0.49171589269197413,False
2020-12,20,OFC,0.004769644159112149,0.47696441591121486,False
2021-01,20,OFC,0.004626554834338784,0.46265548343387847,False
2021-02,20,OFC,0.0044877581893086205,0.44877581893086205,False
2021-03,20,OFC,0.004353125443629362,0.4353125443629362,False
2021-04,20,OFC,0.004222531680320481,0.4222531680320481,False
2021-05,20,OFC,0.004095855729910867,0.40958557299108667,False
2021-06,20,OFC,0.003972980058013541,0.3972980058013541,False
2021-07,20,OFC,0.003853790656273135,0.3853790656273135,False
2021-08,20,OFC,0.003738176936584941,0.3738176936584941,False
2021-09,20,OFC,0.0036260316284873924,0.3626031628487392,False
2021-10,20,OFC,0.0035172506796327706,0.35172506796327707,False
2021-11,20,OFC,0.0034117331592437876,0.3411733159243788,False
2021-12,20,OFC,0.003309381164466474,0.3309381164466474,False
2022-01,20,OFC,0.0032100997295324797,0.32100997295324796,False
2022-02,20,OFC,0.0031137967376465053,0.31137967376465053,False
2022-03,20,OFC,0.00302038283551711,0.30203828355171103,False
2022-04,20,OFC,0.002929771350451597,0.2929771350451597,False
2022-05,20,OFC,0.0028418782099380487,0.28418782099380485,False
2022-06,20,OFC,0.0027566218636399073,0.27566218636399076,False
2022-07,20,OFC,0.00267392320773071,0.267392320773071,False
2022-08,20,OFC,0.0025937055114987886,0.25937055114987884,False
2022-09,20,OFC,0.002515894346153825,0.2515894346153825,False
2022-10,20,OFC,0.00244041751576921,0.244041751576921,False
2022-11,20,OFC,0.0023672049902961336,0.23672049902961337,False
2022-12,20,OFC,0.0022961888405872498,0.22961888405872496,False
2023-01,20,OFC,0.0022273031753696324,0.22273031753696323,False
2023-02,20,OFC,0.0021604840801085433,0.21604840801085434,False
2023-03,20,OFC,0.002095669557705287,0.2095669557705287,False
2023-04,20,OFC,0.0020327994709741283,0.20327994709741282,False
2023-05,20,OFC,0.0019718154868449043,0.19718154868449042,False
2023-06,20,OFC,0.0019126610222395572,0.1912661022239557,False
2023-07,20,OFC,0.0018552811915723705,0.18552811915723705,False
2023-08,20,OFC,0.006799622755825198,0.6799622755825199,False
2023-09,20,OFC,0.006595634073150443,0.6595634073150443,False
2023-10,20,OFC,0.006397765050955929,0.6397765050955929,False
2023-11,20,OFC,0.006205832099427251,0.6205832099427251,False
2023-12,20,OFC,0.02601965713644443,2.601965713644443,False
2024-01,20,OFC,0.025239067422351096,2.5239067422351096,False
2024-02,20,OFC,0.024481895399680563,2.448189539968056,False
2024-03,20,OFC,0.023747438537690145,2.3747438537690146,False
2024-04,20,OFC,0.02678501538155944,2.678501538155944,False
2024-05,20,OFC,0.025981464920112655,2.5981464920112654,False
2024-06,20,OFC,0.025202020972509277,2.5202020972509276,False
2024-07,20,OFC,0.024445960343333996,2.4445960343333994,False
2024-08,20,OFC,0.023712581533033975,2.3712581533033976,False
2024-09,20,OFC,0.023001204087042953,2.3001204087042955,False
2024-10,20,OFC,0.022311167964431663,2.231116796443166,False
2024-11,20,OFC,0.021641832925498712,2.1641832925498714,False
2024-12,20,OFC,0.02699257793773375,2.699257793773375,False
2025-01,20,OFC,0.026182800599601735,2.6182800599601737,False
2025-02,20,OFC,0.025397316581613684,2.5397316581613683,False
2025-03,20,OFC,0.024635397084165272,2.463539708416527,False
2025-04,20,OFC,0.023896335171640314,2.3896335171640315,False
2025-05,20,OFC,0.023179445116491105,2.3179445116491104,False
2025-06,20,OFC,0.02248406176299637,2.2484061762996372,False
2025-07,20,OFC,0.02180953991010648,2.180953991010648,False
2025-08,20,OFC,0.021155253712803284,2.1155253712803286,False
2025-09,20,OFC,0.020520596101419184,2.0520596101419186,False
2025-10,20,OFC,0.01990497821837661,1.9904978218376608,False
2025-11,20,OFC,0.01930782887182531,1.930782887182531,False
2025-12,20,OFC,0.01872859400567055,1.872859400567055,False
2026-01,20,OFC,0.01816673618550043,1.816673618550043,False
2026-02,20,OFC,0.017621734099935418,1.7621734099935418,False
2026-03,20,OFC,0.017093082076937355,1.7093082076937356,False
2026-04,20,OFC,0.016580289614629234,1.6580289614629233,False
2026-05,20,OFC,0.016082880926190358,1.6082880926190357,False
2026-06,20,OFC,0.015600394498404647,1.5600394498404648,False
2026-07,20,OFC,0.015132382663452508,1.5132382663452508,False
2026-08,20,OFC,0.015132382663452508,1.5132382663452508,True
2026-09,20,OFC,0.015132382663452508,1.5132382663452508,True
2026-10,20,OFC,0.015132382663452508,1.5132382663452508,True
2026-11,20,OFC,0.015132382663452508,1.5132382663452508,True
2026-12,20,OFC,0.015132382663452508,1.5132382663452508,True
2027-01,20,OFC,0.015132382663452508,1.5132382663452508,True
2027-02,20,OFC,0.015132382663452508,1.5132382663452508,True
2027-03,20,OFC,0.015132382663452508,1.5132382663452508,True
2027-04,20,OFC,0.015132382663452508,1.5132382663452508,True
2027-05,20,OFC,0.015132382663452508,1.5132382663452508,True
2027-06,20,OFC,0.015132382663452508,1.5132382663452508,True
2027-07,20,OFC,0.015132382663452508,1.5132382663452508,True
1992-01,20,AFC,0.0,0.0,False
1992-02,20,AFC,0.0,0.0,False
1992-03,20,AFC,0.0,0.0,False
1992-04,20,AFC,0.0,0.0,False
1992-05,20,AFC,0.024000000000000004,2.4000000000000004,False
1992-06,20,AFC,0.036480000000000005,3.6480000000000006,False
1992-07,20,AFC,0.04296960000000001,4.296960000000001,False
1992-08,20,AFC,0.07034419200000001,7.034419200000001,False
1992-09,20,AFC,0.03657897984000001,3.657897984000001,False
1992-10,20,AFC,0.019021069516800007,1.9021069516800007,False
1992-11,20,AFC,0.009890956148736004,0.9890956148736004,False
1992-12,20,AFC,0.029143297197342724,2.9143297197342726,False
1993-01,20,AFC,0.015154514542618217,1.5154514542618216,False
1993-02,20,AFC,0.007880347562161473,0.7880347562161473,False
1993-03,20,AFC,0.004097780732323966,0.40977807323239657,False
1993-04,20,AFC,0.0021308459808084624,0.21308459808084623,False
1993-05,20,AFC,0.09710803991002041,9.710803991002042,False
1993-06,20,AFC,0.050496180753210614,5.049618075321061,False
1993-07,20,AFC,0.05025801399166953,5.025801399166953,False
1993-08,20,AFC,0.026134167275668155,2.6134167275668156,False
1993-09,20,AFC,0.013589766983347441,1.3589766983347442,False
1993-10,20,AFC,0.031066678831340674,3.1066678831340675,False
1993-11,20,AFC,0.016154672992297153,1.6154672992297152,False
1993-12,20,AFC,0.008400429955994519,0.8400429955994518,False
1994-01,20,AFC,0.05236822357711716,5.2368223577117154,False
1994-02,20,AFC,0.07523147626010093,7.523147626010093,False
1994-03,20,AFC,0.06312036765525249,6.3120367655252485,False
1994-04,20,AFC,0.032822591180731296,3.2822591180731298,False
1994-05,20,AFC,0.017067747413980275,1.7067747413980274,False
1994-06,20,AFC,0.03287522865526975,3.2875228655269746,False
1994-07,20,AFC,0.06509511890074028,6.5095118900740285,False
1994-08,20,AFC,0.03384946182838495,3.384946182838495,False
1994-09,20,AFC,0.04160172015076018,4.160172015076018,False
1994-10,20,AFC,0.021632894478395292,2.1632894478395293,False
1994-11,20,AFC,0.011249105128765553,1.1249105128765553,False
1994-12,20,AFC,0.005849534666958088,0.5849534666958087,False
1995-01,20,AFC,0.07504175802681821,7.5041758026818215,False
1995-02,20,AFC,0.11102171417394549,11.10217141739455,False
1995-03,20,AFC,0.05773129137045166,5.773129137045166,False
1995-04,20,AFC,0.030020271512634863,3.002027151263486,False
1995-05,20,AFC,0.03961054118657013,3.9610541186570134,False
1995-06,20,AFC,0.02059748141701647,2.059748141701647,False
1995-07,20,AFC,0.034710690336848565,3.4710690336848566,False
1995-08,20,AFC,0.06604955897516127,6.604955897516127,False
1995-09,20,AFC,0.03434577066708386,3.434577066708386,False
1995-10,20,AFC,0.017859800746883606,1.7859800746883605,False
1995-11,20,AFC,0.009287096388379476,0.9287096388379477,False
1995-12,20,AFC,0.004829290121957328,0.4829290121957328,False
1996-01,20,AFC,0.05051123086341782,5.051123086341782,False
1996-02,20,AFC,0.07426584004897728,7.426584004897728,False
1996-03,20,AFC,0.03861823682546819,3.861823682546819,False
1996-04,20,AFC,0.02008148314924346,2.008148314924346,False
1996-05,20,AFC,0.0344423712376066,3.44423712376066,False
1996-06,20,AFC,0.017910033043555432,1.7910033043555433,False
1996-07,20,AFC,0.15331321718264884,15.331321718264885,False
1996-08,20,AFC,0.12772287293497742,12.772287293497742,False
1996-09,20,AFC,0.09041589392618826,9.041589392618826,False
1996-10,20,AFC,0.0710162648416179,7.101626484161789,False
1996-11,20,AFC,0.036928457717641305,3.6928457717641305,False
1996-12,20,AFC,0.1152027980131735,11.52027980131735,False
1997-01,20,AFC,0.08390545496685023,8.390545496685023,False
1997-02,20,AFC,0.11563083658276213,11.563083658276213,False
1997-03,20,AFC,0.15612803502303632,15.612803502303633,False
1997-04,20,AFC,0.1051865782119789,10.51865782119789,False
1997-05,20,AFC,0.17469702067022905,17.469702067022904,False
1997-06,20,AFC,0.11484245074851912,11.484245074851913,False
1997-07,20,AFC,0.05971807438922994,5.971807438922994,False
1997-08,20,AFC,0.07905339868239958,7.905339868239958,False
1997-09,20,AFC,0.08910776731484779,8.910776731484779,False
1997-10,20,AFC,0.07033603900372086,7.033603900372086,False
1997-11,20,AFC,0.10857474028193487,10.857474028193487,False
1997-12,20,AFC,0.10445886494660614,10.445886494660614,False
1998-01,20,AFC,0.1023186097722352,10.23186097722352,False
1998-02,20,AFC,0.1012056770815623,10.12056770815623,False
1998-03,20,AFC,0.12462695208241241,12.462695208241241,False
1998-04,20,AFC,0.11280601508285446,11.280601508285445,False
1998-05,20,AFC,0.10665912784308432,10.665912784308432,False
1998-06,20,AFC,0.055462746478403845,5.546274647840384,False
1998-07,20,AFC,0.052840628168770006,5.284062816877,False
1998-08,20,AFC,0.027477126647760405,2.7477126647760404,False
1998-09,20,AFC,0.03828810585683541,3.828810585683541,False
1998-10,20,AFC,0.04390981504555442,4.390981504555442,False
1998-11,20,AFC,0.11883310382368831,11.883310382368832,False
1998-12,20,AFC,0.325793213988318,32.5793213988318,False
1999-01,20,AFC,0.16941247127392536,16.941247127392536,False
1999-02,20,AFC,0.1120944850624412,11.20944850624412,False
1999-03,20,AFC,0.08228913223246943,8.228913223246943,False
1999-04,20,AFC,0.042790348760884105,4.27903487608841,False
1999-05,20,AFC,0.022250981355659734,2.2250981355659736,False
1999-06,20,AFC,0.05957051030494307,5.957051030494307,False
1999-07,20,AFC,0.07897666535857041,7.8976665358570415,False
1999-08,20,AFC,0.08906786598645662,8.906786598645661,False
1999-09,20,AFC,0.07031529031295745,7.0315290312957455,False
1999-10,20,AFC,0.06056395096273788,6.056395096273788,False
1999-11,20,AFC,0.0314932545006237,3.14932545006237,False
1999-12,20,AFC,0.016376492340324324,1.6376492340324325,False
2000-01,20,AFC,0.10451577601696867,10.451577601696867,False
2000-02,20,AFC,0.07834820352882371,7.834820352882371,False
2000-03,20,AFC,0.08874106583498834,8.874106583498834,False
2000-04,20,AFC,0.07014535423419394,7.014535423419393,False
2000-05,20,AFC,0.15647558420178087,15.647558420178086,False
2000-06,20,AFC,0.10536730378492606,10.536730378492607,False
2000-07,20,AFC,0.10279099796816156,10.279099796816157,False
2000-08,20,AFC,0.07745131894344402,7.745131894344402,False
2000-09,20,AFC,0.040274685850590894,4.027468585059089,False
2000-10,20,AFC,0.06894283664230727,6.894283664230727,False
2000-11,20,AFC,0.059850275053999785,5.985027505399978,False
2000-12,20,AFC,0.1211221430280799,12.11221430280799,False
2001-01,20,AFC,0.15898351437460156,15.898351437460157,False
2001-02,20,AFC,0.13067142747479282,13.067142747479283,False
2001-03,20,AFC,0.09194914228689227,9.194914228689226,False
2001-04,20,AFC,0.07181355398918399,7.181355398918399,False
2001-05,20,AFC,0.10934304807437568,10.934304807437568,False
2001-06,20,AFC,0.10485838499867536,10.485838499867537,False
2001-07,20,AFC,0.12652636019931118,12.65263601993112,False
2001-08,20,AFC,0.11379370730364183,11.379370730364183,False
2001-09,20,AFC,0.08317272779789375,8.317272779789375,False
2001-10,20,AFC,0.06724981845490476,6.7249818454904755,False
2001-11,20,AFC,0.08296990559655049,8.296990559655049,False
2001-12,20,AFC,0.18714435091020626,18.714435091020626,False
2002-01,20,AFC,0.19331506247330726,19.331506247330726,False
2002-02,20,AFC,0.10052383248611978,10.052383248611978,False
2002-03,20,AFC,0.07627239289278229,7.627239289278228,False
2002-04,20,AFC,0.0636616443042468,6.366164430424679,False
2002-05,20,AFC,0.05710405503820834,5.710405503820834,False
2002-06,20,AFC,0.05369410861986834,5.369410861986834,False
2002-07,20,AFC,0.07592093648233154,7.5920936482331545,False
2002-08,20,AFC,0.06347888697081241,6.347888697081242,False
2002-09,20,AFC,0.05700902122482246,5.700902122482246,False
2002-10,20,AFC,0.05364469103690768,5.364469103690768,False
2002-11,20,AFC,0.027895239339191993,2.7895239339191993,False
2002-12,20,AFC,0.20650552445637987,20.650552445637988,False
2003-01,20,AFC,0.17938287271731757,17.938287271731756,False
2003-02,20,AFC,0.09327909381300514,9.327909381300515,False
2003-03,20,AFC,0.048505128782762676,4.850512878276268,False
2003-04,20,AFC,0.049222666967036595,4.92226669670366,False
2003-05,20,AFC,0.07359578682285904,7.359578682285904,False
2003-06,20,AFC,0.038269809147886705,3.8269809147886704,False
2003-07,20,AFC,0.019900300756901086,1.9900300756901086,False
2003-08,20,AFC,0.010348156393588565,1.0348156393588566,False
2003-09,20,AFC,0.005381041324666054,0.5381041324666054,False
2003-10,20,AFC,0.026798141488826352,2.679814148882635,False
2003-11,20,AFC,0.013935033574189704,1.3935033574189704,False
2003-12,20,AFC,0.24724621745857867,24.724621745857867,False
2004-01,20,AFC,0.2245680330784609,22.45680330784609,False
2004-02,20,AFC,0.14077537720079966,14.077537720079967,False
2004-03,20,AFC,0.07320319614441582,7.3203196144415825,False
2004-04,20,AFC,0.062065661995096236,6.2065661995096235,False
2004-05,20,AFC,0.056274144237450044,5.627414423745004,False
2004-06,20,AFC,0.05326255500347403,5.326255500347403,False
2004-07,20,AFC,0.0996965286018065,9.96965286018065,False
2004-08,20,AFC,0.09984219487293938,9.984219487293938,False
2004-09,20,AFC,0.09991794133392848,9.991794133392847,False
2004-10,20,AFC,0.07595732949364281,7.595732949364281,False
2004-11,20,AFC,0.06349781133669427,6.349781133669427,False
2004-12,20,AFC,0.20101886189508103,20.101886189508104,False
2005-01,20,AFC,0.24852980818544215,24.852980818544214,False
2005-02,20,AFC,0.17723550025642995,17.723550025642997,False
2005-03,20,AFC,0.14016246013334357,14.016246013334358,False
2005-04,20,AFC,0.07288447926933866,7.288447926933866,False
2005-05,20,AFC,0.1338999292200561,13.38999292200561,False
2005-06,20,AFC,0.1176279631944292,11.76279631944292,False
2005-07,20,AFC,0.2051665408611032,20.51665408611032,False
2005-08,20,AFC,0.15468660124777367,15.468660124777367,False
2005-09,20,AFC,0.10443703264884231,10.443703264884231,False
2005-10,20,AFC,0.054307256977398,5.4307256977398,False
2005-11,20,AFC,0.07623977362824697,7.6239773628246965,False
2005-12,20,AFC,0.23164468228668844,23.164468228668845,False
2006-01,20,AFC,0.14445523478907799,14.445523478907798,False
2006-02,20,AFC,0.17111672209032058,17.111672209032058,False
2006-03,20,AFC,0.11298069548696671,11.29806954869667,False
2006-04,20,AFC,0.2027499616532227,20.27499616532227,False
2006-05,20,AFC,0.1534299800596758,15.342998005967582,False
2006-06,20,AFC,0.10378358963103143,10.378358963103143,False
2006-07,20,AFC,0.14996746660813637,14.996746660813637,False
2006-08,20,AFC,0.10198308263623092,10.198308263623092,False
2006-09,20,AFC,0.07703120297084008,7.703120297084008,False
2006-10,20,AFC,0.04005622554483684,4.0056225544836845,False
2006-11,20,AFC,0.044829237283315164,4.482923728331516,False
2006-12,20,AFC,0.1193112033873239,11.93112033873239,False
2007-01,20,AFC,0.25404182576140844,25.404182576140844,False
2007-02,20,AFC,0.1321017493959324,13.210174939593239,False
2007-03,20,AFC,0.06869290968588485,6.869290968588484,False
2007-04,20,AFC,0.06395560715430718,6.395560715430718,False
2007-05,20,AFC,0.057256915720239734,5.725691572023973,False
2007-06,20,AFC,0.02977359617452466,2.9773596174524664,False
2007-07,20,AFC,0.18348227001075285,18.348227001075283,False
2007-08,20,AFC,0.09541078040559148,9.541078040559148,False
2007-09,20,AFC,0.04961360581090757,4.961360581090757,False
2007-10,20,AFC,0.025799075021671936,2.5799075021671936,False
2007-11,20,AFC,0.013415519011269408,1.3415519011269408,False
2007-12,20,AFC,0.1509760698858601,15.09760698858601,False
2008-01,20,AFC,0.19850755634064726,19.850755634064726,False
2008-02,20,AFC,0.10322392929713659,10.322392929713658,False
2008-03,20,AFC,0.053676443234511026,5.367644323451103,False
2008-04,20,AFC,0.21991175048194578,21.991175048194577,False
2008-05,20,AFC,0.1143541102506118,11.43541102506118,False
2008-06,20,AFC,0.05946413733031814,5.9464137330318145,False
2008-07,20,AFC,0.10292135141176545,10.292135141176544,False
2008-08,20,AFC,0.10151910273411804,10.151910273411804,False
2008-09,20,AFC,0.05278993342174138,5.278993342174139,False
2008-10,20,AFC,0.02745076537930552,2.7450765379305517,False
2008-11,20,AFC,0.08627439799723888,8.627439799723888,False
2008-12,20,AFC,0.26086268695856424,26.086268695856425,False
2009-01,20,AFC,0.39964859721845347,39.96485972184535,False
2009-02,20,AFC,0.2318172705535958,23.18172705535958,False
2009-03,20,AFC,0.14454498068786983,14.454498068786984,False
2009-04,20,AFC,0.07516338995769231,7.516338995769231,False
2009-05,20,AFC,0.15908496277800002,15.908496277800003,False
2009-06,20,AFC,0.08272418064456001,8.272418064456001,False
2009-07,20,AFC,0.11501657393517122,11.501657393517121,False
2009-08,20,AFC,0.08380861844628903,8.380861844628903,False
2009-09,20,AFC,0.06758048159207031,6.75804815920703,False
2009-10,20,AFC,0.10714185042787658,10.714185042787658,False
2009-11,20,AFC,0.10371376222249583,10.371376222249582,False
2009-12,20,AFC,0.29393115635569783,29.39311563556978,False
2010-01,20,AFC,0.2728442013049629,27.28442013049629,False
2010-02,20,AFC,0.42987898467858077,42.987898467858074,False
2010-03,20,AFC,0.295537072032862,29.5537072032862,False
2010-04,20,AFC,0.26034594412375495,26.034594412375494,False
2010-05,20,AFC,0.18337989094435259,18.337989094435258,False
2010-06,20,AFC,0.14335754329106334,14.335754329106335,False
2010-07,20,AFC,0.07454592251135295,7.454592251135295,False
2010-08,20,AFC,0.08676387970590355,8.676387970590355,False
2010-09,20,AFC,0.09311721744706986,9.311721744706986,False
2010-10,20,AFC,0.09642095307247633,9.642095307247633,False
2010-11,20,AFC,0.0741388955976877,7.41388955976877,False
2010-12,20,AFC,0.23055222571079764,23.055222571079764,False
2011-01,20,AFC,0.3838871573696149,38.38871573696149,False
2011-02,20,AFC,0.24762132183219976,24.762132183219975,False
2011-03,20,AFC,0.1767630873527439,17.67630873527439,False
2011-04,20,AFC,0.25191680542342687,25.191680542342688,False
2011-05,20,AFC,0.13099673882018198,13.099673882018198,False
2011-06,20,AFC,0.14011830418649462,14.011830418649463,False
2011-07,20,AFC,0.26486151817697723,26.486151817697724,False
2011-08,20,AFC,0.20972798945202817,20.97279894520282,False
2011-09,20,AFC,0.18105855451505465,18.105855451505466,False
2011-10,20,AFC,0.16615044834782844,16.615044834782843,False
2011-11,20,AFC,0.1343982331408708,13.439823314087079,False
2011-12,20,AFC,0.11788708123325281,11.78870812332528,False
2012-01,20,AFC,0.15730128224129147,15.730128224129148,False
2012-02,20,AFC,0.12979666676547158,12.979666676547158,False
2012-03,20,AFC,0.21149426671804522,21.149426671804523,False
2012-04,20,AFC,0.2379770186933835,23.79770186933835,False
2012-05,20,AFC,0.17174804972055943,17.17480497205594,False
2012-06,20,AFC,0.16130898585469092,16.13089858546909,False
2012-07,20,AFC,0.15588067264443928,15.588067264443929,False
2012-08,20,AFC,0.12905794977510843,12.905794977510842,False
2012-09,20,AFC,0.09111013388305639,9.111013388305638,False
2012-10,20,AFC,0.07137726961918933,7.137726961918933,False
2012-11,20,AFC,0.08511618020197846,8.511618020197846,False
2012-12,20,AFC,0.23626041370502884,23.626041370502886,False
2013-01,20,AFC,0.21885541512661502,21.8855415126615,False
2013-02,20,AFC,0.1378048158658398,13.780481586583981,False
2013-03,20,AFC,0.09565850425023671,9.56585042502367,False
2013-04,20,AFC,0.13701514948285037,13.701514948285038,False
2013-05,20,AFC,0.1672478777310822,16.724787773108222,False
2013-06,20,AFC,0.08696889642016276,8.696889642016275,False
2013-07,20,AFC,0.14122382613848466,14.122382613848467,False
2013-08,20,AFC,0.07343638959201203,7.343638959201202,False
2013-09,20,AFC,0.038186922587846256,3.8186922587846257,False
2013-10,20,AFC,0.019857199745680055,1.9857199745680054,False
2013-11,20,AFC,0.01032574386775363,1.032574386775363,False
2013-12,20,AFC,0.22136938681123192,22.13693868112319,False
2014-01,20,AFC,0.2591120811418406,25.91120811418406,False
2014-02,20,AFC,0.5547382821937572,55.47382821937572,False
2014-03,20,AFC,0.28846390674075373,28.846390674075373,False
2014-04,20,AFC,0.35000123150519197,35.000123150519194,False
2014-05,20,AFC,0.20600064038269983,20.600064038269984,False
2014-06,20,AFC,0.10712033299900392,10.712033299900392,False
2014-07,20,AFC,0.07970257315948204,7.970257315948204,False
2014-08,20,AFC,0.08944533804293067,8.944533804293068,False
2014-09,20,AFC,0.04651157578232395,4.651157578232395,False
2014-10,20,AFC,0.024186019406808455,2.4186019406808454,False
2014-11,20,AFC,0.012576730091540396,1.2576730091540396,False
2014-12,20,AFC,0.456539899647601,45.6539899647601,False
2015-01,20,AFC,0.4054007478167525,40.54007478167525,False
2015-02,20,AFC,0.30680838886471135,30.680838886471136,False
2015-03,20,AFC,0.1835403622096499,18.35403622096499,False
2015-04,20,AFC,0.09544098834901794,9.544098834901794,False
2015-05,20,AFC,0.24162931394148937,24.162931394148938,False
2015-06,20,AFC,0.12564724324957446,12.564724324957446,False
2015-07,20,AFC,0.06533656648977873,6.533656648977873,False
2015-08,20,AFC,0.297975014574685,29.7975014574685,False
2015-09,20,AFC,0.1789470075788362,17.89470075788362,False
2015-10,20,AFC,0.11705244394099483,11.705244394099482,False
2015-11,20,AFC,0.08486727084931732,8.486727084931731,False
2015-12,20,AFC,0.20413098084164502,20.413098084164503,False
2016-01,20,AFC,0.20214811003765543,20.214811003765544,False
2016-02,20,AFC,0.24911701721958085,24.911701721958085,False
2016-03,20,AFC,0.15354084895418205,15.354084895418204,False
2016-04,20,AFC,0.07984124145617466,7.984124145617466,False
2016-05,20,AFC,0.041517445557210826,4.151744555721082,False
2016-06,20,AFC,0.045589071689749634,4.558907168974963,False
2016-07,20,AFC,0.2797063172786698,27.97063172786698,False
2016-08,20,AFC,0.28944728498490835,28.944728498490836,False
2016-09,20,AFC,0.17451258819215235,17.451258819215234,False
2016-10,20,AFC,0.11474654585991922,11.474654585991923,False
2016-11,20,AFC,0.08366820384715801,8.366820384715801,False
2016-12,20,AFC,0.2568407993338555,25.68407993338555,False
2017-01,20,AFC,0.1815572156536049,18.155721565360487,False
2017-02,20,AFC,0.09440975213987454,9.440975213987453,False
2017-03,20,AFC,0.07309307111273476,7.309307111273476,False
2017-04,20,AFC,0.03800839697862208,3.800839697862208,False
2017-05,20,AFC,0.019764366428883483,1.9764366428883482,False
2017-06,20,AFC,0.03427747054301941,3.4277470543019413,False
2017-07,20,AFC,0.041824284682370094,4.18242846823701,False
2017-08,20,AFC,0.11774862803483246,11.774862803483247,False
2017-09,20,AFC,0.08522928657811289,8.522928657811288,False
2017-10,20,AFC,0.06831922902061871,6.831922902061871,False
2017-11,20,AFC,0.05952599909072173,5.952599909072173,False
2017-12,20,AFC,0.3189535195271753,31.895351952717533,False
2018-01,20,AFC,0.35252249682079784,35.252249682079785,False
2018-02,20,AFC,0.4713116983468149,47.131169834681494,False
2018-03,20,AFC,0.26908208314034376,26.908208314034376,False
2018-04,20,AFC,0.23592268323297877,23.592268323297876,False
2018-05,20,AFC,0.17067979528114896,17.067979528114897,False
2018-06,20,AFC,0.11275349354619747,11.275349354619747,False
2018-07,20,AFC,0.10663181664402269,10.663181664402268,False
2018-08,20,AFC,0.22486030936077417,22.486030936077416,False
2018-09,20,AFC,0.14092736086760257,14.092736086760258,False
2018-10,20,AFC,0.09728222765115335,9.728222765115335,False
2018-11,20,AFC,0.07458675837859975,7.458675837859976,False
2018-12,20,AFC,0.4947851143568719,49.47851143568719,False
2019-01,20,AFC,0.5932882594655734,59.32882594655734,False
2019-02,20,AFC,0.41517656158876487,41.517656158876484,False
2019-03,20,AFC,0.23989181202615772,23.98918120261577,False
2019-04,20,AFC,0.148743742253602,14.874374225360201,False
2019-05,20,AFC,0.15734674597187304,15.734674597187304,False
2019-06,20,AFC,0.10582030790537399,10.582030790537399,False
2019-07,20,AFC,0.07902656011079448,7.902656011079448,False
2019-08,20,AFC,0.3530938112576132,35.30938112576132,False
2019-09,20,AFC,0.2316087818539589,23.160878185395887,False
2019-10,20,AFC,0.12043656656405863,12.043656656405863,False
2019-11,20,AFC,0.0626270146133105,6.26270146133105,False
2019-12,20,AFC,0.5125660475989215,51.256604759892156,False
2020-01,20,AFC,0.2665343447514392,26.65343447514392,False
2020-02,20,AFC,0.1385978592707484,13.859785927074842,False
2020-03,20,AFC,0.07207088682078917,7.2070886820789175,False
2020-04,20,AFC,0.03747686114681037,3.747686114681037,False
2020-05,20,AFC,0.019487967796341394,1.9487967796341394,False
2020-06,20,AFC,0.010133743254097525,1.0133743254097525,False
2020-07,20,AFC,0.005269546492130713,0.5269546492130713,False
2020-08,20,AFC,0.0027401641759079707,0.2740164175907971,False
2020-09,20,AFC,0.0014248853714721448,0.1424885371472145,False
2020-10,20,AFC,0.0007409403931655153,0.07409403931655152,False
2020-11,20,AFC,0.00038528900444606795,0.038528900444606794,False
2020-12,20,AFC,0.240200350282312,24.0200350282312,False
2021-01,20,AFC,0.29944963669225677,29.94496366922568,False
2021-02,20,AFC,0.44371381107997354,44.37138110799735,False
2021-03,20,AFC,0.25473118176158627,25.47311817615863,False
2021-04,20,AFC,0.15646021451602485,15.646021451602484,False
2021-05,20,AFC,0.29735931154833295,29.735931154833295,False
2021-06,20,AFC,0.17862684200513312,17.862684200513314,False
2021-07,20,AFC,0.11688595784266924,11.688595784266925,False
2021-08,20,AFC,0.060780698078188006,6.0780698078188005,False
2021-09,20,AFC,0.055605963000657774,5.560596300065777,False
2021-10,20,AFC,0.052915100760342046,5.291510076034204,False
2021-11,20,AFC,0.05151585239537787,5.151585239537787,False
2021-12,20,AFC,0.21878824324559654,21.878824324559652,False
2022-01,20,AFC,0.23376988648771022,23.37698864877102,False
2022-02,20,AFC,0.24156034097360934,24.156034097360934,False
2022-03,20,AFC,0.14961137730627685,14.961137730627685,False
2022-04,20,AFC,0.07779791619926396,7.779791619926396,False
2022-05,20,AFC,0.20845491642361727,20.845491642361726,False
2022-06,20,AFC,0.10839655654028098,10.839655654028098,False
2022-07,20,AFC,0.1630328760676128,16.30328760676128,False
2022-08,20,AFC,0.08477709555515865,8.477709555515865,False
2022-09,20,AFC,0.0680840896886825,6.80840896886825,False
2022-10,20,AFC,0.15540372663811491,15.54037266381149,False
2022-11,20,AFC,0.10480993785181976,10.480993785181976,False
2022-12,20,AFC,0.12650116768294628,12.650116768294628,False
2023-01,20,AFC,0.3777806071951321,37.77806071951321,False
2023-02,20,AFC,0.19644591574146872,19.644591574146872,False
2023-03,20,AFC,0.12615187618556373,12.615187618556373,False
2023-04,20,AFC,0.06559897561649314,6.559897561649314,False
2023-05,20,AFC,0.03411146732057643,3.4111467320576434,False
2023-06,20,AFC,0.041737963006699755,4.173796300669975,False
2023-07,20,AFC,0.06970374076348387,6.970374076348388,False
2023-08,20,AFC,0.03624594519701162,3.6245945197011618,False
2023-09,20,AFC,0.04284789150244604,4.284789150244604,False
2023-10,20,AFC,0.046280903581271945,4.628090358127195,False
2023-11,20,AFC,0.07206606986226143,7.206606986226142,False
2023-12,20,AFC,0.037474356328375945,3.7474356328375946,False
2024-01,20,AFC,0.21148666529075552,21.148666529075552,False
2024-02,20,AFC,0.3233063992845262,32.33063992845262,False
2024-03,20,AFC,0.21611932762795363,21.611932762795362,False
2024-04,20,AFC,0.1723820503665359,17.23820503665359,False
2024-05,20,AFC,0.08963866619059867,8.963866619059866,False
2024-06,20,AFC,0.07061210641911131,7.061210641911131,False
2024-07,20,AFC,0.036718295337937884,3.6718295337937885,False
2024-08,20,AFC,0.49909351357572773,49.909351357572774,False
2024-09,20,AFC,0.3075286270593784,30.75286270593784,False
2024-10,20,AFC,0.20791488607087677,20.791488607087675,False
2024-11,20,AFC,0.15611574075685594,15.611574075685594,False
2024-12,20,AFC,0.4651801851935652,46.51801851935652,False
2025-01,20,AFC,0.4634321578391155,46.34321578391155,False
2025-02,20,AFC,0.3209847220763401,32.09847220763401,False
2025-03,20,AFC,0.21491205547969688,21.491205547969688,False
2025-04,20,AFC,0.15975426884944238,15.975426884944238,False
2025-05,20,AFC,0.23307221980171006,23.307221980171004,False
2025-06,20,AFC,0.14519755429688924,14.519755429688924,False
2025-07,20,AFC,0.07550272823438241,7.550272823438241,False
2025-08,20,AFC,0.27926141868187887,27.926141868187887,False
2025-09,20,AFC,0.14521593771457703,14.521593771457702,False
2025-10,20,AFC,0.07551228761158006,7.551228761158006,False
2025-11,20,AFC,0.06326638955802164,6.326638955802164,False
2025-12,20,AFC,0.20089852257017127,20.089852257017128,False
2026-01,20,AFC,0.15246723173648907,15.246723173648908,False
2026-02,20,AFC,0.07928296050297431,7.928296050297432,False
2026-03,20,AFC,0.06522713946154665,6.522713946154665,False
2026-04,20,AFC,0.05791811252000427,5.791811252000427,False
2026-05,20,AFC,0.12611741851040223,12.611741851040223,False
2026-06,20,AFC,0.08958105762540917,8.958105762540917,False
2026-07,20,AFC,0.07058214996521278,7.058214996521278,False
2026-08,20,AFC,0.07058214996521278,7.058214996521278,True
2026-09,20,AFC,0.07058214996521278,7.058214996521278,True
2026-10,20,AFC,0.07058214996521278,7.058214996521278,True
2026-11,20,AFC,0.07058214996521278,7.058214996521278,True
2026-12,20,AFC,0.07058214996521278,7.058214996521278,True
2027-01,20,AFC,0.07058214996521278,7.058214996521278,True
2027-02,20,AFC,0.07058214996521278,7.058214996521278,True
2027-03,20,AFC,0.07058214996521278,7.058214996521278,True
2027-04,20,AFC,0.07058214996521278,7.058214996521278,True
2027-05,20,AFC,0.07058214996521278,7.058214996521278,True
2027-06,20,AFC,0.07058214996521278,7.058214996521278,True
2027-07,20,AFC,0.07058214996521278,7.058214996521278,True
