month,threshold,confederation,share,share_pct
1992-01,5,AFC,0.0,0.0
1992-01,5,CAF,0.6,60.0
1992-01,5,CONCACAF,0.0,0.0
1992-01,5,CONMEBOL,0.0,0.0
1992-01,5,OFC,0.0,0.0
1992-01,5,UEFA,0.4,40.0
1992-02,5,AFC,0.0,0.0
1992-02,5,CAF,0.0,0.0
1992-02,5,CONCACAF,0.0,0.0
1992-02,5,CONMEBOL,0.2,20.0
1992-02,5,OFC,0.0,0.0
1992-02,5,UEFA,0.8,80.0
1992-03,5,AFC,0.0,0.0
1992-03,5,CAF,0.0,0.0
1992-03,5,CONCACAF,0.0,0.0
1992-03,5,CONMEBOL,0.0,0.0
1992-03,5,OFC,0.0,0.0
1992-03,5,UEFA,1.0,100.0
1992-04,5,AFC,0.0,0.0
1992-04,5,CAF,0.0,0.0
1992-04,5,CONCACAF,0.0,0.0
1992-04,5,CONMEBOL,0.2,20.0
1992-04,5,OFC,0.0,0.0
1992-04,5,UEFA,0.8,80.0
1992-05,5,AFC,0.0,0.0
1992-05,5,CAF,0.0,0.0
1992-05,5,CONCACAF,0.0,0.0
1992-05,5,CONMEBOL,0.2,20.0
1992-05,5,OFC,0.0,0.0
1992-05,5,UEFA,0.8,80.0
1992-06,5,AFC,0.0,0.0
1992-06,5,CAF,0.0,0.0
1992-06,5,CONCACAF,0.0,0.0
1992-06,5,CONMEBOL,0.2,20.0
1992-06,5,OFC,0.0,0.0
1992-06,5,UEFA,0.8,80.0
1992-07,5,AFC,0.0,0.0
1992-07,5,CAF,0.2,20.0
1992-07,5,CONCACAF,0.2,20.0
1992-07,5,CONMEBOL,0.4,40.0
1992-07,5,OFC,0.2,20.0
1992-07,5,UEFA,0.0,0.0
1992-08,5,AFC,0.0,0.0
1992-08,5,CAF,0.0,0.0
1992-08,5,CONCACAF,0.0,0.0
1992-08,5,CONMEBOL,0.4,40.0
1992-08,5,OFC,0.0,0.0
1992-08,5,UEFA,0.6,60.0
1992-09,5,AFC,0.0,0.0
1992-09,5,CAF,0.0,0.0
1992-09,5,CONCACAF,0.0,0.0
1992-09,5,CONMEBOL,0.4,40.0
1992-09,5,OFC,0.0,0.0
1992-09,5,UEFA,0.6,60.0
1992-10,5,AFC,0.0,0.0
1992-10,5,CAF,0.0,0.0
1992-10,5,CONCACAF,0.0,0.0
1992-10,5,CONMEBOL,0.2,20.0
1992-10,5,OFC,0.0,0.0
1992-10,5,UEFA,0.8,80.0
1992-11,5,AFC,0.0,0.0
1992-11,5,CAF,0.0,0.0
1992-11,5,CONCACAF,0.0,0.0
1992-11,5,CONMEBOL,0.4,40.0
1992-11,5,OFC,0.0,0.0
1992-11,5,UEFA,0.6,60.0
1992-12,5,AFC,0.0,0.0
1992-12,5,CAF,0.0,0.0
1992-12,5,CONCACAF,0.0,0.0
1992-12,5,CONMEBOL,0.4,40.0
1992-12,5,OFC,0.0,0.0
1992-12,5,UEFA,0.6,60.0
1993-01,5,AFC,0.0,0.0
1993-01,5,CAF,0.0,0.0
1993-01,5,CONCACAF,0.2,20.0
1993-01,5,CONMEBOL,0.0,0.0
1993-01,5,OFC,0.0,0.0
1993-01,5,UEFA,0.8,80.0
1993-02,5,AFC,0.0,0.0
1993-02,5,CAF,0.0,0.0
1993-02,5,CONCACAF,0.0,0.0
1993-02,5,CONMEBOL,0.4,40.0
1993-02,5,OFC,0.0,0.0
1993-02,5,UEFA,0.6,60.0
1993-03,5,AFC,0.0,0.0
1993-03,5,CAF,0.0,0.0
1993-03,5,CONCACAF,0.0,0.0
1993-03,5,CONMEBOL,0.2,20.0
1993-03,5,OFC,0.0,0.0
1993-03,5,UEFA,0.8,80.0
1993-04,5,AFC,0.0,0.0
1993-04,5,CAF,0.0,0.0
1993-04,5,CONCACAF,0.0,0.0
1993-04,5,CONMEBOL,0.0,0.0
1993-04,5,OFC,0.0,0.0
1993-04,5,UEFA,1.0,100.0
1993-05,5,AFC,0.0,0.0
1993-05,5,CAF,0.0,0.0
1993-05,5,CONCACAF,0.0,0.0
1993-05,5,CONMEBOL,0.0,0.0
1993-05,5,OFC,0.0,0.0
1993-05,5,UEFA,1.0,100.0
1993-06,5,AFC,0.0,0.0
1993-06,5,CAF,0.0,0.0
1993-06,5,CONCACAF,0.0,0.0
1993-06,5,CONMEBOL,0.4,40.0
1993-06,5,OFC,0.0,0.0
1993-06,5,UEFA,0.6,60.0
1993-07,5,AFC,0.0,0.0
1993-07,5,CAF,0.0,0.0
1993-07,5,CONCACAF,0.4,40.0
1993-07,5,CONMEBOL,0.4,40.0
1993-07,5,OFC,0.0,0.0
1993-07,5,UEFA,0.2,20.0
1993-08,5,AFC,0.0,0.0
1993-08,5,CAF,0.0,0.0
1993-08,5,CONCACAF,0.2,20.0
1993-08,5,CONMEBOL,0.2,20.0
1993-08,5,OFC,0.0,0.0
1993-08,5,UEFA,0.6,60.0
1993-09,5,AFC,0.0,0.0
1993-09,5,CAF,0.0,0.0
1993-09,5,CONCACAF,0.2,20.0
1993-09,5,CONMEBOL,0.0,0.0
1993-09,5,OFC,0.0,0.0
1993-09,5,UEFA,0.8,80.0
1993-10,5,AFC,0.0,0.0
1993-10,5,CAF,0.0,0.0
1993-10,5,CONCACAF,0.0,0.0
1993-10,5,CONMEBOL,0.2,20.0
1993-10,5,OFC,0.0,0.0
1993-10,5,UEFA,0.8,80.0
1993-11,5,AFC,0.0,0.0
1993-11,5,CAF,0.0,0.0
1993-11,5,CONCACAF,0.2,20.0
1993-11,5,CONMEBOL,0.2,20.0
1993-11,5,OFC,0.0,0.0
1993-11,5,UEFA,0.6,60.0
1993-12,5,AFC,0.0,0.0
1993-12,5,CAF,0.0,0.0
1993-12,5,CONCACAF,0.2,20.0
1993-12,5,CONMEBOL,0.4,40.0
1993-12,5,OFC,0.2,20.0
1993-12,5,UEFA,0.2,20.0
1994-01,5,AFC,0.0,0.0
1994-01,5,CAF,0.0,0.0
1994-01,5,CONCACAF,0.4,40.0
1994-01,5,CONMEBOL,0.0,0.0
1994-01,5,OFC,0.0,0.0
1994-01,5,UEFA,0.6,60.0
1994-02,5,AFC,0.0,0.0
1994-02,5,CAF,0.0,0.0
1994-02,5,CONCACAF,0.2,20.0
1994-02,5,CONMEBOL,0.0,0.0
1994-02,5,OFC,0.0,0.0
1994-02,5,UEFA,0.8,80.0
1994-03,5,AFC,0.0,0.0
1994-03,5,CAF,0.0,0.0
1994-03,5,CONCACAF,0.2,20.0
1994-03,5,CONMEBOL,0.2,20.0
1994-03,5,OFC,0.0,0.0
1994-03,5,UEFA,0.6,60.0
1994-04,5,AFC,0.0,0.0
1994-04,5,CAF,0.0,0.0
1994-04,5,CONCACAF,0.2,20.0
1994-04,5,CONMEBOL,0.2,20.0
1994-04,5,OFC,0.0,0.0
1994-04,5,UEFA,0.6,60.0
1994-05,5,AFC,0.0,0.0
1994-05,5,CAF,0.0,0.0
1994-05,5,CONCACAF,0.2,20.0
1994-05,5,CONMEBOL,0.2,20.0
1994-05,5,OFC,0.0,0.0
1994-05,5,UEFA,0.6,60.0
1994-06,5,AFC,0.0,0.0
1994-06,5,CAF,0.0,0.0
1994-06,5,CONCACAF,0.0,0.0
1994-06,5,CONMEBOL,0.2,20.0
1994-06,5,OFC,0.0,0.0
1994-06,5,UEFA,0.8,80.0
1994-07,5,AFC,0.0,0.0
1994-07,5,CAF,0.0,0.0
1994-07,5,CONCACAF,0.0,0.0
1994-07,5,CONMEBOL,0.2,20.0
1994-07,5,OFC,0.0,0.0
1994-07,5,UEFA,0.8,80.0
1994-08,5,AFC,0.0,0.0
1994-08,5,CAF,0.2,20.0
1994-08,5,CONCACAF,0.0,0.0
1994-08,5,CONMEBOL,0.0,0.0
1994-08,5,OFC,0.0,0.0
1994-08,5,UEFA,0.8,80.0
1994-09,5,AFC,0.0,0.0
1994-09,5,CAF,0.0,0.0
1994-09,5,CONCACAF,0.0,0.0
1994-09,5,CONMEBOL,0.0,0.0
1994-09,5,OFC,0.0,0.0
1994-09,5,UEFA,1.0,100.0
1994-10,5,AFC,0.0,0.0
1994-10,5,CAF,0.0,0.0
1994-10,5,CONCACAF,0.0,0.0
1994-10,5,CONMEBOL,0.0,0.0
1994-10,5,OFC,0.0,0.0
1994-10,5,UEFA,1.0,100.0
1994-11,5,AFC,0.0,0.0
1994-11,5,CAF,0.0,0.0
1994-11,5,CONCACAF,0.0,0.0
1994-11,5,CONMEBOL,0.0,0.0
1994-11,5,OFC,0.0,0.0
1994-11,5,UEFA,1.0,100.0
1994-12,5,AFC,0.0,0.0
1994-12,5,CAF,0.0,0.0
1994-12,5,CONCACAF,0.0,0.0
1994-12,5,CONMEBOL,0.2,20.0
1994-12,5,OFC,0.0,0.0
1994-12,5,UEFA,0.8,80.0
1995-01,5,AFC,0.0,0.0
1995-01,5,CAF,0.0,0.0
1995-01,5,CONCACAF,0.2,20.0
1995-01,5,CONMEBOL,0.0,0.0
1995-01,5,OFC,0.0,0.0
1995-01,5,UEFA,0.8,80.0
1995-02,5,AFC,0.0,0.0
1995-02,5,CAF,0.0,0.0
1995-02,5,CONCACAF,0.2,20.0
1995-02,5,CONMEBOL,0.2,20.0
1995-02,5,OFC,0.0,0.0
1995-02,5,UEFA,0.6,60.0
1995-03,5,AFC,0.0,0.0
1995-03,5,CAF,0.0,0.0
1995-03,5,CONCACAF,0.0,0.0
1995-03,5,CONMEBOL,0.2,20.0
1995-03,5,OFC,0.0,0.0
1995-03,5,UEFA,0.8,80.0
1995-04,5,AFC,0.0,0.0
1995-04,5,CAF,0.0,0.0
1995-04,5,CONCACAF,0.0,0.0
1995-04,5,CONMEBOL,0.0,0.0
1995-04,5,OFC,0.0,0.0
1995-04,5,UEFA,1.0,100.0
1995-05,5,AFC,0.0,0.0
1995-05,5,CAF,0.0,0.0
1995-05,5,CONCACAF,0.0,0.0
1995-05,5,CONMEBOL,0.4,40.0
1995-05,5,OFC,0.0,0.0
1995-05,5,UEFA,0.6,60.0
1995-06,5,AFC,0.0,0.0
1995-06,5,CAF,0.0,0.0
1995-06,5,CONCACAF,0.0,0.0
1995-06,5,CONMEBOL,0.2,20.0
1995-06,5,OFC,0.0,0.0
1995-06,5,UEFA,0.8,80.0
1995-07,5,AFC,0.0,0.0
1995-07,5,CAF,0.0,0.0
1995-07,5,CONCACAF,0.2,20.0
1995-07,5,CONMEBOL,0.4,40.0
1995-07,5,OFC,0.0,0.0
1995-07,5,UEFA,0.4,40.0
1995-08,5,AFC,0.0,0.0
1995-08,5,CAF,0.0,0.0
1995-08,5,CONCACAF,0.0,0.0
1995-08,5,CONMEBOL,0.2,20.0
1995-08,5,OFC,0.0,0.0
1995-08,5,UEFA,0.8,80.0
1995-09,5,AFC,0.0,0.0
1995-09,5,CAF,0.0,0.0
1995-09,5,CONCACAF,0.0,0.0
1995-09,5,CONMEBOL,0.0,0.0
1995-09,5,OFC,0.0,0.0
1995-09,5,UEFA,1.0,100.0
1995-10,5,AFC,0.0,0.0
1995-10,5,CAF,0.0,0.0
1995-10,5,CONCACAF,0.0,0.0
1995-10,5,CONMEBOL,0.2,20.0
1995-10,5,OFC,0.0,0.0
1995-10,5,UEFA,0.8,80.0
1995-11,5,AFC,0.0,0.0
1995-11,5,CAF,0.0,0.0
1995-11,5,CONCACAF,0.0,0.0
1995-11,5,CONMEBOL,0.2,20.0
1995-11,5,OFC,0.0,0.0
1995-11,5,UEFA,0.8,80.0
1995-12,5,AFC,0.0,0.0
1995-12,5,CAF,0.0,0.0
1995-12,5,CONCACAF,0.0,0.0
1995-12,5,CONMEBOL,0.4,40.0
1995-12,5,OFC,0.0,0.0
1995-12,5,UEFA,0.6,60.0
1996-01,5,AFC,0.0,0.0
1996-01,5,CAF,0.4,40.0
1996-01,5,CONCACAF,0.4,40.0
1996-01,5,CONMEBOL,0.2,20.0
1996-01,5,OFC,0.0,0.0
1996-01,5,UEFA,0.0,0.0
1996-02,5,AFC,0.0,0.0
1996-02,5,CAF,0.0,0.0
1996-02,5,CONCACAF,0.0,0.0
1996-02,5,CONMEBOL,0.0,0.0
1996-02,5,OFC,0.0,0.0
1996-02,5,UEFA,1.0,100.0
1996-03,5,AFC,0.0,0.0
1996-03,5,CAF,0.0,0.0
1996-03,5,CONCACAF,0.0,0.0
1996-03,5,CONMEBOL,0.2,20.0
1996-03,5,OFC,0.0,0.0
1996-03,5,UEFA,0.8,80.0
1996-04,5,AFC,0.0,0.0
1996-04,5,CAF,0.0,0.0
1996-04,5,CONCACAF,0.0,0.0
1996-04,5,CONMEBOL,0.2,20.0
1996-04,5,OFC,0.0,0.0
1996-04,5,UEFA,0.8,80.0
1996-05,5,AFC,0.0,0.0
1996-05,5,CAF,0.0,0.0
1996-05,5,CONCACAF,0.0,0.0
1996-05,5,CONMEBOL,0.0,0.0
1996-05,5,OFC,0.0,0.0
1996-05,5,UEFA,1.0,100.0
1996-06,5,AFC,0.0,0.0
1996-06,5,CAF,0.0,0.0
1996-06,5,CONCACAF,0.0,0.0
1996-06,5,CONMEBOL,0.0,0.0
1996-06,5,OFC,0.0,0.0
1996-06,5,UEFA,1.0,100.0
1996-07,5,AFC,0.0,0.0
1996-07,5,CAF,0.0,0.0
1996-07,5,CONCACAF,0.2,20.0
1996-07,5,CONMEBOL,0.8,80.0
1996-07,5,OFC,0.0,0.0
1996-07,5,UEFA,0.0,0.0
1996-08,5,AFC,0.0,0.0
1996-08,5,CAF,0.0,0.0
1996-08,5,CONCACAF,0.0,0.0
1996-08,5,CONMEBOL,0.2,20.0
1996-08,5,OFC,0.0,0.0
1996-08,5,UEFA,0.8,80.0
1996-09,5,AFC,0.0,0.0
1996-09,5,CAF,0.0,0.0
1996-09,5,CONCACAF,0.2,20.0
1996-09,5,CONMEBOL,0.0,0.0
1996-09,5,OFC,0.0,0.0
1996-09,5,UEFA,0.8,80.0
1996-10,5,AFC,0.0,0.0
1996-10,5,CAF,0.0,0.0
1996-10,5,CONCACAF,0.0,0.0
1996-10,5,CONMEBOL,0.2,20.0
1996-10,5,OFC,0.0,0.0
1996-10,5,UEFA,0.8,80.0
1996-11,5,AFC,0.0,0.0
1996-11,5,CAF,0.0,0.0
1996-11,5,CONCACAF,0.0,0.0
1996-11,5,CONMEBOL,0.2,20.0
1996-11,5,OFC,0.0,0.0
1996-11,5,UEFA,0.8,80.0
1996-12,5,AFC,0.0,0.0
1996-12,5,CAF,0.0,0.0
1996-12,5,CONCACAF,0.2,20.0
1996-12,5,CONMEBOL,0.2,20.0
1996-12,5,OFC,0.0,0.0
1996-12,5,UEFA,0.6,60.0
1997-01,5,AFC,0.0,0.0
1997-01,5,CAF,0.0,0.0
1997-01,5,CONCACAF,0.0,0.0
1997-01,5,CONMEBOL,0.2,20.0
1997-01,5,OFC,0.2,20.0
1997-01,5,UEFA,0.6,60.0
1997-02,5,AFC,0.0,0.0
1997-02,5,CAF,0.0,0.0
1997-02,5,CONCACAF,0.0,0.0
1997-02,5,CONMEBOL,0.2,20.0
1997-02,5,OFC,0.0,0.0
1997-02,5,UEFA,0.8,80.0
1997-03,5,AFC,0.0,0.0
1997-03,5,CAF,0.0,0.0
1997-03,5,CONCACAF,0.0,0.0
1997-03,5,CONMEBOL,0.0,0.0
1997-03,5,OFC,0.2,20.0
1997-03,5,UEFA,0.8,80.0
1997-04,5,AFC,0.0,0.0
1997-04,5,CAF,0.0,0.0
1997-04,5,CONCACAF,0.0,0.0
1997-04,5,CONMEBOL,0.2,20.0
1997-04,5,OFC,0.0,0.0
1997-04,5,UEFA,0.8,80.0
1997-05,5,AFC,0.0,0.0
1997-05,5,CAF,0.2,20.0
1997-05,5,CONCACAF,0.0,0.0
1997-05,5,CONMEBOL,0.2,20.0
1997-05,5,OFC,0.0,0.0
1997-05,5,UEFA,0.6,60.0
1997-06,5,AFC,0.0,0.0
1997-06,5,CAF,0.0,0.0
1997-06,5,CONCACAF,0.0,0.0
1997-06,5,CONMEBOL,0.2,20.0
1997-06,5,OFC,0.0,0.0
1997-06,5,UEFA,0.8,80.0
1997-07,5,AFC,0.0,0.0
1997-07,5,CAF,0.2,20.0
1997-07,5,CONCACAF,0.0,0.0
1997-07,5,CONMEBOL,0.4,40.0
1997-07,5,OFC,0.2,20.0
1997-07,5,UEFA,0.2,20.0
1997-08,5,AFC,0.0,0.0
1997-08,5,CAF,0.0,0.0
1997-08,5,CONCACAF,0.0,0.0
1997-08,5,CONMEBOL,0.2,20.0
1997-08,5,OFC,0.0,0.0
1997-08,5,UEFA,0.8,80.0
1997-09,5,AFC,0.0,0.0
1997-09,5,CAF,0.0,0.0
1997-09,5,CONCACAF,0.0,0.0
1997-09,5,CONMEBOL,0.2,20.0
1997-09,5,OFC,0.0,0.0
1997-09,5,UEFA,0.8,80.0
1997-10,5,AFC,0.0,0.0
1997-10,5,CAF,0.0,0.0
1997-10,5,CONCACAF,0.0,0.0
1997-10,5,CONMEBOL,0.2,20.0
1997-10,5,OFC,0.0,0.0
1997-10,5,UEFA,0.8,80.0
1997-11,5,AFC,0.0,0.0
1997-11,5,CAF,0.0,0.0
1997-11,5,CONCACAF,0.0,0.0
1997-11,5,CONMEBOL,0.2,20.0
1997-11,5,OFC,0.0,0.0
1997-11,5,UEFA,0.8,80.0
1997-12,5,AFC,0.0,0.0
1997-12,5,CAF,0.0,0.0
1997-12,5,CONCACAF,0.2,20.0
1997-12,5,CONMEBOL,0.2,20.0
1997-12,5,OFC,0.2,20.0
1997-12,5,UEFA,0.4,40.0
1998-01,5,AFC,0.2,20.0
1998-01,5,CAF,0.0,0.0
1998-01,5,CONCACAF,0.0,0.0
1998-01,5,CONMEBOL,0.0,0.0
1998-01,5,OFC,0.0,0.0
1998-01,5,UEFA,0.8,80.0
1998-02,5,AFC,0.0,0.0
1998-02,5,CAF,0.0,0.0
1998-02,5,CONCACAF,0.0,0.0
1998-02,5,CONMEBOL,0.2,20.0
1998-02,5,OFC,0.0,0.0
1998-02,5,UEFA,0.8,80.0
1998-03,5,AFC,0.0,0.0
1998-03,5,CAF,0.0,0.0
1998-03,5,CONCACAF,0.0,0.0
1998-03,5,CONMEBOL,0.2,20.0
1998-03,5,OFC,0.0,0.0
1998-03,5,UEFA,0.8,80.0
1998-04,5,AFC,0.0,0.0
1998-04,5,CAF,0.0,0.0
1998-04,5,CONCACAF,0.0,0.0
1998-04,5,CONMEBOL,0.2,20.0
1998-04,5,OFC,0.0,0.0
1998-04,5,UEFA,0.8,80.0
1998-05,5,AFC,0.0,0.0
1998-05,5,CAF,0.0,0.0
1998-05,5,CONCACAF,0.0,0.0
1998-05,5,CONMEBOL,0.0,0.0
1998-05,5,OFC,0.0,0.0
1998-05,5,UEFA,1.0,100.0
1998-06,5,AFC,0.0,0.0
1998-06,5,CAF,0.0,0.0
1998-06,5,CONCACAF,0.0,0.0
1998-06,5,CONMEBOL,0.2,20.0
1998-06,5,OFC,0.0,0.0
1998-06,5,UEFA,0.8,80.0
1998-07,5,AFC,0.0,0.0
1998-07,5,CAF,0.0,0.0
1998-07,5,CONCACAF,0.0,0.0
1998-07,5,CONMEBOL,0.2,20.0
1998-07,5,OFC,0.0,0.0
1998-07,5,UEFA,0.8,80.0
1998-08,5,AFC,0.0,0.0
1998-08,5,CAF,0.0,0.0
1998-08,5,CONCACAF,0.0,0.0
1998-08,5,CONMEBOL,0.0,0.0
1998-08,5,OFC,0.0,0.0
1998-08,5,UEFA,1.0,100.0
1998-09,5,AFC,0.0,0.0
1998-09,5,CAF,0.0,0.0
1998-09,5,CONCACAF,0.0,0.0
1998-09,5,CONMEBOL,0.2,20.0
1998-09,5,OFC,0.0,0.0
1998-09,5,UEFA,0.8,80.0
1998-10,5,AFC,0.0,0.0
1998-10,5,CAF,0.0,0.0
1998-10,5,CONCACAF,0.0,0.0
1998-10,5,CONMEBOL,0.2,20.0
1998-10,5,OFC,0.0,0.0
1998-10,5,UEFA,0.8,80.0
1998-11,5,AFC,0.0,0.0
1998-11,5,CAF,0.0,0.0
1998-11,5,CONCACAF,0.0,0.0
1998-11,5,CONMEBOL,0.2,20.0
1998-11,5,OFC,0.0,0.0
1998-11,5,UEFA,0.8,80.0
1998-12,5,AFC,0.6,60.0
1998-12,5,CAF,0.0,0.0
1998-12,5,CONCACAF,0.0,0.0
1998-12,5,CONMEBOL,0.2,20.0
1998-12,5,OFC,0.0,0.0
1998-12,5,UEFA,0.2,20.0
1999-01,5,AFC,0.0,0.0
1999-01,5,CAF,0.4,40.0
1999-01,5,CONCACAF,0.0,0.0
1999-01,5,CONMEBOL,0.2,20.0
1999-01,5,OFC,0.0,0.0
1999-01,5,UEFA,0.4,40.0
1999-02,5,AFC,0.0,0.0
1999-02,5,CAF,0.0,0.0
1999-02,5,CONCACAF,0.0,0.0
1999-02,5,CONMEBOL,0.2,20.0
1999-02,5,OFC,0.0,0.0
1999-02,5,UEFA,0.8,80.0
1999-03,5,AFC,0.0,0.0
1999-03,5,CAF,0.0,0.0
1999-03,5,CONCACAF,0.0,0.0
1999-03,5,CONMEBOL,0.4,40.0
1999-03,5,OFC,0.0,0.0
1999-03,5,UEFA,0.6,60.0
1999-04,5,AFC,0.0,0.0
1999-04,5,CAF,0.0,0.0
1999-04,5,CONCACAF,0.0,0.0
1999-04,5,CONMEBOL,0.0,0.0
1999-04,5,OFC,0.0,0.0
1999-04,5,UEFA,1.0,100.0
1999-05,5,AFC,0.0,0.0
1999-05,5,CAF,0.0,0.0
1999-05,5,CONCACAF,0.0,0.0
1999-05,5,CONMEBOL,0.2,20.0
1999-05,5,OFC,0.0,0.0
1999-05,5,UEFA,0.8,80.0
1999-06,5,AFC,0.0,0.0
1999-06,5,CAF,0.0,0.0
1999-06,5,CONCACAF,0.0,0.0
1999-06,5,CONMEBOL,0.2,20.0
1999-06,5,OFC,0.0,0.0
1999-06,5,UEFA,0.8,80.0
1999-07,5,AFC,0.0,0.0
1999-07,5,CAF,0.0,0.0
1999-07,5,CONCACAF,0.4,40.0
1999-07,5,CONMEBOL,0.4,40.0
1999-07,5,OFC,0.0,0.0
1999-07,5,UEFA,0.2,20.0
1999-08,5,AFC,0.0,0.0
1999-08,5,CAF,0.0,0.0
1999-08,5,CONCACAF,0.2,20.0
1999-08,5,CONMEBOL,0.2,20.0
1999-08,5,OFC,0.0,0.0
1999-08,5,UEFA,0.6,60.0
1999-09,5,AFC,0.0,0.0
1999-09,5,CAF,0.0,0.0
1999-09,5,CONCACAF,0.0,0.0
1999-09,5,CONMEBOL,0.2,20.0
1999-09,5,OFC,0.0,0.0
1999-09,5,UEFA,0.8,80.0
1999-10,5,AFC,0.0,0.0
1999-10,5,CAF,0.0,0.0
1999-10,5,CONCACAF,0.0,0.0
1999-10,5,CONMEBOL,0.2,20.0
1999-10,5,OFC,0.0,0.0
1999-10,5,UEFA,0.8,80.0
1999-11,5,AFC,0.0,0.0
1999-11,5,CAF,0.0,0.0
1999-11,5,CONCACAF,0.0,0.0
1999-11,5,CONMEBOL,0.4,40.0
1999-11,5,OFC,0.0,0.0
1999-11,5,UEFA,0.6,60.0
1999-12,5,AFC,0.0,0.0
1999-12,5,CAF,0.2,20.0
1999-12,5,CONCACAF,0.2,20.0
1999-12,5,CONMEBOL,0.2,20.0
1999-12,5,OFC,0.0,0.0
1999-12,5,UEFA,0.4,40.0
2000-01,5,AFC,0.0,0.0
2000-01,5,CAF,0.2,20.0
2000-01,5,CONCACAF,0.4,40.0
2000-01,5,CONMEBOL,0.0,0.0
2000-01,5,OFC,0.0,0.0
2000-01,5,UEFA,0.4,40.0
2000-02,5,AFC,0.0,0.0
2000-02,5,CAF,0.0,0.0
2000-02,5,CONCACAF,0.0,0.0
2000-02,5,CONMEBOL,0.4,40.0
2000-02,5,OFC,0.0,0.0
2000-02,5,UEFA,0.6,60.0
2000-03,5,AFC,0.0,0.0
2000-03,5,CAF,0.0,0.0
2000-03,5,CONCACAF,0.0,0.0
2000-03,5,CONMEBOL,0.4,40.0
2000-03,5,OFC,0.0,0.0
2000-03,5,UEFA,0.6,60.0
2000-04,5,AFC,0.0,0.0
2000-04,5,CAF,0.0,0.0
2000-04,5,CONCACAF,0.0,0.0
2000-04,5,CONMEBOL,0.4,40.0
2000-04,5,OFC,0.0,0.0
2000-04,5,UEFA,0.6,60.0
2000-05,5,AFC,0.0,0.0
2000-05,5,CAF,0.0,0.0
2000-05,5,CONCACAF,0.0,0.0
2000-05,5,CONMEBOL,0.2,20.0
2000-05,5,OFC,0.0,0.0
2000-05,5,UEFA,0.8,80.0
2000-06,5,AFC,0.0,0.0
2000-06,5,CAF,0.0,0.0
2000-06,5,CONCACAF,0.0,0.0
2000-06,5,CONMEBOL,0.4,40.0
2000-06,5,OFC,0.0,0.0
2000-06,5,UEFA,0.6,60.0
2000-07,5,AFC,0.2,20.0
2000-07,5,CAF,0.0,0.0
2000-07,5,CONCACAF,0.0,0.0
2000-07,5,CONMEBOL,0.4,40.0
2000-07,5,OFC,0.0,0.0
2000-07,5,UEFA,0.4,40.0
2000-08,5,AFC,0.0,0.0
2000-08,5,CAF,0.0,0.0
2000-08,5,CONCACAF,0.0,0.0
2000-08,5,CONMEBOL,0.4,40.0
2000-08,5,OFC,0.0,0.0
2000-08,5,UEFA,0.6,60.0
2000-09,5,AFC,0.0,0.0
2000-09,5,CAF,0.0,0.0
2000-09,5,CONCACAF,0.0,0.0
2000-09,5,CONMEBOL,0.4,40.0
2000-09,5,OFC,0.0,0.0
2000-09,5,UEFA,0.6,60.0
2000-10,5,AFC,0.0,0.0
2000-10,5,CAF,0.0,0.0
2000-10,5,CONCACAF,0.0,0.0
2000-10,5,CONMEBOL,0.4,40.0
2000-10,5,OFC,0.0,0.0
2000-10,5,UEFA,0.6,60.0
2000-11,5,AFC,0.0,0.0
2000-11,5,CAF,0.0,0.0
2000-11,5,CONCACAF,0.0,0.0
2000-11,5,CONMEBOL,0.4,40.0
2000-11,5,OFC,0.0,0.0
2000-11,5,UEFA,0.6,60.0
2000-12,5,AFC,0.4,40.0
2000-12,5,CAF,0.0,0.0
2000-12,5,CONCACAF,0.2,20.0
2000-12,5,CONMEBOL,0.2,20.0
2000-12,5,OFC,0.0,0.0
2000-12,5,UEFA,0.2,20.0
2001-01,5,AFC,0.2,20.0
2001-01,5,CAF,0.2,20.0
2001-01,5,CONCACAF,0.2,20.0
2001-01,5,CONMEBOL,0.2,20.0
2001-01,5,OFC,0.0,0.0
2001-01,5,UEFA,0.2,20.0
2001-02,5,AFC,0.0,0.0
2001-02,5,CAF,0.0,0.0
2001-02,5,CONCACAF,0.0,0.0
2001-02,5,CONMEBOL,0.2,20.0
2001-02,5,OFC,0.0,0.0
2001-02,5,UEFA,0.8,80.0
2001-03,5,AFC,0.0,0.0
2001-03,5,CAF,0.0,0.0
2001-03,5,CONCACAF,0.0,0.0
2001-03,5,CONMEBOL,0.2,20.0
2001-03,5,OFC,0.0,0.0
2001-03,5,UEFA,0.8,80.0
2001-04,5,AFC,0.0,0.0
2001-04,5,CAF,0.0,0.0
2001-04,5,CONCACAF,0.0,0.0
2001-04,5,CONMEBOL,0.2,20.0
2001-04,5,OFC,0.0,0.0
2001-04,5,UEFA,0.8,80.0
2001-05,5,AFC,0.0,0.0
2001-05,5,CAF,0.0,0.0
2001-05,5,CONCACAF,0.0,0.0
2001-05,5,CONMEBOL,0.2,20.0
2001-05,5,OFC,0.2,20.0
2001-05,5,UEFA,0.6,60.0
2001-06,5,AFC,0.0,0.0
2001-06,5,CAF,0.0,0.0
2001-06,5,CONCACAF,0.0,0.0
2001-06,5,CONMEBOL,0.2,20.0
2001-06,5,OFC,0.0,0.0
2001-06,5,UEFA,0.8,80.0
2001-07,5,AFC,0.2,20.0
2001-07,5,CAF,0.0,0.0
2001-07,5,CONCACAF,0.4,40.0
2001-07,5,CONMEBOL,0.4,40.0
2001-07,5,OFC,0.0,0.0
2001-07,5,UEFA,0.0,0.0
2001-08,5,AFC,0.0,0.0
2001-08,5,CAF,0.0,0.0
2001-08,5,CONCACAF,0.0,0.0
2001-08,5,CONMEBOL,0.2,20.0
2001-08,5,OFC,0.0,0.0
2001-08,5,UEFA,0.8,80.0
2001-09,5,AFC,0.0,0.0
2001-09,5,CAF,0.0,0.0
2001-09,5,CONCACAF,0.0,0.0
2001-09,5,CONMEBOL,0.2,20.0
2001-09,5,OFC,0.0,0.0
2001-09,5,UEFA,0.8,80.0
2001-10,5,AFC,0.0,0.0
2001-10,5,CAF,0.0,0.0
2001-10,5,CONCACAF,0.0,0.0
2001-10,5,CONMEBOL,0.2,20.0
2001-10,5,OFC,0.0,0.0
2001-10,5,UEFA,0.8,80.0
2001-11,5,AFC,0.0,0.0
2001-11,5,CAF,0.0,0.0
2001-11,5,CONCACAF,0.0,0.0
2001-11,5,CONMEBOL,0.2,20.0
2001-11,5,OFC,0.0,0.0
2001-11,5,UEFA,0.8,80.0
2001-12,5,AFC,0.4,40.0
2001-12,5,CAF,0.4,40.0
2001-12,5,CONCACAF,0.2,20.0
2001-12,5,CONMEBOL,0.0,0.0
2001-12,5,OFC,0.0,0.0
2001-12,5,UEFA,0.0,0.0
2002-01,5,AFC,0.0,0.0
2002-01,5,CAF,0.2,20.0
2002-01,5,CONCACAF,0.6,60.0
2002-01,5,CONMEBOL,0.2,20.0
2002-01,5,OFC,0.0,0.0
2002-01,5,UEFA,0.0,0.0
2002-02,5,AFC,0.0,0.0
2002-02,5,CAF,0.0,0.0
2002-02,5,CONCACAF,0.0,0.0
2002-02,5,CONMEBOL,0.2,20.0
2002-02,5,OFC,0.0,0.0
2002-02,5,UEFA,0.8,80.0
2002-03,5,AFC,0.0,0.0
2002-03,5,CAF,0.0,0.0
2002-03,5,CONCACAF,0.0,0.0
2002-03,5,CONMEBOL,0.2,20.0
2002-03,5,OFC,0.0,0.0
2002-03,5,UEFA,0.8,80.0
2002-04,5,AFC,0.0,0.0
2002-04,5,CAF,0.0,0.0
2002-04,5,CONCACAF,0.0,0.0
2002-04,5,CONMEBOL,0.2,20.0
2002-04,5,OFC,0.0,0.0
2002-04,5,UEFA,0.8,80.0
2002-05,5,AFC,0.0,0.0
2002-05,5,CAF,0.0,0.0
2002-05,5,CONCACAF,0.0,0.0
2002-05,5,CONMEBOL,0.0,0.0
2002-05,5,OFC,0.0,0.0
2002-05,5,UEFA,1.0,100.0
2002-06,5,AFC,0.0,0.0
2002-06,5,CAF,0.0,0.0
2002-06,5,CONCACAF,0.0,0.0
2002-06,5,CONMEBOL,0.4,40.0
2002-06,5,OFC,0.0,0.0
2002-06,5,UEFA,0.6,60.0
2002-07,5,AFC,0.2,20.0
2002-07,5,CAF,0.2,20.0
2002-07,5,CONCACAF,0.0,0.0
2002-07,5,CONMEBOL,0.0,0.0
2002-07,5,OFC,0.6,60.0
2002-07,5,UEFA,0.0,0.0
2002-08,5,AFC,0.0,0.0
2002-08,5,CAF,0.0,0.0
2002-08,5,CONCACAF,0.0,0.0
2002-08,5,CONMEBOL,0.2,20.0
2002-08,5,OFC,0.0,0.0
2002-08,5,UEFA,0.8,80.0
2002-09,5,AFC,0.0,0.0
2002-09,5,CAF,0.0,0.0
2002-09,5,CONCACAF,0.0,0.0
2002-09,5,CONMEBOL,0.0,0.0
2002-09,5,OFC,0.0,0.0
2002-09,5,UEFA,1.0,100.0
2002-10,5,AFC,0.0,0.0
2002-10,5,CAF,0.0,0.0
2002-10,5,CONCACAF,0.0,0.0
2002-10,5,CONMEBOL,0.0,0.0
2002-10,5,OFC,0.0,0.0
2002-10,5,UEFA,1.0,100.0
2002-11,5,AFC,0.0,0.0
2002-11,5,CAF,0.0,0.0
2002-11,5,CONCACAF,0.0,0.0
2002-11,5,CONMEBOL,0.4,40.0
2002-11,5,OFC,0.0,0.0
2002-11,5,UEFA,0.6,60.0
2002-12,5,AFC,0.4,40.0
2002-12,5,CAF,0.4,40.0
2002-12,5,CONCACAF,0.2,20.0
2002-12,5,CONMEBOL,0.0,0.0
2002-12,5,OFC,0.0,0.0
2002-12,5,UEFA,0.0,0.0
2003-01,5,AFC,0.0,0.0
2003-01,5,CAF,0.0,0.0
2003-01,5,CONCACAF,0.6,60.0
2003-01,5,CONMEBOL,0.2,20.0
2003-01,5,OFC,0.0,0.0
2003-01,5,UEFA,0.2,20.0
2003-02,5,AFC,0.0,0.0
2003-02,5,CAF,0.0,0.0
2003-02,5,CONCACAF,0.0,0.0
2003-02,5,CONMEBOL,0.4,40.0
2003-02,5,OFC,0.0,0.0
2003-02,5,UEFA,0.6,60.0
2003-03,5,AFC,0.0,0.0
2003-03,5,CAF,0.0,0.0
2003-03,5,CONCACAF,0.0,0.0
2003-03,5,CONMEBOL,0.2,20.0
2003-03,5,OFC,0.0,0.0
2003-03,5,UEFA,0.8,80.0
2003-04,5,AFC,0.0,0.0
2003-04,5,CAF,0.0,0.0
2003-04,5,CONCACAF,0.0,0.0
2003-04,5,CONMEBOL,0.4,40.0
2003-04,5,OFC,0.0,0.0
2003-04,5,UEFA,0.6,60.0
2003-05,5,AFC,0.0,0.0
2003-05,5,CAF,0.4,40.0
2003-05,5,CONCACAF,0.4,40.0
2003-05,5,CONMEBOL,0.0,0.0
2003-05,5,OFC,0.0,0.0
2003-05,5,UEFA,0.2,20.0
2003-06,5,AFC,0.0,0.0
2003-06,5,CAF,0.0,0.0
2003-06,5,CONCACAF,0.0,0.0
2003-06,5,CONMEBOL,0.4,40.0
2003-06,5,OFC,0.0,0.0
2003-06,5,UEFA,0.6,60.0
2003-07,5,AFC,0.0,0.0
2003-07,5,CAF,0.0,0.0
2003-07,5,CONCACAF,0.4,40.0
2003-07,5,CONMEBOL,0.6,60.0
2003-07,5,OFC,0.0,0.0
2003-07,5,UEFA,0.0,0.0
2003-08,5,AFC,0.0,0.0
2003-08,5,CAF,0.0,0.0
2003-08,5,CONCACAF,0.0,0.0
2003-08,5,CONMEBOL,0.2,20.0
2003-08,5,OFC,0.0,0.0
2003-08,5,UEFA,0.8,80.0
2003-09,5,AFC,0.0,0.0
2003-09,5,CAF,0.0,0.0
2003-09,5,CONCACAF,0.0,0.0
2003-09,5,CONMEBOL,0.4,40.0
2003-09,5,OFC,0.0,0.0
2003-09,5,UEFA,0.6,60.0
2003-10,5,AFC,0.0,0.0
2003-10,5,CAF,0.0,0.0
2003-10,5,CONCACAF,0.0,0.0
2003-10,5,CONMEBOL,0.2,20.0
2003-10,5,OFC,0.0,0.0
2003-10,5,UEFA,0.8,80.0
2003-11,5,AFC,0.0,0.0
2003-11,5,CAF,0.0,0.0
2003-11,5,CONCACAF,0.0,0.0
2003-11,5,CONMEBOL,0.4,40.0
2003-11,5,OFC,0.0,0.0
2003-11,5,UEFA,0.6,60.0
2003-12,5,AFC,0.2,20.0
2003-12,5,CAF,0.2,20.0
2003-12,5,CONCACAF,0.0,0.0
2003-12,5,CONMEBOL,0.4,40.0
2003-12,5,OFC,0.0,0.0
2003-12,5,UEFA,0.2,20.0
2004-01,5,AFC,0.0,0.0
2004-01,5,CAF,0.8,80.0
2004-01,5,CONCACAF,0.0,0.0
2004-01,5,CONMEBOL,0.0,0.0
2004-01,5,OFC,0.0,0.0
2004-01,5,UEFA,0.2,20.0
2004-02,5,AFC,0.0,0.0
2004-02,5,CAF,0.0,0.0
2004-02,5,CONCACAF,0.0,0.0
2004-02,5,CONMEBOL,0.2,20.0
2004-02,5,OFC,0.0,0.0
2004-02,5,UEFA,0.8,80.0
2004-03,5,AFC,0.0,0.0
2004-03,5,CAF,0.0,0.0
2004-03,5,CONCACAF,0.0,0.0
2004-03,5,CONMEBOL,0.4,40.0
2004-03,5,OFC,0.0,0.0
2004-03,5,UEFA,0.6,60.0
2004-04,5,AFC,0.0,0.0
2004-04,5,CAF,0.0,0.0
2004-04,5,CONCACAF,0.0,0.0
2004-04,5,CONMEBOL,0.4,40.0
2004-04,5,OFC,0.0,0.0
2004-04,5,UEFA,0.6,60.0
2004-05,5,AFC,0.0,0.0
2004-05,5,CAF,0.0,0.0
2004-05,5,CONCACAF,0.0,0.0
2004-05,5,CONMEBOL,0.2,20.0
2004-05,5,OFC,0.0,0.0
2004-05,5,UEFA,0.8,80.0
2004-06,5,AFC,0.0,0.0
2004-06,5,CAF,0.0,0.0
2004-06,5,CONCACAF,0.0,0.0
2004-06,5,CONMEBOL,0.4,40.0
2004-06,5,OFC,0.0,0.0
2004-06,5,UEFA,0.6,60.0
2004-07,5,AFC,0.0,0.0
2004-07,5,CAF,0.0,0.0
2004-07,5,CONCACAF,0.2,20.0
2004-07,5,CONMEBOL,0.4,40.0
2004-07,5,OFC,0.0,0.0
2004-07,5,UEFA,0.4,40.0
2004-08,5,AFC,0.0,0.0
2004-08,5,CAF,0.0,0.0
2004-08,5,CONCACAF,0.0,0.0
2004-08,5,CONMEBOL,0.4,40.0
2004-08,5,OFC,0.0,0.0
2004-08,5,UEFA,0.6,60.0
2004-09,5,AFC,0.0,0.0
2004-09,5,CAF,0.0,0.0
2004-09,5,CONCACAF,0.0,0.0
2004-09,5,CONMEBOL,0.4,40.0
2004-09,5,OFC,0.0,0.0
2004-09,5,UEFA,0.6,60.0
2004-10,5,AFC,0.0,0.0
2004-10,5,CAF,0.0,0.0
2004-10,5,CONCACAF,0.0,0.0
2004-10,5,CONMEBOL,0.4,40.0
2004-10,5,OFC,0.0,0.0
2004-10,5,UEFA,0.6,60.0
2004-11,5,AFC,0.0,0.0
2004-11,5,CAF,0.0,0.0
2004-11,5,CONCACAF,0.0,0.0
2004-11,5,CONMEBOL,0.4,40.0
2004-11,5,OFC,0.0,0.0
2004-11,5,UEFA,0.6,60.0
2004-12,5,AFC,0.6,60.0
2004-12,5,CAF,0.0,0.0
2004-12,5,CONCACAF,0.0,0.0
2004-12,5,CONMEBOL,0.2,20.0
2004-12,5,OFC,0.0,0.0
2004-12,5,UEFA,0.2,20.0
2005-01,5,AFC,0.2,20.0
2005-01,5,CAF,0.0,0.0
2005-01,5,CONCACAF,0.4,40.0
2005-01,5,CONMEBOL,0.2,20.0
2005-01,5,OFC,0.0,0.0
2005-01,5,UEFA,0.2,20.0
2005-02,5,AFC,0.0,0.0
2005-02,5,CAF,0.0,0.0
2005-02,5,CONCACAF,0.0,0.0
2005-02,5,CONMEBOL,0.4,40.0
2005-02,5,OFC,0.0,0.0
2005-02,5,UEFA,0.6,60.0
2005-03,5,AFC,0.0,0.0
2005-03,5,CAF,0.0,0.0
2005-03,5,CONCACAF,0.2,20.0
2005-03,5,CONMEBOL,0.4,40.0
2005-03,5,OFC,0.0,0.0
2005-03,5,UEFA,0.4,40.0
2005-04,5,AFC,0.0,0.0
2005-04,5,CAF,0.0,0.0
2005-04,5,CONCACAF,0.4,40.0
2005-04,5,CONMEBOL,0.2,20.0
2005-04,5,OFC,0.0,0.0
2005-04,5,UEFA,0.4,40.0
2005-05,5,AFC,0.2,20.0
2005-05,5,CAF,0.0,0.0
2005-05,5,CONCACAF,0.2,20.0
2005-05,5,CONMEBOL,0.0,0.0
2005-05,5,OFC,0.0,0.0
2005-05,5,UEFA,0.6,60.0
2005-06,5,AFC,0.0,0.0
2005-06,5,CAF,0.0,0.0
2005-06,5,CONCACAF,0.2,20.0
2005-06,5,CONMEBOL,0.4,40.0
2005-06,5,OFC,0.0,0.0
2005-06,5,UEFA,0.4,40.0
2005-07,5,AFC,0.2,20.0
2005-07,5,CAF,0.2,20.0
2005-07,5,CONCACAF,0.6,60.0
2005-07,5,CONMEBOL,0.0,0.0
2005-07,5,OFC,0.0,0.0
2005-07,5,UEFA,0.0,0.0
2005-08,5,AFC,0.0,0.0
2005-08,5,CAF,0.0,0.0
2005-08,5,CONCACAF,0.0,0.0
2005-08,5,CONMEBOL,0.4,40.0
2005-08,5,OFC,0.0,0.0
2005-08,5,UEFA,0.6,60.0
2005-09,5,AFC,0.0,0.0
2005-09,5,CAF,0.0,0.0
2005-09,5,CONCACAF,0.0,0.0
2005-09,5,CONMEBOL,0.4,40.0
2005-09,5,OFC,0.0,0.0
2005-09,5,UEFA,0.6,60.0
2005-10,5,AFC,0.0,0.0
2005-10,5,CAF,0.0,0.0
2005-10,5,CONCACAF,0.0,0.0
2005-10,5,CONMEBOL,0.4,40.0
2005-10,5,OFC,0.0,0.0
2005-10,5,UEFA,0.6,60.0
2005-11,5,AFC,0.0,0.0
2005-11,5,CAF,0.0,0.0
2005-11,5,CONCACAF,0.0,0.0
2005-11,5,CONMEBOL,0.2,20.0
2005-11,5,OFC,0.0,0.0
2005-11,5,UEFA,0.8,80.0
2005-12,5,AFC,0.0,0.0
2005-12,5,CAF,0.4,40.0
2005-12,5,CONCACAF,0.2,20.0
2005-12,5,CONMEBOL,0.4,40.0
2005-12,5,OFC,0.0,0.0
2005-12,5,UEFA,0.0,0.0
2006-01,5,AFC,0.0,0.0
2006-01,5,CAF,0.4,40.0
2006-01,5,CONCACAF,0.4,40.0
2006-01,5,CONMEBOL,0.0,0.0
2006-01,5,OFC,0.0,0.0
2006-01,5,UEFA,0.2,20.0
2006-02,5,AFC,0.2,20.0
2006-02,5,CAF,0.4,40.0
2006-02,5,CONCACAF,0.2,20.0
2006-02,5,CONMEBOL,0.0,0.0
2006-02,5,OFC,0.0,0.0
2006-02,5,UEFA,0.2,20.0
2006-03,5,AFC,0.0,0.0
2006-03,5,CAF,0.0,0.0
2006-03,5,CONCACAF,0.0,0.0
2006-03,5,CONMEBOL,0.2,20.0
2006-03,5,OFC,0.0,0.0
2006-03,5,UEFA,0.8,80.0
2006-04,5,AFC,0.0,0.0
2006-04,5,CAF,0.2,20.0
2006-04,5,CONCACAF,0.4,40.0
2006-04,5,CONMEBOL,0.2,20.0
2006-04,5,OFC,0.0,0.0
2006-04,5,UEFA,0.2,20.0
2006-05,5,AFC,0.0,0.0
2006-05,5,CAF,0.0,0.0
2006-05,5,CONCACAF,0.0,0.0
2006-05,5,CONMEBOL,0.0,0.0
2006-05,5,OFC,0.0,0.0
2006-05,5,UEFA,1.0,100.0
2006-06,5,AFC,0.0,0.0
2006-06,5,CAF,0.0,0.0
2006-06,5,CONCACAF,0.0,0.0
2006-06,5,CONMEBOL,0.4,40.0
2006-06,5,OFC,0.0,0.0
2006-06,5,UEFA,0.6,60.0
2006-07,5,AFC,0.0,0.0
2006-07,5,CAF,0.0,0.0
2006-07,5,CONCACAF,0.0,0.0
2006-07,5,CONMEBOL,0.2,20.0
2006-07,5,OFC,0.0,0.0
2006-07,5,UEFA,0.8,80.0
2006-08,5,AFC,0.0,0.0
2006-08,5,CAF,0.0,0.0
2006-08,5,CONCACAF,0.0,0.0
2006-08,5,CONMEBOL,0.2,20.0
2006-08,5,OFC,0.0,0.0
2006-08,5,UEFA,0.8,80.0
2006-09,5,AFC,0.0,0.0
2006-09,5,CAF,0.0,0.0
2006-09,5,CONCACAF,0.0,0.0
2006-09,5,CONMEBOL,0.2,20.0
2006-09,5,OFC,0.0,0.0
2006-09,5,UEFA,0.8,80.0
2006-10,5,AFC,0.0,0.0
2006-10,5,CAF,0.0,0.0
2006-10,5,CONCACAF,0.0,0.0
2006-10,5,CONMEBOL,0.2,20.0
2006-10,5,OFC,0.0,0.0
2006-10,5,UEFA,0.8,80.0
2006-11,5,AFC,0.0,0.0
2006-11,5,CAF,0.0,0.0
2006-11,5,CONCACAF,0.0,0.0
2006-11,5,CONMEBOL,0.2,20.0
2006-11,5,OFC,0.0,0.0
2006-11,5,UEFA,0.8,80.0
2006-12,5,AFC,0.0,0.0
2006-12,5,CAF,0.2,20.0
2006-12,5,CONCACAF,0.0,0.0
2006-12,5,CONMEBOL,0.2,20.0
2006-12,5,OFC,0.0,0.0
2006-12,5,UEFA,0.6,60.0
2007-01,5,AFC,0.4,40.0
2007-01,5,CAF,0.0,0.0
2007-01,5,CONCACAF,0.2,20.0
2007-01,5,CONMEBOL,0.2,20.0
2007-01,5,OFC,0.0,0.0
2007-01,5,UEFA,0.2,20.0
2007-02,5,AFC,0.0,0.0
2007-02,5,CAF,0.0,0.0
2007-02,5,CONCACAF,0.0,0.0
2007-02,5,CONMEBOL,0.4,40.0
2007-02,5,OFC,0.0,0.0
2007-02,5,UEFA,0.6,60.0
2007-03,5,AFC,0.0,0.0
2007-03,5,CAF,0.0,0.0
2007-03,5,CONCACAF,0.0,0.0
2007-03,5,CONMEBOL,0.2,20.0
2007-03,5,OFC,0.0,0.0
2007-03,5,UEFA,0.8,80.0
2007-04,5,AFC,0.0,0.0
2007-04,5,CAF,0.2,20.0
2007-04,5,CONCACAF,0.4,40.0
2007-04,5,CONMEBOL,0.4,40.0
2007-04,5,OFC,0.0,0.0
2007-04,5,UEFA,0.0,0.0
2007-05,5,AFC,0.0,0.0
2007-05,5,CAF,0.2,20.0
2007-05,5,CONCACAF,0.2,20.0
2007-05,5,CONMEBOL,0.2,20.0
2007-05,5,OFC,0.0,0.0
2007-05,5,UEFA,0.4,40.0
2007-06,5,AFC,0.0,0.0
2007-06,5,CAF,0.0,0.0
2007-06,5,CONCACAF,0.0,0.0
2007-06,5,CONMEBOL,0.4,40.0
2007-06,5,OFC,0.0,0.0
2007-06,5,UEFA,0.6,60.0
2007-07,5,AFC,0.0,0.0
2007-07,5,CAF,0.0,0.0
2007-07,5,CONCACAF,0.4,40.0
2007-07,5,CONMEBOL,0.6,60.0
2007-07,5,OFC,0.0,0.0
2007-07,5,UEFA,0.0,0.0
2007-08,5,AFC,0.0,0.0
2007-08,5,CAF,0.0,0.0
2007-08,5,CONCACAF,0.0,0.0
2007-08,5,CONMEBOL,0.4,40.0
2007-08,5,OFC,0.0,0.0
2007-08,5,UEFA,0.6,60.0
2007-09,5,AFC,0.0,0.0
2007-09,5,CAF,0.0,0.0
2007-09,5,CONCACAF,0.0,0.0
2007-09,5,CONMEBOL,0.4,40.0
2007-09,5,OFC,0.0,0.0
2007-09,5,UEFA,0.6,60.0
2007-10,5,AFC,0.0,0.0
2007-10,5,CAF,0.0,0.0
2007-10,5,CONCACAF,0.0,0.0
2007-10,5,CONMEBOL,0.4,40.0
2007-10,5,OFC,0.0,0.0
2007-10,5,UEFA,0.6,60.0
2007-11,5,AFC,0.0,0.0
2007-11,5,CAF,0.0,0.0
2007-11,5,CONCACAF,0.0,0.0
2007-11,5,CONMEBOL,0.4,40.0
2007-11,5,OFC,0.0,0.0
2007-11,5,UEFA,0.6,60.0
2007-12,5,AFC,0.4,40.0
2007-12,5,CAF,0.6,60.0
2007-12,5,CONCACAF,0.0,0.0
2007-12,5,CONMEBOL,0.0,0.0
2007-12,5,OFC,0.0,0.0
2007-12,5,UEFA,0.0,0.0
2008-01,5,AFC,0.2,20.0
2008-01,5,CAF,0.4,40.0
2008-01,5,CONCACAF,0.2,20.0
2008-01,5,CONMEBOL,0.0,0.0
2008-01,5,OFC,0.0,0.0
2008-01,5,UEFA,0.2,20.0
2008-02,5,AFC,0.0,0.0
2008-02,5,CAF,0.0,0.0
2008-02,5,CONCACAF,0.0,0.0
2008-02,5,CONMEBOL,0.2,20.0
2008-02,5,OFC,0.0,0.0
2008-02,5,UEFA,0.8,80.0
2008-03,5,AFC,0.0,0.0
2008-03,5,CAF,0.0,0.0
2008-03,5,CONCACAF,0.0,0.0
2008-03,5,CONMEBOL,0.4,40.0
2008-03,5,OFC,0.0,0.0
2008-03,5,UEFA,0.6,60.0
2008-04,5,AFC,0.2,20.0
2008-04,5,CAF,0.0,0.0
2008-04,5,CONCACAF,0.8,80.0
2008-04,5,CONMEBOL,0.0,0.0
2008-04,5,OFC,0.0,0.0
2008-04,5,UEFA,0.0,0.0
2008-05,5,AFC,0.0,0.0
2008-05,5,CAF,0.0,0.0
2008-05,5,CONCACAF,0.0,0.0
2008-05,5,CONMEBOL,0.4,40.0
2008-05,5,OFC,0.0,0.0
2008-05,5,UEFA,0.6,60.0
2008-06,5,AFC,0.0,0.0
2008-06,5,CAF,0.0,0.0
2008-06,5,CONCACAF,0.0,0.0
2008-06,5,CONMEBOL,0.4,40.0
2008-06,5,OFC,0.0,0.0
2008-06,5,UEFA,0.6,60.0
2008-07,5,AFC,0.2,20.0
2008-07,5,CAF,0.2,20.0
2008-07,5,CONCACAF,0.6,60.0
2008-07,5,CONMEBOL,0.0,0.0
2008-07,5,OFC,0.0,0.0
2008-07,5,UEFA,0.0,0.0
2008-08,5,AFC,0.0,0.0
2008-08,5,CAF,0.0,0.0
2008-08,5,CONCACAF,0.0,0.0
2008-08,5,CONMEBOL,0.2,20.0
2008-08,5,OFC,0.0,0.0
2008-08,5,UEFA,0.8,80.0
2008-09,5,AFC,0.0,0.0
2008-09,5,CAF,0.0,0.0
2008-09,5,CONCACAF,0.0,0.0
2008-09,5,CONMEBOL,0.4,40.0
2008-09,5,OFC,0.0,0.0
2008-09,5,UEFA,0.6,60.0
2008-10,5,AFC,0.0,0.0
2008-10,5,CAF,0.0,0.0
2008-10,5,CONCACAF,0.0,0.0
2008-10,5,CONMEBOL,0.2,20.0
2008-10,5,OFC,0.0,0.0
2008-10,5,UEFA,0.8,80.0
2008-11,5,AFC,0.0,0.0
2008-11,5,CAF,0.0,0.0
2008-11,5,CONCACAF,0.0,0.0
2008-11,5,CONMEBOL,0.2,20.0
2008-11,5,OFC,0.0,0.0
2008-11,5,UEFA,0.8,80.0
2008-12,5,AFC,0.4,40.0
2008-12,5,CAF,0.0,0.0
2008-12,5,CONCACAF,0.2,20.0
2008-12,5,CONMEBOL,0.0,0.0
2008-12,5,OFC,0.0,0.0
2008-12,5,UEFA,0.4,40.0
2009-01,5,AFC,0.2,20.0
2009-01,5,CAF,0.2,20.0
2009-01,5,CONCACAF,0.4,40.0
2009-01,5,CONMEBOL,0.2,20.0
2009-01,5,OFC,0.0,0.0
2009-01,5,UEFA,0.0,0.0
2009-02,5,AFC,0.0,0.0
2009-02,5,CAF,0.0,0.0
2009-02,5,CONCACAF,0.0,0.0
2009-02,5,CONMEBOL,0.4,40.0
2009-02,5,OFC,0.0,0.0
2009-02,5,UEFA,0.6,60.0
2009-03,5,AFC,0.0,0.0
2009-03,5,CAF,0.0,0.0
2009-03,5,CONCACAF,0.0,0.0
2009-03,5,CONMEBOL,0.4,40.0
2009-03,5,OFC,0.0,0.0
2009-03,5,UEFA,0.6,60.0
2009-04,5,AFC,0.0,0.0
2009-04,5,CAF,0.0,0.0
2009-04,5,CONCACAF,0.0,0.0
2009-04,5,CONMEBOL,0.2,20.0
2009-04,5,OFC,0.0,0.0
2009-04,5,UEFA,0.8,80.0
2009-05,5,AFC,0.2,20.0
2009-05,5,CAF,0.2,20.0
2009-05,5,CONCACAF,0.0,0.0
2009-05,5,CONMEBOL,0.4,40.0
2009-05,5,OFC,0.0,0.0
2009-05,5,UEFA,0.2,20.0
2009-06,5,AFC,0.0,0.0
2009-06,5,CAF,0.0,0.0
2009-06,5,CONCACAF,0.0,0.0
2009-06,5,CONMEBOL,0.2,20.0
2009-06,5,OFC,0.0,0.0
2009-06,5,UEFA,0.8,80.0
2009-07,5,AFC,0.0,0.0
2009-07,5,CAF,0.2,20.0
2009-07,5,CONCACAF,0.8,80.0
2009-07,5,CONMEBOL,0.0,0.0
2009-07,5,OFC,0.0,0.0
2009-07,5,UEFA,0.0,0.0
2009-08,5,AFC,0.0,0.0
2009-08,5,CAF,0.0,0.0
2009-08,5,CONCACAF,0.0,0.0
2009-08,5,CONMEBOL,0.2,20.0
2009-08,5,OFC,0.0,0.0
2009-08,5,UEFA,0.8,80.0
2009-09,5,AFC,0.0,0.0
2009-09,5,CAF,0.0,0.0
2009-09,5,CONCACAF,0.0,0.0
2009-09,5,CONMEBOL,0.2,20.0
2009-09,5,OFC,0.0,0.0
2009-09,5,UEFA,0.8,80.0
2009-10,5,AFC,0.0,0.0
2009-10,5,CAF,0.0,0.0
2009-10,5,CONCACAF,0.0,0.0
2009-10,5,CONMEBOL,0.2,20.0
2009-10,5,OFC,0.0,0.0
2009-10,5,UEFA,0.8,80.0
2009-11,5,AFC,0.0,0.0
2009-11,5,CAF,0.0,0.0
2009-11,5,CONCACAF,0.0,0.0
2009-11,5,CONMEBOL,0.2,20.0
2009-11,5,OFC,0.0,0.0
2009-11,5,UEFA,0.8,80.0
2009-12,5,AFC,0.4,40.0
2009-12,5,CAF,0.4,40.0
2009-12,5,CONCACAF,0.0,0.0
2009-12,5,CONMEBOL,0.2,20.0
2009-12,5,OFC,0.0,0.0
2009-12,5,UEFA,0.0,0.0
2010-01,5,AFC,0.4,40.0
2010-01,5,CAF,0.2,20.0
2010-01,5,CONCACAF,0.0,0.0
2010-01,5,CONMEBOL,0.4,40.0
2010-01,5,OFC,0.0,0.0
2010-01,5,UEFA,0.0,0.0
2010-02,5,AFC,0.4,40.0
2010-02,5,CAF,0.0,0.0
2010-02,5,CONCACAF,0.4,40.0
2010-02,5,CONMEBOL,0.2,20.0
2010-02,5,OFC,0.0,0.0
2010-02,5,UEFA,0.0,0.0
2010-03,5,AFC,0.0,0.0
2010-03,5,CAF,0.0,0.0
2010-03,5,CONCACAF,0.0,0.0
2010-03,5,CONMEBOL,0.2,20.0
2010-03,5,OFC,0.0,0.0
2010-03,5,UEFA,0.8,80.0
2010-04,5,AFC,0.2,20.0
2010-04,5,CAF,0.0,0.0
2010-04,5,CONCACAF,0.6,60.0
2010-04,5,CONMEBOL,0.0,0.0
2010-04,5,OFC,0.0,0.0
2010-04,5,UEFA,0.2,20.0
2010-05,5,AFC,0.0,0.0
2010-05,5,CAF,0.0,0.0
2010-05,5,CONCACAF,0.0,0.0
2010-05,5,CONMEBOL,0.2,20.0
2010-05,5,OFC,0.0,0.0
2010-05,5,UEFA,0.8,80.0
2010-06,5,AFC,0.0,0.0
2010-06,5,CAF,0.0,0.0
2010-06,5,CONCACAF,0.0,0.0
2010-06,5,CONMEBOL,0.4,40.0
2010-06,5,OFC,0.0,0.0
2010-06,5,UEFA,0.6,60.0
2010-07,5,AFC,0.0,0.0
2010-07,5,CAF,0.0,0.0
2010-07,5,CONCACAF,0.0,0.0
2010-07,5,CONMEBOL,0.4,40.0
2010-07,5,OFC,0.0,0.0
2010-07,5,UEFA,0.6,60.0
2010-08,5,AFC,0.0,0.0
2010-08,5,CAF,0.0,0.0
2010-08,5,CONCACAF,0.0,0.0
2010-08,5,CONMEBOL,0.4,40.0
2010-08,5,OFC,0.0,0.0
2010-08,5,UEFA,0.6,60.0
2010-09,5,AFC,0.0,0.0
2010-09,5,CAF,0.0,0.0
2010-09,5,CONCACAF,0.0,0.0
2010-09,5,CONMEBOL,0.2,20.0
2010-09,5,OFC,0.0,0.0
2010-09,5,UEFA,0.8,80.0
2010-10,5,AFC,0.0,0.0
2010-10,5,CAF,0.0,0.0
2010-10,5,CONCACAF,0.0,0.0
2010-10,5,CONMEBOL,0.4,40.0
2010-10,5,OFC,0.0,0.0
2010-10,5,UEFA,0.6,60.0
2010-11,5,AFC,0.0,0.0
2010-11,5,CAF,0.0,0.0
2010-11,5,CONCACAF,0.0,0.0
2010-11,5,CONMEBOL,0.4,40.0
2010-11,5,OFC,0.0,0.0
2010-11,5,UEFA,0.6,60.0
2010-12,5,AFC,0.4,40.0
2010-12,5,CAF,0.2,20.0
2010-12,5,CONCACAF,0.4,40.0
2010-12,5,CONMEBOL,0.0,0.0
2010-12,5,OFC,0.0,0.0
2010-12,5,UEFA,0.0,0.0
2011-01,5,AFC,0.6,60.0
2011-01,5,CAF,0.0,0.0
2011-01,5,CONCACAF,0.0,0.0
2011-01,5,CONMEBOL,0.2,20.0
2011-01,5,OFC,0.0,0.0
2011-01,5,UEFA,0.2,20.0
2011-02,5,AFC,0.0,0.0
2011-02,5,CAF,0.0,0.0
2011-02,5,CONCACAF,0.0,0.0
2011-02,5,CONMEBOL,0.4,40.0
2011-02,5,OFC,0.0,0.0
2011-02,5,UEFA,0.6,60.0
2011-03,5,AFC,0.0,0.0
2011-03,5,CAF,0.0,0.0
2011-03,5,CONCACAF,0.0,0.0
2011-03,5,CONMEBOL,0.4,40.0
2011-03,5,OFC,0.0,0.0
2011-03,5,UEFA,0.6,60.0
2011-04,5,AFC,0.2,20.0
2011-04,5,CAF,0.0,0.0
2011-04,5,CONCACAF,0.0,0.0
2011-04,5,CONMEBOL,0.4,40.0
2011-04,5,OFC,0.4,40.0
2011-04,5,UEFA,0.0,0.0
2011-05,5,AFC,0.0,0.0
2011-05,5,CAF,0.0,0.0
2011-05,5,CONCACAF,0.2,20.0
2011-05,5,CONMEBOL,0.6,60.0
2011-05,5,OFC,0.0,0.0
2011-05,5,UEFA,0.2,20.0
2011-06,5,AFC,0.0,0.0
2011-06,5,CAF,0.0,0.0
2011-06,5,CONCACAF,0.0,0.0
2011-06,5,CONMEBOL,0.4,40.0
2011-06,5,OFC,0.0,0.0
2011-06,5,UEFA,0.6,60.0
2011-07,5,AFC,0.0,0.0
2011-07,5,CAF,0.0,0.0
2011-07,5,CONCACAF,0.0,0.0
2011-07,5,CONMEBOL,1.0,100.0
2011-07,5,OFC,0.0,0.0
2011-07,5,UEFA,0.0,0.0
2011-08,5,AFC,0.0,0.0
2011-08,5,CAF,0.0,0.0
2011-08,5,CONCACAF,0.0,0.0
2011-08,5,CONMEBOL,0.4,40.0
2011-08,5,OFC,0.0,0.0
2011-08,5,UEFA,0.6,60.0
2011-09,5,AFC,0.0,0.0
2011-09,5,CAF,0.0,0.0
2011-09,5,CONCACAF,0.0,0.0
2011-09,5,CONMEBOL,0.4,40.0
2011-09,5,OFC,0.0,0.0
2011-09,5,UEFA,0.6,60.0
2011-10,5,AFC,0.0,0.0
2011-10,5,CAF,0.0,0.0
2011-10,5,CONCACAF,0.0,0.0
2011-10,5,CONMEBOL,0.4,40.0
2011-10,5,OFC,0.0,0.0
2011-10,5,UEFA,0.6,60.0
2011-11,5,AFC,0.0,0.0
2011-11,5,CAF,0.0,0.0
2011-11,5,CONCACAF,0.0,0.0
2011-11,5,CONMEBOL,0.4,40.0
2011-11,5,OFC,0.0,0.0
2011-11,5,UEFA,0.6,60.0
2011-12,5,AFC,0.0,0.0
2011-12,5,CAF,0.2,20.0
2011-12,5,CONCACAF,0.4,40.0
2011-12,5,CONMEBOL,0.4,40.0
2011-12,5,OFC,0.0,0.0
2011-12,5,UEFA,0.0,0.0
2012-01,5,AFC,0.0,0.0
2012-01,5,CAF,0.4,40.0
2012-01,5,CONCACAF,0.2,20.0
2012-01,5,CONMEBOL,0.0,0.0
2012-01,5,OFC,0.0,0.0
2012-01,5,UEFA,0.4,40.0
2012-02,5,AFC,0.0,0.0
2012-02,5,CAF,0.0,0.0
2012-02,5,CONCACAF,0.0,0.0
2012-02,5,CONMEBOL,0.4,40.0
2012-02,5,OFC,0.0,0.0
2012-02,5,UEFA,0.6,60.0
2012-03,5,AFC,0.0,0.0
2012-03,5,CAF,0.2,20.0
2012-03,5,CONCACAF,0.4,40.0
2012-03,5,CONMEBOL,0.4,40.0
2012-03,5,OFC,0.0,0.0
2012-03,5,UEFA,0.0,0.0
2012-04,5,AFC,0.2,20.0
2012-04,5,CAF,0.2,20.0
2012-04,5,CONCACAF,0.0,0.0
2012-04,5,CONMEBOL,0.6,60.0
2012-04,5,OFC,0.0,0.0
2012-04,5,UEFA,0.0,0.0
2012-05,5,AFC,0.0,0.0
2012-05,5,CAF,0.0,0.0
2012-05,5,CONCACAF,0.0,0.0
2012-05,5,CONMEBOL,0.4,40.0
2012-05,5,OFC,0.0,0.0
2012-05,5,UEFA,0.6,60.0
2012-06,5,AFC,0.0,0.0
2012-06,5,CAF,0.0,0.0
2012-06,5,CONCACAF,0.0,0.0
2012-06,5,CONMEBOL,0.4,40.0
2012-06,5,OFC,0.0,0.0
2012-06,5,UEFA,0.6,60.0
2012-07,5,AFC,0.2,20.0
2012-07,5,CAF,0.4,40.0
2012-07,5,CONCACAF,0.0,0.0
2012-07,5,CONMEBOL,0.0,0.0
2012-07,5,OFC,0.0,0.0
2012-07,5,UEFA,0.4,40.0
2012-08,5,AFC,0.0,0.0
2012-08,5,CAF,0.0,0.0
2012-08,5,CONCACAF,0.0,0.0
2012-08,5,CONMEBOL,0.6,60.0
2012-08,5,OFC,0.0,0.0
2012-08,5,UEFA,0.4,40.0
2012-09,5,AFC,0.0,0.0
2012-09,5,CAF,0.0,0.0
2012-09,5,CONCACAF,0.0,0.0
2012-09,5,CONMEBOL,0.4,40.0
2012-09,5,OFC,0.0,0.0
2012-09,5,UEFA,0.6,60.0
2012-10,5,AFC,0.0,0.0
2012-10,5,CAF,0.0,0.0
2012-10,5,CONCACAF,0.0,0.0
2012-10,5,CONMEBOL,0.4,40.0
2012-10,5,OFC,0.0,0.0
2012-10,5,UEFA,0.6,60.0
2012-11,5,AFC,0.0,0.0
2012-11,5,CAF,0.0,0.0
2012-11,5,CONCACAF,0.0,0.0
2012-11,5,CONMEBOL,0.4,40.0
2012-11,5,OFC,0.0,0.0
2012-11,5,UEFA,0.6,60.0
2012-12,5,AFC,0.2,20.0
2012-12,5,CAF,0.6,60.0
2012-12,5,CONCACAF,0.0,0.0
2012-12,5,CONMEBOL,0.0,0.0
2012-12,5,OFC,0.0,0.0
2012-12,5,UEFA,0.2,20.0
2013-01,5,AFC,0.0,0.0
2013-01,5,CAF,0.4,40.0
2013-01,5,CONCACAF,0.2,20.0
2013-01,5,CONMEBOL,0.2,20.0
2013-01,5,OFC,0.0,0.0
2013-01,5,UEFA,0.2,20.0
2013-02,5,AFC,0.0,0.0
2013-02,5,CAF,0.0,0.0
2013-02,5,CONCACAF,0.0,0.0
2013-02,5,CONMEBOL,0.4,40.0
2013-02,5,OFC,0.0,0.0
2013-02,5,UEFA,0.6,60.0
2013-03,5,AFC,0.0,0.0
2013-03,5,CAF,0.0,0.0
2013-03,5,CONCACAF,0.0,0.0
2013-03,5,CONMEBOL,0.4,40.0
2013-03,5,OFC,0.0,0.0
2013-03,5,UEFA,0.6,60.0
2013-04,5,AFC,0.0,0.0
2013-04,5,CAF,0.0,0.0
2013-04,5,CONCACAF,0.2,20.0
2013-04,5,CONMEBOL,0.8,80.0
2013-04,5,OFC,0.0,0.0
2013-04,5,UEFA,0.0,0.0
2013-05,5,AFC,0.0,0.0
2013-05,5,CAF,0.0,0.0
2013-05,5,CONCACAF,0.2,20.0
2013-05,5,CONMEBOL,0.2,20.0
2013-05,5,OFC,0.0,0.0
2013-05,5,UEFA,0.6,60.0
2013-06,5,AFC,0.0,0.0
2013-06,5,CAF,0.0,0.0
2013-06,5,CONCACAF,0.0,0.0
2013-06,5,CONMEBOL,0.4,40.0
2013-06,5,OFC,0.0,0.0
2013-06,5,UEFA,0.6,60.0
2013-07,5,AFC,0.4,40.0
2013-07,5,CAF,0.0,0.0
2013-07,5,CONCACAF,0.6,60.0
2013-07,5,CONMEBOL,0.0,0.0
2013-07,5,OFC,0.0,0.0
2013-07,5,UEFA,0.0,0.0
2013-08,5,AFC,0.0,0.0
2013-08,5,CAF,0.0,0.0
2013-08,5,CONCACAF,0.0,0.0
2013-08,5,CONMEBOL,0.4,40.0
2013-08,5,OFC,0.0,0.0
2013-08,5,UEFA,0.6,60.0
2013-09,5,AFC,0.0,0.0
2013-09,5,CAF,0.0,0.0
2013-09,5,CONCACAF,0.0,0.0
2013-09,5,CONMEBOL,0.6,60.0
2013-09,5,OFC,0.0,0.0
2013-09,5,UEFA,0.4,40.0
2013-10,5,AFC,0.0,0.0
2013-10,5,CAF,0.0,0.0
2013-10,5,CONCACAF,0.0,0.0
2013-10,5,CONMEBOL,0.4,40.0
2013-10,5,OFC,0.0,0.0
2013-10,5,UEFA,0.6,60.0
2013-11,5,AFC,0.0,0.0
2013-11,5,CAF,0.0,0.0
2013-11,5,CONCACAF,0.2,20.0
2013-11,5,CONMEBOL,0.4,40.0
2013-11,5,OFC,0.0,0.0
2013-11,5,UEFA,0.4,40.0
2013-12,5,AFC,0.6,60.0
2013-12,5,CAF,0.2,20.0
2013-12,5,CONCACAF,0.0,0.0
2013-12,5,CONMEBOL,0.2,20.0
2013-12,5,OFC,0.0,0.0
2013-12,5,UEFA,0.0,0.0
2014-01,5,AFC,0.0,0.0
2014-01,5,CAF,0.4,40.0
2014-01,5,CONCACAF,0.2,20.0
2014-01,5,CONMEBOL,0.2,20.0
2014-01,5,OFC,0.0,0.0
2014-01,5,UEFA,0.2,20.0
2014-02,5,AFC,0.8,80.0
2014-02,5,CAF,0.0,0.0
2014-02,5,CONCACAF,0.2,20.0
2014-02,5,CONMEBOL,0.0,0.0
2014-02,5,OFC,0.0,0.0
2014-02,5,UEFA,0.0,0.0
2014-03,5,AFC,0.0,0.0
2014-03,5,CAF,0.0,0.0
2014-03,5,CONCACAF,0.0,0.0
2014-03,5,CONMEBOL,0.6,60.0
2014-03,5,OFC,0.0,0.0
2014-03,5,UEFA,0.4,40.0
2014-04,5,AFC,0.0,0.0
2014-04,5,CAF,0.6,60.0
2014-04,5,CONCACAF,0.4,40.0
2014-04,5,CONMEBOL,0.0,0.0
2014-04,5,OFC,0.0,0.0
2014-04,5,UEFA,0.0,0.0
2014-05,5,AFC,0.0,0.0
2014-05,5,CAF,0.0,0.0
2014-05,5,CONCACAF,0.2,20.0
2014-05,5,CONMEBOL,0.2,20.0
2014-05,5,OFC,0.0,0.0
2014-05,5,UEFA,0.6,60.0
2014-06,5,AFC,0.0,0.0
2014-06,5,CAF,0.0,0.0
2014-06,5,CONCACAF,0.2,20.0
2014-06,5,CONMEBOL,0.4,40.0
2014-06,5,OFC,0.0,0.0
2014-06,5,UEFA,0.4,40.0
2014-07,5,AFC,0.0,0.0
2014-07,5,CAF,0.0,0.0
2014-07,5,CONCACAF,0.2,20.0
2014-07,5,CONMEBOL,0.4,40.0
2014-07,5,OFC,0.0,0.0
2014-07,5,UEFA,0.4,40.0
2014-08,5,AFC,0.4,40.0
2014-08,5,CAF,0.2,20.0
2014-08,5,CONCACAF,0.2,20.0
2014-08,5,CONMEBOL,0.2,20.0
2014-08,5,OFC,0.0,0.0
2014-08,5,UEFA,0.0,0.0
2014-09,5,AFC,0.0,0.0
2014-09,5,CAF,0.0,0.0
2014-09,5,CONCACAF,0.2,20.0
2014-09,5,CONMEBOL,0.4,40.0
2014-09,5,OFC,0.0,0.0
2014-09,5,UEFA,0.4,40.0
2014-10,5,AFC,0.0,0.0
2014-10,5,CAF,0.0,0.0
2014-10,5,CONCACAF,0.0,0.0
2014-10,5,CONMEBOL,0.6,60.0
2014-10,5,OFC,0.0,0.0
2014-10,5,UEFA,0.4,40.0
2014-11,5,AFC,0.0,0.0
2014-11,5,CAF,0.0,0.0
2014-11,5,CONCACAF,0.2,20.0
2014-11,5,CONMEBOL,0.4,40.0
2014-11,5,OFC,0.0,0.0
2014-11,5,UEFA,0.4,40.0
2014-12,5,AFC,1.0,100.0
2014-12,5,CAF,0.0,0.0
2014-12,5,CONCACAF,0.0,0.0
2014-12,5,CONMEBOL,0.0,0.0
2014-12,5,OFC,0.0,0.0
2014-12,5,UEFA,0.0,0.0
2015-01,5,AFC,0.6,60.0
2015-01,5,CAF,0.0,0.0
2015-01,5,CONCACAF,0.2,20.0
2015-01,5,CONMEBOL,0.2,20.0
2015-01,5,OFC,0.0,0.0
2015-01,5,UEFA,0.0,0.0
2015-02,5,AFC,0.0,0.0
2015-02,5,CAF,0.6,60.0
2015-02,5,CONCACAF,0.4,40.0
2015-02,5,CONMEBOL,0.0,0.0
2015-02,5,OFC,0.0,0.0
2015-02,5,UEFA,0.0,0.0
2015-03,5,AFC,0.0,0.0
2015-03,5,CAF,0.0,0.0
2015-03,5,CONCACAF,0.2,20.0
2015-03,5,CONMEBOL,0.6,60.0
2015-03,5,OFC,0.0,0.0
2015-03,5,UEFA,0.2,20.0
2015-04,5,AFC,0.0,0.0
2015-04,5,CAF,0.0,0.0
2015-04,5,CONCACAF,1.0,100.0
2015-04,5,CONMEBOL,0.0,0.0
2015-04,5,OFC,0.0,0.0
2015-04,5,UEFA,0.0,0.0
2015-05,5,AFC,0.2,20.0
2015-05,5,CAF,0.4,40.0
2015-05,5,CONCACAF,0.4,40.0
2015-05,5,CONMEBOL,0.0,0.0
2015-05,5,OFC,0.0,0.0
2015-05,5,UEFA,0.0,0.0
2015-06,5,AFC,0.0,0.0
2015-06,5,CAF,0.0,0.0
2015-06,5,CONCACAF,0.2,20.0
2015-06,5,CONMEBOL,0.6,60.0
2015-06,5,OFC,0.0,0.0
2015-06,5,UEFA,0.2,20.0
2015-07,5,AFC,0.0,0.0
2015-07,5,CAF,0.0,0.0
2015-07,5,CONCACAF,0.4,40.0
2015-07,5,CONMEBOL,0.6,60.0
2015-07,5,OFC,0.0,0.0
2015-07,5,UEFA,0.0,0.0
2015-08,5,AFC,1.0,100.0
2015-08,5,CAF,0.0,0.0
2015-08,5,CONCACAF,0.0,0.0
2015-08,5,CONMEBOL,0.0,0.0
2015-08,5,OFC,0.0,0.0
2015-08,5,UEFA,0.0,0.0
2015-09,5,AFC,0.0,0.0
2015-09,5,CAF,0.0,0.0
2015-09,5,CONCACAF,0.2,20.0
2015-09,5,CONMEBOL,0.6,60.0
2015-09,5,OFC,0.0,0.0
2015-09,5,UEFA,0.2,20.0
2015-10,5,AFC,0.0,0.0
2015-10,5,CAF,0.0,0.0
2015-10,5,CONCACAF,0.2,20.0
2015-10,5,CONMEBOL,0.6,60.0
2015-10,5,OFC,0.0,0.0
2015-10,5,UEFA,0.2,20.0
2015-11,5,AFC,0.0,0.0
2015-11,5,CAF,0.0,0.0
2015-11,5,CONCACAF,0.0,0.0
2015-11,5,CONMEBOL,0.6,60.0
2015-11,5,OFC,0.0,0.0
2015-11,5,UEFA,0.4,40.0
2015-12,5,AFC,0.0,0.0
2015-12,5,CAF,0.4,40.0
2015-12,5,CONCACAF,0.6,60.0
2015-12,5,CONMEBOL,0.0,0.0
2015-12,5,OFC,0.0,0.0
2015-12,5,UEFA,0.0,0.0
2016-01,5,AFC,0.2,20.0
2016-01,5,CAF,0.0,0.0
2016-01,5,CONCACAF,0.4,40.0
2016-01,5,CONMEBOL,0.0,0.0
2016-01,5,OFC,0.0,0.0
2016-01,5,UEFA,0.4,40.0
2016-02,5,AFC,0.4,40.0
2016-02,5,CAF,0.2,20.0
2016-02,5,CONCACAF,0.4,40.0
2016-02,5,CONMEBOL,0.0,0.0
2016-02,5,OFC,0.0,0.0
2016-02,5,UEFA,0.0,0.0
2016-03,5,AFC,0.0,0.0
2016-03,5,CAF,0.0,0.0
2016-03,5,CONCACAF,0.2,20.0
2016-03,5,CONMEBOL,0.4,40.0
2016-03,5,OFC,0.0,0.0
2016-03,5,UEFA,0.4,40.0
2016-04,5,AFC,0.0,0.0
2016-04,5,CAF,0.0,0.0
2016-04,5,CONCACAF,1.0,100.0
2016-04,5,CONMEBOL,0.0,0.0
2016-04,5,OFC,0.0,0.0
2016-04,5,UEFA,0.0,0.0
2016-05,5,AFC,0.0,0.0
2016-05,5,CAF,0.0,0.0
2016-05,5,CONCACAF,0.0,0.0
2016-05,5,CONMEBOL,0.2,20.0
2016-05,5,OFC,0.0,0.0
2016-05,5,UEFA,0.8,80.0
2016-06,5,AFC,0.0,0.0
2016-06,5,CAF,0.0,0.0
2016-06,5,CONCACAF,0.0,0.0
2016-06,5,CONMEBOL,0.6,60.0
2016-06,5,OFC,0.0,0.0
2016-06,5,UEFA,0.4,40.0
2016-07,5,AFC,0.0,0.0
2016-07,5,CAF,0.0,0.0
2016-07,5,CONCACAF,0.0,0.0
2016-07,5,CONMEBOL,0.0,0.0
2016-07,5,OFC,0.0,0.0
2016-07,5,UEFA,1.0,100.0
2016-08,5,AFC,0.0,0.0
2016-08,5,CAF,0.0,0.0
2016-08,5,CONCACAF,0.0,0.0
2016-08,5,CONMEBOL,0.0,0.0
2016-08,5,OFC,0.0,0.0
2016-08,5,UEFA,1.0,100.0
2016-09,5,AFC,0.0,0.0
2016-09,5,CAF,0.0,0.0
2016-09,5,CONCACAF,0.0,0.0
2016-09,5,CONMEBOL,0.6,60.0
2016-09,5,OFC,0.0,0.0
2016-09,5,UEFA,0.4,40.0
2016-10,5,AFC,0.0,0.0
2016-10,5,CAF,0.0,0.0
2016-10,5,CONCACAF,0.0,0.0
2016-10,5,CONMEBOL,0.6,60.0
2016-10,5,OFC,0.0,0.0
2016-10,5,UEFA,0.4,40.0
2016-11,5,AFC,0.0,0.0
2016-11,5,CAF,0.0,0.0
2016-11,5,CONCACAF,0.0,0.0
2016-11,5,CONMEBOL,0.6,60.0
2016-11,5,OFC,0.0,0.0
2016-11,5,UEFA,0.4,40.0
2016-12,5,AFC,0.2,20.0
2016-12,5,CAF,0.6,60.0
2016-12,5,CONCACAF,0.2,20.0
2016-12,5,CONMEBOL,0.0,0.0
2016-12,5,OFC,0.0,0.0
2016-12,5,UEFA,0.0,0.0
2017-01,5,AFC,0.0,0.0
2017-01,5,CAF,0.0,0.0
2017-01,5,CONCACAF,0.4,40.0
2017-01,5,CONMEBOL,0.4,40.0
2017-01,5,OFC,0.0,0.0
2017-01,5,UEFA,0.2,20.0
2017-02,5,AFC,0.0,0.0
2017-02,5,CAF,0.4,40.0
2017-02,5,CONCACAF,0.2,20.0
2017-02,5,CONMEBOL,0.2,20.0
2017-02,5,OFC,0.0,0.0
2017-02,5,UEFA,0.2,20.0
2017-03,5,AFC,0.0,0.0
2017-03,5,CAF,0.0,0.0
2017-03,5,CONCACAF,0.0,0.0
2017-03,5,CONMEBOL,0.6,60.0
2017-03,5,OFC,0.0,0.0
2017-03,5,UEFA,0.4,40.0
2017-04,5,AFC,0.0,0.0
2017-04,5,CAF,0.0,0.0
2017-04,5,CONCACAF,1.0,100.0
2017-04,5,CONMEBOL,0.0,0.0
2017-04,5,OFC,0.0,0.0
2017-04,5,UEFA,0.0,0.0
2017-05,5,AFC,0.0,0.0
2017-05,5,CAF,0.2,20.0
2017-05,5,CONCACAF,0.2,20.0
2017-05,5,CONMEBOL,0.0,0.0
2017-05,5,OFC,0.0,0.0
2017-05,5,UEFA,0.6,60.0
2017-06,5,AFC,0.0,0.0
2017-06,5,CAF,0.0,0.0
2017-06,5,CONCACAF,0.2,20.0
2017-06,5,CONMEBOL,0.4,40.0
2017-06,5,OFC,0.0,0.0
2017-06,5,UEFA,0.4,40.0
2017-07,5,AFC,0.0,0.0
2017-07,5,CAF,0.0,0.0
2017-07,5,CONCACAF,0.4,40.0
2017-07,5,CONMEBOL,0.2,20.0
2017-07,5,OFC,0.0,0.0
2017-07,5,UEFA,0.4,40.0
2017-08,5,AFC,0.0,0.0
2017-08,5,CAF,0.0,0.0
2017-08,5,CONCACAF,0.2,20.0
2017-08,5,CONMEBOL,0.4,40.0
2017-08,5,OFC,0.0,0.0
2017-08,5,UEFA,0.4,40.0
2017-09,5,AFC,0.0,0.0
2017-09,5,CAF,0.0,0.0
2017-09,5,CONCACAF,0.0,0.0
2017-09,5,CONMEBOL,0.4,40.0
2017-09,5,OFC,0.0,0.0
2017-09,5,UEFA,0.6,60.0
2017-10,5,AFC,0.0,0.0
2017-10,5,CAF,0.0,0.0
2017-10,5,CONCACAF,0.0,0.0
2017-10,5,CONMEBOL,0.4,40.0
2017-10,5,OFC,0.0,0.0
2017-10,5,UEFA,0.6,60.0
2017-11,5,AFC,0.0,0.0
2017-11,5,CAF,0.0,0.0
2017-11,5,CONCACAF,0.0,0.0
2017-11,5,CONMEBOL,0.4,40.0
2017-11,5,OFC,0.0,0.0
2017-11,5,UEFA,0.6,60.0
2017-12,5,AFC,1.0,100.0
2017-12,5,CAF,0.0,0.0
2017-12,5,CONCACAF,0.0,0.0
2017-12,5,CONMEBOL,0.0,0.0
2017-12,5,OFC,0.0,0.0
2017-12,5,UEFA,0.0,0.0
2018-01,5,AFC,0.0,0.0
2018-01,5,CAF,0.0,0.0
2018-01,5,CONCACAF,0.4,40.0
2018-01,5,CONMEBOL,0.0,0.0
2018-01,5,OFC,0.0,0.0
2018-01,5,UEFA,0.6,60.0
2018-02,5,AFC,0.6,60.0
2018-02,5,CAF,0.0,0.0
2018-02,5,CONCACAF,0.0,0.0
2018-02,5,CONMEBOL,0.0,0.0
2018-02,5,OFC,0.0,0.0
2018-02,5,UEFA,0.4,40.0
2018-03,5,AFC,0.0,0.0
2018-03,5,CAF,0.0,0.0
2018-03,5,CONCACAF,0.0,0.0
2018-03,5,CONMEBOL,0.6,60.0
2018-03,5,OFC,0.0,0.0
2018-03,5,UEFA,0.4,40.0
2018-04,5,AFC,0.0,0.0
2018-04,5,CAF,0.2,20.0
2018-04,5,CONCACAF,0.8,80.0
2018-04,5,CONMEBOL,0.0,0.0
2018-04,5,OFC,0.0,0.0
2018-04,5,UEFA,0.0,0.0
2018-05,5,AFC,0.0,0.0
2018-05,5,CAF,0.0,0.0
2018-05,5,CONCACAF,0.0,0.0
2018-05,5,CONMEBOL,0.4,40.0
2018-05,5,OFC,0.0,0.0
2018-05,5,UEFA,0.6,60.0
2018-06,5,AFC,0.0,0.0
2018-06,5,CAF,0.0,0.0
2018-06,5,CONCACAF,0.0,0.0
2018-06,5,CONMEBOL,0.4,40.0
2018-06,5,OFC,0.0,0.0
2018-06,5,UEFA,0.6,60.0
2018-07,5,AFC,0.0,0.0
2018-07,5,CAF,0.0,0.0
2018-07,5,CONCACAF,0.0,0.0
2018-07,5,CONMEBOL,0.2,20.0
2018-07,5,OFC,0.0,0.0
2018-07,5,UEFA,0.8,80.0
2018-08,5,AFC,0.6,60.0
2018-08,5,CAF,0.0,0.0
2018-08,5,CONCACAF,0.4,40.0
2018-08,5,CONMEBOL,0.0,0.0
2018-08,5,OFC,0.0,0.0
2018-08,5,UEFA,0.0,0.0
2018-09,5,AFC,0.0,0.0
2018-09,5,CAF,0.0,0.0
2018-09,5,CONCACAF,0.0,0.0
2018-09,5,CONMEBOL,0.4,40.0
2018-09,5,OFC,0.0,0.0
2018-09,5,UEFA,0.6,60.0
2018-10,5,AFC,0.0,0.0
2018-10,5,CAF,0.0,0.0
2018-10,5,CONCACAF,0.0,0.0
2018-10,5,CONMEBOL,0.2,20.0
2018-10,5,OFC,0.0,0.0
2018-10,5,UEFA,0.8,80.0
2018-11,5,AFC,0.0,0.0
2018-11,5,CAF,0.0,0.0
2018-11,5,CONCACAF,0.0,0.0
2018-11,5,CONMEBOL,0.2,20.0
2018-11,5,OFC,0.0,0.0
2018-11,5,UEFA,0.8,80.0
2018-12,5,AFC,1.0,100.0
2018-12,5,CAF,0.0,0.0
2018-12,5,CONCACAF,0.0,0.0
2018-12,5,CONMEBOL,0.0,0.0
2018-12,5,OFC,0.0,0.0
2018-12,5,UEFA,0.0,0.0
2019-01,5,AFC,0.8,80.0
2019-01,5,CAF,0.0,0.0
2019-01,5,CONCACAF,0.0,0.0
2019-01,5,CONMEBOL,0.0,0.0
2019-01,5,OFC,0.0,0.0
2019-01,5,UEFA,0.2,20.0
2019-02,5,AFC,0.4,40.0
2019-02,5,CAF,0.0,0.0
2019-02,5,CONCACAF,0.6,60.0
2019-02,5,CONMEBOL,0.0,0.0
2019-02,5,OFC,0.0,0.0
2019-02,5,UEFA,0.0,0.0
2019-03,5,AFC,0.0,0.0
2019-03,5,CAF,0.0,0.0
2019-03,5,CONCACAF,0.0,0.0
2019-03,5,CONMEBOL,0.2,20.0
2019-03,5,OFC,0.0,0.0
2019-03,5,UEFA,0.8,80.0
2019-05,5,AFC,0.0,0.0
2019-05,5,CAF,0.4,40.0
2019-05,5,CONCACAF,0.2,20.0
2019-05,5,CONMEBOL,0.0,0.0
2019-05,5,OFC,0.0,0.0
2019-05,5,UEFA,0.4,40.0
2019-06,5,AFC,0.0,0.0
2019-06,5,CAF,0.0,0.0
2019-06,5,CONCACAF,0.2,20.0
2019-06,5,CONMEBOL,0.2,20.0
2019-06,5,OFC,0.0,0.0
2019-06,5,UEFA,0.6,60.0
2019-07,5,AFC,0.0,0.0
2019-07,5,CAF,0.2,20.0
2019-07,5,CONCACAF,0.2,20.0
2019-07,5,CONMEBOL,0.6,60.0
2019-07,5,OFC,0.0,0.0
2019-07,5,UEFA,0.0,0.0
2019-08,5,AFC,1.0,100.0
2019-08,5,CAF,0.0,0.0
2019-08,5,CONCACAF,0.0,0.0
2019-08,5,CONMEBOL,0.0,0.0
2019-08,5,OFC,0.0,0.0
2019-08,5,UEFA,0.0,0.0
2019-09,5,AFC,0.0,0.0
2019-09,5,CAF,0.0,0.0
2019-09,5,CONCACAF,0.2,20.0
2019-09,5,CONMEBOL,0.2,20.0
2019-09,5,OFC,0.0,0.0
2019-09,5,UEFA,0.6,60.0
2019-10,5,AFC,0.0,0.0
2019-10,5,CAF,0.0,0.0
2019-10,5,CONCACAF,0.0,0.0
2019-10,5,CONMEBOL,0.2,20.0
2019-10,5,OFC,0.0,0.0
2019-10,5,UEFA,0.8,80.0
2019-11,5,AFC,0.0,0.0
2019-11,5,CAF,0.0,0.0
2019-11,5,CONCACAF,0.0,0.0
2019-11,5,CONMEBOL,0.4,40.0
2019-11,5,OFC,0.0,0.0
2019-11,5,UEFA,0.6,60.0
2019-12,5,AFC,1.0,100.0
2019-12,5,CAF,0.0,0.0
2019-12,5,CONCACAF,0.0,0.0
2019-12,5,CONMEBOL,0.0,0.0
2019-12,5,OFC,0.0,0.0
2019-12,5,UEFA,0.0,0.0
2020-01,5,AFC,0.0,0.0
2020-01,5,CAF,0.0,0.0
2020-01,5,CONCACAF,0.4,40.0
2020-01,5,CONMEBOL,0.0,0.0
2020-01,5,OFC,0.0,0.0
2020-01,5,UEFA,0.6,60.0
2020-02,5,AFC,0.0,0.0
2020-02,5,CAF,0.0,0.0
2020-02,5,CONCACAF,1.0,100.0
2020-02,5,CONMEBOL,0.0,0.0
2020-02,5,OFC,0.0,0.0
2020-02,5,UEFA,0.0,0.0
2020-09,5,AFC,0.0,0.0
2020-09,5,CAF,0.0,0.0
2020-09,5,CONCACAF,0.0,0.0
2020-09,5,CONMEBOL,0.0,0.0
2020-09,5,OFC,0.0,0.0
2020-09,5,UEFA,1.0,100.0
2020-10,5,AFC,0.0,0.0
2020-10,5,CAF,0.0,0.0
2020-10,5,CONCACAF,0.0,0.0
2020-10,5,CONMEBOL,0.2,20.0
2020-10,5,OFC,0.0,0.0
2020-10,5,UEFA,0.8,80.0
2020-11,5,AFC,0.0,0.0
2020-11,5,CAF,0.0,0.0
2020-11,5,CONCACAF,0.0,0.0
2020-11,5,CONMEBOL,0.2,20.0
2020-11,5,OFC,0.0,0.0
2020-11,5,UEFA,0.8,80.0
2020-12,5,AFC,0.5,50.0
2020-12,5,CAF,0.0,0.0
2020-12,5,CONCACAF,0.5,50.0
2020-12,5,CONMEBOL,0.0,0.0
2020-12,5,OFC,0.0,0.0
2020-12,5,UEFA,0.0,0.0
2021-01,5,AFC,0.2,20.0
2021-01,5,CAF,0.0,0.0
2021-01,5,CONCACAF,0.6,60.0
2021-01,5,CONMEBOL,0.0,0.0
2021-01,5,OFC,0.0,0.0
2021-01,5,UEFA,0.2,20.0
2021-02,5,AFC,0.6,60.0
2021-02,5,CAF,0.0,0.0
2021-02,5,CONCACAF,0.4,40.0
2021-02,5,CONMEBOL,0.0,0.0
2021-02,5,OFC,0.0,0.0
2021-02,5,UEFA,0.0,0.0
2021-03,5,AFC,0.0,0.0
2021-03,5,CAF,0.0,0.0
2021-03,5,CONCACAF,0.0,0.0
2021-03,5,CONMEBOL,0.0,0.0
2021-03,5,OFC,0.0,0.0
2021-03,5,UEFA,1.0,100.0
2021-05,5,AFC,0.0,0.0
2021-05,5,CAF,0.0,0.0
2021-05,5,CONCACAF,0.2,20.0
2021-05,5,CONMEBOL,0.0,0.0
2021-05,5,OFC,0.0,0.0
2021-05,5,UEFA,0.8,80.0
2021-06,5,AFC,0.0,0.0
2021-06,5,CAF,0.0,0.0
2021-06,5,CONCACAF,0.0,0.0
2021-06,5,CONMEBOL,0.4,40.0
2021-06,5,OFC,0.0,0.0
2021-06,5,UEFA,0.6,60.0
2021-07,5,AFC,0.0,0.0
2021-07,5,CAF,0.0,0.0
2021-07,5,CONCACAF,0.0,0.0
2021-07,5,CONMEBOL,0.4,40.0
2021-07,5,OFC,0.0,0.0
2021-07,5,UEFA,0.6,60.0
2021-08,5,AFC,0.0,0.0
2021-08,5,CAF,0.2,20.0
2021-08,5,CONCACAF,0.8,80.0
2021-08,5,CONMEBOL,0.0,0.0
2021-08,5,OFC,0.0,0.0
2021-08,5,UEFA,0.0,0.0
2021-09,5,AFC,0.0,0.0
2021-09,5,CAF,0.0,0.0
2021-09,5,CONCACAF,0.0,0.0
2021-09,5,CONMEBOL,0.4,40.0
2021-09,5,OFC,0.0,0.0
2021-09,5,UEFA,0.6,60.0
2021-10,5,AFC,0.0,0.0
2021-10,5,CAF,0.0,0.0
2021-10,5,CONCACAF,0.0,0.0
2021-10,5,CONMEBOL,0.4,40.0
2021-10,5,OFC,0.0,0.0
2021-10,5,UEFA,0.6,60.0
2021-11,5,AFC,0.0,0.0
2021-11,5,CAF,0.0,0.0
2021-11,5,CONCACAF,0.0,0.0
2021-11,5,CONMEBOL,0.4,40.0
2021-11,5,OFC,0.0,0.0
2021-11,5,UEFA,0.6,60.0
2021-12,5,AFC,0.0,0.0
2021-12,5,CAF,0.2,20.0
2021-12,5,CONCACAF,0.4,40.0
2021-12,5,CONMEBOL,0.4,40.0
2021-12,5,OFC,0.0,0.0
2021-12,5,UEFA,0.0,0.0
2022-01,5,AFC,0.2,20.0
2022-01,5,CAF,0.0,0.0
2022-01,5,CONCACAF,0.2,20.0
2022-01,5,CONMEBOL,0.6,60.0
2022-01,5,OFC,0.0,0.0
2022-01,5,UEFA,0.0,0.0
2022-02,5,AFC,0.2,20.0
2022-02,5,CAF,0.0,0.0
2022-02,5,CONCACAF,0.4,40.0
2022-02,5,CONMEBOL,0.4,40.0
2022-02,5,OFC,0.0,0.0
2022-02,5,UEFA,0.0,0.0
2022-03,5,AFC,0.0,0.0
2022-03,5,CAF,0.0,0.0
2022-03,5,CONCACAF,0.0,0.0
2022-03,5,CONMEBOL,0.4,40.0
2022-03,5,OFC,0.0,0.0
2022-03,5,UEFA,0.6,60.0
2022-04,5,AFC,0.0,0.0
2022-04,5,CAF,0.0,0.0
2022-04,5,CONCACAF,1.0,100.0
2022-04,5,CONMEBOL,0.0,0.0
2022-04,5,OFC,0.0,0.0
2022-04,5,UEFA,0.0,0.0
2022-05,5,AFC,0.6,60.0
2022-05,5,CAF,0.2,20.0
2022-05,5,CONCACAF,0.2,20.0
2022-05,5,CONMEBOL,0.0,0.0
2022-05,5,OFC,0.0,0.0
2022-05,5,UEFA,0.0,0.0
2022-06,5,AFC,0.0,0.0
2022-06,5,CAF,0.0,0.0
2022-06,5,CONCACAF,0.0,0.0
2022-06,5,CONMEBOL,0.4,40.0
2022-06,5,OFC,0.0,0.0
2022-06,5,UEFA,0.6,60.0
2022-07,5,AFC,0.6,60.0
2022-07,5,CAF,0.4,40.0
2022-07,5,CONCACAF,0.0,0.0
2022-07,5,CONMEBOL,0.0,0.0
2022-07,5,OFC,0.0,0.0
2022-07,5,UEFA,0.0,0.0
2022-08,5,AFC,0.0,0.0
2022-08,5,CAF,0.0,0.0
2022-08,5,CONCACAF,0.5,50.0
2022-08,5,CONMEBOL,0.5,50.0
2022-08,5,OFC,0.0,0.0
2022-08,5,UEFA,0.0,0.0
2022-09,5,AFC,0.0,0.0
2022-09,5,CAF,0.0,0.0
2022-09,5,CONCACAF,0.0,0.0
2022-09,5,CONMEBOL,0.4,40.0
2022-09,5,OFC,0.0,0.0
2022-09,5,UEFA,0.6,60.0
2022-10,5,AFC,0.4,40.0
2022-10,5,CAF,0.0,0.0
2022-10,5,CONCACAF,0.2,20.0
2022-10,5,CONMEBOL,0.0,0.0
2022-10,5,OFC,0.0,0.0
2022-10,5,UEFA,0.4,40.0
2022-11,5,AFC,0.0,0.0
2022-11,5,CAF,0.0,0.0
2022-11,5,CONCACAF,0.0,0.0
2022-11,5,CONMEBOL,0.4,40.0
2022-11,5,OFC,0.0,0.0
2022-11,5,UEFA,0.6,60.0
2022-12,5,AFC,0.0,0.0
2022-12,5,CAF,0.0,0.0
2022-12,5,CONCACAF,0.0,0.0
2022-12,5,CONMEBOL,0.4,40.0
2022-12,5,OFC,0.0,0.0
2022-12,5,UEFA,0.6,60.0
2023-01,5,AFC,0.2,20.0
2023-01,5,CAF,0.0,0.0
2023-01,5,CONCACAF,0.4,40.0
2023-01,5,CONMEBOL,0.0,0.0
2023-01,5,OFC,0.0,0.0
2023-01,5,UEFA,0.4,40.0
2023-02,5,AFC,0.0,0.0
2023-02,5,CAF,0.0,0.0
2023-02,5,CONCACAF,1.0,100.0
2023-02,5,CONMEBOL,0.0,0.0
2023-02,5,OFC,0.0,0.0
2023-02,5,UEFA,0.0,0.0
2023-03,5,AFC,0.0,0.0
2023-03,5,CAF,0.0,0.0
2023-03,5,CONCACAF,0.0,0.0
2023-03,5,CONMEBOL,0.4,40.0
2023-03,5,OFC,0.0,0.0
2023-03,5,UEFA,0.6,60.0
2023-04,5,AFC,0.0,0.0
2023-04,5,CAF,0.0,0.0
2023-04,5,CONCACAF,1.0,100.0
2023-04,5,CONMEBOL,0.0,0.0
2023-04,5,OFC,0.0,0.0
2023-04,5,UEFA,0.0,0.0
2023-06,5,AFC,0.0,0.0
2023-06,5,CAF,0.0,0.0
2023-06,5,CONCACAF,0.0,0.0
2023-06,5,CONMEBOL,0.4,40.0
2023-06,5,OFC,0.0,0.0
2023-06,5,UEFA,0.6,60.0
2023-07,5,AFC,0.0,0.0
2023-07,5,CAF,0.0,0.0
2023-07,5,CONCACAF,1.0,100.0
2023-07,5,CONMEBOL,0.0,0.0
2023-07,5,OFC,0.0,0.0
2023-07,5,UEFA,0.0,0.0
2023-08,5,AFC,0.0,0.0
2023-08,5,CAF,0.4,40.0
2023-08,5,CONCACAF,0.2,20.0
2023-08,5,CONMEBOL,0.2,20.0
2023-08,5,OFC,0.2,20.0
2023-08,5,UEFA,0.0,0.0
2023-09,5,AFC,0.0,0.0
2023-09,5,CAF,0.0,0.0
2023-09,5,CONCACAF,0.0,0.0
2023-09,5,CONMEBOL,0.4,40.0
2023-09,5,OFC,0.0,0.0
2023-09,5,UEFA,0.6,60.0
2023-10,5,AFC,0.0,0.0
2023-10,5,CAF,0.0,0.0
2023-10,5,CONCACAF,0.0,0.0
2023-10,5,CONMEBOL,0.4,40.0
2023-10,5,OFC,0.0,0.0
2023-10,5,UEFA,0.6,60.0
2023-11,5,AFC,0.0,0.0
2023-11,5,CAF,0.0,0.0
2023-11,5,CONCACAF,0.0,0.0
2023-11,5,CONMEBOL,0.4,40.0
2023-11,5,OFC,0.0,0.0
2023-11,5,UEFA,0.6,60.0
2023-12,5,AFC,0.0,0.0
2023-12,5,CAF,0.0,0.0
2023-12,5,CONCACAF,0.4,40.0
2023-12,5,CONMEBOL,0.0,0.0
2023-12,5,OFC,0.6,60.0
2023-12,5,UEFA,0.0,0.0
2024-01,5,AFC,0.6,60.0
2024-01,5,CAF,0.4,40.0
2024-01,5,CONCACAF,0.0,0.0
2024-01,5,CONMEBOL,0.0,0.0
2024-01,5,OFC,0.0,0.0
2024-01,5,UEFA,0.0,0.0
2024-02,5,AFC,1.0,100.0
2024-02,5,CAF,0.0,0.0
2024-02,5,CONCACAF,0.0,0.0
2024-02,5,CONMEBOL,0.0,0.0
2024-02,5,OFC,0.0,0.0
2024-02,5,UEFA,0.0,0.0
2024-03,5,AFC,0.0,0.0
2024-03,5,CAF,0.0,0.0
2024-03,5,CONCACAF,0.2,20.0
2024-03,5,CONMEBOL,0.4,40.0
2024-03,5,OFC,0.0,0.0
2024-03,5,UEFA,0.4,40.0
2024-04,5,AFC,0.0,0.0
2024-04,5,CAF,0.0,0.0
2024-04,5,CONCACAF,1.0,100.0
2024-04,5,CONMEBOL,0.0,0.0
2024-04,5,OFC,0.0,0.0
2024-04,5,UEFA,0.0,0.0
2024-05,5,AFC,0.0,0.0
2024-05,5,CAF,0.0,0.0
2024-05,5,CONCACAF,0.6,60.0
2024-05,5,CONMEBOL,0.4,40.0
2024-05,5,OFC,0.0,0.0
2024-05,5,UEFA,0.0,0.0
2024-06,5,AFC,0.0,0.0
2024-06,5,CAF,0.0,0.0
2024-06,5,CONCACAF,0.2,20.0
2024-06,5,CONMEBOL,0.4,40.0
2024-06,5,OFC,0.0,0.0
2024-06,5,UEFA,0.4,40.0
2024-07,5,AFC,0.0,0.0
2024-07,5,CAF,0.0,0.0
2024-07,5,CONCACAF,0.2,20.0
2024-07,5,CONMEBOL,0.4,40.0
2024-07,5,OFC,0.0,0.0
2024-07,5,UEFA,0.4,40.0
2024-08,5,AFC,1.0,100.0
2024-08,5,CAF,0.0,0.0
2024-08,5,CONCACAF,0.0,0.0
2024-08,5,CONMEBOL,0.0,0.0
2024-08,5,OFC,0.0,0.0
2024-08,5,UEFA,0.0,0.0
2024-09,5,AFC,0.0,0.0
2024-09,5,CAF,0.0,0.0
2024-09,5,CONCACAF,0.2,20.0
2024-09,5,CONMEBOL,0.2,20.0
2024-09,5,OFC,0.0,0.0
2024-09,5,UEFA,0.6,60.0
2024-10,5,AFC,0.0,0.0
2024-10,5,CAF,0.0,0.0
2024-10,5,CONCACAF,0.2,20.0
2024-10,5,CONMEBOL,0.4,40.0
2024-10,5,OFC,0.0,0.0
2024-10,5,UEFA,0.4,40.0
2024-11,5,AFC,0.0,0.0
2024-11,5,CAF,0.0,0.0
2024-11,5,CONCACAF,0.0,0.0
2024-11,5,CONMEBOL,0.4,40.0
2024-11,5,OFC,0.0,0.0
2024-11,5,UEFA,0.6,60.0
2024-12,5,AFC,1.0,100.0
2024-12,5,CAF,0.0,0.0
2024-12,5,CONCACAF,0.0,0.0
2024-12,5,CONMEBOL,0.0,0.0
2024-12,5,OFC,0.0,0.0
2024-12,5,UEFA,0.0,0.0
2025-01,5,AFC,0.4,40.0
2025-01,5,CAF,0.0,0.0
2025-01,5,CONCACAF,0.6,60.0
2025-01,5,CONMEBOL,0.0,0.0
2025-01,5,OFC,0.0,0.0
2025-01,5,UEFA,0.0,0.0
2025-02,5,AFC,0.2,20.0
2025-02,5,CAF,0.0,0.0
2025-02,5,CONCACAF,0.6,60.0
2025-02,5,CONMEBOL,0.2,20.0
2025-02,5,OFC,0.0,0.0
2025-02,5,UEFA,0.0,0.0
2025-03,5,AFC,0.0,0.0
2025-03,5,CAF,0.0,0.0
2025-03,5,CONCACAF,0.0,0.0
2025-03,5,CONMEBOL,0.2,20.0
2025-03,5,OFC,0.0,0.0
2025-03,5,UEFA,0.8,80.0
2025-05,5,AFC,0.6,60.0
2025-05,5,CAF,0.2,20.0
2025-05,5,CONCACAF,0.2,20.0
2025-05,5,CONMEBOL,0.0,0.0
2025-05,5,OFC,0.0,0.0
2025-05,5,UEFA,0.0,0.0
2025-06,5,AFC,0.0,0.0
2025-06,5,CAF,0.0,0.0
2025-06,5,CONCACAF,0.0,0.0
2025-06,5,CONMEBOL,0.4,40.0
2025-06,5,OFC,0.0,0.0
2025-06,5,UEFA,0.6,60.0
2025-07,5,AFC,0.0,0.0
2025-07,5,CAF,0.0,0.0
2025-07,5,CONCACAF,1.0,100.0
2025-07,5,CONMEBOL,0.0,0.0
2025-07,5,OFC,0.0,0.0
2025-07,5,UEFA,0.0,0.0
2025-08,5,AFC,0.5,50.0
2025-08,5,CAF,0.0,0.0
2025-08,5,CONCACAF,0.5,50.0
2025-08,5,CONMEBOL,0.0,0.0
2025-08,5,OFC,0.0,0.0
2025-08,5,UEFA,0.0,0.0
2025-09,5,AFC,0.0,0.0
2025-09,5,CAF,0.0,0.0
2025-09,5,CONCACAF,0.0,0.0
2025-09,5,CONMEBOL,0.2,20.0
2025-09,5,OFC,0.0,0.0
2025-09,5,UEFA,0.8,80.0
2025-10,5,AFC,0.0,0.0
2025-10,5,CAF,0.0,0.0
2025-10,5,CONCACAF,0.0,0.0
2025-10,5,CONMEBOL,0.2,20.0
2025-10,5,OFC,0.0,0.0
2025-10,5,UEFA,0.8,80.0
2025-11,5,AFC,0.0,0.0
2025-11,5,CAF,0.0,0.0
2025-11,5,CONCACAF,0.2,20.0
2025-11,5,CONMEBOL,0.2,20.0
2025-11,5,OFC,0.0,0.0
2025-11,5,UEFA,0.6,60.0
2025-12,5,AFC,0.0,0.0
2025-12,5,CAF,1.0,100.0
2025-12,5,CONCACAF,0.0,0.0
2025-12,5,CONMEBOL,0.0,0.0
2025-12,5,OFC,0.0,0.0
2025-12,5,UEFA,0.0,0.0
2026-01,5,AFC,0.0,0.0
2026-01,5,CAF,0.8,80.0
2026-01,5,CONCACAF,0.2,20.0
2026-01,5,CONMEBOL,0.0,0.0
2026-01,5,OFC,0.0,0.0
2026-01,5,UEFA,0.0,0.0
2026-02,5,AFC,0.0,0.0
2026-02,5,CAF,0.0,0.0
2026-02,5,CONCACAF,0.5,50.0
2026-02,5,CONMEBOL,0.0,0.0
2026-02,5,OFC,0.0,0.0
2026-02,5,UEFA,0.5,50.0
2026-03,5,AFC,0.0,0.0
2026-03,5,CAF,0.0,0.0
2026-03,5,CONCACAF,0.0,0.0
2026-03,5,CONMEBOL,0.4,40.0
2026-03,5,OFC,0.0,0.0
2026-03,5,UEFA,0.6,60.0
2026-05,5,AFC,0.2,20.0
2026-05,5,CAF,0.2,20.0
2026-05,5,CONCACAF,0.0,0.0
2026-05,5,CONMEBOL,0.4,40.0
2026-05,5,OFC,0.0,0.0
2026-05,5,UEFA,0.2,20.0
2026-06,5,AFC,0.0,0.0
2026-06,5,CAF,0.0,0.0
2026-06,5,CONCACAF,0.0,0.0
2026-06,5,CONMEBOL,0.4,40.0
2026-06,5,OFC,0.0,0.0
2026-06,5,UEFA,0.6,60.0
2026-07,5,AFC,0.0,0.0
2026-07,5,CAF,0.0,0.0
2026-07,5,CONCACAF,0.2,20.0
2026-07,5,CONMEBOL,0.2,20.0
2026-07,5,OFC,0.0,0.0
2026-07,5,UEFA,0.6,60.0
1992-01,10,AFC,0.0,0.0
1992-01,10,CAF,0.5,50.0
1992-01,10,CONCACAF,0.0,0.0
1992-01,10,CONMEBOL,0.0,0.0
1992-01,10,OFC,0.0,0.0
1992-01,10,UEFA,0.5,50.0
1992-02,10,AFC,0.0,0.0
1992-02,10,CAF,0.1,10.0
1992-02,10,CONCACAF,0.0,0.0
1992-02,10,CONMEBOL,0.1,10.0
1992-02,10,OFC,0.0,0.0
1992-02,10,UEFA,0.8,80.0
1992-03,10,AFC,0.0,0.0
1992-03,10,CAF,0.0,0.0
1992-03,10,CONCACAF,0.1,10.0
1992-03,10,CONMEBOL,0.0,0.0
1992-03,10,OFC,0.0,0.0
1992-03,10,UEFA,0.9,90.0
1992-04,10,AFC,0.0,0.0
1992-04,10,CAF,0.0,0.0
1992-04,10,CONCACAF,0.0,0.0
1992-04,10,CONMEBOL,0.2,20.0
1992-04,10,OFC,0.0,0.0
1992-04,10,UEFA,0.8,80.0
1992-05,10,AFC,0.0,0.0
1992-05,10,CAF,0.0,0.0
1992-05,10,CONCACAF,0.0,0.0
1992-05,10,CONMEBOL,0.2,20.0
1992-05,10,OFC,0.0,0.0
1992-05,10,UEFA,0.8,80.0
1992-06,10,AFC,0.0,0.0
1992-06,10,CAF,0.0,0.0
1992-06,10,CONCACAF,0.0,0.0
1992-06,10,CONMEBOL,0.1,10.0
1992-06,10,OFC,0.0,0.0
1992-06,10,UEFA,0.9,90.0
1992-07,10,AFC,0.0,0.0
1992-07,10,CAF,0.2,20.0
1992-07,10,CONCACAF,0.3,30.0
1992-07,10,CONMEBOL,0.2,20.0
1992-07,10,OFC,0.2,20.0
1992-07,10,UEFA,0.1,10.0
1992-08,10,AFC,0.0,0.0
1992-08,10,CAF,0.1,10.0
1992-08,10,CONCACAF,0.1,10.0
1992-08,10,CONMEBOL,0.2,20.0
1992-08,10,OFC,0.0,0.0
1992-08,10,UEFA,0.6,60.0
1992-09,10,AFC,0.0,0.0
1992-09,10,CAF,0.0,0.0
1992-09,10,CONCACAF,0.0,0.0
1992-09,10,CONMEBOL,0.3,30.0
1992-09,10,OFC,0.0,0.0
1992-09,10,UEFA,0.7,70.0
1992-10,10,AFC,0.0,0.0
1992-10,10,CAF,0.0,0.0
1992-10,10,CONCACAF,0.0,0.0
1992-10,10,CONMEBOL,0.1,10.0
1992-10,10,OFC,0.0,0.0
1992-10,10,UEFA,0.9,90.0
1992-11,10,AFC,0.0,0.0
1992-11,10,CAF,0.0,0.0
1992-11,10,CONCACAF,0.0,0.0
1992-11,10,CONMEBOL,0.2,20.0
1992-11,10,OFC,0.0,0.0
1992-11,10,UEFA,0.8,80.0
1992-12,10,AFC,0.0,0.0
1992-12,10,CAF,0.1,10.0
1992-12,10,CONCACAF,0.1,10.0
1992-12,10,CONMEBOL,0.2,20.0
1992-12,10,OFC,0.0,0.0
1992-12,10,UEFA,0.6,60.0
1993-01,10,AFC,0.0,0.0
1993-01,10,CAF,0.2,20.0
1993-01,10,CONCACAF,0.1,10.0
1993-01,10,CONMEBOL,0.0,0.0
1993-01,10,OFC,0.0,0.0
1993-01,10,UEFA,0.7,70.0
1993-02,10,AFC,0.0,0.0
1993-02,10,CAF,0.0,0.0
1993-02,10,CONCACAF,0.0,0.0
1993-02,10,CONMEBOL,0.2,20.0
1993-02,10,OFC,0.0,0.0
1993-02,10,UEFA,0.8,80.0
1993-03,10,AFC,0.0,0.0
1993-03,10,CAF,0.0,0.0
1993-03,10,CONCACAF,0.0,0.0
1993-03,10,CONMEBOL,0.1,10.0
1993-03,10,OFC,0.0,0.0
1993-03,10,UEFA,0.9,90.0
1993-04,10,AFC,0.0,0.0
1993-04,10,CAF,0.0,0.0
1993-04,10,CONCACAF,0.0,0.0
1993-04,10,CONMEBOL,0.0,0.0
1993-04,10,OFC,0.0,0.0
1993-04,10,UEFA,1.0,100.0
1993-05,10,AFC,0.0,0.0
1993-05,10,CAF,0.0,0.0
1993-05,10,CONCACAF,0.1,10.0
1993-05,10,CONMEBOL,0.0,0.0
1993-05,10,OFC,0.1,10.0
1993-05,10,UEFA,0.8,80.0
1993-06,10,AFC,0.0,0.0
1993-06,10,CAF,0.0,0.0
1993-06,10,CONCACAF,0.1,10.0
1993-06,10,CONMEBOL,0.2,20.0
1993-06,10,OFC,0.0,0.0
1993-06,10,UEFA,0.7,70.0
1993-07,10,AFC,0.0,0.0
1993-07,10,CAF,0.2,20.0
1993-07,10,CONCACAF,0.2,20.0
1993-07,10,CONMEBOL,0.3,30.0
1993-07,10,OFC,0.1,10.0
1993-07,10,UEFA,0.2,20.0
1993-08,10,AFC,0.0,0.0
1993-08,10,CAF,0.0,0.0
1993-08,10,CONCACAF,0.2,20.0
1993-08,10,CONMEBOL,0.2,20.0
1993-08,10,OFC,0.1,10.0
1993-08,10,UEFA,0.5,50.0
1993-09,10,AFC,0.0,0.0
1993-09,10,CAF,0.0,0.0
1993-09,10,CONCACAF,0.2,20.0
1993-09,10,CONMEBOL,0.2,20.0
1993-09,10,OFC,0.0,0.0
1993-09,10,UEFA,0.6,60.0
1993-10,10,AFC,0.0,0.0
1993-10,10,CAF,0.0,0.0
1993-10,10,CONCACAF,0.1,10.0
1993-10,10,CONMEBOL,0.1,10.0
1993-10,10,OFC,0.0,0.0
1993-10,10,UEFA,0.8,80.0
1993-11,10,AFC,0.0,0.0
1993-11,10,CAF,0.0,0.0
1993-11,10,CONCACAF,0.1,10.0
1993-11,10,CONMEBOL,0.2,20.0
1993-11,10,OFC,0.0,0.0
1993-11,10,UEFA,0.7,70.0
1993-12,10,AFC,0.0,0.0
1993-12,10,CAF,0.4,40.0
1993-12,10,CONCACAF,0.1,10.0
1993-12,10,CONMEBOL,0.3,30.0
1993-12,10,OFC,0.1,10.0
1993-12,10,UEFA,0.1,10.0
1994-01,10,AFC,0.1,10.0
1994-01,10,CAF,0.1,10.0
1994-01,10,CONCACAF,0.2,20.0
1994-01,10,CONMEBOL,0.0,0.0
1994-01,10,OFC,0.0,0.0
1994-01,10,UEFA,0.6,60.0
1994-02,10,AFC,0.1,10.0
1994-02,10,CAF,0.0,0.0
1994-02,10,CONCACAF,0.2,20.0
1994-02,10,CONMEBOL,0.0,0.0
1994-02,10,OFC,0.0,0.0
1994-02,10,UEFA,0.7,70.0
1994-03,10,AFC,0.0,0.0
1994-03,10,CAF,0.0,0.0
1994-03,10,CONCACAF,0.1,10.0
1994-03,10,CONMEBOL,0.2,20.0
1994-03,10,OFC,0.0,0.0
1994-03,10,UEFA,0.7,70.0
1994-04,10,AFC,0.0,0.0
1994-04,10,CAF,0.0,0.0
1994-04,10,CONCACAF,0.1,10.0
1994-04,10,CONMEBOL,0.1,10.0
1994-04,10,OFC,0.0,0.0
1994-04,10,UEFA,0.8,80.0
1994-05,10,AFC,0.0,0.0
1994-05,10,CAF,0.0,0.0
1994-05,10,CONCACAF,0.1,10.0
1994-05,10,CONMEBOL,0.2,20.0
1994-05,10,OFC,0.0,0.0
1994-05,10,UEFA,0.7,70.0
1994-06,10,AFC,0.0,0.0
1994-06,10,CAF,0.0,0.0
1994-06,10,CONCACAF,0.1,10.0
1994-06,10,CONMEBOL,0.2,20.0
1994-06,10,OFC,0.0,0.0
1994-06,10,UEFA,0.7,70.0
1994-07,10,AFC,0.0,0.0
1994-07,10,CAF,0.0,0.0
1994-07,10,CONCACAF,0.1,10.0
1994-07,10,CONMEBOL,0.2,20.0
1994-07,10,OFC,0.0,0.0
1994-07,10,UEFA,0.7,70.0
1994-08,10,AFC,0.0,0.0
1994-08,10,CAF,0.4,40.0
1994-08,10,CONCACAF,0.0,0.0
1994-08,10,CONMEBOL,0.0,0.0
1994-08,10,OFC,0.0,0.0
1994-08,10,UEFA,0.6,60.0
1994-09,10,AFC,0.0,0.0
1994-09,10,CAF,0.0,0.0
1994-09,10,CONCACAF,0.0,0.0
1994-09,10,CONMEBOL,0.0,0.0
1994-09,10,OFC,0.0,0.0
1994-09,10,UEFA,1.0,100.0
1994-10,10,AFC,0.0,0.0
1994-10,10,CAF,0.0,0.0
1994-10,10,CONCACAF,0.0,0.0
1994-10,10,CONMEBOL,0.0,0.0
1994-10,10,OFC,0.0,0.0
1994-10,10,UEFA,1.0,100.0
1994-11,10,AFC,0.0,0.0
1994-11,10,CAF,0.0,0.0
1994-11,10,CONCACAF,0.0,0.0
1994-11,10,CONMEBOL,0.1,10.0
1994-11,10,OFC,0.0,0.0
1994-11,10,UEFA,0.9,90.0
1994-12,10,AFC,0.0,0.0
1994-12,10,CAF,0.0,0.0
1994-12,10,CONCACAF,0.0,0.0
1994-12,10,CONMEBOL,0.2,20.0
1994-12,10,OFC,0.0,0.0
1994-12,10,UEFA,0.8,80.0
1995-01,10,AFC,0.0,0.0
1995-01,10,CAF,0.1,10.0
1995-01,10,CONCACAF,0.2,20.0
1995-01,10,CONMEBOL,0.2,20.0
1995-01,10,OFC,0.0,0.0
1995-01,10,UEFA,0.5,50.0
1995-02,10,AFC,0.0,0.0
1995-02,10,CAF,0.0,0.0
1995-02,10,CONCACAF,0.2,20.0
1995-02,10,CONMEBOL,0.2,20.0
1995-02,10,OFC,0.0,0.0
1995-02,10,UEFA,0.6,60.0
1995-03,10,AFC,0.0,0.0
1995-03,10,CAF,0.0,0.0
1995-03,10,CONCACAF,0.1,10.0
1995-03,10,CONMEBOL,0.1,10.0
1995-03,10,OFC,0.0,0.0
1995-03,10,UEFA,0.8,80.0
1995-04,10,AFC,0.0,0.0
1995-04,10,CAF,0.0,0.0
1995-04,10,CONCACAF,0.0,0.0
1995-04,10,CONMEBOL,0.0,0.0
1995-04,10,OFC,0.0,0.0
1995-04,10,UEFA,1.0,100.0
1995-05,10,AFC,0.0,0.0
1995-05,10,CAF,0.2,20.0
1995-05,10,CONCACAF,0.1,10.0
1995-05,10,CONMEBOL,0.3,30.0
1995-05,10,OFC,0.0,0.0
1995-05,10,UEFA,0.4,40.0
1995-06,10,AFC,0.0,0.0
1995-06,10,CAF,0.0,0.0
1995-06,10,CONCACAF,0.1,10.0
1995-06,10,CONMEBOL,0.2,20.0
1995-06,10,OFC,0.0,0.0
1995-06,10,UEFA,0.7,70.0
1995-07,10,AFC,0.1,10.0
1995-07,10,CAF,0.1,10.0
1995-07,10,CONCACAF,0.2,20.0
1995-07,10,CONMEBOL,0.4,40.0
1995-07,10,OFC,0.0,0.0
1995-07,10,UEFA,0.2,20.0
1995-08,10,AFC,0.0,0.0
1995-08,10,CAF,0.0,0.0
1995-08,10,CONCACAF,0.0,0.0
1995-08,10,CONMEBOL,0.1,10.0
1995-08,10,OFC,0.1,10.0
1995-08,10,UEFA,0.8,80.0
1995-09,10,AFC,0.0,0.0
1995-09,10,CAF,0.0,0.0
1995-09,10,CONCACAF,0.1,10.0
1995-09,10,CONMEBOL,0.1,10.0
1995-09,10,OFC,0.0,0.0
1995-09,10,UEFA,0.8,80.0
1995-10,10,AFC,0.0,0.0
1995-10,10,CAF,0.0,0.0
1995-10,10,CONCACAF,0.0,0.0
1995-10,10,CONMEBOL,0.2,20.0
1995-10,10,OFC,0.0,0.0
1995-10,10,UEFA,0.8,80.0
1995-11,10,AFC,0.0,0.0
1995-11,10,CAF,0.0,0.0
1995-11,10,CONCACAF,0.0,0.0
1995-11,10,CONMEBOL,0.1,10.0
1995-11,10,OFC,0.0,0.0
1995-11,10,UEFA,0.9,90.0
1995-12,10,AFC,0.0,0.0
1995-12,10,CAF,0.1,10.0
1995-12,10,CONCACAF,0.1,10.0
1995-12,10,CONMEBOL,0.3,30.0
1995-12,10,OFC,0.0,0.0
1995-12,10,UEFA,0.5,50.0
1996-01,10,AFC,0.1,10.0
1996-01,10,CAF,0.6,60.0
1996-01,10,CONCACAF,0.2,20.0
1996-01,10,CONMEBOL,0.1,10.0
1996-01,10,OFC,0.0,0.0
1996-01,10,UEFA,0.0,0.0
1996-02,10,AFC,0.0,0.0
1996-02,10,CAF,0.1,10.0
1996-02,10,CONCACAF,0.1,10.0
1996-02,10,CONMEBOL,0.0,0.0
1996-02,10,OFC,0.0,0.0
1996-02,10,UEFA,0.8,80.0
1996-03,10,AFC,0.0,0.0
1996-03,10,CAF,0.0,0.0
1996-03,10,CONCACAF,0.1,10.0
1996-03,10,CONMEBOL,0.1,10.0
1996-03,10,OFC,0.0,0.0
1996-03,10,UEFA,0.8,80.0
1996-04,10,AFC,0.0,0.0
1996-04,10,CAF,0.0,0.0
1996-04,10,CONCACAF,0.1,10.0
1996-04,10,CONMEBOL,0.2,20.0
1996-04,10,OFC,0.0,0.0
1996-04,10,UEFA,0.7,70.0
1996-05,10,AFC,0.0,0.0
1996-05,10,CAF,0.0,0.0
1996-05,10,CONCACAF,0.1,10.0
1996-05,10,CONMEBOL,0.0,0.0
1996-05,10,OFC,0.1,10.0
1996-05,10,UEFA,0.8,80.0
1996-06,10,AFC,0.0,0.0
1996-06,10,CAF,0.0,0.0
1996-06,10,CONCACAF,0.1,10.0
1996-06,10,CONMEBOL,0.0,0.0
1996-06,10,OFC,0.0,0.0
1996-06,10,UEFA,0.9,90.0
1996-07,10,AFC,0.1,10.0
1996-07,10,CAF,0.0,0.0
1996-07,10,CONCACAF,0.3,30.0
1996-07,10,CONMEBOL,0.6,60.0
1996-07,10,OFC,0.0,0.0
1996-07,10,UEFA,0.0,0.0
1996-08,10,AFC,0.0,0.0
1996-08,10,CAF,0.0,0.0
1996-08,10,CONCACAF,0.1,10.0
1996-08,10,CONMEBOL,0.2,20.0
1996-08,10,OFC,0.0,0.0
1996-08,10,UEFA,0.7,70.0
1996-09,10,AFC,0.0,0.0
1996-09,10,CAF,0.0,0.0
1996-09,10,CONCACAF,0.1,10.0
1996-09,10,CONMEBOL,0.2,20.0
1996-09,10,OFC,0.0,0.0
1996-09,10,UEFA,0.7,70.0
1996-10,10,AFC,0.0,0.0
1996-10,10,CAF,0.0,0.0
1996-10,10,CONCACAF,0.1,10.0
1996-10,10,CONMEBOL,0.1,10.0
1996-10,10,OFC,0.0,0.0
1996-10,10,UEFA,0.8,80.0
1996-11,10,AFC,0.0,0.0
1996-11,10,CAF,0.0,0.0
1996-11,10,CONCACAF,0.1,10.0
1996-11,10,CONMEBOL,0.1,10.0
1996-11,10,OFC,0.0,0.0
1996-11,10,UEFA,0.8,80.0
1996-12,10,AFC,0.0,0.0
1996-12,10,CAF,0.0,0.0
1996-12,10,CONCACAF,0.1,10.0
1996-12,10,CONMEBOL,0.2,20.0
1996-12,10,OFC,0.0,0.0
1996-12,10,UEFA,0.7,70.0
1997-01,10,AFC,0.0,0.0
1997-01,10,CAF,0.1,10.0
1997-01,10,CONCACAF,0.1,10.0
1997-01,10,CONMEBOL,0.3,30.0
1997-01,10,OFC,0.1,10.0
1997-01,10,UEFA,0.4,40.0
1997-02,10,AFC,0.0,0.0
1997-02,10,CAF,0.0,0.0
1997-02,10,CONCACAF,0.1,10.0
1997-02,10,CONMEBOL,0.2,20.0
1997-02,10,OFC,0.0,0.0
1997-02,10,UEFA,0.7,70.0
1997-03,10,AFC,0.0,0.0
1997-03,10,CAF,0.0,0.0
1997-03,10,CONCACAF,0.0,0.0
1997-03,10,CONMEBOL,0.0,0.0
1997-03,10,OFC,0.1,10.0
1997-03,10,UEFA,0.9,90.0
1997-04,10,AFC,0.0,0.0
1997-04,10,CAF,0.0,0.0
1997-04,10,CONCACAF,0.0,0.0
1997-04,10,CONMEBOL,0.2,20.0
1997-04,10,OFC,0.1,10.0
1997-04,10,UEFA,0.7,70.0
1997-05,10,AFC,0.3,30.0
1997-05,10,CAF,0.2,20.0
1997-05,10,CONCACAF,0.0,0.0
1997-05,10,CONMEBOL,0.1,10.0
1997-05,10,OFC,0.0,0.0
1997-05,10,UEFA,0.4,40.0
1997-06,10,AFC,0.0,0.0
1997-06,10,CAF,0.0,0.0
1997-06,10,CONCACAF,0.0,0.0
1997-06,10,CONMEBOL,0.1,10.0
1997-06,10,OFC,0.1,10.0
1997-06,10,UEFA,0.8,80.0
1997-07,10,AFC,0.0,0.0
1997-07,10,CAF,0.1,10.0
1997-07,10,CONCACAF,0.1,10.0
1997-07,10,CONMEBOL,0.6,60.0
1997-07,10,OFC,0.1,10.0
1997-07,10,UEFA,0.1,10.0
1997-08,10,AFC,0.0,0.0
1997-08,10,CAF,0.0,0.0
1997-08,10,CONCACAF,0.0,0.0
1997-08,10,CONMEBOL,0.1,10.0
1997-08,10,OFC,0.0,0.0
1997-08,10,UEFA,0.9,90.0
1997-09,10,AFC,0.0,0.0
1997-09,10,CAF,0.0,0.0
1997-09,10,CONCACAF,0.0,0.0
1997-09,10,CONMEBOL,0.2,20.0
1997-09,10,OFC,0.0,0.0
1997-09,10,UEFA,0.8,80.0
1997-10,10,AFC,0.0,0.0
1997-10,10,CAF,0.0,0.0
1997-10,10,CONCACAF,0.0,0.0
1997-10,10,CONMEBOL,0.1,10.0
1997-10,10,OFC,0.0,0.0
1997-10,10,UEFA,0.9,90.0
1997-11,10,AFC,0.0,0.0
1997-11,10,CAF,0.0,0.0
1997-11,10,CONCACAF,0.0,0.0
1997-11,10,CONMEBOL,0.1,10.0
1997-11,10,OFC,0.1,10.0
1997-11,10,UEFA,0.8,80.0
1997-12,10,AFC,0.1,10.0
1997-12,10,CAF,0.2,20.0
1997-12,10,CONCACAF,0.1,10.0
1997-12,10,CONMEBOL,0.2,20.0
1997-12,10,OFC,0.1,10.0
1997-12,10,UEFA,0.3,30.0
1998-01,10,AFC,0.1,10.0
1998-01,10,CAF,0.2,20.0
1998-01,10,CONCACAF,0.1,10.0
1998-01,10,CONMEBOL,0.1,10.0
1998-01,10,OFC,0.0,0.0
1998-01,10,UEFA,0.5,50.0
1998-02,10,AFC,0.0,0.0
1998-02,10,CAF,0.0,0.0
1998-02,10,CONCACAF,0.1,10.0
1998-02,10,CONMEBOL,0.2,20.0
1998-02,10,OFC,0.1,10.0
1998-02,10,UEFA,0.6,60.0
1998-03,10,AFC,0.0,0.0
1998-03,10,CAF,0.0,0.0
1998-03,10,CONCACAF,0.1,10.0
1998-03,10,CONMEBOL,0.2,20.0
1998-03,10,OFC,0.0,0.0
1998-03,10,UEFA,0.7,70.0
1998-04,10,AFC,0.0,0.0
1998-04,10,CAF,0.0,0.0
1998-04,10,CONCACAF,0.1,10.0
1998-04,10,CONMEBOL,0.2,20.0
1998-04,10,OFC,0.0,0.0
1998-04,10,UEFA,0.7,70.0
1998-05,10,AFC,0.0,0.0
1998-05,10,CAF,0.0,0.0
1998-05,10,CONCACAF,0.1,10.0
1998-05,10,CONMEBOL,0.1,10.0
1998-05,10,OFC,0.0,0.0
1998-05,10,UEFA,0.8,80.0
1998-06,10,AFC,0.0,0.0
1998-06,10,CAF,0.0,0.0
1998-06,10,CONCACAF,0.0,0.0
1998-06,10,CONMEBOL,0.2,20.0
1998-06,10,OFC,0.0,0.0
1998-06,10,UEFA,0.8,80.0
1998-07,10,AFC,0.0,0.0
1998-07,10,CAF,0.0,0.0
1998-07,10,CONCACAF,0.1,10.0
1998-07,10,CONMEBOL,0.2,20.0
1998-07,10,OFC,0.0,0.0
1998-07,10,UEFA,0.7,70.0
1998-08,10,AFC,0.0,0.0
1998-08,10,CAF,0.0,0.0
1998-08,10,CONCACAF,0.0,0.0
1998-08,10,CONMEBOL,0.0,0.0
1998-08,10,OFC,0.0,0.0
1998-08,10,UEFA,1.0,100.0
1998-09,10,AFC,0.0,0.0
1998-09,10,CAF,0.0,0.0
1998-09,10,CONCACAF,0.0,0.0
1998-09,10,CONMEBOL,0.1,10.0
1998-09,10,OFC,0.0,0.0
1998-09,10,UEFA,0.9,90.0
1998-10,10,AFC,0.0,0.0
1998-10,10,CAF,0.0,0.0
1998-10,10,CONCACAF,0.0,0.0
1998-10,10,CONMEBOL,0.1,10.0
1998-10,10,OFC,0.0,0.0
1998-10,10,UEFA,0.9,90.0
1998-11,10,AFC,0.0,0.0
1998-11,10,CAF,0.0,0.0
1998-11,10,CONCACAF,0.1,10.0
1998-11,10,CONMEBOL,0.1,10.0
1998-11,10,OFC,0.0,0.0
1998-11,10,UEFA,0.8,80.0
1998-12,10,AFC,0.4,40.0
1998-12,10,CAF,0.3,30.0
1998-12,10,CONCACAF,0.0,0.0
1998-12,10,CONMEBOL,0.1,10.0
1998-12,10,OFC,0.0,0.0
1998-12,10,UEFA,0.2,20.0
1999-01,10,AFC,0.0,0.0
1999-01,10,CAF,0.5,50.0
1999-01,10,CONCACAF,0.1,10.0
1999-01,10,CONMEBOL,0.1,10.0
1999-01,10,OFC,0.0,0.0
1999-01,10,UEFA,0.3,30.0
1999-02,10,AFC,0.0,0.0
1999-02,10,CAF,0.0,0.0
1999-02,10,CONCACAF,0.1,10.0
1999-02,10,CONMEBOL,0.1,10.0
1999-02,10,OFC,0.0,0.0
1999-02,10,UEFA,0.8,80.0
1999-03,10,AFC,0.0,0.0
1999-03,10,CAF,0.0,0.0
1999-03,10,CONCACAF,0.1,10.0
1999-03,10,CONMEBOL,0.2,20.0
1999-03,10,OFC,0.0,0.0
1999-03,10,UEFA,0.7,70.0
1999-04,10,AFC,0.0,0.0
1999-04,10,CAF,0.0,0.0
1999-04,10,CONCACAF,0.1,10.0
1999-04,10,CONMEBOL,0.0,0.0
1999-04,10,OFC,0.0,0.0
1999-04,10,UEFA,0.9,90.0
1999-05,10,AFC,0.0,0.0
1999-05,10,CAF,0.1,10.0
1999-05,10,CONCACAF,0.1,10.0
1999-05,10,CONMEBOL,0.2,20.0
1999-05,10,OFC,0.0,0.0
1999-05,10,UEFA,0.6,60.0
1999-06,10,AFC,0.0,0.0
1999-06,10,CAF,0.0,0.0
1999-06,10,CONCACAF,0.1,10.0
1999-06,10,CONMEBOL,0.2,20.0
1999-06,10,OFC,0.0,0.0
1999-06,10,UEFA,0.7,70.0
1999-07,10,AFC,0.1,10.0
1999-07,10,CAF,0.0,0.0
1999-07,10,CONCACAF,0.3,30.0
1999-07,10,CONMEBOL,0.5,50.0
1999-07,10,OFC,0.0,0.0
1999-07,10,UEFA,0.1,10.0
1999-08,10,AFC,0.0,0.0
1999-08,10,CAF,0.0,0.0
1999-08,10,CONCACAF,0.1,10.0
1999-08,10,CONMEBOL,0.1,10.0
1999-08,10,OFC,0.0,0.0
1999-08,10,UEFA,0.8,80.0
1999-09,10,AFC,0.0,0.0
1999-09,10,CAF,0.0,0.0
1999-09,10,CONCACAF,0.0,0.0
1999-09,10,CONMEBOL,0.2,20.0
1999-09,10,OFC,0.0,0.0
1999-09,10,UEFA,0.8,80.0
1999-10,10,AFC,0.0,0.0
1999-10,10,CAF,0.0,0.0
1999-10,10,CONCACAF,0.0,0.0
1999-10,10,CONMEBOL,0.2,20.0
1999-10,10,OFC,0.0,0.0
1999-10,10,UEFA,0.8,80.0
1999-11,10,AFC,0.0,0.0
1999-11,10,CAF,0.0,0.0
1999-11,10,CONCACAF,0.0,0.0
1999-11,10,CONMEBOL,0.2,20.0
1999-11,10,OFC,0.0,0.0
1999-11,10,UEFA,0.8,80.0
1999-12,10,AFC,0.0,0.0
1999-12,10,CAF,0.5,50.0
1999-12,10,CONCACAF,0.2,20.0
1999-12,10,CONMEBOL,0.1,10.0
1999-12,10,OFC,0.0,0.0
1999-12,10,UEFA,0.2,20.0
2000-01,10,AFC,0.3,30.0
2000-01,10,CAF,0.2,20.0
2000-01,10,CONCACAF,0.2,20.0
2000-01,10,CONMEBOL,0.0,0.0
2000-01,10,OFC,0.0,0.0
2000-01,10,UEFA,0.3,30.0
2000-02,10,AFC,0.0,0.0
2000-02,10,CAF,0.0,0.0
2000-02,10,CONCACAF,0.0,0.0
2000-02,10,CONMEBOL,0.2,20.0
2000-02,10,OFC,0.0,0.0
2000-02,10,UEFA,0.8,80.0
2000-03,10,AFC,0.0,0.0
2000-03,10,CAF,0.0,0.0
2000-03,10,CONCACAF,0.0,0.0
2000-03,10,CONMEBOL,0.2,20.0
2000-03,10,OFC,0.0,0.0
2000-03,10,UEFA,0.8,80.0
2000-04,10,AFC,0.0,0.0
2000-04,10,CAF,0.0,0.0
2000-04,10,CONCACAF,0.0,0.0
2000-04,10,CONMEBOL,0.2,20.0
2000-04,10,OFC,0.0,0.0
2000-04,10,UEFA,0.8,80.0
2000-05,10,AFC,0.1,10.0
2000-05,10,CAF,0.0,0.0
2000-05,10,CONCACAF,0.1,10.0
2000-05,10,CONMEBOL,0.1,10.0
2000-05,10,OFC,0.0,0.0
2000-05,10,UEFA,0.7,70.0
2000-06,10,AFC,0.0,0.0
2000-06,10,CAF,0.0,0.0
2000-06,10,CONCACAF,0.0,0.0
2000-06,10,CONMEBOL,0.2,20.0
2000-06,10,OFC,0.0,0.0
2000-06,10,UEFA,0.8,80.0
2000-07,10,AFC,0.1,10.0
2000-07,10,CAF,0.1,10.0
2000-07,10,CONCACAF,0.3,30.0
2000-07,10,CONMEBOL,0.3,30.0
2000-07,10,OFC,0.0,0.0
2000-07,10,UEFA,0.2,20.0
2000-08,10,AFC,0.0,0.0
2000-08,10,CAF,0.0,0.0
2000-08,10,CONCACAF,0.1,10.0
2000-08,10,CONMEBOL,0.2,20.0
2000-08,10,OFC,0.0,0.0
2000-08,10,UEFA,0.7,70.0
2000-09,10,AFC,0.0,0.0
2000-09,10,CAF,0.0,0.0
2000-09,10,CONCACAF,0.0,0.0
2000-09,10,CONMEBOL,0.2,20.0
2000-09,10,OFC,0.0,0.0
2000-09,10,UEFA,0.8,80.0
2000-10,10,AFC,0.0,0.0
2000-10,10,CAF,0.0,0.0
2000-10,10,CONCACAF,0.0,0.0
2000-10,10,CONMEBOL,0.3,30.0
2000-10,10,OFC,0.0,0.0
2000-10,10,UEFA,0.7,70.0
2000-11,10,AFC,0.0,0.0
2000-11,10,CAF,0.0,0.0
2000-11,10,CONCACAF,0.0,0.0
2000-11,10,CONMEBOL,0.3,30.0
2000-11,10,OFC,0.1,10.0
2000-11,10,UEFA,0.6,60.0
2000-12,10,AFC,0.2,20.0
2000-12,10,CAF,0.3,30.0
2000-12,10,CONCACAF,0.1,10.0
2000-12,10,CONMEBOL,0.1,10.0
2000-12,10,OFC,0.0,0.0
2000-12,10,UEFA,0.3,30.0
2001-01,10,AFC,0.3,30.0
2001-01,10,CAF,0.1,10.0
2001-01,10,CONCACAF,0.2,20.0
2001-01,10,CONMEBOL,0.1,10.0
2001-01,10,OFC,0.0,0.0
2001-01,10,UEFA,0.3,30.0
2001-02,10,AFC,0.0,0.0
2001-02,10,CAF,0.0,0.0
2001-02,10,CONCACAF,0.1,10.0
2001-02,10,CONMEBOL,0.1,10.0
2001-02,10,OFC,0.0,0.0
2001-02,10,UEFA,0.8,80.0
2001-03,10,AFC,0.0,0.0
2001-03,10,CAF,0.0,0.0
2001-03,10,CONCACAF,0.0,0.0
2001-03,10,CONMEBOL,0.3,30.0
2001-03,10,OFC,0.0,0.0
2001-03,10,UEFA,0.7,70.0
2001-04,10,AFC,0.1,10.0
2001-04,10,CAF,0.0,0.0
2001-04,10,CONCACAF,0.0,0.0
2001-04,10,CONMEBOL,0.3,30.0
2001-04,10,OFC,0.0,0.0
2001-04,10,UEFA,0.6,60.0
2001-05,10,AFC,0.2,20.0
2001-05,10,CAF,0.2,20.0
2001-05,10,CONCACAF,0.0,0.0
2001-05,10,CONMEBOL,0.1,10.0
2001-05,10,OFC,0.1,10.0
2001-05,10,UEFA,0.4,40.0
2001-06,10,AFC,0.0,0.0
2001-06,10,CAF,0.0,0.0
2001-06,10,CONCACAF,0.0,0.0
2001-06,10,CONMEBOL,0.3,30.0
2001-06,10,OFC,0.1,10.0
2001-06,10,UEFA,0.6,60.0
2001-07,10,AFC,0.2,20.0
2001-07,10,CAF,0.1,10.0
2001-07,10,CONCACAF,0.4,40.0
2001-07,10,CONMEBOL,0.2,20.0
2001-07,10,OFC,0.0,0.0
2001-07,10,UEFA,0.1,10.0
2001-08,10,AFC,0.1,10.0
2001-08,10,CAF,0.0,0.0
2001-08,10,CONCACAF,0.1,10.0
2001-08,10,CONMEBOL,0.1,10.0
2001-08,10,OFC,0.1,10.0
2001-08,10,UEFA,0.6,60.0
2001-09,10,AFC,0.0,0.0
2001-09,10,CAF,0.0,0.0
2001-09,10,CONCACAF,0.0,0.0
2001-09,10,CONMEBOL,0.1,10.0
2001-09,10,OFC,0.0,0.0
2001-09,10,UEFA,0.9,90.0
2001-10,10,AFC,0.0,0.0
2001-10,10,CAF,0.0,0.0
2001-10,10,CONCACAF,0.0,0.0
2001-10,10,CONMEBOL,0.1,10.0
2001-10,10,OFC,0.0,0.0
2001-10,10,UEFA,0.9,90.0
2001-11,10,AFC,0.0,0.0
2001-11,10,CAF,0.0,0.0
2001-11,10,CONCACAF,0.1,10.0
2001-11,10,CONMEBOL,0.1,10.0
2001-11,10,OFC,0.1,10.0
2001-11,10,UEFA,0.7,70.0
2001-12,10,AFC,0.3,30.0
2001-12,10,CAF,0.6,60.0
2001-12,10,CONCACAF,0.1,10.0
2001-12,10,CONMEBOL,0.0,0.0
2001-12,10,OFC,0.0,0.0
2001-12,10,UEFA,0.0,0.0
2002-01,10,AFC,0.2,20.0
2002-01,10,CAF,0.2,20.0
2002-01,10,CONCACAF,0.3,30.0
2002-01,10,CONMEBOL,0.2,20.0
2002-01,10,OFC,0.0,0.0
2002-01,10,UEFA,0.1,10.0
2002-02,10,AFC,0.0,0.0
2002-02,10,CAF,0.1,10.0
2002-02,10,CONCACAF,0.0,0.0
2002-02,10,CONMEBOL,0.1,10.0
2002-02,10,OFC,0.0,0.0
2002-02,10,UEFA,0.8,80.0
2002-03,10,AFC,0.1,10.0
2002-03,10,CAF,0.1,10.0
2002-03,10,CONCACAF,0.0,0.0
2002-03,10,CONMEBOL,0.1,10.0
2002-03,10,OFC,0.0,0.0
2002-03,10,UEFA,0.7,70.0
2002-04,10,AFC,0.1,10.0
2002-04,10,CAF,0.1,10.0
2002-04,10,CONCACAF,0.0,0.0
2002-04,10,CONMEBOL,0.1,10.0
2002-04,10,OFC,0.0,0.0
2002-04,10,UEFA,0.7,70.0
2002-05,10,AFC,0.0,0.0
2002-05,10,CAF,0.2,20.0
2002-05,10,CONCACAF,0.1,10.0
2002-05,10,CONMEBOL,0.1,10.0
2002-05,10,OFC,0.0,0.0
2002-05,10,UEFA,0.6,60.0
2002-06,10,AFC,0.0,0.0
2002-06,10,CAF,0.0,0.0
2002-06,10,CONCACAF,0.0,0.0
2002-06,10,CONMEBOL,0.2,20.0
2002-06,10,OFC,0.0,0.0
2002-06,10,UEFA,0.8,80.0
2002-07,10,AFC,0.1,10.0
2002-07,10,CAF,0.3,30.0
2002-07,10,CONCACAF,0.1,10.0
2002-07,10,CONMEBOL,0.0,0.0
2002-07,10,OFC,0.4,40.0
2002-07,10,UEFA,0.1,10.0
2002-08,10,AFC,0.0,0.0
2002-08,10,CAF,0.0,0.0
2002-08,10,CONCACAF,0.0,0.0
2002-08,10,CONMEBOL,0.1,10.0
2002-08,10,OFC,0.0,0.0
2002-08,10,UEFA,0.9,90.0
2002-09,10,AFC,0.0,0.0
2002-09,10,CAF,0.1,10.0
2002-09,10,CONCACAF,0.0,0.0
2002-09,10,CONMEBOL,0.0,0.0
2002-09,10,OFC,0.0,0.0
2002-09,10,UEFA,0.9,90.0
2002-10,10,AFC,0.0,0.0
2002-10,10,CAF,0.1,10.0
2002-10,10,CONCACAF,0.0,0.0
2002-10,10,CONMEBOL,0.0,0.0
2002-10,10,OFC,0.0,0.0
2002-10,10,UEFA,0.9,90.0
2002-11,10,AFC,0.0,0.0
2002-11,10,CAF,0.0,0.0
2002-11,10,CONCACAF,0.1,10.0
2002-11,10,CONMEBOL,0.2,20.0
2002-11,10,OFC,0.0,0.0
2002-11,10,UEFA,0.7,70.0
2002-12,10,AFC,0.3,30.0
2002-12,10,CAF,0.4,40.0
2002-12,10,CONCACAF,0.2,20.0
2002-12,10,CONMEBOL,0.1,10.0
2002-12,10,OFC,0.0,0.0
2002-12,10,UEFA,0.0,0.0
2003-01,10,AFC,0.0,0.0
2003-01,10,CAF,0.1,10.0
2003-01,10,CONCACAF,0.5,50.0
2003-01,10,CONMEBOL,0.1,10.0
2003-01,10,OFC,0.0,0.0
2003-01,10,UEFA,0.3,30.0
2003-02,10,AFC,0.0,0.0
2003-02,10,CAF,0.0,0.0
2003-02,10,CONCACAF,0.0,0.0
2003-02,10,CONMEBOL,0.2,20.0
2003-02,10,OFC,0.1,10.0
2003-02,10,UEFA,0.7,70.0
2003-03,10,AFC,0.0,0.0
2003-03,10,CAF,0.0,0.0
2003-03,10,CONCACAF,0.1,10.0
2003-03,10,CONMEBOL,0.1,10.0
2003-03,10,OFC,0.0,0.0
2003-03,10,UEFA,0.8,80.0
2003-04,10,AFC,0.0,0.0
2003-04,10,CAF,0.0,0.0
2003-04,10,CONCACAF,0.0,0.0
2003-04,10,CONMEBOL,0.2,20.0
2003-04,10,OFC,0.0,0.0
2003-04,10,UEFA,0.8,80.0
2003-05,10,AFC,0.2,20.0
2003-05,10,CAF,0.3,30.0
2003-05,10,CONCACAF,0.2,20.0
2003-05,10,CONMEBOL,0.0,0.0
2003-05,10,OFC,0.1,10.0
2003-05,10,UEFA,0.2,20.0
2003-06,10,AFC,0.0,0.0
2003-06,10,CAF,0.0,0.0
2003-06,10,CONCACAF,0.0,0.0
2003-06,10,CONMEBOL,0.2,20.0
2003-06,10,OFC,0.0,0.0
2003-06,10,UEFA,0.8,80.0
2003-07,10,AFC,0.0,0.0
2003-07,10,CAF,0.2,20.0
2003-07,10,CONCACAF,0.4,40.0
2003-07,10,CONMEBOL,0.4,40.0
2003-07,10,OFC,0.0,0.0
2003-07,10,UEFA,0.0,0.0
2003-08,10,AFC,0.0,0.0
2003-08,10,CAF,0.0,0.0
2003-08,10,CONCACAF,0.1,10.0
2003-08,10,CONMEBOL,0.1,10.0
2003-08,10,OFC,0.0,0.0
2003-08,10,UEFA,0.8,80.0
2003-09,10,AFC,0.0,0.0
2003-09,10,CAF,0.0,0.0
2003-09,10,CONCACAF,0.0,0.0
2003-09,10,CONMEBOL,0.2,20.0
2003-09,10,OFC,0.0,0.0
2003-09,10,UEFA,0.8,80.0
2003-10,10,AFC,0.0,0.0
2003-10,10,CAF,0.0,0.0
2003-10,10,CONCACAF,0.0,0.0
2003-10,10,CONMEBOL,0.1,10.0
2003-10,10,OFC,0.0,0.0
2003-10,10,UEFA,0.9,90.0
2003-11,10,AFC,0.0,0.0
2003-11,10,CAF,0.0,0.0
2003-11,10,CONCACAF,0.0,0.0
2003-11,10,CONMEBOL,0.2,20.0
2003-11,10,OFC,0.0,0.0
2003-11,10,UEFA,0.8,80.0
2003-12,10,AFC,0.6,60.0
2003-12,10,CAF,0.1,10.0
2003-12,10,CONCACAF,0.0,0.0
2003-12,10,CONMEBOL,0.2,20.0
2003-12,10,OFC,0.0,0.0
2003-12,10,UEFA,0.1,10.0
2004-01,10,AFC,0.1,10.0
2004-01,10,CAF,0.7,70.0
2004-01,10,CONCACAF,0.0,0.0
2004-01,10,CONMEBOL,0.0,0.0
2004-01,10,OFC,0.0,0.0
2004-01,10,UEFA,0.2,20.0
2004-02,10,AFC,0.0,0.0
2004-02,10,CAF,0.0,0.0
2004-02,10,CONCACAF,0.0,0.0
2004-02,10,CONMEBOL,0.1,10.0
2004-02,10,OFC,0.1,10.0
2004-02,10,UEFA,0.8,80.0
2004-03,10,AFC,0.0,0.0
2004-03,10,CAF,0.0,0.0
2004-03,10,CONCACAF,0.0,0.0
2004-03,10,CONMEBOL,0.2,20.0
2004-03,10,OFC,0.0,0.0
2004-03,10,UEFA,0.8,80.0
2004-04,10,AFC,0.0,0.0
2004-04,10,CAF,0.0,0.0
2004-04,10,CONCACAF,0.1,10.0
2004-04,10,CONMEBOL,0.2,20.0
2004-04,10,OFC,0.0,0.0
2004-04,10,UEFA,0.7,70.0
2004-05,10,AFC,0.0,0.0
2004-05,10,CAF,0.1,10.0
2004-05,10,CONCACAF,0.0,0.0
2004-05,10,CONMEBOL,0.1,10.0
2004-05,10,OFC,0.1,10.0
2004-05,10,UEFA,0.7,70.0
2004-06,10,AFC,0.0,0.0
2004-06,10,CAF,0.0,0.0
2004-06,10,CONCACAF,0.0,0.0
2004-06,10,CONMEBOL,0.2,20.0
2004-06,10,OFC,0.0,0.0
2004-06,10,UEFA,0.8,80.0
2004-07,10,AFC,0.1,10.0
2004-07,10,CAF,0.1,10.0
2004-07,10,CONCACAF,0.2,20.0
2004-07,10,CONMEBOL,0.3,30.0
2004-07,10,OFC,0.0,0.0
2004-07,10,UEFA,0.3,30.0
2004-08,10,AFC,0.0,0.0
2004-08,10,CAF,0.0,0.0
2004-08,10,CONCACAF,0.0,0.0
2004-08,10,CONMEBOL,0.2,20.0
2004-08,10,OFC,0.0,0.0
2004-08,10,UEFA,0.8,80.0
2004-09,10,AFC,0.0,0.0
2004-09,10,CAF,0.0,0.0
2004-09,10,CONCACAF,0.1,10.0
2004-09,10,CONMEBOL,0.2,20.0
2004-09,10,OFC,0.0,0.0
2004-09,10,UEFA,0.7,70.0
2004-10,10,AFC,0.1,10.0
2004-10,10,CAF,0.0,0.0
2004-10,10,CONCACAF,0.1,10.0
2004-10,10,CONMEBOL,0.2,20.0
2004-10,10,OFC,0.1,10.0
2004-10,10,UEFA,0.5,50.0
2004-11,10,AFC,0.1,10.0
2004-11,10,CAF,0.0,0.0
2004-11,10,CONCACAF,0.1,10.0
2004-11,10,CONMEBOL,0.2,20.0
2004-11,10,OFC,0.0,0.0
2004-11,10,UEFA,0.6,60.0
2004-12,10,AFC,0.4,40.0
2004-12,10,CAF,0.0,0.0
2004-12,10,CONCACAF,0.3,30.0
2004-12,10,CONMEBOL,0.1,10.0
2004-12,10,OFC,0.0,0.0
2004-12,10,UEFA,0.2,20.0
2005-01,10,AFC,0.2,20.0
2005-01,10,CAF,0.1,10.0
2005-01,10,CONCACAF,0.3,30.0
2005-01,10,CONMEBOL,0.2,20.0
2005-01,10,OFC,0.0,0.0
2005-01,10,UEFA,0.2,20.0
2005-02,10,AFC,0.0,0.0
2005-02,10,CAF,0.0,0.0
2005-02,10,CONCACAF,0.1,10.0
2005-02,10,CONMEBOL,0.2,20.0
2005-02,10,OFC,0.0,0.0
2005-02,10,UEFA,0.7,70.0
2005-03,10,AFC,0.0,0.0
2005-03,10,CAF,0.0,0.0
2005-03,10,CONCACAF,0.1,10.0
2005-03,10,CONMEBOL,0.2,20.0
2005-03,10,OFC,0.0,0.0
2005-03,10,UEFA,0.7,70.0
2005-04,10,AFC,0.0,0.0
2005-04,10,CAF,0.3,30.0
2005-04,10,CONCACAF,0.3,30.0
2005-04,10,CONMEBOL,0.1,10.0
2005-04,10,OFC,0.0,0.0
2005-04,10,UEFA,0.3,30.0
2005-05,10,AFC,0.2,20.0
2005-05,10,CAF,0.1,10.0
2005-05,10,CONCACAF,0.2,20.0
2005-05,10,CONMEBOL,0.1,10.0
2005-05,10,OFC,0.0,0.0
2005-05,10,UEFA,0.4,40.0
2005-06,10,AFC,0.0,0.0
2005-06,10,CAF,0.0,0.0
2005-06,10,CONCACAF,0.2,20.0
2005-06,10,CONMEBOL,0.2,20.0
2005-06,10,OFC,0.0,0.0
2005-06,10,UEFA,0.6,60.0
2005-07,10,AFC,0.2,20.0
2005-07,10,CAF,0.2,20.0
2005-07,10,CONCACAF,0.6,60.0
2005-07,10,CONMEBOL,0.0,0.0
2005-07,10,OFC,0.0,0.0
2005-07,10,UEFA,0.0,0.0
2005-08,10,AFC,0.0,0.0
2005-08,10,CAF,0.0,0.0
2005-08,10,CONCACAF,0.1,10.0
2005-08,10,CONMEBOL,0.2,20.0
2005-08,10,OFC,0.0,0.0
2005-08,10,UEFA,0.7,70.0
2005-09,10,AFC,0.0,0.0
2005-09,10,CAF,0.0,0.0
2005-09,10,CONCACAF,0.1,10.0
2005-09,10,CONMEBOL,0.2,20.0
2005-09,10,OFC,0.0,0.0
2005-09,10,UEFA,0.7,70.0
2005-10,10,AFC,0.0,0.0
2005-10,10,CAF,0.0,0.0
2005-10,10,CONCACAF,0.0,0.0
2005-10,10,CONMEBOL,0.2,20.0
2005-10,10,OFC,0.0,0.0
2005-10,10,UEFA,0.8,80.0
2005-11,10,AFC,0.0,0.0
2005-11,10,CAF,0.0,0.0
2005-11,10,CONCACAF,0.0,0.0
2005-11,10,CONMEBOL,0.2,20.0
2005-11,10,OFC,0.0,0.0
2005-11,10,UEFA,0.8,80.0
2005-12,10,AFC,0.3,30.0
2005-12,10,CAF,0.3,30.0
2005-12,10,CONCACAF,0.1,10.0
2005-12,10,CONMEBOL,0.3,30.0
2005-12,10,OFC,0.0,0.0
2005-12,10,UEFA,0.0,0.0
2006-01,10,AFC,0.0,0.0
2006-01,10,CAF,0.5,50.0
2006-01,10,CONCACAF,0.2,20.0
2006-01,10,CONMEBOL,0.0,0.0
2006-01,10,OFC,0.0,0.0
2006-01,10,UEFA,0.3,30.0
2006-02,10,AFC,0.3,30.0
2006-02,10,CAF,0.3,30.0
2006-02,10,CONCACAF,0.2,20.0
2006-02,10,CONMEBOL,0.0,0.0
2006-02,10,OFC,0.0,0.0
2006-02,10,UEFA,0.2,20.0
2006-03,10,AFC,0.0,0.0
2006-03,10,CAF,0.0,0.0
2006-03,10,CONCACAF,0.0,0.0
2006-03,10,CONMEBOL,0.2,20.0
2006-03,10,OFC,0.0,0.0
2006-03,10,UEFA,0.8,80.0
2006-04,10,AFC,0.1,10.0
2006-04,10,CAF,0.3,30.0
2006-04,10,CONCACAF,0.2,20.0
2006-04,10,CONMEBOL,0.1,10.0
2006-04,10,OFC,0.1,10.0
2006-04,10,UEFA,0.2,20.0
2006-05,10,AFC,0.1,10.0
2006-05,10,CAF,0.0,0.0
2006-05,10,CONCACAF,0.0,0.0
2006-05,10,CONMEBOL,0.1,10.0
2006-05,10,OFC,0.0,0.0
2006-05,10,UEFA,0.8,80.0
2006-06,10,AFC,0.0,0.0
2006-06,10,CAF,0.0,0.0
2006-06,10,CONCACAF,0.0,0.0
2006-06,10,CONMEBOL,0.2,20.0
2006-06,10,OFC,0.0,0.0
2006-06,10,UEFA,0.8,80.0
2006-07,10,AFC,0.2,20.0
2006-07,10,CAF,0.2,20.0
2006-07,10,CONCACAF,0.0,0.0
2006-07,10,CONMEBOL,0.1,10.0
2006-07,10,OFC,0.0,0.0
2006-07,10,UEFA,0.5,50.0
2006-08,10,AFC,0.0,0.0
2006-08,10,CAF,0.0,0.0
2006-08,10,CONCACAF,0.0,0.0
2006-08,10,CONMEBOL,0.2,20.0
2006-08,10,OFC,0.0,0.0
2006-08,10,UEFA,0.8,80.0
2006-09,10,AFC,0.0,0.0
2006-09,10,CAF,0.0,0.0
2006-09,10,CONCACAF,0.0,0.0
2006-09,10,CONMEBOL,0.2,20.0
2006-09,10,OFC,0.0,0.0
2006-09,10,UEFA,0.8,80.0
2006-10,10,AFC,0.0,0.0
2006-10,10,CAF,0.0,0.0
2006-10,10,CONCACAF,0.0,0.0
2006-10,10,CONMEBOL,0.2,20.0
2006-10,10,OFC,0.0,0.0
2006-10,10,UEFA,0.8,80.0
2006-11,10,AFC,0.0,0.0
2006-11,10,CAF,0.0,0.0
2006-11,10,CONCACAF,0.0,0.0
2006-11,10,CONMEBOL,0.1,10.0
2006-11,10,OFC,0.0,0.0
2006-11,10,UEFA,0.9,90.0
2006-12,10,AFC,0.1,10.0
2006-12,10,CAF,0.3,30.0
2006-12,10,CONCACAF,0.2,20.0
2006-12,10,CONMEBOL,0.1,10.0
2006-12,10,OFC,0.0,0.0
2006-12,10,UEFA,0.3,30.0
2007-01,10,AFC,0.4,40.0
2007-01,10,CAF,0.0,0.0
2007-01,10,CONCACAF,0.4,40.0
2007-01,10,CONMEBOL,0.1,10.0
2007-01,10,OFC,0.0,0.0
2007-01,10,UEFA,0.1,10.0
2007-02,10,AFC,0.0,0.0
2007-02,10,CAF,0.0,0.0
2007-02,10,CONCACAF,0.0,0.0
2007-02,10,CONMEBOL,0.2,20.0
2007-02,10,OFC,0.0,0.0
2007-02,10,UEFA,0.8,80.0
2007-03,10,AFC,0.0,0.0
2007-03,10,CAF,0.0,0.0
2007-03,10,CONCACAF,0.0,0.0
2007-03,10,CONMEBOL,0.1,10.0
2007-03,10,OFC,0.0,0.0
2007-03,10,UEFA,0.9,90.0
2007-04,10,AFC,0.0,0.0
2007-04,10,CAF,0.6,60.0
2007-04,10,CONCACAF,0.2,20.0
2007-04,10,CONMEBOL,0.2,20.0
2007-04,10,OFC,0.0,0.0
2007-04,10,UEFA,0.0,0.0
2007-05,10,AFC,0.0,0.0
2007-05,10,CAF,0.2,20.0
2007-05,10,CONCACAF,0.4,40.0
2007-05,10,CONMEBOL,0.2,20.0
2007-05,10,OFC,0.0,0.0
2007-05,10,UEFA,0.2,20.0
2007-06,10,AFC,0.0,0.0
2007-06,10,CAF,0.0,0.0
2007-06,10,CONCACAF,0.0,0.0
2007-06,10,CONMEBOL,0.2,20.0
2007-06,10,OFC,0.0,0.0
2007-06,10,UEFA,0.8,80.0
2007-07,10,AFC,0.2,20.0
2007-07,10,CAF,0.0,0.0
2007-07,10,CONCACAF,0.3,30.0
2007-07,10,CONMEBOL,0.5,50.0
2007-07,10,OFC,0.0,0.0
2007-07,10,UEFA,0.0,0.0
2007-08,10,AFC,0.0,0.0
2007-08,10,CAF,0.0,0.0
2007-08,10,CONCACAF,0.1,10.0
2007-08,10,CONMEBOL,0.2,20.0
2007-08,10,OFC,0.0,0.0
2007-08,10,UEFA,0.7,70.0
2007-09,10,AFC,0.0,0.0
2007-09,10,CAF,0.0,0.0
2007-09,10,CONCACAF,0.0,0.0
2007-09,10,CONMEBOL,0.2,20.0
2007-09,10,OFC,0.0,0.0
2007-09,10,UEFA,0.8,80.0
2007-10,10,AFC,0.0,0.0
2007-10,10,CAF,0.0,0.0
2007-10,10,CONCACAF,0.0,0.0
2007-10,10,CONMEBOL,0.2,20.0
2007-10,10,OFC,0.0,0.0
2007-10,10,UEFA,0.8,80.0
2007-11,10,AFC,0.0,0.0
2007-11,10,CAF,0.0,0.0
2007-11,10,CONCACAF,0.0,0.0
2007-11,10,CONMEBOL,0.2,20.0
2007-11,10,OFC,0.0,0.0
2007-11,10,UEFA,0.8,80.0
2007-12,10,AFC,0.5,50.0
2007-12,10,CAF,0.5,50.0
2007-12,10,CONCACAF,0.0,0.0
2007-12,10,CONMEBOL,0.0,0.0
2007-12,10,OFC,0.0,0.0
2007-12,10,UEFA,0.0,0.0
2008-01,10,AFC,0.3,30.0
2008-01,10,CAF,0.4,40.0
2008-01,10,CONCACAF,0.1,10.0
2008-01,10,CONMEBOL,0.1,10.0
2008-01,10,OFC,0.0,0.0
2008-01,10,UEFA,0.1,10.0
2008-02,10,AFC,0.0,0.0
2008-02,10,CAF,0.1,10.0
2008-02,10,CONCACAF,0.1,10.0
2008-02,10,CONMEBOL,0.1,10.0
2008-02,10,OFC,0.0,0.0
2008-02,10,UEFA,0.7,70.0
2008-03,10,AFC,0.0,0.0
2008-03,10,CAF,0.0,0.0
2008-03,10,CONCACAF,0.0,0.0
2008-03,10,CONMEBOL,0.2,20.0
2008-03,10,OFC,0.0,0.0
2008-03,10,UEFA,0.8,80.0
2008-04,10,AFC,0.2,20.0
2008-04,10,CAF,0.1,10.0
2008-04,10,CONCACAF,0.7,70.0
2008-04,10,CONMEBOL,0.0,0.0
2008-04,10,OFC,0.0,0.0
2008-04,10,UEFA,0.0,0.0
2008-05,10,AFC,0.0,0.0
2008-05,10,CAF,0.0,0.0
2008-05,10,CONCACAF,0.0,0.0
2008-05,10,CONMEBOL,0.2,20.0
2008-05,10,OFC,0.0,0.0
2008-05,10,UEFA,0.8,80.0
2008-06,10,AFC,0.0,0.0
2008-06,10,CAF,0.0,0.0
2008-06,10,CONCACAF,0.0,0.0
2008-06,10,CONMEBOL,0.2,20.0
2008-06,10,OFC,0.0,0.0
2008-06,10,UEFA,0.8,80.0
2008-07,10,AFC,0.1,10.0
2008-07,10,CAF,0.2,20.0
2008-07,10,CONCACAF,0.5,50.0
2008-07,10,CONMEBOL,0.0,0.0
2008-07,10,OFC,0.2,20.0
2008-07,10,UEFA,0.0,0.0
2008-08,10,AFC,0.0,0.0
2008-08,10,CAF,0.0,0.0
2008-08,10,CONCACAF,0.1,10.0
2008-08,10,CONMEBOL,0.1,10.0
2008-08,10,OFC,0.0,0.0
2008-08,10,UEFA,0.8,80.0
2008-09,10,AFC,0.0,0.0
2008-09,10,CAF,0.0,0.0
2008-09,10,CONCACAF,0.0,0.0
2008-09,10,CONMEBOL,0.2,20.0
2008-09,10,OFC,0.0,0.0
2008-09,10,UEFA,0.8,80.0
2008-10,10,AFC,0.0,0.0
2008-10,10,CAF,0.0,0.0
2008-10,10,CONCACAF,0.0,0.0
2008-10,10,CONMEBOL,0.2,20.0
2008-10,10,OFC,0.0,0.0
2008-10,10,UEFA,0.8,80.0
2008-11,10,AFC,0.0,0.0
2008-11,10,CAF,0.0,0.0
2008-11,10,CONCACAF,0.0,0.0
2008-11,10,CONMEBOL,0.4,40.0
2008-11,10,OFC,0.0,0.0
2008-11,10,UEFA,0.6,60.0
2008-12,10,AFC,0.4,40.0
2008-12,10,CAF,0.0,0.0
2008-12,10,CONCACAF,0.3,30.0
2008-12,10,CONMEBOL,0.1,10.0
2008-12,10,OFC,0.0,0.0
2008-12,10,UEFA,0.2,20.0
2009-01,10,AFC,0.3,30.0
2009-01,10,CAF,0.1,10.0
2009-01,10,CONCACAF,0.4,40.0
2009-01,10,CONMEBOL,0.1,10.0
2009-01,10,OFC,0.0,0.0
2009-01,10,UEFA,0.1,10.0
2009-02,10,AFC,0.0,0.0
2009-02,10,CAF,0.0,0.0
2009-02,10,CONCACAF,0.0,0.0
2009-02,10,CONMEBOL,0.4,40.0
2009-02,10,OFC,0.0,0.0
2009-02,10,UEFA,0.6,60.0
2009-03,10,AFC,0.0,0.0
2009-03,10,CAF,0.0,0.0
2009-03,10,CONCACAF,0.0,0.0
2009-03,10,CONMEBOL,0.3,30.0
2009-03,10,OFC,0.0,0.0
2009-03,10,UEFA,0.7,70.0
2009-04,10,AFC,0.0,0.0
2009-04,10,CAF,0.0,0.0
2009-04,10,CONCACAF,0.0,0.0
2009-04,10,CONMEBOL,0.3,30.0
2009-04,10,OFC,0.0,0.0
2009-04,10,UEFA,0.7,70.0
2009-05,10,AFC,0.2,20.0
2009-05,10,CAF,0.3,30.0
2009-05,10,CONCACAF,0.1,10.0
2009-05,10,CONMEBOL,0.2,20.0
2009-05,10,OFC,0.0,0.0
2009-05,10,UEFA,0.2,20.0
2009-06,10,AFC,0.0,0.0
2009-06,10,CAF,0.0,0.0
2009-06,10,CONCACAF,0.1,10.0
2009-06,10,CONMEBOL,0.2,20.0
2009-06,10,OFC,0.0,0.0
2009-06,10,UEFA,0.7,70.0
2009-07,10,AFC,0.1,10.0
2009-07,10,CAF,0.1,10.0
2009-07,10,CONCACAF,0.8,80.0
2009-07,10,CONMEBOL,0.0,0.0
2009-07,10,OFC,0.0,0.0
2009-07,10,UEFA,0.0,0.0
2009-08,10,AFC,0.0,0.0
2009-08,10,CAF,0.0,0.0
2009-08,10,CONCACAF,0.1,10.0
2009-08,10,CONMEBOL,0.3,30.0
2009-08,10,OFC,0.0,0.0
2009-08,10,UEFA,0.6,60.0
2009-09,10,AFC,0.0,0.0
2009-09,10,CAF,0.0,0.0
2009-09,10,CONCACAF,0.1,10.0
2009-09,10,CONMEBOL,0.2,20.0
2009-09,10,OFC,0.0,0.0
2009-09,10,UEFA,0.7,70.0
2009-10,10,AFC,0.0,0.0
2009-10,10,CAF,0.0,0.0
2009-10,10,CONCACAF,0.1,10.0
2009-10,10,CONMEBOL,0.3,30.0
2009-10,10,OFC,0.0,0.0
2009-10,10,UEFA,0.6,60.0
2009-11,10,AFC,0.0,0.0
2009-11,10,CAF,0.0,0.0
2009-11,10,CONCACAF,0.0,0.0
2009-11,10,CONMEBOL,0.3,30.0
2009-11,10,OFC,0.0,0.0
2009-11,10,UEFA,0.7,70.0
2009-12,10,AFC,0.6,60.0
2009-12,10,CAF,0.3,30.0
2009-12,10,CONCACAF,0.0,0.0
2009-12,10,CONMEBOL,0.1,10.0
2009-12,10,OFC,0.0,0.0
2009-12,10,UEFA,0.0,0.0
2010-01,10,AFC,0.3,30.0
2010-01,10,CAF,0.2,20.0
2010-01,10,CONCACAF,0.2,20.0
2010-01,10,CONMEBOL,0.2,20.0
2010-01,10,OFC,0.0,0.0
2010-01,10,UEFA,0.1,10.0
2010-02,10,AFC,0.5,50.0
2010-02,10,CAF,0.0,0.0
2010-02,10,CONCACAF,0.4,40.0
2010-02,10,CONMEBOL,0.1,10.0
2010-02,10,OFC,0.0,0.0
2010-02,10,UEFA,0.0,0.0
2010-03,10,AFC,0.0,0.0
2010-03,10,CAF,0.0,0.0
2010-03,10,CONCACAF,0.1,10.0
2010-03,10,CONMEBOL,0.3,30.0
2010-03,10,OFC,0.0,0.0
2010-03,10,UEFA,0.6,60.0
2010-04,10,AFC,0.2222222222222222,22.22222222222222
2010-04,10,CAF,0.1111111111111111,11.11111111111111
2010-04,10,CONCACAF,0.5555555555555556,55.55555555555556
2010-04,10,CONMEBOL,0.0,0.0
2010-04,10,OFC,0.0,0.0
2010-04,10,UEFA,0.1111111111111111,11.11111111111111
2010-05,10,AFC,0.0,0.0
2010-05,10,CAF,0.0,0.0
2010-05,10,CONCACAF,0.1,10.0
2010-05,10,CONMEBOL,0.3,30.0
2010-05,10,OFC,0.0,0.0
2010-05,10,UEFA,0.6,60.0
2010-06,10,AFC,0.0,0.0
2010-06,10,CAF,0.0,0.0
2010-06,10,CONCACAF,0.1,10.0
2010-06,10,CONMEBOL,0.4,40.0
2010-06,10,OFC,0.0,0.0
2010-06,10,UEFA,0.5,50.0
2010-07,10,AFC,0.0,0.0
2010-07,10,CAF,0.3,30.0
2010-07,10,CONCACAF,0.0,0.0
2010-07,10,CONMEBOL,0.4,40.0
2010-07,10,OFC,0.0,0.0
2010-07,10,UEFA,0.3,30.0
2010-08,10,AFC,0.0,0.0
2010-08,10,CAF,0.1,10.0
2010-08,10,CONCACAF,0.1,10.0
2010-08,10,CONMEBOL,0.3,30.0
2010-08,10,OFC,0.0,0.0
2010-08,10,UEFA,0.5,50.0
2010-09,10,AFC,0.0,0.0
2010-09,10,CAF,0.1,10.0
2010-09,10,CONCACAF,0.1,10.0
2010-09,10,CONMEBOL,0.2,20.0
2010-09,10,OFC,0.0,0.0
2010-09,10,UEFA,0.6,60.0
2010-10,10,AFC,0.0,0.0
2010-10,10,CAF,0.0,0.0
2010-10,10,CONCACAF,0.0,0.0
2010-10,10,CONMEBOL,0.4,40.0
2010-10,10,OFC,0.0,0.0
2010-10,10,UEFA,0.6,60.0
2010-11,10,AFC,0.0,0.0
2010-11,10,CAF,0.0,0.0
2010-11,10,CONCACAF,0.0,0.0
2010-11,10,CONMEBOL,0.4,40.0
2010-11,10,OFC,0.0,0.0
2010-11,10,UEFA,0.6,60.0
2010-12,10,AFC,0.5,50.0
2010-12,10,CAF,0.1,10.0
2010-12,10,CONCACAF,0.3,30.0
2010-12,10,CONMEBOL,0.0,0.0
2010-12,10,OFC,0.0,0.0
2010-12,10,UEFA,0.1,10.0
2011-01,10,AFC,0.5,50.0
2011-01,10,CAF,0.1,10.0
2011-01,10,CONCACAF,0.2,20.0
2011-01,10,CONMEBOL,0.1,10.0
2011-01,10,OFC,0.0,0.0
2011-01,10,UEFA,0.1,10.0
2011-02,10,AFC,0.0,0.0
2011-02,10,CAF,0.0,0.0
2011-02,10,CONCACAF,0.1,10.0
2011-02,10,CONMEBOL,0.2,20.0
2011-02,10,OFC,0.0,0.0
2011-02,10,UEFA,0.7,70.0
2011-03,10,AFC,0.0,0.0
2011-03,10,CAF,0.0,0.0
2011-03,10,CONCACAF,0.0,0.0
2011-03,10,CONMEBOL,0.4,40.0
2011-03,10,OFC,0.0,0.0
2011-03,10,UEFA,0.6,60.0
2011-04,10,AFC,0.2,20.0
2011-04,10,CAF,0.2,20.0
2011-04,10,CONCACAF,0.2,20.0
2011-04,10,CONMEBOL,0.2,20.0
2011-04,10,OFC,0.2,20.0
2011-04,10,UEFA,0.0,0.0
2011-05,10,AFC,0.0,0.0
2011-05,10,CAF,0.1,10.0
2011-05,10,CONCACAF,0.3,30.0
2011-05,10,CONMEBOL,0.4,40.0
2011-05,10,OFC,0.0,0.0
2011-05,10,UEFA,0.2,20.0
2011-06,10,AFC,0.0,0.0
2011-06,10,CAF,0.0,0.0
2011-06,10,CONCACAF,0.1,10.0
2011-06,10,CONMEBOL,0.3,30.0
2011-06,10,OFC,0.0,0.0
2011-06,10,UEFA,0.6,60.0
2011-07,10,AFC,0.1,10.0
2011-07,10,CAF,0.0,0.0
2011-07,10,CONCACAF,0.3,30.0
2011-07,10,CONMEBOL,0.6,60.0
2011-07,10,OFC,0.0,0.0
2011-07,10,UEFA,0.0,0.0
2011-08,10,AFC,0.2,20.0
2011-08,10,CAF,0.0,0.0
2011-08,10,CONCACAF,0.0,0.0
2011-08,10,CONMEBOL,0.2,20.0
2011-08,10,OFC,0.0,0.0
2011-08,10,UEFA,0.6,60.0
2011-09,10,AFC,0.0,0.0
2011-09,10,CAF,0.0,0.0
2011-09,10,CONCACAF,0.0,0.0
2011-09,10,CONMEBOL,0.4,40.0
2011-09,10,OFC,0.0,0.0
2011-09,10,UEFA,0.6,60.0
2011-10,10,AFC,0.2,20.0
2011-10,10,CAF,0.0,0.0
2011-10,10,CONCACAF,0.0,0.0
2011-10,10,CONMEBOL,0.3,30.0
2011-10,10,OFC,0.0,0.0
2011-10,10,UEFA,0.5,50.0
2011-11,10,AFC,0.0,0.0
2011-11,10,CAF,0.0,0.0
2011-11,10,CONCACAF,0.0,0.0
2011-11,10,CONMEBOL,0.4,40.0
2011-11,10,OFC,0.0,0.0
2011-11,10,UEFA,0.6,60.0
2011-12,10,AFC,0.1,10.0
2011-12,10,CAF,0.5,50.0
2011-12,10,CONCACAF,0.2,20.0
2011-12,10,CONMEBOL,0.2,20.0
2011-12,10,OFC,0.0,0.0
2011-12,10,UEFA,0.0,0.0
2012-01,10,AFC,0.0,0.0
2012-01,10,CAF,0.3,30.0
2012-01,10,CONCACAF,0.4,40.0
2012-01,10,CONMEBOL,0.0,0.0
2012-01,10,OFC,0.0,0.0
2012-01,10,UEFA,0.3,30.0
2012-02,10,AFC,0.0,0.0
2012-02,10,CAF,0.0,0.0
2012-02,10,CONCACAF,0.0,0.0
2012-02,10,CONMEBOL,0.3,30.0
2012-02,10,OFC,0.0,0.0
2012-02,10,UEFA,0.7,70.0
2012-03,10,AFC,0.1,10.0
2012-03,10,CAF,0.3,30.0
2012-03,10,CONCACAF,0.4,40.0
2012-03,10,CONMEBOL,0.2,20.0
2012-03,10,OFC,0.0,0.0
2012-03,10,UEFA,0.0,0.0
2012-04,10,AFC,0.2,20.0
2012-04,10,CAF,0.2,20.0
2012-04,10,CONCACAF,0.3,30.0
2012-04,10,CONMEBOL,0.3,30.0
2012-04,10,OFC,0.0,0.0
2012-04,10,UEFA,0.0,0.0
2012-05,10,AFC,0.0,0.0
2012-05,10,CAF,0.0,0.0
2012-05,10,CONCACAF,0.0,0.0
2012-05,10,CONMEBOL,0.2,20.0
2012-05,10,OFC,0.0,0.0
2012-05,10,UEFA,0.8,80.0
2012-06,10,AFC,0.0,0.0
2012-06,10,CAF,0.0,0.0
2012-06,10,CONCACAF,0.1,10.0
2012-06,10,CONMEBOL,0.4,40.0
2012-06,10,OFC,0.0,0.0
2012-06,10,UEFA,0.5,50.0
2012-07,10,AFC,0.2,20.0
2012-07,10,CAF,0.6,60.0
2012-07,10,CONCACAF,0.0,0.0
2012-07,10,CONMEBOL,0.0,0.0
2012-07,10,OFC,0.0,0.0
2012-07,10,UEFA,0.2,20.0
2012-08,10,AFC,0.0,0.0
2012-08,10,CAF,0.0,0.0
2012-08,10,CONCACAF,0.0,0.0
2012-08,10,CONMEBOL,0.4,40.0
2012-08,10,OFC,0.0,0.0
2012-08,10,UEFA,0.6,60.0
2012-09,10,AFC,0.0,0.0
2012-09,10,CAF,0.0,0.0
2012-09,10,CONCACAF,0.1,10.0
2012-09,10,CONMEBOL,0.3,30.0
2012-09,10,OFC,0.0,0.0
2012-09,10,UEFA,0.6,60.0
2012-10,10,AFC,0.0,0.0
2012-10,10,CAF,0.0,0.0
2012-10,10,CONCACAF,0.2,20.0
2012-10,10,CONMEBOL,0.2,20.0
2012-10,10,OFC,0.0,0.0
2012-10,10,UEFA,0.6,60.0
2012-11,10,AFC,0.0,0.0
2012-11,10,CAF,0.1,10.0
2012-11,10,CONCACAF,0.1,10.0
2012-11,10,CONMEBOL,0.2,20.0
2012-11,10,OFC,0.0,0.0
2012-11,10,UEFA,0.6,60.0
2012-12,10,AFC,0.4,40.0
2012-12,10,CAF,0.4,40.0
2012-12,10,CONCACAF,0.0,0.0
2012-12,10,CONMEBOL,0.1,10.0
2012-12,10,OFC,0.0,0.0
2012-12,10,UEFA,0.1,10.0
2013-01,10,AFC,0.0,0.0
2013-01,10,CAF,0.4,40.0
2013-01,10,CONCACAF,0.3,30.0
2013-01,10,CONMEBOL,0.1,10.0
2013-01,10,OFC,0.0,0.0
2013-01,10,UEFA,0.2,20.0
2013-02,10,AFC,0.0,0.0
2013-02,10,CAF,0.0,0.0
2013-02,10,CONCACAF,0.1,10.0
2013-02,10,CONMEBOL,0.3,30.0
2013-02,10,OFC,0.0,0.0
2013-02,10,UEFA,0.6,60.0
2013-03,10,AFC,0.0,0.0
2013-03,10,CAF,0.0,0.0
2013-03,10,CONCACAF,0.1,10.0
2013-03,10,CONMEBOL,0.3,30.0
2013-03,10,OFC,0.0,0.0
2013-03,10,UEFA,0.6,60.0
2013-04,10,AFC,0.2,20.0
2013-04,10,CAF,0.2,20.0
2013-04,10,CONCACAF,0.2,20.0
2013-04,10,CONMEBOL,0.4,40.0
2013-04,10,OFC,0.0,0.0
2013-04,10,UEFA,0.0,0.0
2013-05,10,AFC,0.1,10.0
2013-05,10,CAF,0.1,10.0
2013-05,10,CONCACAF,0.3,30.0
2013-05,10,CONMEBOL,0.1,10.0
2013-05,10,OFC,0.0,0.0
2013-05,10,UEFA,0.4,40.0
2013-06,10,AFC,0.0,0.0
2013-06,10,CAF,0.0,0.0
2013-06,10,CONCACAF,0.1,10.0
2013-06,10,CONMEBOL,0.3,30.0
2013-06,10,OFC,0.0,0.0
2013-06,10,UEFA,0.6,60.0
2013-07,10,AFC,0.3,30.0
2013-07,10,CAF,0.2,20.0
2013-07,10,CONCACAF,0.5,50.0
2013-07,10,CONMEBOL,0.0,0.0
2013-07,10,OFC,0.0,0.0
2013-07,10,UEFA,0.0,0.0
2013-08,10,AFC,0.0,0.0
2013-08,10,CAF,0.0,0.0
2013-08,10,CONCACAF,0.2,20.0
2013-08,10,CONMEBOL,0.3,30.0
2013-08,10,OFC,0.0,0.0
2013-08,10,UEFA,0.5,50.0
2013-09,10,AFC,0.0,0.0
2013-09,10,CAF,0.0,0.0
2013-09,10,CONCACAF,0.2,20.0
2013-09,10,CONMEBOL,0.3,30.0
2013-09,10,OFC,0.0,0.0
2013-09,10,UEFA,0.5,50.0
2013-10,10,AFC,0.0,0.0
2013-10,10,CAF,0.0,0.0
2013-10,10,CONCACAF,0.2,20.0
2013-10,10,CONMEBOL,0.4,40.0
2013-10,10,OFC,0.0,0.0
2013-10,10,UEFA,0.4,40.0
2013-11,10,AFC,0.0,0.0
2013-11,10,CAF,0.0,0.0
2013-11,10,CONCACAF,0.1,10.0
2013-11,10,CONMEBOL,0.4,40.0
2013-11,10,OFC,0.0,0.0
2013-11,10,UEFA,0.5,50.0
2013-12,10,AFC,0.4,40.0
2013-12,10,CAF,0.5,50.0
2013-12,10,CONCACAF,0.0,0.0
2013-12,10,CONMEBOL,0.1,10.0
2013-12,10,OFC,0.0,0.0
2013-12,10,UEFA,0.0,0.0
2014-01,10,AFC,0.2,20.0
2014-01,10,CAF,0.2,20.0
2014-01,10,CONCACAF,0.2,20.0
2014-01,10,CONMEBOL,0.1,10.0
2014-01,10,OFC,0.0,0.0
2014-01,10,UEFA,0.3,30.0
2014-02,10,AFC,0.875,87.5
2014-02,10,CAF,0.0,0.0
2014-02,10,CONCACAF,0.125,12.5
2014-02,10,CONMEBOL,0.0,0.0
2014-02,10,OFC,0.0,0.0
2014-02,10,UEFA,0.0,0.0
2014-03,10,AFC,0.0,0.0
2014-03,10,CAF,0.0,0.0
2014-03,10,CONCACAF,0.1,10.0
2014-03,10,CONMEBOL,0.4,40.0
2014-03,10,OFC,0.0,0.0
2014-03,10,UEFA,0.5,50.0
2014-04,10,AFC,0.4,40.0
2014-04,10,CAF,0.4,40.0
2014-04,10,CONCACAF,0.2,20.0
2014-04,10,CONMEBOL,0.0,0.0
2014-04,10,OFC,0.0,0.0
2014-04,10,UEFA,0.0,0.0
2014-05,10,AFC,0.0,0.0
2014-05,10,CAF,0.0,0.0
2014-05,10,CONCACAF,0.2,20.0
2014-05,10,CONMEBOL,0.1,10.0
2014-05,10,OFC,0.0,0.0
2014-05,10,UEFA,0.7,70.0
2014-06,10,AFC,0.0,0.0
2014-06,10,CAF,0.0,0.0
2014-06,10,CONCACAF,0.1,10.0
2014-06,10,CONMEBOL,0.3,30.0
2014-06,10,OFC,0.0,0.0
2014-06,10,UEFA,0.6,60.0
2014-07,10,AFC,0.0,0.0
2014-07,10,CAF,0.0,0.0
2014-07,10,CONCACAF,0.3,30.0
2014-07,10,CONMEBOL,0.2,20.0
2014-07,10,OFC,0.0,0.0
2014-07,10,UEFA,0.5,50.0
2014-08,10,AFC,0.2,20.0
2014-08,10,CAF,0.2,20.0
2014-08,10,CONCACAF,0.4,40.0
2014-08,10,CONMEBOL,0.1,10.0
2014-08,10,OFC,0.0,0.0
2014-08,10,UEFA,0.1,10.0
2014-09,10,AFC,0.0,0.0
2014-09,10,CAF,0.0,0.0
2014-09,10,CONCACAF,0.1,10.0
2014-09,10,CONMEBOL,0.4,40.0
2014-09,10,OFC,0.0,0.0
2014-09,10,UEFA,0.5,50.0
2014-10,10,AFC,0.0,0.0
2014-10,10,CAF,0.0,0.0
2014-10,10,CONCACAF,0.1,10.0
2014-10,10,CONMEBOL,0.4,40.0
2014-10,10,OFC,0.0,0.0
2014-10,10,UEFA,0.5,50.0
2014-11,10,AFC,0.0,0.0
2014-11,10,CAF,0.0,0.0
2014-11,10,CONCACAF,0.1,10.0
2014-11,10,CONMEBOL,0.4,40.0
2014-11,10,OFC,0.0,0.0
2014-11,10,UEFA,0.5,50.0
2014-12,10,AFC,0.9,90.0
2014-12,10,CAF,0.0,0.0
2014-12,10,CONCACAF,0.0,0.0
2014-12,10,CONMEBOL,0.0,0.0
2014-12,10,OFC,0.0,0.0
2014-12,10,UEFA,0.1,10.0
2015-01,10,AFC,0.4,40.0
2015-01,10,CAF,0.3,30.0
2015-01,10,CONCACAF,0.1,10.0
2015-01,10,CONMEBOL,0.1,10.0
2015-01,10,OFC,0.0,0.0
2015-01,10,UEFA,0.1,10.0
2015-02,10,AFC,0.0,0.0
2015-02,10,CAF,0.6,60.0
2015-02,10,CONCACAF,0.4,40.0
2015-02,10,CONMEBOL,0.0,0.0
2015-02,10,OFC,0.0,0.0
2015-02,10,UEFA,0.0,0.0
2015-03,10,AFC,0.0,0.0
2015-03,10,CAF,0.0,0.0
2015-03,10,CONCACAF,0.1,10.0
2015-03,10,CONMEBOL,0.4,40.0
2015-03,10,OFC,0.0,0.0
2015-03,10,UEFA,0.5,50.0
2015-04,10,AFC,0.0,0.0
2015-04,10,CAF,0.0,0.0
2015-04,10,CONCACAF,1.0,100.0
2015-04,10,CONMEBOL,0.0,0.0
2015-04,10,OFC,0.0,0.0
2015-04,10,UEFA,0.0,0.0
2015-05,10,AFC,0.3,30.0
2015-05,10,CAF,0.3,30.0
2015-05,10,CONCACAF,0.3,30.0
2015-05,10,CONMEBOL,0.0,0.0
2015-05,10,OFC,0.0,0.0
2015-05,10,UEFA,0.1,10.0
2015-06,10,AFC,0.0,0.0
2015-06,10,CAF,0.0,0.0
2015-06,10,CONCACAF,0.1,10.0
2015-06,10,CONMEBOL,0.3,30.0
2015-06,10,OFC,0.0,0.0
2015-06,10,UEFA,0.6,60.0
2015-07,10,AFC,0.0,0.0
2015-07,10,CAF,0.0,0.0
2015-07,10,CONCACAF,0.6,60.0
2015-07,10,CONMEBOL,0.4,40.0
2015-07,10,OFC,0.0,0.0
2015-07,10,UEFA,0.0,0.0
2015-08,10,AFC,0.8,80.0
2015-08,10,CAF,0.2,20.0
2015-08,10,CONCACAF,0.0,0.0
2015-08,10,CONMEBOL,0.0,0.0
2015-08,10,OFC,0.0,0.0
2015-08,10,UEFA,0.0,0.0
2015-09,10,AFC,0.0,0.0
2015-09,10,CAF,0.0,0.0
2015-09,10,CONCACAF,0.1,10.0
2015-09,10,CONMEBOL,0.3,30.0
2015-09,10,OFC,0.0,0.0
2015-09,10,UEFA,0.6,60.0
2015-10,10,AFC,0.0,0.0
2015-10,10,CAF,0.0,0.0
2015-10,10,CONCACAF,0.1,10.0
2015-10,10,CONMEBOL,0.4,40.0
2015-10,10,OFC,0.0,0.0
2015-10,10,UEFA,0.5,50.0
2015-11,10,AFC,0.0,0.0
2015-11,10,CAF,0.0,0.0
2015-11,10,CONCACAF,0.1,10.0
2015-11,10,CONMEBOL,0.4,40.0
2015-11,10,OFC,0.0,0.0
2015-11,10,UEFA,0.5,50.0
2015-12,10,AFC,0.0,0.0
2015-12,10,CAF,0.5,50.0
2015-12,10,CONCACAF,0.5,50.0
2015-12,10,CONMEBOL,0.0,0.0
2015-12,10,OFC,0.0,0.0
2015-12,10,UEFA,0.0,0.0
2016-01,10,AFC,0.1,10.0
2016-01,10,CAF,0.3,30.0
2016-01,10,CONCACAF,0.3,30.0
2016-01,10,CONMEBOL,0.0,0.0
2016-01,10,OFC,0.0,0.0
2016-01,10,UEFA,0.3,30.0
2016-02,10,AFC,0.3,30.0
2016-02,10,CAF,0.2,20.0
2016-02,10,CONCACAF,0.5,50.0
2016-02,10,CONMEBOL,0.0,0.0
2016-02,10,OFC,0.0,0.0
2016-02,10,UEFA,0.0,0.0
2016-03,10,AFC,0.0,0.0
2016-03,10,CAF,0.0,0.0
2016-03,10,CONCACAF,0.2,20.0
2016-03,10,CONMEBOL,0.4,40.0
2016-03,10,OFC,0.0,0.0
2016-03,10,UEFA,0.4,40.0
2016-04,10,AFC,0.0,0.0
2016-04,10,CAF,0.0,0.0
2016-04,10,CONCACAF,1.0,100.0
2016-04,10,CONMEBOL,0.0,0.0
2016-04,10,OFC,0.0,0.0
2016-04,10,UEFA,0.0,0.0
2016-05,10,AFC,0.0,0.0
2016-05,10,CAF,0.0,0.0
2016-05,10,CONCACAF,0.1,10.0
2016-05,10,CONMEBOL,0.1,10.0
2016-05,10,OFC,0.0,0.0
2016-05,10,UEFA,0.8,80.0
2016-06,10,AFC,0.0,0.0
2016-06,10,CAF,0.0,0.0
2016-06,10,CONCACAF,0.2,20.0
2016-06,10,CONMEBOL,0.3,30.0
2016-06,10,OFC,0.0,0.0
2016-06,10,UEFA,0.5,50.0
2016-07,10,AFC,0.3,30.0
2016-07,10,CAF,0.0,0.0
2016-07,10,CONCACAF,0.0,0.0
2016-07,10,CONMEBOL,0.0,0.0
2016-07,10,OFC,0.0,0.0
2016-07,10,UEFA,0.7,70.0
2016-08,10,AFC,0.1,10.0
2016-08,10,CAF,0.1,10.0
2016-08,10,CONCACAF,0.0,0.0
2016-08,10,CONMEBOL,0.0,0.0
2016-08,10,OFC,0.0,0.0
2016-08,10,UEFA,0.8,80.0
2016-09,10,AFC,0.0,0.0
2016-09,10,CAF,0.0,0.0
2016-09,10,CONCACAF,0.2,20.0
2016-09,10,CONMEBOL,0.3,30.0
2016-09,10,OFC,0.0,0.0
2016-09,10,UEFA,0.5,50.0
2016-10,10,AFC,0.0,0.0
2016-10,10,CAF,0.0,0.0
2016-10,10,CONCACAF,0.2,20.0
2016-10,10,CONMEBOL,0.4,40.0
2016-10,10,OFC,0.0,0.0
2016-10,10,UEFA,0.4,40.0
2016-11,10,AFC,0.0,0.0
2016-11,10,CAF,0.0,0.0
2016-11,10,CONCACAF,0.2,20.0
2016-11,10,CONMEBOL,0.3,30.0
2016-11,10,OFC,0.0,0.0
2016-11,10,UEFA,0.5,50.0
2016-12,10,AFC,0.4444444444444444,44.44444444444444
2016-12,10,CAF,0.3333333333333333,33.33333333333333
2016-12,10,CONCACAF,0.2222222222222222,22.22222222222222
2016-12,10,CONMEBOL,0.0,0.0
2016-12,10,OFC,0.0,0.0
2016-12,10,UEFA,0.0,0.0
2017-01,10,AFC,0.0,0.0
2017-01,10,CAF,0.2,20.0
2017-01,10,CONCACAF,0.4,40.0
2017-01,10,CONMEBOL,0.2,20.0
2017-01,10,OFC,0.0,0.0
2017-01,10,UEFA,0.2,20.0
2017-02,10,AFC,0.0,0.0
2017-02,10,CAF,0.5,50.0
2017-02,10,CONCACAF,0.25,25.0
2017-02,10,CONMEBOL,0.125,12.5
2017-02,10,OFC,0.0,0.0
2017-02,10,UEFA,0.125,12.5
2017-03,10,AFC,0.0,0.0
2017-03,10,CAF,0.0,0.0
2017-03,10,CONCACAF,0.2,20.0
2017-03,10,CONMEBOL,0.4,40.0
2017-03,10,OFC,0.0,0.0
2017-03,10,UEFA,0.4,40.0
2017-04,10,AFC,0.0,0.0
2017-04,10,CAF,0.0,0.0
2017-04,10,CONCACAF,1.0,100.0
2017-04,10,CONMEBOL,0.0,0.0
2017-04,10,OFC,0.0,0.0
2017-04,10,UEFA,0.0,0.0
2017-05,10,AFC,0.0,0.0
2017-05,10,CAF,0.6,60.0
2017-05,10,CONCACAF,0.1,10.0
2017-05,10,CONMEBOL,0.0,0.0
2017-05,10,OFC,0.0,0.0
2017-05,10,UEFA,0.3,30.0
2017-06,10,AFC,0.0,0.0
2017-06,10,CAF,0.0,0.0
2017-06,10,CONCACAF,0.2,20.0
2017-06,10,CONMEBOL,0.3,30.0
2017-06,10,OFC,0.0,0.0
2017-06,10,UEFA,0.5,50.0
2017-07,10,AFC,0.0,0.0
2017-07,10,CAF,0.1,10.0
2017-07,10,CONCACAF,0.4,40.0
2017-07,10,CONMEBOL,0.3,30.0
2017-07,10,OFC,0.0,0.0
2017-07,10,UEFA,0.2,20.0
2017-08,10,AFC,0.1,10.0
2017-08,10,CAF,0.0,0.0
2017-08,10,CONCACAF,0.1,10.0
2017-08,10,CONMEBOL,0.4,40.0
2017-08,10,OFC,0.0,0.0
2017-08,10,UEFA,0.4,40.0
2017-09,10,AFC,0.0,0.0
2017-09,10,CAF,0.0,0.0
2017-09,10,CONCACAF,0.1,10.0
2017-09,10,CONMEBOL,0.3,30.0
2017-09,10,OFC,0.0,0.0
2017-09,10,UEFA,0.6,60.0
2017-10,10,AFC,0.0,0.0
2017-10,10,CAF,0.0,0.0
2017-10,10,CONCACAF,0.1,10.0
2017-10,10,CONMEBOL,0.3,30.0
2017-10,10,OFC,0.0,0.0
2017-10,10,UEFA,0.6,60.0
2017-11,10,AFC,0.0,0.0
2017-11,10,CAF,0.0,0.0
2017-11,10,CONCACAF,0.1,10.0
2017-11,10,CONMEBOL,0.3,30.0
2017-11,10,OFC,0.0,0.0
2017-11,10,UEFA,0.6,60.0
2017-12,10,AFC,0.8,80.0
2017-12,10,CAF,0.2,20.0
2017-12,10,CONCACAF,0.0,0.0
2017-12,10,CONMEBOL,0.0,0.0
2017-12,10,OFC,0.0,0.0
2017-12,10,UEFA,0.0,0.0
2018-01,10,AFC,0.2,20.0
2018-01,10,CAF,0.0,0.0
2018-01,10,CONCACAF,0.3,30.0
2018-01,10,CONMEBOL,0.0,0.0
2018-01,10,OFC,0.0,0.0
2018-01,10,UEFA,0.5,50.0
2018-02,10,AFC,0.6,60.0
2018-02,10,CAF,0.0,0.0
2018-02,10,CONCACAF,0.0,0.0
2018-02,10,CONMEBOL,0.0,0.0
2018-02,10,OFC,0.0,0.0
2018-02,10,UEFA,0.4,40.0
2018-03,10,AFC,0.0,0.0
2018-03,10,CAF,0.0,0.0
2018-03,10,CONCACAF,0.1,10.0
2018-03,10,CONMEBOL,0.3,30.0
2018-03,10,OFC,0.0,0.0
2018-03,10,UEFA,0.6,60.0
2018-04,10,AFC,0.2,20.0
2018-04,10,CAF,0.2,20.0
2018-04,10,CONCACAF,0.6,60.0
2018-04,10,CONMEBOL,0.0,0.0
2018-04,10,OFC,0.0,0.0
2018-04,10,UEFA,0.0,0.0
2018-05,10,AFC,0.1,10.0
2018-05,10,CAF,0.0,0.0
2018-05,10,CONCACAF,0.2,20.0
2018-05,10,CONMEBOL,0.3,30.0
2018-05,10,OFC,0.0,0.0
2018-05,10,UEFA,0.4,40.0
2018-06,10,AFC,0.0,0.0
2018-06,10,CAF,0.0,0.0
2018-06,10,CONCACAF,0.1,10.0
2018-06,10,CONMEBOL,0.2,20.0
2018-06,10,OFC,0.0,0.0
2018-06,10,UEFA,0.7,70.0
2018-07,10,AFC,0.0,0.0
2018-07,10,CAF,0.0,0.0
2018-07,10,CONCACAF,0.1,10.0
2018-07,10,CONMEBOL,0.2,20.0
2018-07,10,OFC,0.0,0.0
2018-07,10,UEFA,0.7,70.0
2018-08,10,AFC,0.3,30.0
2018-08,10,CAF,0.0,0.0
2018-08,10,CONCACAF,0.6,60.0
2018-08,10,CONMEBOL,0.0,0.0
2018-08,10,OFC,0.1,10.0
2018-08,10,UEFA,0.0,0.0
2018-09,10,AFC,0.0,0.0
2018-09,10,CAF,0.0,0.0
2018-09,10,CONCACAF,0.1,10.0
2018-09,10,CONMEBOL,0.3,30.0
2018-09,10,OFC,0.0,0.0
2018-09,10,UEFA,0.6,60.0
2018-10,10,AFC,0.0,0.0
2018-10,10,CAF,0.0,0.0
2018-10,10,CONCACAF,0.1,10.0
2018-10,10,CONMEBOL,0.2,20.0
2018-10,10,OFC,0.0,0.0
2018-10,10,UEFA,0.7,70.0
2018-11,10,AFC,0.0,0.0
2018-11,10,CAF,0.0,0.0
2018-11,10,CONCACAF,0.0,0.0
2018-11,10,CONMEBOL,0.2,20.0
2018-11,10,OFC,0.0,0.0
2018-11,10,UEFA,0.8,80.0
2018-12,10,AFC,0.9,90.0
2018-12,10,CAF,0.1,10.0
2018-12,10,CONCACAF,0.0,0.0
2018-12,10,CONMEBOL,0.0,0.0
2018-12,10,OFC,0.0,0.0
2018-12,10,UEFA,0.0,0.0
2019-01,10,AFC,0.6,60.0
2019-01,10,CAF,0.0,0.0
2019-01,10,CONCACAF,0.1,10.0
2019-01,10,CONMEBOL,0.0,0.0
2019-01,10,OFC,0.0,0.0
2019-01,10,UEFA,0.3,30.0
2019-02,10,AFC,0.2222222222222222,22.22222222222222
2019-02,10,CAF,0.0,0.0
2019-02,10,CONCACAF,0.5555555555555556,55.55555555555556
2019-02,10,CONMEBOL,0.0,0.0
2019-02,10,OFC,0.0,0.0
2019-02,10,UEFA,0.2222222222222222,22.22222222222222
2019-03,10,AFC,0.0,0.0
2019-03,10,CAF,0.0,0.0
2019-03,10,CONCACAF,0.1,10.0
2019-03,10,CONMEBOL,0.2,20.0
2019-03,10,OFC,0.0,0.0
2019-03,10,UEFA,0.7,70.0
2019-05,10,AFC,0.0,0.0
2019-05,10,CAF,0.7,70.0
2019-05,10,CONCACAF,0.1,10.0
2019-05,10,CONMEBOL,0.0,0.0
2019-05,10,OFC,0.0,0.0
2019-05,10,UEFA,0.2,20.0
2019-06,10,AFC,0.0,0.0
2019-06,10,CAF,0.0,0.0
2019-06,10,CONCACAF,0.1,10.0
2019-06,10,CONMEBOL,0.2,20.0
2019-06,10,OFC,0.0,0.0
2019-06,10,UEFA,0.7,70.0
2019-07,10,AFC,0.0,0.0
2019-07,10,CAF,0.4,40.0
2019-07,10,CONCACAF,0.2,20.0
2019-07,10,CONMEBOL,0.4,40.0
2019-07,10,OFC,0.0,0.0
2019-07,10,UEFA,0.0,0.0
2019-08,10,AFC,0.9,90.0
2019-08,10,CAF,0.0,0.0
2019-08,10,CONCACAF,0.1,10.0
2019-08,10,CONMEBOL,0.0,0.0
2019-08,10,OFC,0.0,0.0
2019-08,10,UEFA,0.0,0.0
2019-09,10,AFC,0.0,0.0
2019-09,10,CAF,0.0,0.0
2019-09,10,CONCACAF,0.1,10.0
2019-09,10,CONMEBOL,0.3,30.0
2019-09,10,OFC,0.0,0.0
2019-09,10,UEFA,0.6,60.0
2019-10,10,AFC,0.0,0.0
2019-10,10,CAF,0.0,0.0
2019-10,10,CONCACAF,0.1,10.0
2019-10,10,CONMEBOL,0.3,30.0
2019-10,10,OFC,0.0,0.0
2019-10,10,UEFA,0.6,60.0
2019-11,10,AFC,0.0,0.0
2019-11,10,CAF,0.0,0.0
2019-11,10,CONCACAF,0.1,10.0
2019-11,10,CONMEBOL,0.3,30.0
2019-11,10,OFC,0.0,0.0
2019-11,10,UEFA,0.6,60.0
2019-12,10,AFC,1.0,100.0
2019-12,10,CAF,0.0,0.0
2019-12,10,CONCACAF,0.0,0.0
2019-12,10,CONMEBOL,0.0,0.0
2019-12,10,OFC,0.0,0.0
2019-12,10,UEFA,0.0,0.0
2020-01,10,AFC,0.0,0.0
2020-01,10,CAF,0.0,0.0
2020-01,10,CONCACAF,0.42857142857142855,42.857142857142854
2020-01,10,CONMEBOL,0.0,0.0
2020-01,10,OFC,0.0,0.0
2020-01,10,UEFA,0.5714285714285714,57.14285714285714
2020-02,10,AFC,0.0,0.0
2020-02,10,CAF,0.0,0.0
2020-02,10,CONCACAF,1.0,100.0
2020-02,10,CONMEBOL,0.0,0.0
2020-02,10,OFC,0.0,0.0
2020-02,10,UEFA,0.0,0.0
2020-09,10,AFC,0.0,0.0
2020-09,10,CAF,0.0,0.0
2020-09,10,CONCACAF,0.0,0.0
2020-09,10,CONMEBOL,0.0,0.0
2020-09,10,OFC,0.0,0.0
2020-09,10,UEFA,1.0,100.0
2020-10,10,AFC,0.0,0.0
2020-10,10,CAF,0.0,0.0
2020-10,10,CONCACAF,0.2,20.0
2020-10,10,CONMEBOL,0.2,20.0
2020-10,10,OFC,0.0,0.0
2020-10,10,UEFA,0.6,60.0
2020-11,10,AFC,0.0,0.0
2020-11,10,CAF,0.0,0.0
2020-11,10,CONCACAF,0.1,10.0
2020-11,10,CONMEBOL,0.2,20.0
2020-11,10,OFC,0.0,0.0
2020-11,10,UEFA,0.7,70.0
2020-12,10,AFC,0.5,50.0
2020-12,10,CAF,0.0,0.0
2020-12,10,CONCACAF,0.5,50.0
2020-12,10,CONMEBOL,0.0,0.0
2020-12,10,OFC,0.0,0.0
2020-12,10,UEFA,0.0,0.0
2021-01,10,AFC,0.4,40.0
2021-01,10,CAF,0.0,0.0
2021-01,10,CONCACAF,0.5,50.0
2021-01,10,CONMEBOL,0.0,0.0
2021-01,10,OFC,0.0,0.0
2021-01,10,UEFA,0.1,10.0
2021-02,10,AFC,0.6,60.0
2021-02,10,CAF,0.0,0.0
2021-02,10,CONCACAF,0.4,40.0
2021-02,10,CONMEBOL,0.0,0.0
2021-02,10,OFC,0.0,0.0
2021-02,10,UEFA,0.0,0.0
2021-03,10,AFC,0.0,0.0
2021-03,10,CAF,0.0,0.0
2021-03,10,CONCACAF,0.1,10.0
2021-03,10,CONMEBOL,0.0,0.0
2021-03,10,OFC,0.0,0.0
2021-03,10,UEFA,0.9,90.0
2021-05,10,AFC,0.2,20.0
2021-05,10,CAF,0.0,0.0
2021-05,10,CONCACAF,0.2,20.0
2021-05,10,CONMEBOL,0.0,0.0
2021-05,10,OFC,0.0,0.0
2021-05,10,UEFA,0.6,60.0
2021-06,10,AFC,0.0,0.0
2021-06,10,CAF,0.0,0.0
2021-06,10,CONCACAF,0.0,0.0
2021-06,10,CONMEBOL,0.3,30.0
2021-06,10,OFC,0.0,0.0
2021-06,10,UEFA,0.7,70.0
2021-07,10,AFC,0.0,0.0
2021-07,10,CAF,0.0,0.0
2021-07,10,CONCACAF,0.1,10.0
2021-07,10,CONMEBOL,0.3,30.0
2021-07,10,OFC,0.0,0.0
2021-07,10,UEFA,0.6,60.0
2021-08,10,AFC,0.0,0.0
2021-08,10,CAF,0.5555555555555556,55.55555555555556
2021-08,10,CONCACAF,0.4444444444444444,44.44444444444444
2021-08,10,CONMEBOL,0.0,0.0
2021-08,10,OFC,0.0,0.0
2021-08,10,UEFA,0.0,0.0
2021-09,10,AFC,0.0,0.0
2021-09,10,CAF,0.0,0.0
2021-09,10,CONCACAF,0.0,0.0
2021-09,10,CONMEBOL,0.3,30.0
2021-09,10,OFC,0.0,0.0
2021-09,10,UEFA,0.7,70.0
2021-10,10,AFC,0.0,0.0
2021-10,10,CAF,0.0,0.0
2021-10,10,CONCACAF,0.0,0.0
2021-10,10,CONMEBOL,0.2,20.0
2021-10,10,OFC,0.0,0.0
2021-10,10,UEFA,0.8,80.0
2021-11,10,AFC,0.0,0.0
2021-11,10,CAF,0.0,0.0
2021-11,10,CONCACAF,0.0,0.0
2021-11,10,CONMEBOL,0.2,20.0
2021-11,10,OFC,0.0,0.0
2021-11,10,UEFA,0.8,80.0
2021-12,10,AFC,0.2,20.0
2021-12,10,CAF,0.4,40.0
2021-12,10,CONCACAF,0.2,20.0
2021-12,10,CONMEBOL,0.2,20.0
2021-12,10,OFC,0.0,0.0
2021-12,10,UEFA,0.0,0.0
2022-01,10,AFC,0.1,10.0
2022-01,10,CAF,0.0,0.0
2022-01,10,CONCACAF,0.4,40.0
2022-01,10,CONMEBOL,0.5,50.0
2022-01,10,OFC,0.0,0.0
2022-01,10,UEFA,0.0,0.0
2022-02,10,AFC,0.1,10.0
2022-02,10,CAF,0.0,0.0
2022-02,10,CONCACAF,0.4,40.0
2022-02,10,CONMEBOL,0.5,50.0
2022-02,10,OFC,0.0,0.0
2022-02,10,UEFA,0.0,0.0
2022-03,10,AFC,0.0,0.0
2022-03,10,CAF,0.0,0.0
2022-03,10,CONCACAF,0.0,0.0
2022-03,10,CONMEBOL,0.3,30.0
2022-03,10,OFC,0.0,0.0
2022-03,10,UEFA,0.7,70.0
2022-04,10,AFC,0.0,0.0
2022-04,10,CAF,0.0,0.0
2022-04,10,CONCACAF,1.0,100.0
2022-04,10,CONMEBOL,0.0,0.0
2022-04,10,OFC,0.0,0.0
2022-04,10,UEFA,0.0,0.0
2022-05,10,AFC,0.5,50.0
2022-05,10,CAF,0.3,30.0
2022-05,10,CONCACAF,0.2,20.0
2022-05,10,CONMEBOL,0.0,0.0
2022-05,10,OFC,0.0,0.0
2022-05,10,UEFA,0.0,0.0
2022-06,10,AFC,0.0,0.0
2022-06,10,CAF,0.0,0.0
2022-06,10,CONCACAF,0.0,0.0
2022-06,10,CONMEBOL,0.3,30.0
2022-06,10,OFC,0.0,0.0
2022-06,10,UEFA,0.7,70.0
2022-07,10,AFC,0.3,30.0
2022-07,10,CAF,0.7,70.0
2022-07,10,CONCACAF,0.0,0.0
2022-07,10,CONMEBOL,0.0,0.0
2022-07,10,OFC,0.0,0.0
2022-07,10,UEFA,0.0,0.0
2022-08,10,AFC,0.0,0.0
2022-08,10,CAF,0.0,0.0
2022-08,10,CONCACAF,0.5,50.0
2022-08,10,CONMEBOL,0.5,50.0
2022-08,10,OFC,0.0,0.0
2022-08,10,UEFA,0.0,0.0
2022-09,10,AFC,0.0,0.0
2022-09,10,CAF,0.0,0.0
2022-09,10,CONCACAF,0.0,0.0
2022-09,10,CONMEBOL,0.2,20.0
2022-09,10,OFC,0.0,0.0
2022-09,10,UEFA,0.8,80.0
2022-10,10,AFC,0.25,25.0
2022-10,10,CAF,0.0,0.0
2022-10,10,CONCACAF,0.5,50.0
2022-10,10,CONMEBOL,0.0,0.0
2022-10,10,OFC,0.0,0.0
2022-10,10,UEFA,0.25,25.0
2022-11,10,AFC,0.0,0.0
2022-11,10,CAF,0.0,0.0
2022-11,10,CONCACAF,0.1,10.0
2022-11,10,CONMEBOL,0.2,20.0
2022-11,10,OFC,0.0,0.0
2022-11,10,UEFA,0.7,70.0
2022-12,10,AFC,0.0,0.0
2022-12,10,CAF,0.0,0.0
2022-12,10,CONCACAF,0.0,0.0
2022-12,10,CONMEBOL,0.2,20.0
2022-12,10,OFC,0.0,0.0
2022-12,10,UEFA,0.8,80.0
2023-01,10,AFC,0.5,50.0
2023-01,10,CAF,0.0,0.0
2023-01,10,CONCACAF,0.2,20.0
2023-01,10,CONMEBOL,0.0,0.0
2023-01,10,OFC,0.0,0.0
2023-01,10,UEFA,0.3,30.0
2023-02,10,AFC,0.0,0.0
2023-02,10,CAF,0.0,0.0
2023-02,10,CONCACAF,1.0,100.0
2023-02,10,CONMEBOL,0.0,0.0
2023-02,10,OFC,0.0,0.0
2023-02,10,UEFA,0.0,0.0
2023-03,10,AFC,0.0,0.0
2023-03,10,CAF,0.0,0.0
2023-03,10,CONCACAF,0.1,10.0
2023-03,10,CONMEBOL,0.2,20.0
2023-03,10,OFC,0.0,0.0
2023-03,10,UEFA,0.7,70.0
2023-04,10,AFC,0.0,0.0
2023-04,10,CAF,0.0,0.0
2023-04,10,CONCACAF,1.0,100.0
2023-04,10,CONMEBOL,0.0,0.0
2023-04,10,OFC,0.0,0.0
2023-04,10,UEFA,0.0,0.0
2023-06,10,AFC,0.0,0.0
2023-06,10,CAF,0.0,0.0
2023-06,10,CONCACAF,0.1,10.0
2023-06,10,CONMEBOL,0.2,20.0
2023-06,10,OFC,0.0,0.0
2023-06,10,UEFA,0.7,70.0
2023-07,10,AFC,0.1,10.0
2023-07,10,CAF,0.2,20.0
2023-07,10,CONCACAF,0.7,70.0
2023-07,10,CONMEBOL,0.0,0.0
2023-07,10,OFC,0.0,0.0
2023-07,10,UEFA,0.0,0.0
2023-08,10,AFC,0.0,0.0
2023-08,10,CAF,0.5,50.0
2023-08,10,CONCACAF,0.2,20.0
2023-08,10,CONMEBOL,0.1,10.0
2023-08,10,OFC,0.2,20.0
2023-08,10,UEFA,0.0,0.0
2023-09,10,AFC,0.0,0.0
2023-09,10,CAF,0.0,0.0
2023-09,10,CONCACAF,0.1,10.0
2023-09,10,CONMEBOL,0.2,20.0
2023-09,10,OFC,0.0,0.0
2023-09,10,UEFA,0.7,70.0
2023-10,10,AFC,0.0,0.0
2023-10,10,CAF,0.0,0.0
2023-10,10,CONCACAF,0.1,10.0
2023-10,10,CONMEBOL,0.3,30.0
2023-10,10,OFC,0.0,0.0
2023-10,10,UEFA,0.6,60.0
2023-11,10,AFC,0.0,0.0
2023-11,10,CAF,0.0,0.0
2023-11,10,CONCACAF,0.1,10.0
2023-11,10,CONMEBOL,0.3,30.0
2023-11,10,OFC,0.0,0.0
2023-11,10,UEFA,0.6,60.0
2023-12,10,AFC,0.0,0.0
2023-12,10,CAF,0.0,0.0
2023-12,10,CONCACAF,0.3333333333333333,33.33333333333333
2023-12,10,CONMEBOL,0.0,0.0
2023-12,10,OFC,0.6666666666666666,66.66666666666666
2023-12,10,UEFA,0.0,0.0
2024-01,10,AFC,0.4,40.0
2024-01,10,CAF,0.3,30.0
2024-01,10,CONCACAF,0.1,10.0
2024-01,10,CONMEBOL,0.0,0.0
2024-01,10,OFC,0.0,0.0
2024-01,10,UEFA,0.2,20.0
2024-02,10,AFC,0.7,70.0
2024-02,10,CAF,0.3,30.0
2024-02,10,CONCACAF,0.0,0.0
2024-02,10,CONMEBOL,0.0,0.0
2024-02,10,OFC,0.0,0.0
2024-02,10,UEFA,0.0,0.0
2024-03,10,AFC,0.0,0.0
2024-03,10,CAF,0.0,0.0
2024-03,10,CONCACAF,0.1,10.0
2024-03,10,CONMEBOL,0.3,30.0
2024-03,10,OFC,0.0,0.0
2024-03,10,UEFA,0.6,60.0
2024-04,10,AFC,0.125,12.5
2024-04,10,CAF,0.0,0.0
2024-04,10,CONCACAF,0.75,75.0
2024-04,10,CONMEBOL,0.0,0.0
2024-04,10,OFC,0.125,12.5
2024-04,10,UEFA,0.0,0.0
2024-05,10,AFC,0.0,0.0
2024-05,10,CAF,0.0,0.0
2024-05,10,CONCACAF,0.6,60.0
2024-05,10,CONMEBOL,0.4,40.0
2024-05,10,OFC,0.0,0.0
2024-05,10,UEFA,0.0,0.0
2024-06,10,AFC,0.0,0.0
2024-06,10,CAF,0.0,0.0
2024-06,10,CONCACAF,0.1,10.0
2024-06,10,CONMEBOL,0.3,30.0
2024-06,10,OFC,0.0,0.0
2024-06,10,UEFA,0.6,60.0
2024-07,10,AFC,0.0,0.0
2024-07,10,CAF,0.0,0.0
2024-07,10,CONCACAF,0.1,10.0
2024-07,10,CONMEBOL,0.3,30.0
2024-07,10,OFC,0.0,0.0
2024-07,10,UEFA,0.6,60.0
2024-08,10,AFC,1.0,100.0
2024-08,10,CAF,0.0,0.0
2024-08,10,CONCACAF,0.0,0.0
2024-08,10,CONMEBOL,0.0,0.0
2024-08,10,OFC,0.0,0.0
2024-08,10,UEFA,0.0,0.0
2024-09,10,AFC,0.0,0.0
2024-09,10,CAF,0.0,0.0
2024-09,10,CONCACAF,0.1,10.0
2024-09,10,CONMEBOL,0.3,30.0
2024-09,10,OFC,0.0,0.0
2024-09,10,UEFA,0.6,60.0
2024-10,10,AFC,0.0,0.0
2024-10,10,CAF,0.0,0.0
2024-10,10,CONCACAF,0.1,10.0
2024-10,10,CONMEBOL,0.2,20.0
2024-10,10,OFC,0.0,0.0
2024-10,10,UEFA,0.7,70.0
2024-11,10,AFC,0.0,0.0
2024-11,10,CAF,0.0,0.0
2024-11,10,CONCACAF,0.1,10.0
2024-11,10,CONMEBOL,0.3,30.0
2024-11,10,OFC,0.0,0.0
2024-11,10,UEFA,0.6,60.0
2024-12,10,AFC,0.9,90.0
2024-12,10,CAF,0.0,0.0
2024-12,10,CONCACAF,0.0,0.0
2024-12,10,CONMEBOL,0.0,0.0
2024-12,10,OFC,0.1,10.0
2024-12,10,UEFA,0.0,0.0
2025-01,10,AFC,0.4,40.0
2025-01,10,CAF,0.3,30.0
2025-01,10,CONCACAF,0.3,30.0
2025-01,10,CONMEBOL,0.0,0.0
2025-01,10,OFC,0.0,0.0
2025-01,10,UEFA,0.0,0.0
2025-02,10,AFC,0.16666666666666666,16.666666666666664
2025-02,10,CAF,0.16666666666666666,16.666666666666664
2025-02,10,CONCACAF,0.5,50.0
2025-02,10,CONMEBOL,0.16666666666666666,16.666666666666664
2025-02,10,OFC,0.0,0.0
2025-02,10,UEFA,0.0,0.0
2025-03,10,AFC,0.0,0.0
2025-03,10,CAF,0.0,0.0
2025-03,10,CONCACAF,0.1,10.0
2025-03,10,CONMEBOL,0.3,30.0
2025-03,10,OFC,0.0,0.0
2025-03,10,UEFA,0.6,60.0
2025-05,10,AFC,0.5,50.0
2025-05,10,CAF,0.3,30.0
2025-05,10,CONCACAF,0.2,20.0
2025-05,10,CONMEBOL,0.0,0.0
2025-05,10,OFC,0.0,0.0
2025-05,10,UEFA,0.0,0.0
2025-06,10,AFC,0.0,0.0
2025-06,10,CAF,0.0,0.0
2025-06,10,CONCACAF,0.1,10.0
2025-06,10,CONMEBOL,0.3,30.0
2025-06,10,OFC,0.0,0.0
2025-06,10,UEFA,0.6,60.0
2025-07,10,AFC,0.0,0.0
2025-07,10,CAF,0.0,0.0
2025-07,10,CONCACAF,1.0,100.0
2025-07,10,CONMEBOL,0.0,0.0
2025-07,10,OFC,0.0,0.0
2025-07,10,UEFA,0.0,0.0
2025-08,10,AFC,0.5,50.0
2025-08,10,CAF,0.0,0.0
2025-08,10,CONCACAF,0.5,50.0
2025-08,10,CONMEBOL,0.0,0.0
2025-08,10,OFC,0.0,0.0
2025-08,10,UEFA,0.0,0.0
2025-09,10,AFC,0.0,0.0
2025-09,10,CAF,0.0,0.0
2025-09,10,CONCACAF,0.1,10.0
2025-09,10,CONMEBOL,0.3,30.0
2025-09,10,OFC,0.0,0.0
2025-09,10,UEFA,0.6,60.0
2025-10,10,AFC,0.0,0.0
2025-10,10,CAF,0.0,0.0
2025-10,10,CONCACAF,0.1,10.0
2025-10,10,CONMEBOL,0.3,30.0
2025-10,10,OFC,0.0,0.0
2025-10,10,UEFA,0.6,60.0
2025-11,10,AFC,0.0,0.0
2025-11,10,CAF,0.0,0.0
2025-11,10,CONCACAF,0.1,10.0
2025-11,10,CONMEBOL,0.3,30.0
2025-11,10,OFC,0.0,0.0
2025-11,10,UEFA,0.6,60.0
2025-12,10,AFC,0.2,20.0
2025-12,10,CAF,0.8,80.0
2025-12,10,CONCACAF,0.0,0.0
2025-12,10,CONMEBOL,0.0,0.0
2025-12,10,OFC,0.0,0.0
2025-12,10,UEFA,0.0,0.0
2026-01,10,AFC,0.1,10.0
2026-01,10,CAF,0.6,60.0
2026-01,10,CONCACAF,0.2,20.0
2026-01,10,CONMEBOL,0.1,10.0
2026-01,10,OFC,0.0,0.0
2026-01,10,UEFA,0.0,0.0
2026-02,10,AFC,0.0,0.0
2026-02,10,CAF,0.0,0.0
2026-02,10,CONCACAF,0.5,50.0
2026-02,10,CONMEBOL,0.0,0.0
2026-02,10,OFC,0.0,0.0
2026-02,10,UEFA,0.5,50.0
2026-03,10,AFC,0.0,0.0
2026-03,10,CAF,0.0,0.0
2026-03,10,CONCACAF,0.1,10.0
2026-03,10,CONMEBOL,0.3,30.0
2026-03,10,OFC,0.0,0.0
2026-03,10,UEFA,0.6,60.0
2026-05,10,AFC,0.1,10.0
2026-05,10,CAF,0.3,30.0
2026-05,10,CONCACAF,0.1,10.0
2026-05,10,CONMEBOL,0.2,20.0
2026-05,10,OFC,0.0,0.0
2026-05,10,UEFA,0.3,30.0
2026-06,10,AFC,0.0,0.0
2026-06,10,CAF,0.1,10.0
2026-06,10,CONCACAF,0.2,20.0
2026-06,10,CONMEBOL,0.2,20.0
2026-06,10,OFC,0.0,0.0
2026-06,10,UEFA,0.5,50.0
2026-07,10,AFC,0.0,0.0
2026-07,10,CAF,0.1,10.0
2026-07,10,CONCACAF,0.1,10.0
2026-07,10,CONMEBOL,0.2,20.0
2026-07,10,OFC,0.0,0.0
2026-07,10,UEFA,0.6,60.0
1992-01,20,AFC,0.0,0.0
1992-01,20,CAF,0.55,55.00000000000001
1992-01,20,CONCACAF,0.05,5.0
1992-01,20,CONMEBOL,0.0,0.0
1992-01,20,OFC,0.05,5.0
1992-01,20,UEFA,0.35,35.0
1992-02,20,AFC,0.0,0.0
1992-02,20,CAF,0.1,10.0
1992-02,20,CONCACAF,0.05,5.0
1992-02,20,CONMEBOL,0.05,5.0
1992-02,20,OFC,0.05,5.0
1992-02,20,UEFA,0.75,75.0
1992-03,20,AFC,0.0,0.0
1992-03,20,CAF,0.05,5.0
1992-03,20,CONCACAF,0.15,15.0
1992-03,20,CONMEBOL,0.0,0.0
1992-03,20,OFC,0.0,0.0
1992-03,20,UEFA,0.8,80.0
1992-04,20,AFC,0.0,0.0
1992-04,20,CAF,0.1,10.0
1992-04,20,CONCACAF,0.05,5.0
1992-04,20,CONMEBOL,0.1,10.0
1992-04,20,OFC,0.0,0.0
1992-04,20,UEFA,0.75,75.0
1992-05,20,AFC,0.05,5.0
1992-05,20,CAF,0.05,5.0
1992-05,20,CONCACAF,0.0,0.0
1992-05,20,CONMEBOL,0.1,10.0
1992-05,20,OFC,0.0,0.0
1992-05,20,UEFA,0.8,80.0
1992-06,20,AFC,0.05,5.0
1992-06,20,CAF,0.0,0.0
1992-06,20,CONCACAF,0.1,10.0
1992-06,20,CONMEBOL,0.1,10.0
1992-06,20,OFC,0.05,5.0
1992-06,20,UEFA,0.7,70.0
1992-07,20,AFC,0.05,5.0
1992-07,20,CAF,0.25,25.0
1992-07,20,CONCACAF,0.2,20.0
1992-07,20,CONMEBOL,0.15,15.0
1992-07,20,OFC,0.25,25.0
1992-07,20,UEFA,0.1,10.0
1992-08,20,AFC,0.1,10.0
1992-08,20,CAF,0.15,15.0
1992-08,20,CONCACAF,0.15,15.0
1992-08,20,CONMEBOL,0.1,10.0
1992-08,20,OFC,0.05,5.0
1992-08,20,UEFA,0.45,45.0
1992-09,20,AFC,0.0,0.0
1992-09,20,CAF,0.0,0.0
1992-09,20,CONCACAF,0.0,0.0
1992-09,20,CONMEBOL,0.15,15.0
1992-09,20,OFC,0.05,5.0
1992-09,20,UEFA,0.8,80.0
1992-10,20,AFC,0.0,0.0
1992-10,20,CAF,0.05,5.0
1992-10,20,CONCACAF,0.05,5.0
1992-10,20,CONMEBOL,0.05,5.0
1992-10,20,OFC,0.0,0.0
1992-10,20,UEFA,0.85,85.0
1992-11,20,AFC,0.0,0.0
1992-11,20,CAF,0.0,0.0
1992-11,20,CONCACAF,0.05,5.0
1992-11,20,CONMEBOL,0.15,15.0
1992-11,20,OFC,0.0,0.0
1992-11,20,UEFA,0.8,80.0
1992-12,20,AFC,0.05,5.0
1992-12,20,CAF,0.4,40.0
1992-12,20,CONCACAF,0.15,15.0
1992-12,20,CONMEBOL,0.1,10.0
1992-12,20,OFC,0.0,0.0
1992-12,20,UEFA,0.3,30.0
1993-01,20,AFC,0.0,0.0
1993-01,20,CAF,0.45,45.0
1993-01,20,CONCACAF,0.15,15.0
1993-01,20,CONMEBOL,0.0,0.0
1993-01,20,OFC,0.0,0.0
1993-01,20,UEFA,0.4,40.0
1993-02,20,AFC,0.0,0.0
1993-02,20,CAF,0.1,10.0
1993-02,20,CONCACAF,0.05,5.0
1993-02,20,CONMEBOL,0.1,10.0
1993-02,20,OFC,0.0,0.0
1993-02,20,UEFA,0.75,75.0
1993-03,20,AFC,0.0,0.0
1993-03,20,CAF,0.0,0.0
1993-03,20,CONCACAF,0.05,5.0
1993-03,20,CONMEBOL,0.1,10.0
1993-03,20,OFC,0.0,0.0
1993-03,20,UEFA,0.85,85.0
1993-04,20,AFC,0.0,0.0
1993-04,20,CAF,0.1,10.0
1993-04,20,CONCACAF,0.05,5.0
1993-04,20,CONMEBOL,0.0,0.0
1993-04,20,OFC,0.05,5.0
1993-04,20,UEFA,0.8,80.0
1993-05,20,AFC,0.2,20.0
1993-05,20,CAF,0.1,10.0
1993-05,20,CONCACAF,0.1,10.0
1993-05,20,CONMEBOL,0.05,5.0
1993-05,20,OFC,0.05,5.0
1993-05,20,UEFA,0.5,50.0
1993-06,20,AFC,0.0,0.0
1993-06,20,CAF,0.05,5.0
1993-06,20,CONCACAF,0.1,10.0
1993-06,20,CONMEBOL,0.15,15.0
1993-06,20,OFC,0.05,5.0
1993-06,20,UEFA,0.65,65.0
1993-07,20,AFC,0.05,5.0
1993-07,20,CAF,0.45,45.0
1993-07,20,CONCACAF,0.15,15.0
1993-07,20,CONMEBOL,0.2,20.0
1993-07,20,OFC,0.05,5.0
1993-07,20,UEFA,0.1,10.0
1993-08,20,AFC,0.0,0.0
1993-08,20,CAF,0.15,15.0
1993-08,20,CONCACAF,0.2,20.0
1993-08,20,CONMEBOL,0.3,30.0
1993-08,20,OFC,0.05,5.0
1993-08,20,UEFA,0.3,30.0
1993-09,20,AFC,0.0,0.0
1993-09,20,CAF,0.0,0.0
1993-09,20,CONCACAF,0.1,10.0
1993-09,20,CONMEBOL,0.1,10.0
1993-09,20,OFC,0.0,0.0
1993-09,20,UEFA,0.8,80.0
1993-10,20,AFC,0.05,5.0
1993-10,20,CAF,0.0,0.0
1993-10,20,CONCACAF,0.05,5.0
1993-10,20,CONMEBOL,0.05,5.0
1993-10,20,OFC,0.0,0.0
1993-10,20,UEFA,0.85,85.0
1993-11,20,AFC,0.0,0.0
1993-11,20,CAF,0.0,0.0
1993-11,20,CONCACAF,0.05,5.0
1993-11,20,CONMEBOL,0.1,10.0
1993-11,20,OFC,0.0,0.0
1993-11,20,UEFA,0.85,85.0
1993-12,20,AFC,0.0,0.0
1993-12,20,CAF,0.45,45.0
1993-12,20,CONCACAF,0.15,15.0
1993-12,20,CONMEBOL,0.15,15.0
1993-12,20,OFC,0.2,20.0
1993-12,20,UEFA,0.05,5.0
1994-01,20,AFC,0.1,10.0
1994-01,20,CAF,0.3,30.0
1994-01,20,CONCACAF,0.2,20.0
1994-01,20,CONMEBOL,0.0,0.0
1994-01,20,OFC,0.0,0.0
1994-01,20,UEFA,0.4,40.0
1994-02,20,AFC,0.1,10.0
1994-02,20,CAF,0.3,30.0
1994-02,20,CONCACAF,0.15,15.0
1994-02,20,CONMEBOL,0.05,5.0
1994-02,20,OFC,0.0,0.0
1994-02,20,UEFA,0.4,40.0
1994-03,20,AFC,0.05,5.0
1994-03,20,CAF,0.15,15.0
1994-03,20,CONCACAF,0.1,10.0
1994-03,20,CONMEBOL,0.1,10.0
1994-03,20,OFC,0.0,0.0
1994-03,20,UEFA,0.6,60.0
1994-04,20,AFC,0.0,0.0
1994-04,20,CAF,0.2,20.0
1994-04,20,CONCACAF,0.05,5.0
1994-04,20,CONMEBOL,0.1,10.0
1994-04,20,OFC,0.0,0.0
1994-04,20,UEFA,0.65,65.0
1994-05,20,AFC,0.0,0.0
1994-05,20,CAF,0.05,5.0
1994-05,20,CONCACAF,0.05,5.0
1994-05,20,CONMEBOL,0.15,15.0
1994-05,20,OFC,0.1,10.0
1994-05,20,UEFA,0.65,65.0
1994-06,20,AFC,0.05,5.0
1994-06,20,CAF,0.1,10.0
1994-06,20,CONCACAF,0.1,10.0
1994-06,20,CONMEBOL,0.1,10.0
1994-06,20,OFC,0.0,0.0
1994-06,20,UEFA,0.65,65.0
1994-07,20,AFC,0.1,10.0
1994-07,20,CAF,0.1,10.0
1994-07,20,CONCACAF,0.1,10.0
1994-07,20,CONMEBOL,0.1,10.0
1994-07,20,OFC,0.1,10.0
1994-07,20,UEFA,0.5,50.0
1994-08,20,AFC,0.0,0.0
1994-08,20,CAF,0.3,30.0
1994-08,20,CONCACAF,0.0,0.0
1994-08,20,CONMEBOL,0.05,5.0
1994-08,20,OFC,0.0,0.0
1994-08,20,UEFA,0.65,65.0
1994-09,20,AFC,0.05,5.0
1994-09,20,CAF,0.05,5.0
1994-09,20,CONCACAF,0.0,0.0
1994-09,20,CONMEBOL,0.0,0.0
1994-09,20,OFC,0.05,5.0
1994-09,20,UEFA,0.85,85.0
1994-10,20,AFC,0.0,0.0
1994-10,20,CAF,0.05,5.0
1994-10,20,CONCACAF,0.0,0.0
1994-10,20,CONMEBOL,0.05,5.0
1994-10,20,OFC,0.0,0.0
1994-10,20,UEFA,0.9,90.0
1994-11,20,AFC,0.0,0.0
1994-11,20,CAF,0.05,5.0
1994-11,20,CONCACAF,0.0,0.0
1994-11,20,CONMEBOL,0.05,5.0
1994-11,20,OFC,0.05,5.0
1994-11,20,UEFA,0.85,85.0
1994-12,20,AFC,0.0,0.0
1994-12,20,CAF,0.15,15.0
1994-12,20,CONCACAF,0.05,5.0
1994-12,20,CONMEBOL,0.1,10.0
1994-12,20,OFC,0.0,0.0
1994-12,20,UEFA,0.7,70.0
1995-01,20,AFC,0.15,15.0
1995-01,20,CAF,0.35,35.0
1995-01,20,CONCACAF,0.1,10.0
1995-01,20,CONMEBOL,0.1,10.0
1995-01,20,OFC,0.0,0.0
1995-01,20,UEFA,0.3,30.0
1995-02,20,AFC,0.15,15.0
1995-02,20,CAF,0.05,5.0
1995-02,20,CONCACAF,0.1,10.0
1995-02,20,CONMEBOL,0.15,15.0
1995-02,20,OFC,0.05,5.0
1995-02,20,UEFA,0.5,50.0
1995-03,20,AFC,0.0,0.0
1995-03,20,CAF,0.0,0.0
1995-03,20,CONCACAF,0.1,10.0
1995-03,20,CONMEBOL,0.05,5.0
1995-03,20,OFC,0.05,5.0
1995-03,20,UEFA,0.8,80.0
1995-04,20,AFC,0.0,0.0
1995-04,20,CAF,0.05,5.0
1995-04,20,CONCACAF,0.0,0.0
1995-04,20,CONMEBOL,0.05,5.0
1995-04,20,OFC,0.0,0.0
1995-04,20,UEFA,0.9,90.0
1995-05,20,AFC,0.05,5.0
1995-05,20,CAF,0.25,25.0
1995-05,20,CONCACAF,0.1,10.0
1995-05,20,CONMEBOL,0.25,25.0
1995-05,20,OFC,0.0,0.0
1995-05,20,UEFA,0.35,35.0
1995-06,20,AFC,0.0,0.0
1995-06,20,CAF,0.0,0.0
1995-06,20,CONCACAF,0.1,10.0
1995-06,20,CONMEBOL,0.1,10.0
1995-06,20,OFC,0.05,5.0
1995-06,20,UEFA,0.75,75.0
1995-07,20,AFC,0.05,5.0
1995-07,20,CAF,0.3,30.0
1995-07,20,CONCACAF,0.15,15.0
1995-07,20,CONMEBOL,0.35,35.0
1995-07,20,OFC,0.0,0.0
1995-07,20,UEFA,0.15,15.0
1995-08,20,AFC,0.1,10.0
1995-08,20,CAF,0.05,5.0
1995-08,20,CONCACAF,0.05,5.0
1995-08,20,CONMEBOL,0.05,5.0
1995-08,20,OFC,0.1,10.0
1995-08,20,UEFA,0.65,65.0
1995-09,20,AFC,0.0,0.0
1995-09,20,CAF,0.0,0.0
1995-09,20,CONCACAF,0.05,5.0
1995-09,20,CONMEBOL,0.15,15.0
1995-09,20,OFC,0.0,0.0
1995-09,20,UEFA,0.8,80.0
1995-10,20,AFC,0.0,0.0
1995-10,20,CAF,0.05,5.0
1995-10,20,CONCACAF,0.1,10.0
1995-10,20,CONMEBOL,0.15,15.0
1995-10,20,OFC,0.0,0.0
1995-10,20,UEFA,0.7,70.0
1995-11,20,AFC,0.0,0.0
1995-11,20,CAF,0.05,5.0
1995-11,20,CONCACAF,0.05,5.0
1995-11,20,CONMEBOL,0.1,10.0
1995-11,20,OFC,0.05,5.0
1995-11,20,UEFA,0.75,75.0
1995-12,20,AFC,0.0,0.0
1995-12,20,CAF,0.4,40.0
1995-12,20,CONCACAF,0.15,15.0
1995-12,20,CONMEBOL,0.15,15.0
1995-12,20,OFC,0.0,0.0
1995-12,20,UEFA,0.3,30.0
1996-01,20,AFC,0.1,10.0
1996-01,20,CAF,0.5,50.0
1996-01,20,CONCACAF,0.25,25.0
1996-01,20,CONMEBOL,0.05,5.0
1996-01,20,OFC,0.0,0.0
1996-01,20,UEFA,0.1,10.0
1996-02,20,AFC,0.1,10.0
1996-02,20,CAF,0.15,15.0
1996-02,20,CONCACAF,0.05,5.0
1996-02,20,CONMEBOL,0.2,20.0
1996-02,20,OFC,0.05,5.0
1996-02,20,UEFA,0.45,45.0
1996-03,20,AFC,0.0,0.0
1996-03,20,CAF,0.05,5.0
1996-03,20,CONCACAF,0.05,5.0
1996-03,20,CONMEBOL,0.1,10.0
1996-03,20,OFC,0.0,0.0
1996-03,20,UEFA,0.8,80.0
1996-04,20,AFC,0.0,0.0
1996-04,20,CAF,0.05,5.0
1996-04,20,CONCACAF,0.05,5.0
1996-04,20,CONMEBOL,0.15,15.0
1996-04,20,OFC,0.0,0.0
1996-04,20,UEFA,0.75,75.0
1996-05,20,AFC,0.05,5.0
1996-05,20,CAF,0.05,5.0
1996-05,20,CONCACAF,0.15,15.0
1996-05,20,CONMEBOL,0.05,5.0
1996-05,20,OFC,0.05,5.0
1996-05,20,UEFA,0.65,65.0
1996-06,20,AFC,0.0,0.0
1996-06,20,CAF,0.05,5.0
1996-06,20,CONCACAF,0.1,10.0
1996-06,20,CONMEBOL,0.05,5.0
1996-06,20,OFC,0.0,0.0
1996-06,20,UEFA,0.8,80.0
1996-07,20,AFC,0.3,30.0
1996-07,20,CAF,0.05,5.0
1996-07,20,CONCACAF,0.2,20.0
1996-07,20,CONMEBOL,0.35,35.0
1996-07,20,OFC,0.0,0.0
1996-07,20,UEFA,0.1,10.0
1996-08,20,AFC,0.1,10.0
1996-08,20,CAF,0.0,0.0
1996-08,20,CONCACAF,0.1,10.0
1996-08,20,CONMEBOL,0.2,20.0
1996-08,20,OFC,0.0,0.0
1996-08,20,UEFA,0.6,60.0
1996-09,20,AFC,0.05,5.0
1996-09,20,CAF,0.1,10.0
1996-09,20,CONCACAF,0.1,10.0
1996-09,20,CONMEBOL,0.2,20.0
1996-09,20,OFC,0.05,5.0
1996-09,20,UEFA,0.5,50.0
1996-10,20,AFC,0.05,5.0
1996-10,20,CAF,0.0,0.0
1996-10,20,CONCACAF,0.05,5.0
1996-10,20,CONMEBOL,0.15,15.0
1996-10,20,OFC,0.05,5.0
1996-10,20,UEFA,0.7,70.0
1996-11,20,AFC,0.0,0.0
1996-11,20,CAF,0.05,5.0
1996-11,20,CONCACAF,0.05,5.0
1996-11,20,CONMEBOL,0.1,10.0
1996-11,20,OFC,0.05,5.0
1996-11,20,UEFA,0.75,75.0
1996-12,20,AFC,0.2,20.0
1996-12,20,CAF,0.0,0.0
1996-12,20,CONCACAF,0.05,5.0
1996-12,20,CONMEBOL,0.25,25.0
1996-12,20,OFC,0.0,0.0
1996-12,20,UEFA,0.5,50.0
1997-01,20,AFC,0.05,5.0
1997-01,20,CAF,0.3,30.0
1997-01,20,CONCACAF,0.05,5.0
1997-01,20,CONMEBOL,0.35,35.0
1997-01,20,OFC,0.05,5.0
1997-01,20,UEFA,0.2,20.0
1997-02,20,AFC,0.15,15.0
1997-02,20,CAF,0.0,0.0
1997-02,20,CONCACAF,0.1,10.0
1997-02,20,CONMEBOL,0.2,20.0
1997-02,20,OFC,0.0,0.0
1997-02,20,UEFA,0.55,55.00000000000001
1997-03,20,AFC,0.2,20.0
1997-03,20,CAF,0.0,0.0
1997-03,20,CONCACAF,0.05,5.0
1997-03,20,CONMEBOL,0.0,0.0
1997-03,20,OFC,0.05,5.0
1997-03,20,UEFA,0.7,70.0
1997-04,20,AFC,0.05,5.0
1997-04,20,CAF,0.0,0.0
1997-04,20,CONCACAF,0.0,0.0
1997-04,20,CONMEBOL,0.15,15.0
1997-04,20,OFC,0.05,5.0
1997-04,20,UEFA,0.75,75.0
1997-05,20,AFC,0.25,25.0
1997-05,20,CAF,0.3,30.0
1997-05,20,CONCACAF,0.05,5.0
1997-05,20,CONMEBOL,0.1,10.0
1997-05,20,OFC,0.0,0.0
1997-05,20,UEFA,0.3,30.0
1997-06,20,AFC,0.05,5.0
1997-06,20,CAF,0.0,0.0
1997-06,20,CONCACAF,0.05,5.0
1997-06,20,CONMEBOL,0.1,10.0
1997-06,20,OFC,0.05,5.0
1997-06,20,UEFA,0.75,75.0
1997-07,20,AFC,0.0,0.0
1997-07,20,CAF,0.4,40.0
1997-07,20,CONCACAF,0.1,10.0
1997-07,20,CONMEBOL,0.35,35.0
1997-07,20,OFC,0.1,10.0
1997-07,20,UEFA,0.05,5.0
1997-08,20,AFC,0.1,10.0
1997-08,20,CAF,0.15,15.0
1997-08,20,CONCACAF,0.0,0.0
1997-08,20,CONMEBOL,0.25,25.0
1997-08,20,OFC,0.0,0.0
1997-08,20,UEFA,0.5,50.0
1997-09,20,AFC,0.1,10.0
1997-09,20,CAF,0.0,0.0
1997-09,20,CONCACAF,0.0,0.0
1997-09,20,CONMEBOL,0.15,15.0
1997-09,20,OFC,0.0,0.0
1997-09,20,UEFA,0.75,75.0
1997-10,20,AFC,0.05,5.0
1997-10,20,CAF,0.05,5.0
1997-10,20,CONCACAF,0.0,0.0
1997-10,20,CONMEBOL,0.15,15.0
1997-10,20,OFC,0.0,0.0
1997-10,20,UEFA,0.75,75.0
1997-11,20,AFC,0.15,15.0
1997-11,20,CAF,0.05,5.0
1997-11,20,CONCACAF,0.05,5.0
1997-11,20,CONMEBOL,0.15,15.0
1997-11,20,OFC,0.05,5.0
1997-11,20,UEFA,0.55,55.00000000000001
1997-12,20,AFC,0.1,10.0
1997-12,20,CAF,0.5,50.0
1997-12,20,CONCACAF,0.1,10.0
1997-12,20,CONMEBOL,0.1,10.0
1997-12,20,OFC,0.05,5.0
1997-12,20,UEFA,0.15,15.0
1998-01,20,AFC,0.1,10.0
1998-01,20,CAF,0.4,40.0
1998-01,20,CONCACAF,0.1,10.0
1998-01,20,CONMEBOL,0.05,5.0
1998-01,20,OFC,0.0,0.0
1998-01,20,UEFA,0.35,35.0
1998-02,20,AFC,0.1,10.0
1998-02,20,CAF,0.1,10.0
1998-02,20,CONCACAF,0.15,15.0
1998-02,20,CONMEBOL,0.2,20.0
1998-02,20,OFC,0.05,5.0
1998-02,20,UEFA,0.4,40.0
1998-03,20,AFC,0.15,15.0
1998-03,20,CAF,0.0,0.0
1998-03,20,CONCACAF,0.05,5.0
1998-03,20,CONMEBOL,0.15,15.0
1998-03,20,OFC,0.0,0.0
1998-03,20,UEFA,0.65,65.0
1998-04,20,AFC,0.1,10.0
1998-04,20,CAF,0.0,0.0
1998-04,20,CONCACAF,0.05,5.0
1998-04,20,CONMEBOL,0.15,15.0
1998-04,20,OFC,0.0,0.0
1998-04,20,UEFA,0.7,70.0
1998-05,20,AFC,0.1,10.0
1998-05,20,CAF,0.05,5.0
1998-05,20,CONCACAF,0.15,15.0
1998-05,20,CONMEBOL,0.15,15.0
1998-05,20,OFC,0.0,0.0
1998-05,20,UEFA,0.55,55.00000000000001
1998-06,20,AFC,0.0,0.0
1998-06,20,CAF,0.05,5.0
1998-06,20,CONCACAF,0.05,5.0
1998-06,20,CONMEBOL,0.2,20.0
1998-06,20,OFC,0.05,5.0
1998-06,20,UEFA,0.65,65.0
1998-07,20,AFC,0.05,5.0
1998-07,20,CAF,0.3,30.0
1998-07,20,CONCACAF,0.15,15.0
1998-07,20,CONMEBOL,0.1,10.0
1998-07,20,OFC,0.0,0.0
1998-07,20,UEFA,0.4,40.0
1998-08,20,AFC,0.0,0.0
1998-08,20,CAF,0.25,25.0
1998-08,20,CONCACAF,0.0,0.0
1998-08,20,CONMEBOL,0.0,0.0
1998-08,20,OFC,0.0,0.0
1998-08,20,UEFA,0.75,75.0
1998-09,20,AFC,0.05,5.0
1998-09,20,CAF,0.1,10.0
1998-09,20,CONCACAF,0.0,0.0
1998-09,20,CONMEBOL,0.05,5.0
1998-09,20,OFC,0.05,5.0
1998-09,20,UEFA,0.75,75.0
1998-10,20,AFC,0.05,5.0
1998-10,20,CAF,0.0,0.0
1998-10,20,CONCACAF,0.0,0.0
1998-10,20,CONMEBOL,0.15,15.0
1998-10,20,OFC,0.05,5.0
1998-10,20,UEFA,0.75,75.0
1998-11,20,AFC,0.2,20.0
1998-11,20,CAF,0.05,5.0
1998-11,20,CONCACAF,0.05,5.0
1998-11,20,CONMEBOL,0.05,5.0
1998-11,20,OFC,0.05,5.0
1998-11,20,UEFA,0.6,60.0
1998-12,20,AFC,0.55,55.00000000000001
1998-12,20,CAF,0.3,30.0
1998-12,20,CONCACAF,0.0,0.0
1998-12,20,CONMEBOL,0.05,5.0
1998-12,20,OFC,0.0,0.0
1998-12,20,UEFA,0.1,10.0
1999-01,20,AFC,0.0,0.0
1999-01,20,CAF,0.65,65.0
1999-01,20,CONCACAF,0.1,10.0
1999-01,20,CONMEBOL,0.1,10.0
1999-01,20,OFC,0.0,0.0
1999-01,20,UEFA,0.15,15.0
1999-02,20,AFC,0.05,5.0
1999-02,20,CAF,0.05,5.0
1999-02,20,CONCACAF,0.05,5.0
1999-02,20,CONMEBOL,0.15,15.0
1999-02,20,OFC,0.0,0.0
1999-02,20,UEFA,0.7,70.0
1999-03,20,AFC,0.05,5.0
1999-03,20,CAF,0.0,0.0
1999-03,20,CONCACAF,0.05,5.0
1999-03,20,CONMEBOL,0.15,15.0
1999-03,20,OFC,0.0,0.0
1999-03,20,UEFA,0.75,75.0
1999-04,20,AFC,0.0,0.0
1999-04,20,CAF,0.05,5.0
1999-04,20,CONCACAF,0.1,10.0
1999-04,20,CONMEBOL,0.15,15.0
1999-04,20,OFC,0.0,0.0
1999-04,20,UEFA,0.7,70.0
1999-05,20,AFC,0.0,0.0
1999-05,20,CAF,0.1,10.0
1999-05,20,CONCACAF,0.3,30.0
1999-05,20,CONMEBOL,0.1,10.0
1999-05,20,OFC,0.0,0.0
1999-05,20,UEFA,0.5,50.0
1999-06,20,AFC,0.1,10.0
1999-06,20,CAF,0.05,5.0
1999-06,20,CONCACAF,0.05,5.0
1999-06,20,CONMEBOL,0.1,10.0
1999-06,20,OFC,0.0,0.0
1999-06,20,UEFA,0.7,70.0
1999-07,20,AFC,0.1,10.0
1999-07,20,CAF,0.1,10.0
1999-07,20,CONCACAF,0.3,30.0
1999-07,20,CONMEBOL,0.4,40.0
1999-07,20,OFC,0.05,5.0
1999-07,20,UEFA,0.05,5.0
1999-08,20,AFC,0.1,10.0
1999-08,20,CAF,0.0,0.0
1999-08,20,CONCACAF,0.1,10.0
1999-08,20,CONMEBOL,0.1,10.0
1999-08,20,OFC,0.0,0.0
1999-08,20,UEFA,0.7,70.0
1999-09,20,AFC,0.05,5.0
1999-09,20,CAF,0.05,5.0
1999-09,20,CONCACAF,0.05,5.0
1999-09,20,CONMEBOL,0.1,10.0
1999-09,20,OFC,0.0,0.0
1999-09,20,UEFA,0.75,75.0
1999-10,20,AFC,0.05,5.0
1999-10,20,CAF,0.0,0.0
1999-10,20,CONCACAF,0.05,5.0
1999-10,20,CONMEBOL,0.15,15.0
1999-10,20,OFC,0.0,0.0
1999-10,20,UEFA,0.75,75.0
1999-11,20,AFC,0.0,0.0
1999-11,20,CAF,0.05,5.0
1999-11,20,CONCACAF,0.05,5.0
1999-11,20,CONMEBOL,0.2,20.0
1999-11,20,OFC,0.0,0.0
1999-11,20,UEFA,0.7,70.0
1999-12,20,AFC,0.0,0.0
1999-12,20,CAF,0.65,65.0
1999-12,20,CONCACAF,0.2,20.0
1999-12,20,CONMEBOL,0.05,5.0
1999-12,20,OFC,0.0,0.0
1999-12,20,UEFA,0.1,10.0
2000-01,20,AFC,0.2,20.0
2000-01,20,CAF,0.35,35.0
2000-01,20,CONCACAF,0.25,25.0
2000-01,20,CONMEBOL,0.05,5.0
2000-01,20,OFC,0.0,0.0
2000-01,20,UEFA,0.15,15.0
2000-02,20,AFC,0.05,5.0
2000-02,20,CAF,0.0,0.0
2000-02,20,CONCACAF,0.15,15.0
2000-02,20,CONMEBOL,0.1,10.0
2000-02,20,OFC,0.05,5.0
2000-02,20,UEFA,0.65,65.0
2000-03,20,AFC,0.1,10.0
2000-03,20,CAF,0.0,0.0
2000-03,20,CONCACAF,0.05,5.0
2000-03,20,CONMEBOL,0.15,15.0
2000-03,20,OFC,0.0,0.0
2000-03,20,UEFA,0.7,70.0
2000-04,20,AFC,0.05,5.0
2000-04,20,CAF,0.05,5.0
2000-04,20,CONCACAF,0.05,5.0
2000-04,20,CONMEBOL,0.15,15.0
2000-04,20,OFC,0.0,0.0
2000-04,20,UEFA,0.7,70.0
2000-05,20,AFC,0.25,25.0
2000-05,20,CAF,0.05,5.0
2000-05,20,CONCACAF,0.1,10.0
2000-05,20,CONMEBOL,0.05,5.0
2000-05,20,OFC,0.0,0.0
2000-05,20,UEFA,0.55,55.00000000000001
2000-06,20,AFC,0.05,5.0
2000-06,20,CAF,0.0,0.0
2000-06,20,CONCACAF,0.15,15.0
2000-06,20,CONMEBOL,0.1,10.0
2000-06,20,OFC,0.05,5.0
2000-06,20,UEFA,0.65,65.0
2000-07,20,AFC,0.1,10.0
2000-07,20,CAF,0.25,25.0
2000-07,20,CONCACAF,0.3,30.0
2000-07,20,CONMEBOL,0.25,25.0
2000-07,20,OFC,0.0,0.0
2000-07,20,UEFA,0.1,10.0
2000-08,20,AFC,0.05,5.0
2000-08,20,CAF,0.0,0.0
2000-08,20,CONCACAF,0.15,15.0
2000-08,20,CONMEBOL,0.15,15.0
2000-08,20,OFC,0.0,0.0
2000-08,20,UEFA,0.65,65.0
2000-09,20,AFC,0.0,0.0
2000-09,20,CAF,0.0,0.0
2000-09,20,CONCACAF,0.1,10.0
2000-09,20,CONMEBOL,0.15,15.0
2000-09,20,OFC,0.0,0.0
2000-09,20,UEFA,0.75,75.0
2000-10,20,AFC,0.1,10.0
2000-10,20,CAF,0.05,5.0
2000-10,20,CONCACAF,0.1,10.0
2000-10,20,CONMEBOL,0.15,15.0
2000-10,20,OFC,0.05,5.0
2000-10,20,UEFA,0.55,55.00000000000001
2000-11,20,AFC,0.05,5.0
2000-11,20,CAF,0.0,0.0
2000-11,20,CONCACAF,0.2,20.0
2000-11,20,CONMEBOL,0.15,15.0
2000-11,20,OFC,0.05,5.0
2000-11,20,UEFA,0.55,55.00000000000001
2000-12,20,AFC,0.1875,18.75
2000-12,20,CAF,0.375,37.5
2000-12,20,CONCACAF,0.0625,6.25
2000-12,20,CONMEBOL,0.0625,6.25
2000-12,20,OFC,0.0,0.0
2000-12,20,UEFA,0.3125,31.25
2001-01,20,AFC,0.2,20.0
2001-01,20,CAF,0.35,35.0
2001-01,20,CONCACAF,0.2,20.0
2001-01,20,CONMEBOL,0.05,5.0
2001-01,20,OFC,0.0,0.0
2001-01,20,UEFA,0.2,20.0
2001-02,20,AFC,0.1,10.0
2001-02,20,CAF,0.05,5.0
2001-02,20,CONCACAF,0.1,10.0
2001-02,20,CONMEBOL,0.05,5.0
2001-02,20,OFC,0.05,5.0
2001-02,20,UEFA,0.65,65.0
2001-03,20,AFC,0.05,5.0
2001-03,20,CAF,0.0,0.0
2001-03,20,CONCACAF,0.1,10.0
2001-03,20,CONMEBOL,0.15,15.0
2001-03,20,OFC,0.0,0.0
2001-03,20,UEFA,0.7,70.0
2001-04,20,AFC,0.05,5.0
2001-04,20,CAF,0.05,5.0
2001-04,20,CONCACAF,0.1,10.0
2001-04,20,CONMEBOL,0.15,15.0
2001-04,20,OFC,0.05,5.0
2001-04,20,UEFA,0.6,60.0
2001-05,20,AFC,0.15,15.0
2001-05,20,CAF,0.35,35.0
2001-05,20,CONCACAF,0.2,20.0
2001-05,20,CONMEBOL,0.05,5.0
2001-05,20,OFC,0.05,5.0
2001-05,20,UEFA,0.2,20.0
2001-06,20,AFC,0.1,10.0
2001-06,20,CAF,0.0,0.0
2001-06,20,CONCACAF,0.05,5.0
2001-06,20,CONMEBOL,0.15,15.0
2001-06,20,OFC,0.05,5.0
2001-06,20,UEFA,0.65,65.0
2001-07,20,AFC,0.15,15.0
2001-07,20,CAF,0.35,35.0
2001-07,20,CONCACAF,0.25,25.0
2001-07,20,CONMEBOL,0.2,20.0
2001-07,20,OFC,0.0,0.0
2001-07,20,UEFA,0.05,5.0
2001-08,20,AFC,0.1,10.0
2001-08,20,CAF,0.0,0.0
2001-08,20,CONCACAF,0.05,5.0
2001-08,20,CONMEBOL,0.1,10.0
2001-08,20,OFC,0.05,5.0
2001-08,20,UEFA,0.7,70.0
2001-09,20,AFC,0.05,5.0
2001-09,20,CAF,0.0,0.0
2001-09,20,CONCACAF,0.2,20.0
2001-09,20,CONMEBOL,0.1,10.0
2001-09,20,OFC,0.0,0.0
2001-09,20,UEFA,0.65,65.0
2001-10,20,AFC,0.05,5.0
2001-10,20,CAF,0.0,0.0
2001-10,20,CONCACAF,0.15,15.0
2001-10,20,CONMEBOL,0.15,15.0
2001-10,20,OFC,0.0,0.0
2001-10,20,UEFA,0.65,65.0
2001-11,20,AFC,0.1,10.0
2001-11,20,CAF,0.0,0.0
2001-11,20,CONCACAF,0.15,15.0
2001-11,20,CONMEBOL,0.05,5.0
2001-11,20,OFC,0.05,5.0
2001-11,20,UEFA,0.65,65.0
2001-12,20,AFC,0.3,30.0
2001-12,20,CAF,0.5,50.0
2001-12,20,CONCACAF,0.15,15.0
2001-12,20,CONMEBOL,0.05,5.0
2001-12,20,OFC,0.0,0.0
2001-12,20,UEFA,0.0,0.0
2002-01,20,AFC,0.2,20.0
2002-01,20,CAF,0.45,45.0
2002-01,20,CONCACAF,0.2,20.0
2002-01,20,CONMEBOL,0.1,10.0
2002-01,20,OFC,0.0,0.0
2002-01,20,UEFA,0.05,5.0
2002-02,20,AFC,0.0,0.0
2002-02,20,CAF,0.05,5.0
2002-02,20,CONCACAF,0.15,15.0
2002-02,20,CONMEBOL,0.15,15.0
2002-02,20,OFC,0.0,0.0
2002-02,20,UEFA,0.65,65.0
2002-03,20,AFC,0.05,5.0
2002-03,20,CAF,0.15,15.0
2002-03,20,CONCACAF,0.1,10.0
2002-03,20,CONMEBOL,0.1,10.0
2002-03,20,OFC,0.0,0.0
2002-03,20,UEFA,0.6,60.0
2002-04,20,AFC,0.05,5.0
2002-04,20,CAF,0.1,10.0
2002-04,20,CONCACAF,0.15,15.0
2002-04,20,CONMEBOL,0.1,10.0
2002-04,20,OFC,0.0,0.0
2002-04,20,UEFA,0.6,60.0
2002-05,20,AFC,0.05,5.0
2002-05,20,CAF,0.15,15.0
2002-05,20,CONCACAF,0.15,15.0
2002-05,20,CONMEBOL,0.1,10.0
2002-05,20,OFC,0.0,0.0
2002-05,20,UEFA,0.55,55.00000000000001
2002-06,20,AFC,0.05,5.0
2002-06,20,CAF,0.1,10.0
2002-06,20,CONCACAF,0.1,10.0
2002-06,20,CONMEBOL,0.15,15.0
2002-06,20,OFC,0.0,0.0
2002-06,20,UEFA,0.6,60.0
2002-07,20,AFC,0.1,10.0
2002-07,20,CAF,0.3,30.0
2002-07,20,CONCACAF,0.25,25.0
2002-07,20,CONMEBOL,0.0,0.0
2002-07,20,OFC,0.25,25.0
2002-07,20,UEFA,0.1,10.0
2002-08,20,AFC,0.05,5.0
2002-08,20,CAF,0.0,0.0
2002-08,20,CONCACAF,0.0,0.0
2002-08,20,CONMEBOL,0.1,10.0
2002-08,20,OFC,0.0,0.0
2002-08,20,UEFA,0.85,85.0
2002-09,20,AFC,0.05,5.0
2002-09,20,CAF,0.1,10.0
2002-09,20,CONCACAF,0.0,0.0
2002-09,20,CONMEBOL,0.05,5.0
2002-09,20,OFC,0.0,0.0
2002-09,20,UEFA,0.8,80.0
2002-10,20,AFC,0.05,5.0
2002-10,20,CAF,0.1,10.0
2002-10,20,CONCACAF,0.0,0.0
2002-10,20,CONMEBOL,0.05,5.0
2002-10,20,OFC,0.0,0.0
2002-10,20,UEFA,0.8,80.0
2002-11,20,AFC,0.0,0.0
2002-11,20,CAF,0.1,10.0
2002-11,20,CONCACAF,0.15,15.0
2002-11,20,CONMEBOL,0.1,10.0
2002-11,20,OFC,0.0,0.0
2002-11,20,UEFA,0.65,65.0
2002-12,20,AFC,0.4,40.0
2002-12,20,CAF,0.45,45.0
2002-12,20,CONCACAF,0.1,10.0
2002-12,20,CONMEBOL,0.05,5.0
2002-12,20,OFC,0.0,0.0
2002-12,20,UEFA,0.0,0.0
2003-01,20,AFC,0.15,15.0
2003-01,20,CAF,0.2,20.0
2003-01,20,CONCACAF,0.4,40.0
2003-01,20,CONMEBOL,0.05,5.0
2003-01,20,OFC,0.0,0.0
2003-01,20,UEFA,0.2,20.0
2003-02,20,AFC,0.0,0.0
2003-02,20,CAF,0.1,10.0
2003-02,20,CONCACAF,0.15,15.0
2003-02,20,CONMEBOL,0.1,10.0
2003-02,20,OFC,0.05,5.0
2003-02,20,UEFA,0.6,60.0
2003-03,20,AFC,0.0,0.0
2003-03,20,CAF,0.15,15.0
2003-03,20,CONCACAF,0.2,20.0
2003-03,20,CONMEBOL,0.05,5.0
2003-03,20,OFC,0.0,0.0
2003-03,20,UEFA,0.6,60.0
2003-04,20,AFC,0.05,5.0
2003-04,20,CAF,0.0,0.0
2003-04,20,CONCACAF,0.1,10.0
2003-04,20,CONMEBOL,0.15,15.0
2003-04,20,OFC,0.0,0.0
2003-04,20,UEFA,0.7,70.0
2003-05,20,AFC,0.1,10.0
2003-05,20,CAF,0.4,40.0
2003-05,20,CONCACAF,0.15,15.0
2003-05,20,CONMEBOL,0.0,0.0
2003-05,20,OFC,0.1,10.0
2003-05,20,UEFA,0.25,25.0
2003-06,20,AFC,0.0,0.0
2003-06,20,CAF,0.05,5.0
2003-06,20,CONCACAF,0.1,10.0
2003-06,20,CONMEBOL,0.15,15.0
2003-06,20,OFC,0.0,0.0
2003-06,20,UEFA,0.7,70.0
2003-07,20,AFC,0.0,0.0
2003-07,20,CAF,0.2,20.0
2003-07,20,CONCACAF,0.5,50.0
2003-07,20,CONMEBOL,0.25,25.0
2003-07,20,OFC,0.05,5.0
2003-07,20,UEFA,0.0,0.0
2003-08,20,AFC,0.0,0.0
2003-08,20,CAF,0.0,0.0
2003-08,20,CONCACAF,0.1,10.0
2003-08,20,CONMEBOL,0.15,15.0
2003-08,20,OFC,0.05,5.0
2003-08,20,UEFA,0.7,70.0
2003-09,20,AFC,0.0,0.0
2003-09,20,CAF,0.05,5.0
2003-09,20,CONCACAF,0.0,0.0
2003-09,20,CONMEBOL,0.15,15.0
2003-09,20,OFC,0.05,5.0
2003-09,20,UEFA,0.75,75.0
2003-10,20,AFC,0.05,5.0
2003-10,20,CAF,0.05,5.0
2003-10,20,CONCACAF,0.05,5.0
2003-10,20,CONMEBOL,0.1,10.0
2003-10,20,OFC,0.0,0.0
2003-10,20,UEFA,0.75,75.0
2003-11,20,AFC,0.0,0.0
2003-11,20,CAF,0.1,10.0
2003-11,20,CONCACAF,0.05,5.0
2003-11,20,CONMEBOL,0.2,20.0
2003-11,20,OFC,0.0,0.0
2003-11,20,UEFA,0.65,65.0
2003-12,20,AFC,0.5,50.0
2003-12,20,CAF,0.2,20.0
2003-12,20,CONCACAF,0.1,10.0
2003-12,20,CONMEBOL,0.1,10.0
2003-12,20,OFC,0.0,0.0
2003-12,20,UEFA,0.1,10.0
2004-01,20,AFC,0.2,20.0
2004-01,20,CAF,0.55,55.00000000000001
2004-01,20,CONCACAF,0.15,15.0
2004-01,20,CONMEBOL,0.0,0.0
2004-01,20,OFC,0.0,0.0
2004-01,20,UEFA,0.1,10.0
2004-02,20,AFC,0.05,5.0
2004-02,20,CAF,0.1,10.0
2004-02,20,CONCACAF,0.1,10.0
2004-02,20,CONMEBOL,0.1,10.0
2004-02,20,OFC,0.05,5.0
2004-02,20,UEFA,0.6,60.0
2004-03,20,AFC,0.0,0.0
2004-03,20,CAF,0.0,0.0
2004-03,20,CONCACAF,0.1,10.0
2004-03,20,CONMEBOL,0.15,15.0
2004-03,20,OFC,0.05,5.0
2004-03,20,UEFA,0.7,70.0
2004-04,20,AFC,0.05,5.0
2004-04,20,CAF,0.05,5.0
2004-04,20,CONCACAF,0.1,10.0
2004-04,20,CONMEBOL,0.15,15.0
2004-04,20,OFC,0.0,0.0
2004-04,20,UEFA,0.65,65.0
2004-05,20,AFC,0.05,5.0
2004-05,20,CAF,0.15,15.0
2004-05,20,CONCACAF,0.0,0.0
2004-05,20,CONMEBOL,0.05,5.0
2004-05,20,OFC,0.05,5.0
2004-05,20,UEFA,0.7,70.0
2004-06,20,AFC,0.05,5.0
2004-06,20,CAF,0.05,5.0
2004-06,20,CONCACAF,0.1,10.0
2004-06,20,CONMEBOL,0.1,10.0
2004-06,20,OFC,0.05,5.0
2004-06,20,UEFA,0.65,65.0
2004-07,20,AFC,0.15,15.0
2004-07,20,CAF,0.3,30.0
2004-07,20,CONCACAF,0.15,15.0
2004-07,20,CONMEBOL,0.2,20.0
2004-07,20,OFC,0.0,0.0
2004-07,20,UEFA,0.2,20.0
2004-08,20,AFC,0.1,10.0
2004-08,20,CAF,0.0,0.0
2004-08,20,CONCACAF,0.05,5.0
2004-08,20,CONMEBOL,0.1,10.0
2004-08,20,OFC,0.0,0.0
2004-08,20,UEFA,0.75,75.0
2004-09,20,AFC,0.1,10.0
2004-09,20,CAF,0.05,5.0
2004-09,20,CONCACAF,0.1,10.0
2004-09,20,CONMEBOL,0.15,15.0
2004-09,20,OFC,0.0,0.0
2004-09,20,UEFA,0.6,60.0
2004-10,20,AFC,0.05,5.0
2004-10,20,CAF,0.05,5.0
2004-10,20,CONCACAF,0.1,10.0
2004-10,20,CONMEBOL,0.1,10.0
2004-10,20,OFC,0.05,5.0
2004-10,20,UEFA,0.65,65.0
2004-11,20,AFC,0.05,5.0
2004-11,20,CAF,0.0,0.0
2004-11,20,CONCACAF,0.1,10.0
2004-11,20,CONMEBOL,0.15,15.0
2004-11,20,OFC,0.05,5.0
2004-11,20,UEFA,0.65,65.0
2004-12,20,AFC,0.35,35.0
2004-12,20,CAF,0.0,0.0
2004-12,20,CONCACAF,0.4,40.0
2004-12,20,CONMEBOL,0.05,5.0
2004-12,20,OFC,0.0,0.0
2004-12,20,UEFA,0.2,20.0
2005-01,20,AFC,0.3,30.0
2005-01,20,CAF,0.05,5.0
2005-01,20,CONCACAF,0.45,45.0
2005-01,20,CONMEBOL,0.1,10.0
2005-01,20,OFC,0.0,0.0
2005-01,20,UEFA,0.1,10.0
2005-02,20,AFC,0.1,10.0
2005-02,20,CAF,0.0,0.0
2005-02,20,CONCACAF,0.1,10.0
2005-02,20,CONMEBOL,0.1,10.0
2005-02,20,OFC,0.05,5.0
2005-02,20,UEFA,0.65,65.0
2005-03,20,AFC,0.1,10.0
2005-03,20,CAF,0.0,0.0
2005-03,20,CONCACAF,0.1,10.0
2005-03,20,CONMEBOL,0.15,15.0
2005-03,20,OFC,0.05,5.0
2005-03,20,UEFA,0.6,60.0
2005-04,20,AFC,0.0,0.0
2005-04,20,CAF,0.36363636363636365,36.36363636363637
2005-04,20,CONCACAF,0.2727272727272727,27.27272727272727
2005-04,20,CONMEBOL,0.09090909090909091,9.090909090909092
2005-04,20,OFC,0.0,0.0
2005-04,20,UEFA,0.2727272727272727,27.27272727272727
2005-05,20,AFC,0.2,20.0
2005-05,20,CAF,0.25,25.0
2005-05,20,CONCACAF,0.15,15.0
2005-05,20,CONMEBOL,0.15,15.0
2005-05,20,OFC,0.0,0.0
2005-05,20,UEFA,0.25,25.0
2005-06,20,AFC,0.1,10.0
2005-06,20,CAF,0.0,0.0
2005-06,20,CONCACAF,0.15,15.0
2005-06,20,CONMEBOL,0.1,10.0
2005-06,20,OFC,0.0,0.0
2005-06,20,UEFA,0.65,65.0
2005-07,20,AFC,0.3,30.0
2005-07,20,CAF,0.15,15.0
2005-07,20,CONCACAF,0.55,55.00000000000001
2005-07,20,CONMEBOL,0.0,0.0
2005-07,20,OFC,0.0,0.0
2005-07,20,UEFA,0.0,0.0
2005-08,20,AFC,0.1,10.0
2005-08,20,CAF,0.0,0.0
2005-08,20,CONCACAF,0.1,10.0
2005-08,20,CONMEBOL,0.1,10.0
2005-08,20,OFC,0.0,0.0
2005-08,20,UEFA,0.7,70.0
2005-09,20,AFC,0.05,5.0
2005-09,20,CAF,0.0,0.0
2005-09,20,CONCACAF,0.1,10.0
2005-09,20,CONMEBOL,0.1,10.0
2005-09,20,OFC,0.05,5.0
2005-09,20,UEFA,0.7,70.0
2005-10,20,AFC,0.0,0.0
2005-10,20,CAF,0.0,0.0
2005-10,20,CONCACAF,0.1,10.0
2005-10,20,CONMEBOL,0.15,15.0
2005-10,20,OFC,0.05,5.0
2005-10,20,UEFA,0.7,70.0
2005-11,20,AFC,0.1,10.0
2005-11,20,CAF,0.0,0.0
2005-11,20,CONCACAF,0.05,5.0
2005-11,20,CONMEBOL,0.15,15.0
2005-11,20,OFC,0.05,5.0
2005-11,20,UEFA,0.65,65.0
2005-12,20,AFC,0.4,40.0
2005-12,20,CAF,0.35,35.0
2005-12,20,CONCACAF,0.05,5.0
2005-12,20,CONMEBOL,0.15,15.0
2005-12,20,OFC,0.0,0.0
2005-12,20,UEFA,0.05,5.0
2006-01,20,AFC,0.05,5.0
2006-01,20,CAF,0.45,45.0
2006-01,20,CONCACAF,0.2,20.0
2006-01,20,CONMEBOL,0.05,5.0
2006-01,20,OFC,0.0,0.0
2006-01,20,UEFA,0.25,25.0
2006-02,20,AFC,0.2,20.0
2006-02,20,CAF,0.35,35.0
2006-02,20,CONCACAF,0.25,25.0
2006-02,20,CONMEBOL,0.0,0.0
2006-02,20,OFC,0.0,0.0
2006-02,20,UEFA,0.2,20.0
2006-03,20,AFC,0.05,5.0
2006-03,20,CAF,0.05,5.0
2006-03,20,CONCACAF,0.1,10.0
2006-03,20,CONMEBOL,0.1,10.0
2006-03,20,OFC,0.0,0.0
2006-03,20,UEFA,0.7,70.0
2006-04,20,AFC,0.3,30.0
2006-04,20,CAF,0.35,35.0
2006-04,20,CONCACAF,0.1,10.0
2006-04,20,CONMEBOL,0.05,5.0
2006-04,20,OFC,0.05,5.0
2006-04,20,UEFA,0.15,15.0
2006-05,20,AFC,0.1,10.0
2006-05,20,CAF,0.1,10.0
2006-05,20,CONCACAF,0.1,10.0
2006-05,20,CONMEBOL,0.1,10.0
2006-05,20,OFC,0.0,0.0
2006-05,20,UEFA,0.6,60.0
2006-06,20,AFC,0.05,5.0
2006-06,20,CAF,0.05,5.0
2006-06,20,CONCACAF,0.1,10.0
2006-06,20,CONMEBOL,0.15,15.0
2006-06,20,OFC,0.0,0.0
2006-06,20,UEFA,0.65,65.0
2006-07,20,AFC,0.2,20.0
2006-07,20,CAF,0.35,35.0
2006-07,20,CONCACAF,0.1,10.0
2006-07,20,CONMEBOL,0.05,5.0
2006-07,20,OFC,0.0,0.0
2006-07,20,UEFA,0.3,30.0
2006-08,20,AFC,0.05,5.0
2006-08,20,CAF,0.1,10.0
2006-08,20,CONCACAF,0.05,5.0
2006-08,20,CONMEBOL,0.1,10.0
2006-08,20,OFC,0.0,0.0
2006-08,20,UEFA,0.7,70.0
2006-09,20,AFC,0.05,5.0
2006-09,20,CAF,0.1,10.0
2006-09,20,CONCACAF,0.0,0.0
2006-09,20,CONMEBOL,0.15,15.0
2006-09,20,OFC,0.0,0.0
2006-09,20,UEFA,0.7,70.0
2006-10,20,AFC,0.0,0.0
2006-10,20,CAF,0.15,15.0
2006-10,20,CONCACAF,0.0,0.0
2006-10,20,CONMEBOL,0.15,15.0
2006-10,20,OFC,0.0,0.0
2006-10,20,UEFA,0.7,70.0
2006-11,20,AFC,0.05,5.0
2006-11,20,CAF,0.1,10.0
2006-11,20,CONCACAF,0.0,0.0
2006-11,20,CONMEBOL,0.1,10.0
2006-11,20,OFC,0.0,0.0
2006-11,20,UEFA,0.75,75.0
2006-12,20,AFC,0.2,20.0
2006-12,20,CAF,0.5,50.0
2006-12,20,CONCACAF,0.1,10.0
2006-12,20,CONMEBOL,0.05,5.0
2006-12,20,OFC,0.0,0.0
2006-12,20,UEFA,0.15,15.0
2007-01,20,AFC,0.4,40.0
2007-01,20,CAF,0.0,0.0
2007-01,20,CONCACAF,0.5,50.0
2007-01,20,CONMEBOL,0.05,5.0
2007-01,20,OFC,0.0,0.0
2007-01,20,UEFA,0.05,5.0
2007-02,20,AFC,0.0,0.0
2007-02,20,CAF,0.2,20.0
2007-02,20,CONCACAF,0.0,0.0
2007-02,20,CONMEBOL,0.15,15.0
2007-02,20,OFC,0.0,0.0
2007-02,20,UEFA,0.65,65.0
2007-03,20,AFC,0.0,0.0
2007-03,20,CAF,0.15,15.0
2007-03,20,CONCACAF,0.1,10.0
2007-03,20,CONMEBOL,0.1,10.0
2007-03,20,OFC,0.0,0.0
2007-03,20,UEFA,0.65,65.0
2007-04,20,AFC,0.058823529411764705,5.88235294117647
2007-04,20,CAF,0.5882352941176471,58.82352941176471
2007-04,20,CONCACAF,0.17647058823529413,17.647058823529413
2007-04,20,CONMEBOL,0.11764705882352941,11.76470588235294
2007-04,20,OFC,0.058823529411764705,5.88235294117647
2007-04,20,UEFA,0.0,0.0
2007-05,20,AFC,0.05,5.0
2007-05,20,CAF,0.2,20.0
2007-05,20,CONCACAF,0.35,35.0
2007-05,20,CONMEBOL,0.15,15.0
2007-05,20,OFC,0.05,5.0
2007-05,20,UEFA,0.2,20.0
2007-06,20,AFC,0.0,0.0
2007-06,20,CAF,0.1,10.0
2007-06,20,CONCACAF,0.1,10.0
2007-06,20,CONMEBOL,0.2,20.0
2007-06,20,OFC,0.0,0.0
2007-06,20,UEFA,0.6,60.0
2007-07,20,AFC,0.35,35.0
2007-07,20,CAF,0.05,5.0
2007-07,20,CONCACAF,0.2,20.0
2007-07,20,CONMEBOL,0.35,35.0
2007-07,20,OFC,0.0,0.0
2007-07,20,UEFA,0.05,5.0
2007-08,20,AFC,0.0,0.0
2007-08,20,CAF,0.15,15.0
2007-08,20,CONCACAF,0.1,10.0
2007-08,20,CONMEBOL,0.1,10.0
2007-08,20,OFC,0.0,0.0
2007-08,20,UEFA,0.65,65.0
2007-09,20,AFC,0.0,0.0
2007-09,20,CAF,0.1,10.0
2007-09,20,CONCACAF,0.1,10.0
2007-09,20,CONMEBOL,0.15,15.0
2007-09,20,OFC,0.0,0.0
2007-09,20,UEFA,0.65,65.0
2007-10,20,AFC,0.0,0.0
2007-10,20,CAF,0.0,0.0
2007-10,20,CONCACAF,0.1,10.0
2007-10,20,CONMEBOL,0.15,15.0
2007-10,20,OFC,0.0,0.0
2007-10,20,UEFA,0.75,75.0
2007-11,20,AFC,0.0,0.0
2007-11,20,CAF,0.05,5.0
2007-11,20,CONCACAF,0.05,5.0
2007-11,20,CONMEBOL,0.2,20.0
2007-11,20,OFC,0.0,0.0
2007-11,20,UEFA,0.7,70.0
2007-12,20,AFC,0.3,30.0
2007-12,20,CAF,0.65,65.0
2007-12,20,CONCACAF,0.05,5.0
2007-12,20,CONMEBOL,0.0,0.0
2007-12,20,OFC,0.0,0.0
2007-12,20,UEFA,0.0,0.0
2008-01,20,AFC,0.25,25.0
2008-01,20,CAF,0.5,50.0
2008-01,20,CONCACAF,0.15,15.0
2008-01,20,CONMEBOL,0.05,5.0
2008-01,20,OFC,0.0,0.0
2008-01,20,UEFA,0.05,5.0
2008-02,20,AFC,0.0,0.0
2008-02,20,CAF,0.2,20.0
2008-02,20,CONCACAF,0.1,10.0
2008-02,20,CONMEBOL,0.1,10.0
2008-02,20,OFC,0.0,0.0
2008-02,20,UEFA,0.6,60.0
2008-03,20,AFC,0.0,0.0
2008-03,20,CAF,0.1,10.0
2008-03,20,CONCACAF,0.15,15.0
2008-03,20,CONMEBOL,0.1,10.0
2008-03,20,OFC,0.0,0.0
2008-03,20,UEFA,0.65,65.0
2008-04,20,AFC,0.4,40.0
2008-04,20,CAF,0.2,20.0
2008-04,20,CONCACAF,0.4,40.0
2008-04,20,CONMEBOL,0.0,0.0
2008-04,20,OFC,0.0,0.0
2008-04,20,UEFA,0.0,0.0
2008-05,20,AFC,0.0,0.0
2008-05,20,CAF,0.1,10.0
2008-05,20,CONCACAF,0.1,10.0
2008-05,20,CONMEBOL,0.15,15.0
2008-05,20,OFC,0.0,0.0
2008-05,20,UEFA,0.65,65.0
2008-06,20,AFC,0.0,0.0
2008-06,20,CAF,0.05,5.0
2008-06,20,CONCACAF,0.15,15.0
2008-06,20,CONMEBOL,0.2,20.0
2008-06,20,OFC,0.0,0.0
2008-06,20,UEFA,0.6,60.0
2008-07,20,AFC,0.15,15.0
2008-07,20,CAF,0.4,40.0
2008-07,20,CONCACAF,0.35,35.0
2008-07,20,CONMEBOL,0.0,0.0
2008-07,20,OFC,0.1,10.0
2008-07,20,UEFA,0.0,0.0
2008-08,20,AFC,0.1,10.0
2008-08,20,CAF,0.0,0.0
2008-08,20,CONCACAF,0.1,10.0
2008-08,20,CONMEBOL,0.15,15.0
2008-08,20,OFC,0.0,0.0
2008-08,20,UEFA,0.65,65.0
2008-09,20,AFC,0.0,0.0
2008-09,20,CAF,0.05,5.0
2008-09,20,CONCACAF,0.1,10.0
2008-09,20,CONMEBOL,0.25,25.0
2008-09,20,OFC,0.0,0.0
2008-09,20,UEFA,0.6,60.0
2008-10,20,AFC,0.0,0.0
2008-10,20,CAF,0.05,5.0
2008-10,20,CONCACAF,0.1,10.0
2008-10,20,CONMEBOL,0.25,25.0
2008-10,20,OFC,0.0,0.0
2008-10,20,UEFA,0.6,60.0
2008-11,20,AFC,0.15,15.0
2008-11,20,CAF,0.0,0.0
2008-11,20,CONCACAF,0.1,10.0
2008-11,20,CONMEBOL,0.25,25.0
2008-11,20,OFC,0.0,0.0
2008-11,20,UEFA,0.5,50.0
2008-12,20,AFC,0.45,45.0
2008-12,20,CAF,0.1,10.0
2008-12,20,CONCACAF,0.3,30.0
2008-12,20,CONMEBOL,0.05,5.0
2008-12,20,OFC,0.0,0.0
2008-12,20,UEFA,0.1,10.0
2009-01,20,AFC,0.55,55.00000000000001
2009-01,20,CAF,0.1,10.0
2009-01,20,CONCACAF,0.25,25.0
2009-01,20,CONMEBOL,0.05,5.0
2009-01,20,OFC,0.0,0.0
2009-01,20,UEFA,0.05,5.0
2009-02,20,AFC,0.05,5.0
2009-02,20,CAF,0.1,10.0
2009-02,20,CONCACAF,0.05,5.0
2009-02,20,CONMEBOL,0.25,25.0
2009-02,20,OFC,0.0,0.0
2009-02,20,UEFA,0.55,55.00000000000001
2009-03,20,AFC,0.05,5.0
2009-03,20,CAF,0.0,0.0
2009-03,20,CONCACAF,0.1,10.0
2009-03,20,CONMEBOL,0.25,25.0
2009-03,20,OFC,0.0,0.0
2009-03,20,UEFA,0.6,60.0
2009-04,20,AFC,0.0,0.0
2009-04,20,CAF,0.0,0.0
2009-04,20,CONCACAF,0.05,5.0
2009-04,20,CONMEBOL,0.25,25.0
2009-04,20,OFC,0.0,0.0
2009-04,20,UEFA,0.7,70.0
2009-05,20,AFC,0.25,25.0
2009-05,20,CAF,0.2,20.0
2009-05,20,CONCACAF,0.25,25.0
2009-05,20,CONMEBOL,0.15,15.0
2009-05,20,OFC,0.0,0.0
2009-05,20,UEFA,0.15,15.0
2009-06,20,AFC,0.0,0.0
2009-06,20,CAF,0.05,5.0
2009-06,20,CONCACAF,0.1,10.0
2009-06,20,CONMEBOL,0.25,25.0
2009-06,20,OFC,0.0,0.0
2009-06,20,UEFA,0.6,60.0
2009-07,20,AFC,0.15,15.0
2009-07,20,CAF,0.25,25.0
2009-07,20,CONCACAF,0.55,55.00000000000001
2009-07,20,CONMEBOL,0.0,0.0
2009-07,20,OFC,0.0,0.0
2009-07,20,UEFA,0.05,5.0
2009-08,20,AFC,0.05,5.0
2009-08,20,CAF,0.05,5.0
2009-08,20,CONCACAF,0.15,15.0
2009-08,20,CONMEBOL,0.2,20.0
2009-08,20,OFC,0.0,0.0
2009-08,20,UEFA,0.55,55.00000000000001
2009-09,20,AFC,0.05,5.0
2009-09,20,CAF,0.05,5.0
2009-09,20,CONCACAF,0.15,15.0
2009-09,20,CONMEBOL,0.2,20.0
2009-09,20,OFC,0.0,0.0
2009-09,20,UEFA,0.55,55.00000000000001
2009-10,20,AFC,0.15,15.0
2009-10,20,CAF,0.05,5.0
2009-10,20,CONCACAF,0.1,10.0
2009-10,20,CONMEBOL,0.2,20.0
2009-10,20,OFC,0.0,0.0
2009-10,20,UEFA,0.5,50.0
2009-11,20,AFC,0.1,10.0
2009-11,20,CAF,0.15,15.0
2009-11,20,CONCACAF,0.05,5.0
2009-11,20,CONMEBOL,0.2,20.0
2009-11,20,OFC,0.0,0.0
2009-11,20,UEFA,0.5,50.0
2009-12,20,AFC,0.5,50.0
2009-12,20,CAF,0.4,40.0
2009-12,20,CONCACAF,0.0,0.0
2009-12,20,CONMEBOL,0.05,5.0
2009-12,20,OFC,0.0,0.0
2009-12,20,UEFA,0.05,5.0
2010-01,20,AFC,0.25,25.0
2010-01,20,CAF,0.3,30.0
2010-01,20,CONCACAF,0.2,20.0
2010-01,20,CONMEBOL,0.1,10.0
2010-01,20,OFC,0.0,0.0
2010-01,20,UEFA,0.15,15.0
2010-02,20,AFC,0.6,60.0
2010-02,20,CAF,0.0,0.0
2010-02,20,CONCACAF,0.25,25.0
2010-02,20,CONMEBOL,0.1,10.0
2010-02,20,OFC,0.0,0.0
2010-02,20,UEFA,0.05,5.0
2010-03,20,AFC,0.15,15.0
2010-03,20,CAF,0.05,5.0
2010-03,20,CONCACAF,0.05,5.0
2010-03,20,CONMEBOL,0.2,20.0
2010-03,20,OFC,0.0,0.0
2010-03,20,UEFA,0.55,55.00000000000001
2010-04,20,AFC,0.2222222222222222,22.22222222222222
2010-04,20,CAF,0.1111111111111111,11.11111111111111
2010-04,20,CONCACAF,0.5555555555555556,55.55555555555556
2010-04,20,CONMEBOL,0.0,0.0
2010-04,20,OFC,0.0,0.0
2010-04,20,UEFA,0.1111111111111111,11.11111111111111
2010-05,20,AFC,0.1,10.0
2010-05,20,CAF,0.0,0.0
2010-05,20,CONCACAF,0.1,10.0
2010-05,20,CONMEBOL,0.15,15.0
2010-05,20,OFC,0.0,0.0
2010-05,20,UEFA,0.65,65.0
2010-06,20,AFC,0.1,10.0
2010-06,20,CAF,0.1,10.0
2010-06,20,CONCACAF,0.1,10.0
2010-06,20,CONMEBOL,0.25,25.0
2010-06,20,OFC,0.0,0.0
2010-06,20,UEFA,0.45,45.0
2010-07,20,AFC,0.0,0.0
2010-07,20,CAF,0.42857142857142855,42.857142857142854
2010-07,20,CONCACAF,0.07142857142857142,7.142857142857142
2010-07,20,CONMEBOL,0.2857142857142857,28.57142857142857
2010-07,20,OFC,0.0,0.0
2010-07,20,UEFA,0.21428571428571427,21.428571428571427
2010-08,20,AFC,0.1,10.0
2010-08,20,CAF,0.15,15.0
2010-08,20,CONCACAF,0.05,5.0
2010-08,20,CONMEBOL,0.2,20.0
2010-08,20,OFC,0.0,0.0
2010-08,20,UEFA,0.5,50.0
2010-09,20,AFC,0.1,10.0
2010-09,20,CAF,0.15,15.0
2010-09,20,CONCACAF,0.05,5.0
2010-09,20,CONMEBOL,0.15,15.0
2010-09,20,OFC,0.0,0.0
2010-09,20,UEFA,0.55,55.00000000000001
2010-10,20,AFC,0.1,10.0
2010-10,20,CAF,0.1,10.0
2010-10,20,CONCACAF,0.05,5.0
2010-10,20,CONMEBOL,0.2,20.0
2010-10,20,OFC,0.0,0.0
2010-10,20,UEFA,0.55,55.00000000000001
2010-11,20,AFC,0.05,5.0
2010-11,20,CAF,0.1,10.0
2010-11,20,CONCACAF,0.0,0.0
2010-11,20,CONMEBOL,0.25,25.0
2010-11,20,OFC,0.0,0.0
2010-11,20,UEFA,0.6,60.0
2010-12,20,AFC,0.4,40.0
2010-12,20,CAF,0.15,15.0
2010-12,20,CONCACAF,0.3,30.0
2010-12,20,CONMEBOL,0.0,0.0
2010-12,20,OFC,0.0,0.0
2010-12,20,UEFA,0.15,15.0
2011-01,20,AFC,0.55,55.00000000000001
2011-01,20,CAF,0.15,15.0
2011-01,20,CONCACAF,0.2,20.0
2011-01,20,CONMEBOL,0.05,5.0
2011-01,20,OFC,0.0,0.0
2011-01,20,UEFA,0.05,5.0
2011-02,20,AFC,0.1,10.0
2011-02,20,CAF,0.1,10.0
2011-02,20,CONCACAF,0.05,5.0
2011-02,20,CONMEBOL,0.1,10.0
2011-02,20,OFC,0.0,0.0
2011-02,20,UEFA,0.65,65.0
2011-03,20,AFC,0.1,10.0
2011-03,20,CAF,0.1,10.0
2011-03,20,CONCACAF,0.05,5.0
2011-03,20,CONMEBOL,0.25,25.0
2011-03,20,OFC,0.0,0.0
2011-03,20,UEFA,0.5,50.0
2011-04,20,AFC,0.3333333333333333,33.33333333333333
2011-04,20,CAF,0.16666666666666666,16.666666666666664
2011-04,20,CONCACAF,0.16666666666666666,16.666666666666664
2011-04,20,CONMEBOL,0.16666666666666666,16.666666666666664
2011-04,20,OFC,0.16666666666666666,16.666666666666664
2011-04,20,UEFA,0.0,0.0
2011-05,20,AFC,0.0,0.0
2011-05,20,CAF,0.25,25.0
2011-05,20,CONCACAF,0.25,25.0
2011-05,20,CONMEBOL,0.2,20.0
2011-05,20,OFC,0.0,0.0
2011-05,20,UEFA,0.3,30.0
2011-06,20,AFC,0.15,15.0
2011-06,20,CAF,0.1,10.0
2011-06,20,CONCACAF,0.05,5.0
2011-06,20,CONMEBOL,0.25,25.0
2011-06,20,OFC,0.0,0.0
2011-06,20,UEFA,0.45,45.0
2011-07,20,AFC,0.4,40.0
2011-07,20,CAF,0.05,5.0
2011-07,20,CONCACAF,0.2,20.0
2011-07,20,CONMEBOL,0.35,35.0
2011-07,20,OFC,0.0,0.0
2011-07,20,UEFA,0.0,0.0
2011-08,20,AFC,0.15,15.0
2011-08,20,CAF,0.05,5.0
2011-08,20,CONCACAF,0.05,5.0
2011-08,20,CONMEBOL,0.1,10.0
2011-08,20,OFC,0.0,0.0
2011-08,20,UEFA,0.65,65.0
2011-09,20,AFC,0.15,15.0
2011-09,20,CAF,0.05,5.0
2011-09,20,CONCACAF,0.1,10.0
2011-09,20,CONMEBOL,0.25,25.0
2011-09,20,OFC,0.0,0.0
2011-09,20,UEFA,0.45,45.0
2011-10,20,AFC,0.15,15.0
2011-10,20,CAF,0.05,5.0
2011-10,20,CONCACAF,0.05,5.0
2011-10,20,CONMEBOL,0.25,25.0
2011-10,20,OFC,0.0,0.0
2011-10,20,UEFA,0.5,50.0
2011-11,20,AFC,0.1,10.0
2011-11,20,CAF,0.1,10.0
2011-11,20,CONCACAF,0.05,5.0
2011-11,20,CONMEBOL,0.25,25.0
2011-11,20,OFC,0.0,0.0
2011-11,20,UEFA,0.5,50.0
2011-12,20,AFC,0.1,10.0
2011-12,20,CAF,0.6,60.0
2011-12,20,CONCACAF,0.2,20.0
2011-12,20,CONMEBOL,0.1,10.0
2011-12,20,OFC,0.0,0.0
2011-12,20,UEFA,0.0,0.0
2012-01,20,AFC,0.2,20.0
2012-01,20,CAF,0.4,40.0
2012-01,20,CONCACAF,0.2,20.0
2012-01,20,CONMEBOL,0.0,0.0
2012-01,20,OFC,0.0,0.0
2012-01,20,UEFA,0.2,20.0
2012-02,20,AFC,0.1,10.0
2012-02,20,CAF,0.05,5.0
2012-02,20,CONCACAF,0.1,10.0
2012-02,20,CONMEBOL,0.25,25.0
2012-02,20,OFC,0.0,0.0
2012-02,20,UEFA,0.5,50.0
2012-03,20,AFC,0.3,30.0
2012-03,20,CAF,0.2,20.0
2012-03,20,CONCACAF,0.4,40.0
2012-03,20,CONMEBOL,0.1,10.0
2012-03,20,OFC,0.0,0.0
2012-03,20,UEFA,0.0,0.0
2012-04,20,AFC,0.26666666666666666,26.666666666666668
2012-04,20,CAF,0.2,20.0
2012-04,20,CONCACAF,0.3333333333333333,33.33333333333333
2012-04,20,CONMEBOL,0.2,20.0
2012-04,20,OFC,0.0,0.0
2012-04,20,UEFA,0.0,0.0
2012-05,20,AFC,0.1,10.0
2012-05,20,CAF,0.05,5.0
2012-05,20,CONCACAF,0.05,5.0
2012-05,20,CONMEBOL,0.1,10.0
2012-05,20,OFC,0.0,0.0
2012-05,20,UEFA,0.7,70.0
2012-06,20,AFC,0.15,15.0
2012-06,20,CAF,0.05,5.0
2012-06,20,CONCACAF,0.1,10.0
2012-06,20,CONMEBOL,0.2,20.0
2012-06,20,OFC,0.0,0.0
2012-06,20,UEFA,0.5,50.0
2012-07,20,AFC,0.15,15.0
2012-07,20,CAF,0.45,45.0
2012-07,20,CONCACAF,0.25,25.0
2012-07,20,CONMEBOL,0.0,0.0
2012-07,20,OFC,0.05,5.0
2012-07,20,UEFA,0.1,10.0
2012-08,20,AFC,0.1,10.0
2012-08,20,CAF,0.05,5.0
2012-08,20,CONCACAF,0.05,5.0
2012-08,20,CONMEBOL,0.25,25.0
2012-08,20,OFC,0.0,0.0
2012-08,20,UEFA,0.55,55.00000000000001
2012-09,20,AFC,0.05,5.0
2012-09,20,CAF,0.05,5.0
2012-09,20,CONCACAF,0.1,10.0
2012-09,20,CONMEBOL,0.25,25.0
2012-09,20,OFC,0.0,0.0
2012-09,20,UEFA,0.55,55.00000000000001
2012-10,20,AFC,0.05,5.0
2012-10,20,CAF,0.05,5.0
2012-10,20,CONCACAF,0.1,10.0
2012-10,20,CONMEBOL,0.25,25.0
2012-10,20,OFC,0.0,0.0
2012-10,20,UEFA,0.55,55.00000000000001
2012-11,20,AFC,0.1,10.0
2012-11,20,CAF,0.05,5.0
2012-11,20,CONCACAF,0.1,10.0
2012-11,20,CONMEBOL,0.15,15.0
2012-11,20,OFC,0.0,0.0
2012-11,20,UEFA,0.6,60.0
2012-12,20,AFC,0.4,40.0
2012-12,20,CAF,0.35,35.0
2012-12,20,CONCACAF,0.1,10.0
2012-12,20,CONMEBOL,0.05,5.0
2012-12,20,OFC,0.0,0.0
2012-12,20,UEFA,0.1,10.0
2013-01,20,AFC,0.2,20.0
2013-01,20,CAF,0.35,35.0
2013-01,20,CONCACAF,0.25,25.0
2013-01,20,CONMEBOL,0.05,5.0
2013-01,20,OFC,0.0,0.0
2013-01,20,UEFA,0.15,15.0
2013-02,20,AFC,0.05,5.0
2013-02,20,CAF,0.05,5.0
2013-02,20,CONCACAF,0.05,5.0
2013-02,20,CONMEBOL,0.25,25.0
2013-02,20,OFC,0.0,0.0
2013-02,20,UEFA,0.6,60.0
2013-03,20,AFC,0.05,5.0
2013-03,20,CAF,0.05,5.0
2013-03,20,CONCACAF,0.1,10.0
2013-03,20,CONMEBOL,0.2,20.0
2013-03,20,OFC,0.0,0.0
2013-03,20,UEFA,0.6,60.0
2013-04,20,AFC,0.18181818181818182,18.181818181818183
2013-04,20,CAF,0.18181818181818182,18.181818181818183
2013-04,20,CONCACAF,0.2727272727272727,27.27272727272727
2013-04,20,CONMEBOL,0.36363636363636365,36.36363636363637
2013-04,20,OFC,0.0,0.0
2013-04,20,UEFA,0.0,0.0
2013-05,20,AFC,0.2,20.0
2013-05,20,CAF,0.2,20.0
2013-05,20,CONCACAF,0.2,20.0
2013-05,20,CONMEBOL,0.05,5.0
2013-05,20,OFC,0.0,0.0
2013-05,20,UEFA,0.35,35.0
2013-06,20,AFC,0.0,0.0
2013-06,20,CAF,0.05,5.0
2013-06,20,CONCACAF,0.15,15.0
2013-06,20,CONMEBOL,0.25,25.0
2013-06,20,OFC,0.0,0.0
2013-06,20,UEFA,0.55,55.00000000000001
2013-07,20,AFC,0.2,20.0
2013-07,20,CAF,0.25,25.0
2013-07,20,CONCACAF,0.55,55.00000000000001
2013-07,20,CONMEBOL,0.0,0.0
2013-07,20,OFC,0.0,0.0
2013-07,20,UEFA,0.0,0.0
2013-08,20,AFC,0.0,0.0
2013-08,20,CAF,0.0,0.0
2013-08,20,CONCACAF,0.15,15.0
2013-08,20,CONMEBOL,0.25,25.0
2013-08,20,OFC,0.0,0.0
2013-08,20,UEFA,0.6,60.0
2013-09,20,AFC,0.0,0.0
2013-09,20,CAF,0.0,0.0
2013-09,20,CONCACAF,0.1,10.0
2013-09,20,CONMEBOL,0.25,25.0
2013-09,20,OFC,0.0,0.0
2013-09,20,UEFA,0.65,65.0
2013-10,20,AFC,0.0,0.0
2013-10,20,CAF,0.0,0.0
2013-10,20,CONCACAF,0.1,10.0
2013-10,20,CONMEBOL,0.25,25.0
2013-10,20,OFC,0.0,0.0
2013-10,20,UEFA,0.65,65.0
2013-11,20,AFC,0.0,0.0
2013-11,20,CAF,0.0,0.0
2013-11,20,CONCACAF,0.15,15.0
2013-11,20,CONMEBOL,0.25,25.0
2013-11,20,OFC,0.0,0.0
2013-11,20,UEFA,0.6,60.0
2013-12,20,AFC,0.45,45.0
2013-12,20,CAF,0.5,50.0
2013-12,20,CONCACAF,0.0,0.0
2013-12,20,CONMEBOL,0.05,5.0
2013-12,20,OFC,0.0,0.0
2013-12,20,UEFA,0.0,0.0
2014-01,20,AFC,0.3,30.0
2014-01,20,CAF,0.25,25.0
2014-01,20,CONCACAF,0.1,10.0
2014-01,20,CONMEBOL,0.05,5.0
2014-01,20,OFC,0.0,0.0
2014-01,20,UEFA,0.3,30.0
2014-02,20,AFC,0.875,87.5
2014-02,20,CAF,0.0,0.0
2014-02,20,CONCACAF,0.125,12.5
2014-02,20,CONMEBOL,0.0,0.0
2014-02,20,OFC,0.0,0.0
2014-02,20,UEFA,0.0,0.0
2014-03,20,AFC,0.0,0.0
2014-03,20,CAF,0.05,5.0
2014-03,20,CONCACAF,0.1,10.0
2014-03,20,CONMEBOL,0.25,25.0
2014-03,20,OFC,0.0,0.0
2014-03,20,UEFA,0.6,60.0
2014-04,20,AFC,0.4166666666666667,41.66666666666667
2014-04,20,CAF,0.4166666666666667,41.66666666666667
2014-04,20,CONCACAF,0.16666666666666666,16.666666666666664
2014-04,20,CONMEBOL,0.0,0.0
2014-04,20,OFC,0.0,0.0
2014-04,20,UEFA,0.0,0.0
2014-05,20,AFC,0.05,5.0
2014-05,20,CAF,0.1,10.0
2014-05,20,CONCACAF,0.1,10.0
2014-05,20,CONMEBOL,0.1,10.0
2014-05,20,OFC,0.0,0.0
2014-05,20,UEFA,0.65,65.0
2014-06,20,AFC,0.0,0.0
2014-06,20,CAF,0.0,0.0
2014-06,20,CONCACAF,0.2,20.0
2014-06,20,CONMEBOL,0.25,25.0
2014-06,20,OFC,0.0,0.0
2014-06,20,UEFA,0.55,55.00000000000001
2014-07,20,AFC,0.05,5.0
2014-07,20,CAF,0.45,45.0
2014-07,20,CONCACAF,0.15,15.0
2014-07,20,CONMEBOL,0.1,10.0
2014-07,20,OFC,0.0,0.0
2014-07,20,UEFA,0.25,25.0
2014-08,20,AFC,0.1,10.0
2014-08,20,CAF,0.5,50.0
2014-08,20,CONCACAF,0.25,25.0
2014-08,20,CONMEBOL,0.05,5.0
2014-08,20,OFC,0.0,0.0
2014-08,20,UEFA,0.1,10.0
2014-09,20,AFC,0.0,0.0
2014-09,20,CAF,0.0,0.0
2014-09,20,CONCACAF,0.2,20.0
2014-09,20,CONMEBOL,0.2,20.0
2014-09,20,OFC,0.0,0.0
2014-09,20,UEFA,0.6,60.0
2014-10,20,AFC,0.0,0.0
2014-10,20,CAF,0.0,0.0
2014-10,20,CONCACAF,0.15,15.0
2014-10,20,CONMEBOL,0.2,20.0
2014-10,20,OFC,0.0,0.0
2014-10,20,UEFA,0.65,65.0
2014-11,20,AFC,0.0,0.0
2014-11,20,CAF,0.0,0.0
2014-11,20,CONCACAF,0.2,20.0
2014-11,20,CONMEBOL,0.2,20.0
2014-11,20,OFC,0.0,0.0
2014-11,20,UEFA,0.6,60.0
2014-12,20,AFC,0.9375,93.75
2014-12,20,CAF,0.0,0.0
2014-12,20,CONCACAF,0.0,0.0
2014-12,20,CONMEBOL,0.0,0.0
2014-12,20,OFC,0.0,0.0
2014-12,20,UEFA,0.0625,6.25
2015-01,20,AFC,0.35,35.0
2015-01,20,CAF,0.4,40.0
2015-01,20,CONCACAF,0.05,5.0
2015-01,20,CONMEBOL,0.05,5.0
2015-01,20,OFC,0.0,0.0
2015-01,20,UEFA,0.15,15.0
2015-02,20,AFC,0.2,20.0
2015-02,20,CAF,0.3,30.0
2015-02,20,CONCACAF,0.4,40.0
2015-02,20,CONMEBOL,0.0,0.0
2015-02,20,OFC,0.0,0.0
2015-02,20,UEFA,0.1,10.0
2015-03,20,AFC,0.05,5.0
2015-03,20,CAF,0.0,0.0
2015-03,20,CONCACAF,0.15,15.0
2015-03,20,CONMEBOL,0.25,25.0
2015-03,20,OFC,0.0,0.0
2015-03,20,UEFA,0.55,55.00000000000001
2015-04,20,AFC,0.0,0.0
2015-04,20,CAF,0.0,0.0
2015-04,20,CONCACAF,1.0,100.0
2015-04,20,CONMEBOL,0.0,0.0
2015-04,20,OFC,0.0,0.0
2015-04,20,UEFA,0.0,0.0
2015-05,20,AFC,0.4,40.0
2015-05,20,CAF,0.35,35.0
2015-05,20,CONCACAF,0.2,20.0
2015-05,20,CONMEBOL,0.0,0.0
2015-05,20,OFC,0.0,0.0
2015-05,20,UEFA,0.05,5.0
2015-06,20,AFC,0.0,0.0
2015-06,20,CAF,0.0,0.0
2015-06,20,CONCACAF,0.2,20.0
2015-06,20,CONMEBOL,0.25,25.0
2015-06,20,OFC,0.0,0.0
2015-06,20,UEFA,0.55,55.00000000000001
2015-07,20,AFC,0.0,0.0
2015-07,20,CAF,0.15,15.0
2015-07,20,CONCACAF,0.6,60.0
2015-07,20,CONMEBOL,0.2,20.0
2015-07,20,OFC,0.0,0.0
2015-07,20,UEFA,0.05,5.0
2015-08,20,AFC,0.55,55.00000000000001
2015-08,20,CAF,0.4,40.0
2015-08,20,CONCACAF,0.0,0.0
2015-08,20,CONMEBOL,0.0,0.0
2015-08,20,OFC,0.05,5.0
2015-08,20,UEFA,0.0,0.0
2015-09,20,AFC,0.05,5.0
2015-09,20,CAF,0.0,0.0
2015-09,20,CONCACAF,0.15,15.0
2015-09,20,CONMEBOL,0.25,25.0
2015-09,20,OFC,0.0,0.0
2015-09,20,UEFA,0.55,55.00000000000001
2015-10,20,AFC,0.05,5.0
2015-10,20,CAF,0.0,0.0
2015-10,20,CONCACAF,0.1,10.0
2015-10,20,CONMEBOL,0.25,25.0
2015-10,20,OFC,0.0,0.0
2015-10,20,UEFA,0.6,60.0
2015-11,20,AFC,0.05,5.0
2015-11,20,CAF,0.0,0.0
2015-11,20,CONCACAF,0.1,10.0
2015-11,20,CONMEBOL,0.25,25.0
2015-11,20,OFC,0.0,0.0
2015-11,20,UEFA,0.6,60.0
2015-12,20,AFC,0.3333333333333333,33.33333333333333
2015-12,20,CAF,0.3888888888888889,38.88888888888889
2015-12,20,CONCACAF,0.2777777777777778,27.77777777777778
2015-12,20,CONMEBOL,0.0,0.0
2015-12,20,OFC,0.0,0.0
2015-12,20,UEFA,0.0,0.0
2016-01,20,AFC,0.2,20.0
2016-01,20,CAF,0.35,35.0
2016-01,20,CONCACAF,0.25,25.0
2016-01,20,CONMEBOL,0.0,0.0
2016-01,20,OFC,0.0,0.0
2016-01,20,UEFA,0.2,20.0
2016-02,20,AFC,0.3,30.0
2016-02,20,CAF,0.2,20.0
2016-02,20,CONCACAF,0.5,50.0
2016-02,20,CONMEBOL,0.0,0.0
2016-02,20,OFC,0.0,0.0
2016-02,20,UEFA,0.0,0.0
2016-03,20,AFC,0.05,5.0
2016-03,20,CAF,0.0,0.0
2016-03,20,CONCACAF,0.1,10.0
2016-03,20,CONMEBOL,0.25,25.0
2016-03,20,OFC,0.0,0.0
2016-03,20,UEFA,0.6,60.0
2016-04,20,AFC,0.0,0.0
2016-04,20,CAF,0.0,0.0
2016-04,20,CONCACAF,1.0,100.0
2016-04,20,CONMEBOL,0.0,0.0
2016-04,20,OFC,0.0,0.0
2016-04,20,UEFA,0.0,0.0
2016-05,20,AFC,0.0,0.0
2016-05,20,CAF,0.0,0.0
2016-05,20,CONCACAF,0.15,15.0
2016-05,20,CONMEBOL,0.15,15.0
2016-05,20,OFC,0.0,0.0
2016-05,20,UEFA,0.7,70.0
2016-06,20,AFC,0.05,5.0
2016-06,20,CAF,0.0,0.0
2016-06,20,CONCACAF,0.1,10.0
2016-06,20,CONMEBOL,0.3,30.0
2016-06,20,OFC,0.0,0.0
2016-06,20,UEFA,0.55,55.00000000000001
2016-07,20,AFC,0.5333333333333333,53.333333333333336
2016-07,20,CAF,0.0,0.0
2016-07,20,CONCACAF,0.0,0.0
2016-07,20,CONMEBOL,0.0,0.0
2016-07,20,OFC,0.0,0.0
2016-07,20,UEFA,0.4666666666666667,46.666666666666664
2016-08,20,AFC,0.3,30.0
2016-08,20,CAF,0.15,15.0
2016-08,20,CONCACAF,0.05,5.0
2016-08,20,CONMEBOL,0.0,0.0
2016-08,20,OFC,0.0,0.0
2016-08,20,UEFA,0.5,50.0
2016-09,20,AFC,0.05,5.0
2016-09,20,CAF,0.0,0.0
2016-09,20,CONCACAF,0.15,15.0
2016-09,20,CONMEBOL,0.25,25.0
2016-09,20,OFC,0.0,0.0
2016-09,20,UEFA,0.55,55.00000000000001
2016-10,20,AFC,0.05,5.0
2016-10,20,CAF,0.0,0.0
2016-10,20,CONCACAF,0.15,15.0
2016-10,20,CONMEBOL,0.3,30.0
2016-10,20,OFC,0.0,0.0
2016-10,20,UEFA,0.5,50.0
2016-11,20,AFC,0.05,5.0
2016-11,20,CAF,0.0,0.0
2016-11,20,CONCACAF,0.15,15.0
2016-11,20,CONMEBOL,0.3,30.0
2016-11,20,OFC,0.0,0.0
2016-11,20,UEFA,0.5,50.0
2016-12,20,AFC,0.4444444444444444,44.44444444444444
2016-12,20,CAF,0.3333333333333333,33.33333333333333
2016-12,20,CONCACAF,0.2222222222222222,22.22222222222222
2016-12,20,CONMEBOL,0.0,0.0
2016-12,20,OFC,0.0,0.0
2016-12,20,UEFA,0.0,0.0
2017-01,20,AFC,0.1,10.0
2017-01,20,CAF,0.35,35.0
2017-01,20,CONCACAF,0.25,25.0
2017-01,20,CONMEBOL,0.1,10.0
2017-01,20,OFC,0.0,0.0
2017-01,20,UEFA,0.2,20.0
2017-02,20,AFC,0.0,0.0
2017-02,20,CAF,0.5,50.0
2017-02,20,CONCACAF,0.25,25.0
2017-02,20,CONMEBOL,0.125,12.5
2017-02,20,OFC,0.0,0.0
2017-02,20,UEFA,0.125,12.5
2017-03,20,AFC,0.05,5.0
2017-03,20,CAF,0.0,0.0
2017-03,20,CONCACAF,0.15,15.0
2017-03,20,CONMEBOL,0.25,25.0
2017-03,20,OFC,0.0,0.0
2017-03,20,UEFA,0.55,55.00000000000001
2017-04,20,AFC,0.0,0.0
2017-04,20,CAF,0.0,0.0
2017-04,20,CONCACAF,1.0,100.0
2017-04,20,CONMEBOL,0.0,0.0
2017-04,20,OFC,0.0,0.0
2017-04,20,UEFA,0.0,0.0
2017-05,20,AFC,0.0,0.0
2017-05,20,CAF,0.5,50.0
2017-05,20,CONCACAF,0.25,25.0
2017-05,20,CONMEBOL,0.0,0.0
2017-05,20,OFC,0.1,10.0
2017-05,20,UEFA,0.15,15.0
2017-06,20,AFC,0.05,5.0
2017-06,20,CAF,0.0,0.0
2017-06,20,CONCACAF,0.15,15.0
2017-06,20,CONMEBOL,0.25,25.0
2017-06,20,OFC,0.0,0.0
2017-06,20,UEFA,0.55,55.00000000000001
2017-07,20,AFC,0.05,5.0
2017-07,20,CAF,0.25,25.0
2017-07,20,CONCACAF,0.4,40.0
2017-07,20,CONMEBOL,0.15,15.0
2017-07,20,OFC,0.0,0.0
2017-07,20,UEFA,0.15,15.0
2017-08,20,AFC,0.2,20.0
2017-08,20,CAF,0.0,0.0
2017-08,20,CONCACAF,0.1,10.0
2017-08,20,CONMEBOL,0.35,35.0
2017-08,20,OFC,0.0,0.0
2017-08,20,UEFA,0.35,35.0
2017-09,20,AFC,0.05,5.0
2017-09,20,CAF,0.0,0.0
2017-09,20,CONCACAF,0.15,15.0
2017-09,20,CONMEBOL,0.25,25.0
2017-09,20,OFC,0.0,0.0
2017-09,20,UEFA,0.55,55.00000000000001
2017-10,20,AFC,0.05,5.0
2017-10,20,CAF,0.0,0.0
2017-10,20,CONCACAF,0.1,10.0
2017-10,20,CONMEBOL,0.25,25.0
2017-10,20,OFC,0.0,0.0
2017-10,20,UEFA,0.6,60.0
2017-11,20,AFC,0.05,5.0
2017-11,20,CAF,0.0,0.0
2017-11,20,CONCACAF,0.1,10.0
2017-11,20,CONMEBOL,0.2,20.0
2017-11,20,OFC,0.0,0.0
2017-11,20,UEFA,0.65,65.0
2017-12,20,AFC,0.6,60.0
2017-12,20,CAF,0.2,20.0
2017-12,20,CONCACAF,0.0,0.0
2017-12,20,CONMEBOL,0.0,0.0
2017-12,20,OFC,0.2,20.0
2017-12,20,UEFA,0.0,0.0
2018-01,20,AFC,0.3888888888888889,38.88888888888889
2018-01,20,CAF,0.0,0.0
2018-01,20,CONCACAF,0.16666666666666666,16.666666666666664
2018-01,20,CONMEBOL,0.0,0.0
2018-01,20,OFC,0.0,0.0
2018-01,20,UEFA,0.4444444444444444,44.44444444444444
2018-02,20,AFC,0.6,60.0
2018-02,20,CAF,0.0,0.0
2018-02,20,CONCACAF,0.0,0.0
2018-02,20,CONMEBOL,0.0,0.0
2018-02,20,OFC,0.0,0.0
2018-02,20,UEFA,0.4,40.0
2018-03,20,AFC,0.05,5.0
2018-03,20,CAF,0.0,0.0
2018-03,20,CONCACAF,0.1,10.0
2018-03,20,CONMEBOL,0.25,25.0
2018-03,20,OFC,0.0,0.0
2018-03,20,UEFA,0.6,60.0
2018-04,20,AFC,0.2,20.0
2018-04,20,CAF,0.2,20.0
2018-04,20,CONCACAF,0.6,60.0
2018-04,20,CONMEBOL,0.0,0.0
2018-04,20,OFC,0.0,0.0
2018-04,20,UEFA,0.0,0.0
2018-05,20,AFC,0.1,10.0
2018-05,20,CAF,0.15,15.0
2018-05,20,CONCACAF,0.1,10.0
2018-05,20,CONMEBOL,0.15,15.0
2018-05,20,OFC,0.0,0.0
2018-05,20,UEFA,0.5,50.0
2018-06,20,AFC,0.05,5.0
2018-06,20,CAF,0.0,0.0
2018-06,20,CONCACAF,0.1,10.0
2018-06,20,CONMEBOL,0.25,25.0
2018-06,20,OFC,0.0,0.0
2018-06,20,UEFA,0.6,60.0
2018-07,20,AFC,0.1,10.0
2018-07,20,CAF,0.1,10.0
2018-07,20,CONCACAF,0.2,20.0
2018-07,20,CONMEBOL,0.1,10.0
2018-07,20,OFC,0.05,5.0
2018-07,20,UEFA,0.45,45.0
2018-08,20,AFC,0.35294117647058826,35.294117647058826
2018-08,20,CAF,0.0,0.0
2018-08,20,CONCACAF,0.5294117647058824,52.94117647058824
2018-08,20,CONMEBOL,0.0,0.0
2018-08,20,OFC,0.058823529411764705,5.88235294117647
2018-08,20,UEFA,0.058823529411764705,5.88235294117647
2018-09,20,AFC,0.05,5.0
2018-09,20,CAF,0.0,0.0
2018-09,20,CONCACAF,0.1,10.0
2018-09,20,CONMEBOL,0.25,25.0
2018-09,20,OFC,0.0,0.0
2018-09,20,UEFA,0.6,60.0
2018-10,20,AFC,0.05,5.0
2018-10,20,CAF,0.0,0.0
2018-10,20,CONCACAF,0.05,5.0
2018-10,20,CONMEBOL,0.25,25.0
2018-10,20,OFC,0.0,0.0
2018-10,20,UEFA,0.65,65.0
2018-11,20,AFC,0.05,5.0
2018-11,20,CAF,0.0,0.0
2018-11,20,CONCACAF,0.0,0.0
2018-11,20,CONMEBOL,0.25,25.0
2018-11,20,OFC,0.0,0.0
2018-11,20,UEFA,0.7,70.0
2018-12,20,AFC,0.95,95.0
2018-12,20,CAF,0.05,5.0
2018-12,20,CONCACAF,0.0,0.0
2018-12,20,CONMEBOL,0.0,0.0
2018-12,20,OFC,0.0,0.0
2018-12,20,UEFA,0.0,0.0
2019-01,20,AFC,0.7,70.0
2019-01,20,CAF,0.0,0.0
2019-01,20,CONCACAF,0.1,10.0
2019-01,20,CONMEBOL,0.0,0.0
2019-01,20,OFC,0.0,0.0
2019-01,20,UEFA,0.2,20.0
2019-02,20,AFC,0.2222222222222222,22.22222222222222
2019-02,20,CAF,0.0,0.0
2019-02,20,CONCACAF,0.5555555555555556,55.55555555555556
2019-02,20,CONMEBOL,0.0,0.0
2019-02,20,OFC,0.0,0.0
2019-02,20,UEFA,0.2222222222222222,22.22222222222222
2019-03,20,AFC,0.05,5.0
2019-03,20,CAF,0.0,0.0
2019-03,20,CONCACAF,0.1,10.0
2019-03,20,CONMEBOL,0.1,10.0
2019-03,20,OFC,0.0,0.0
2019-03,20,UEFA,0.75,75.0
2019-05,20,AFC,0.16666666666666666,16.666666666666664
2019-05,20,CAF,0.5833333333333334,58.333333333333336
2019-05,20,CONCACAF,0.08333333333333333,8.333333333333332
2019-05,20,CONMEBOL,0.0,0.0
2019-05,20,OFC,0.0,0.0
2019-05,20,UEFA,0.16666666666666666,16.666666666666664
2019-06,20,AFC,0.05,5.0
2019-06,20,CAF,0.0,0.0
2019-06,20,CONCACAF,0.1,10.0
2019-06,20,CONMEBOL,0.25,25.0
2019-06,20,OFC,0.0,0.0
2019-06,20,UEFA,0.6,60.0
2019-07,20,AFC,0.05,5.0
2019-07,20,CAF,0.55,55.00000000000001
2019-07,20,CONCACAF,0.2,20.0
2019-07,20,CONMEBOL,0.2,20.0
2019-07,20,OFC,0.0,0.0
2019-07,20,UEFA,0.0,0.0
2019-08,20,AFC,0.65,65.0
2019-08,20,CAF,0.0,0.0
2019-08,20,CONCACAF,0.35,35.0
2019-08,20,CONMEBOL,0.0,0.0
2019-08,20,OFC,0.0,0.0
2019-08,20,UEFA,0.0,0.0
2019-09,20,AFC,0.1,10.0
2019-09,20,CAF,0.0,0.0
2019-09,20,CONCACAF,0.1,10.0
2019-09,20,CONMEBOL,0.2,20.0
2019-09,20,OFC,0.0,0.0
2019-09,20,UEFA,0.6,60.0
2019-10,20,AFC,0.0,0.0
2019-10,20,CAF,0.05,5.0
2019-10,20,CONCACAF,0.1,10.0
2019-10,20,CONMEBOL,0.2,20.0
2019-10,20,OFC,0.0,0.0
2019-10,20,UEFA,0.65,65.0
2019-11,20,AFC,0.0,0.0
2019-11,20,CAF,0.05,5.0
2019-11,20,CONCACAF,0.15,15.0
2019-11,20,CONMEBOL,0.15,15.0
2019-11,20,OFC,0.0,0.0
2019-11,20,UEFA,0.65,65.0
2019-12,20,AFC,1.0,100.0
2019-12,20,CAF,0.0,0.0
2019-12,20,CONCACAF,0.0,0.0
2019-12,20,CONMEBOL,0.0,0.0
2019-12,20,OFC,0.0,0.0
2019-12,20,UEFA,0.0,0.0
2020-01,20,AFC,0.0,0.0
2020-01,20,CAF,0.0,0.0
2020-01,20,CONCACAF,0.42857142857142855,42.857142857142854
2020-01,20,CONMEBOL,0.0,0.0
2020-01,20,OFC,0.0,0.0
2020-01,20,UEFA,0.5714285714285714,57.14285714285714
2020-02,20,AFC,0.0,0.0
2020-02,20,CAF,0.0,0.0
2020-02,20,CONCACAF,1.0,100.0
2020-02,20,CONMEBOL,0.0,0.0
2020-02,20,OFC,0.0,0.0
2020-02,20,UEFA,0.0,0.0
2020-09,20,AFC,0.0,0.0
2020-09,20,CAF,0.0,0.0
2020-09,20,CONCACAF,0.0,0.0
2020-09,20,CONMEBOL,0.0,0.0
2020-09,20,OFC,0.0,0.0
2020-09,20,UEFA,1.0,100.0
2020-10,20,AFC,0.0,0.0
2020-10,20,CAF,0.05,5.0
2020-10,20,CONCACAF,0.1,10.0
2020-10,20,CONMEBOL,0.15,15.0
2020-10,20,OFC,0.0,0.0
2020-10,20,UEFA,0.7,70.0
2020-11,20,AFC,0.0,0.0
2020-11,20,CAF,0.05,5.0
2020-11,20,CONCACAF,0.1,10.0
2020-11,20,CONMEBOL,0.2,20.0
2020-11,20,OFC,0.0,0.0
2020-11,20,UEFA,0.65,65.0
2020-12,20,AFC,0.5,50.0
2020-12,20,CAF,0.0,0.0
2020-12,20,CONCACAF,0.5,50.0
2020-12,20,CONMEBOL,0.0,0.0
2020-12,20,OFC,0.0,0.0
2020-12,20,UEFA,0.0,0.0
2021-01,20,AFC,0.36363636363636365,36.36363636363637
2021-01,20,CAF,0.0,0.0
2021-01,20,CONCACAF,0.5454545454545454,54.54545454545454
2021-01,20,CONMEBOL,0.0,0.0
2021-01,20,OFC,0.0,0.0
2021-01,20,UEFA,0.09090909090909091,9.090909090909092
2021-02,20,AFC,0.6,60.0
2021-02,20,CAF,0.0,0.0
2021-02,20,CONCACAF,0.4,40.0
2021-02,20,CONMEBOL,0.0,0.0
2021-02,20,OFC,0.0,0.0
2021-02,20,UEFA,0.0,0.0
2021-03,20,AFC,0.05,5.0
2021-03,20,CAF,0.05,5.0
2021-03,20,CONCACAF,0.1,10.0
2021-03,20,CONMEBOL,0.05,5.0
2021-03,20,OFC,0.0,0.0
2021-03,20,UEFA,0.75,75.0
2021-05,20,AFC,0.45,45.0
2021-05,20,CAF,0.05,5.0
2021-05,20,CONCACAF,0.1,10.0
2021-05,20,CONMEBOL,0.0,0.0
2021-05,20,OFC,0.0,0.0
2021-05,20,UEFA,0.4,40.0
2021-06,20,AFC,0.05,5.0
2021-06,20,CAF,0.05,5.0
2021-06,20,CONCACAF,0.15,15.0
2021-06,20,CONMEBOL,0.2,20.0
2021-06,20,OFC,0.0,0.0
2021-06,20,UEFA,0.55,55.00000000000001
2021-07,20,AFC,0.05,5.0
2021-07,20,CAF,0.0,0.0
2021-07,20,CONCACAF,0.2,20.0
2021-07,20,CONMEBOL,0.35,35.0
2021-07,20,OFC,0.0,0.0
2021-07,20,UEFA,0.4,40.0
2021-08,20,AFC,0.0,0.0
2021-08,20,CAF,0.5555555555555556,55.55555555555556
2021-08,20,CONCACAF,0.4444444444444444,44.44444444444444
2021-08,20,CONMEBOL,0.0,0.0
2021-08,20,OFC,0.0,0.0
2021-08,20,UEFA,0.0,0.0
2021-09,20,AFC,0.05,5.0
2021-09,20,CAF,0.05,5.0
2021-09,20,CONCACAF,0.15,15.0
2021-09,20,CONMEBOL,0.15,15.0
2021-09,20,OFC,0.0,0.0
2021-09,20,UEFA,0.6,60.0
2021-10,20,AFC,0.05,5.0
2021-10,20,CAF,0.05,5.0
2021-10,20,CONCACAF,0.15,15.0
2021-10,20,CONMEBOL,0.15,15.0
2021-10,20,OFC,0.0,0.0
2021-10,20,UEFA,0.6,60.0
2021-11,20,AFC,0.05,5.0
2021-11,20,CAF,0.0,0.0
2021-11,20,CONCACAF,0.15,15.0
2021-11,20,CONMEBOL,0.2,20.0
2021-11,20,OFC,0.0,0.0
2021-11,20,UEFA,0.6,60.0
2021-12,20,AFC,0.4,40.0
2021-12,20,CAF,0.3,30.0
2021-12,20,CONCACAF,0.15,15.0
2021-12,20,CONMEBOL,0.1,10.0
2021-12,20,OFC,0.0,0.0
2021-12,20,UEFA,0.05,5.0
2022-01,20,AFC,0.25,25.0
2022-01,20,CAF,0.25,25.0
2022-01,20,CONCACAF,0.2,20.0
2022-01,20,CONMEBOL,0.3,30.0
2022-01,20,OFC,0.0,0.0
2022-01,20,UEFA,0.0,0.0
2022-02,20,AFC,0.25,25.0
2022-02,20,CAF,0.15,15.0
2022-02,20,CONCACAF,0.25,25.0
2022-02,20,CONMEBOL,0.35,35.0
2022-02,20,OFC,0.0,0.0
2022-02,20,UEFA,0.0,0.0
2022-03,20,AFC,0.05,5.0
2022-03,20,CAF,0.0,0.0
2022-03,20,CONCACAF,0.15,15.0
2022-03,20,CONMEBOL,0.2,20.0
2022-03,20,OFC,0.0,0.0
2022-03,20,UEFA,0.6,60.0
2022-04,20,AFC,0.0,0.0
2022-04,20,CAF,0.0,0.0
2022-04,20,CONCACAF,1.0,100.0
2022-04,20,CONMEBOL,0.0,0.0
2022-04,20,OFC,0.0,0.0
2022-04,20,UEFA,0.0,0.0
2022-05,20,AFC,0.35,35.0
2022-05,20,CAF,0.3,30.0
2022-05,20,CONCACAF,0.35,35.0
2022-05,20,CONMEBOL,0.0,0.0
2022-05,20,OFC,0.0,0.0
2022-05,20,UEFA,0.0,0.0
2022-06,20,AFC,0.0,0.0
2022-06,20,CAF,0.0,0.0
2022-06,20,CONCACAF,0.1,10.0
2022-06,20,CONMEBOL,0.25,25.0
2022-06,20,OFC,0.0,0.0
2022-06,20,UEFA,0.65,65.0
2022-07,20,AFC,0.2222222222222222,22.22222222222222
2022-07,20,CAF,0.7777777777777778,77.77777777777779
2022-07,20,CONCACAF,0.0,0.0
2022-07,20,CONMEBOL,0.0,0.0
2022-07,20,OFC,0.0,0.0
2022-07,20,UEFA,0.0,0.0
2022-08,20,AFC,0.0,0.0
2022-08,20,CAF,0.0,0.0
2022-08,20,CONCACAF,0.5,50.0
2022-08,20,CONMEBOL,0.5,50.0
2022-08,20,OFC,0.0,0.0
2022-08,20,UEFA,0.0,0.0
2022-09,20,AFC,0.05,5.0
2022-09,20,CAF,0.0,0.0
2022-09,20,CONCACAF,0.05,5.0
2022-09,20,CONMEBOL,0.25,25.0
2022-09,20,OFC,0.0,0.0
2022-09,20,UEFA,0.65,65.0
2022-10,20,AFC,0.25,25.0
2022-10,20,CAF,0.0,0.0
2022-10,20,CONCACAF,0.5,50.0
2022-10,20,CONMEBOL,0.0,0.0
2022-10,20,OFC,0.0,0.0
2022-10,20,UEFA,0.25,25.0
2022-11,20,AFC,0.05,5.0
2022-11,20,CAF,0.05,5.0
2022-11,20,CONCACAF,0.1,10.0
2022-11,20,CONMEBOL,0.2,20.0
2022-11,20,OFC,0.0,0.0
2022-11,20,UEFA,0.6,60.0
2022-12,20,AFC,0.15,15.0
2022-12,20,CAF,0.1,10.0
2022-12,20,CONCACAF,0.1,10.0
2022-12,20,CONMEBOL,0.15,15.0
2022-12,20,OFC,0.0,0.0
2022-12,20,UEFA,0.5,50.0
2023-01,20,AFC,0.65,65.0
2023-01,20,CAF,0.0,0.0
2023-01,20,CONCACAF,0.1,10.0
2023-01,20,CONMEBOL,0.0,0.0
2023-01,20,OFC,0.0,0.0
2023-01,20,UEFA,0.25,25.0
2023-02,20,AFC,0.0,0.0
2023-02,20,CAF,0.0,0.0
2023-02,20,CONCACAF,1.0,100.0
2023-02,20,CONMEBOL,0.0,0.0
2023-02,20,OFC,0.0,0.0
2023-02,20,UEFA,0.0,0.0
2023-03,20,AFC,0.05,5.0
2023-03,20,CAF,0.05,5.0
2023-03,20,CONCACAF,0.05,5.0
2023-03,20,CONMEBOL,0.25,25.0
2023-03,20,OFC,0.0,0.0
2023-03,20,UEFA,0.6,60.0
2023-04,20,AFC,0.0,0.0
2023-04,20,CAF,0.0,0.0
2023-04,20,CONCACAF,1.0,100.0
2023-04,20,CONMEBOL,0.0,0.0
2023-04,20,OFC,0.0,0.0
2023-04,20,UEFA,0.0,0.0
2023-06,20,AFC,0.05,5.0
2023-06,20,CAF,0.05,5.0
2023-06,20,CONCACAF,0.1,10.0
2023-06,20,CONMEBOL,0.25,25.0
2023-06,20,OFC,0.0,0.0
2023-06,20,UEFA,0.55,55.00000000000001
2023-07,20,AFC,0.1,10.0
2023-07,20,CAF,0.25,25.0
2023-07,20,CONCACAF,0.65,65.0
2023-07,20,CONMEBOL,0.0,0.0
2023-07,20,OFC,0.0,0.0
2023-07,20,UEFA,0.0,0.0
2023-08,20,AFC,0.0,0.0
2023-08,20,CAF,0.5833333333333334,58.333333333333336
2023-08,20,CONCACAF,0.16666666666666666,16.666666666666664
2023-08,20,CONMEBOL,0.08333333333333333,8.333333333333332
2023-08,20,OFC,0.16666666666666666,16.666666666666664
2023-08,20,UEFA,0.0,0.0
2023-09,20,AFC,0.05,5.0
2023-09,20,CAF,0.05,5.0
2023-09,20,CONCACAF,0.15,15.0
2023-09,20,CONMEBOL,0.2,20.0
2023-09,20,OFC,0.0,0.0
2023-09,20,UEFA,0.55,55.00000000000001
2023-10,20,AFC,0.05,5.0
2023-10,20,CAF,0.05,5.0
2023-10,20,CONCACAF,0.1,10.0
2023-10,20,CONMEBOL,0.2,20.0
2023-10,20,OFC,0.0,0.0
2023-10,20,UEFA,0.6,60.0
2023-11,20,AFC,0.1,10.0
2023-11,20,CAF,0.05,5.0
2023-11,20,CONCACAF,0.05,5.0
2023-11,20,CONMEBOL,0.2,20.0
2023-11,20,OFC,0.0,0.0
2023-11,20,UEFA,0.6,60.0
2023-12,20,AFC,0.0,0.0
2023-12,20,CAF,0.0,0.0
2023-12,20,CONCACAF,0.3333333333333333,33.33333333333333
2023-12,20,CONMEBOL,0.0,0.0
2023-12,20,OFC,0.6666666666666666,66.66666666666666
2023-12,20,UEFA,0.0,0.0
2024-01,20,AFC,0.4,40.0
2024-01,20,CAF,0.45,45.0
2024-01,20,CONCACAF,0.05,5.0
2024-01,20,CONMEBOL,0.0,0.0
2024-01,20,OFC,0.0,0.0
2024-01,20,UEFA,0.1,10.0
2024-02,20,AFC,0.4444444444444444,44.44444444444444
2024-02,20,CAF,0.4444444444444444,44.44444444444444
2024-02,20,CONCACAF,0.1111111111111111,11.11111111111111
2024-02,20,CONMEBOL,0.0,0.0
2024-02,20,OFC,0.0,0.0
2024-02,20,UEFA,0.0,0.0
2024-03,20,AFC,0.1,10.0
2024-03,20,CAF,0.05,5.0
2024-03,20,CONCACAF,0.05,5.0
2024-03,20,CONMEBOL,0.2,20.0
2024-03,20,OFC,0.0,0.0
2024-03,20,UEFA,0.6,60.0
2024-04,20,AFC,0.125,12.5
2024-04,20,CAF,0.0,0.0
2024-04,20,CONCACAF,0.75,75.0
2024-04,20,CONMEBOL,0.0,0.0
2024-04,20,OFC,0.125,12.5
2024-04,20,UEFA,0.0,0.0
2024-05,20,AFC,0.0,0.0
2024-05,20,CAF,0.0,0.0
2024-05,20,CONCACAF,0.6,60.0
2024-05,20,CONMEBOL,0.4,40.0
2024-05,20,OFC,0.0,0.0
2024-05,20,UEFA,0.0,0.0
2024-06,20,AFC,0.05,5.0
2024-06,20,CAF,0.05,5.0
2024-06,20,CONCACAF,0.1,10.0
2024-06,20,CONMEBOL,0.2,20.0
2024-06,20,OFC,0.0,0.0
2024-06,20,UEFA,0.6,60.0
2024-07,20,AFC,0.0,0.0
2024-07,20,CAF,0.0,0.0
2024-07,20,CONCACAF,0.25,25.0
2024-07,20,CONMEBOL,0.2,20.0
2024-07,20,OFC,0.0,0.0
2024-07,20,UEFA,0.55,55.00000000000001
2024-08,20,AFC,1.0,100.0
2024-08,20,CAF,0.0,0.0
2024-08,20,CONCACAF,0.0,0.0
2024-08,20,CONMEBOL,0.0,0.0
2024-08,20,OFC,0.0,0.0
2024-08,20,UEFA,0.0,0.0
2024-09,20,AFC,0.1,10.0
2024-09,20,CAF,0.0,0.0
2024-09,20,CONCACAF,0.05,5.0
2024-09,20,CONMEBOL,0.2,20.0
2024-09,20,OFC,0.0,0.0
2024-09,20,UEFA,0.65,65.0
2024-10,20,AFC,0.1,10.0
2024-10,20,CAF,0.0,0.0
2024-10,20,CONCACAF,0.05,5.0
2024-10,20,CONMEBOL,0.2,20.0
2024-10,20,OFC,0.0,0.0
2024-10,20,UEFA,0.65,65.0
2024-11,20,AFC,0.1,10.0
2024-11,20,CAF,0.1,10.0
2024-11,20,CONCACAF,0.1,10.0
2024-11,20,CONMEBOL,0.2,20.0
2024-11,20,OFC,0.0,0.0
2024-11,20,UEFA,0.5,50.0
2024-12,20,AFC,0.8,80.0
2024-12,20,CAF,0.0,0.0
2024-12,20,CONCACAF,0.0,0.0
2024-12,20,CONMEBOL,0.0,0.0
2024-12,20,OFC,0.2,20.0
2024-12,20,UEFA,0.0,0.0
2025-01,20,AFC,0.46153846153846156,46.15384615384615
2025-01,20,CAF,0.3076923076923077,30.76923076923077
2025-01,20,CONCACAF,0.23076923076923078,23.076923076923077
2025-01,20,CONMEBOL,0.0,0.0
2025-01,20,OFC,0.0,0.0
2025-01,20,UEFA,0.0,0.0
2025-02,20,AFC,0.16666666666666666,16.666666666666664
2025-02,20,CAF,0.16666666666666666,16.666666666666664
2025-02,20,CONCACAF,0.5,50.0
2025-02,20,CONMEBOL,0.16666666666666666,16.666666666666664
2025-02,20,OFC,0.0,0.0
2025-02,20,UEFA,0.0,0.0
2025-03,20,AFC,0.1,10.0
2025-03,20,CAF,0.0,0.0
2025-03,20,CONCACAF,0.1,10.0
2025-03,20,CONMEBOL,0.2,20.0
2025-03,20,OFC,0.0,0.0
2025-03,20,UEFA,0.6,60.0
2025-05,20,AFC,0.3125,31.25
2025-05,20,CAF,0.1875,18.75
2025-05,20,CONCACAF,0.5,50.0
2025-05,20,CONMEBOL,0.0,0.0
2025-05,20,OFC,0.0,0.0
2025-05,20,UEFA,0.0,0.0
2025-06,20,AFC,0.05,5.0
2025-06,20,CAF,0.05,5.0
2025-06,20,CONCACAF,0.1,10.0
2025-06,20,CONMEBOL,0.2,20.0
2025-06,20,OFC,0.0,0.0
2025-06,20,UEFA,0.6,60.0
2025-07,20,AFC,0.0,0.0
2025-07,20,CAF,0.0,0.0
2025-07,20,CONCACAF,1.0,100.0
2025-07,20,CONMEBOL,0.0,0.0
2025-07,20,OFC,0.0,0.0
2025-07,20,UEFA,0.0,0.0
2025-08,20,AFC,0.5,50.0
2025-08,20,CAF,0.0,0.0
2025-08,20,CONCACAF,0.5,50.0
2025-08,20,CONMEBOL,0.0,0.0
2025-08,20,OFC,0.0,0.0
2025-08,20,UEFA,0.0,0.0
2025-09,20,AFC,0.0,0.0
2025-09,20,CAF,0.05,5.0
2025-09,20,CONCACAF,0.1,10.0
2025-09,20,CONMEBOL,0.25,25.0
2025-09,20,OFC,0.0,0.0
2025-09,20,UEFA,0.6,60.0
2025-10,20,AFC,0.0,0.0
2025-10,20,CAF,0.1,10.0
2025-10,20,CONCACAF,0.1,10.0
2025-10,20,CONMEBOL,0.2,20.0
2025-10,20,OFC,0.0,0.0
2025-10,20,UEFA,0.6,60.0
2025-11,20,AFC,0.05,5.0
2025-11,20,CAF,0.1,10.0
2025-11,20,CONCACAF,0.05,5.0
2025-11,20,CONMEBOL,0.2,20.0
2025-11,20,OFC,0.0,0.0
2025-11,20,UEFA,0.6,60.0
2025-12,20,AFC,0.35,35.0
2025-12,20,CAF,0.65,65.0
2025-12,20,CONCACAF,0.0,0.0
2025-12,20,CONMEBOL,0.0,0.0
2025-12,20,OFC,0.0,0.0
2025-12,20,UEFA,0.0,0.0
2026-01,20,AFC,0.1,10.0
2026-01,20,CAF,0.7,70.0
2026-01,20,CONCACAF,0.15,15.0
2026-01,20,CONMEBOL,0.05,5.0
2026-01,20,OFC,0.0,0.0
2026-01,20,UEFA,0.0,0.0
2026-02,20,AFC,0.0,0.0
2026-02,20,CAF,0.0,0.0
2026-02,20,CONCACAF,0.5,50.0
2026-02,20,CONMEBOL,0.0,0.0
2026-02,20,OFC,0.0,0.0
2026-02,20,UEFA,0.5,50.0
2026-03,20,AFC,0.05,5.0
2026-03,20,CAF,0.1,10.0
2026-03,20,CONCACAF,0.1,10.0
2026-03,20,CONMEBOL,0.2,20.0
2026-03,20,OFC,0.0,0.0
2026-03,20,UEFA,0.55,55.00000000000001
2026-05,20,AFC,0.2,20.0
2026-05,20,CAF,0.2,20.0
2026-05,20,CONCACAF,0.15,15.0
2026-05,20,CONMEBOL,0.1,10.0
2026-05,20,OFC,0.0,0.0
2026-05,20,UEFA,0.35,35.0
2026-06,20,AFC,0.05,5.0
2026-06,20,CAF,0.05,5.0
2026-06,20,CONCACAF,0.1,10.0
2026-06,20,CONMEBOL,0.15,15.0
2026-06,20,OFC,0.0,0.0
2026-06,20,UEFA,0.65,65.0
2026-07,20,AFC,0.05,5.0
2026-07,20,CAF,0.2,20.0
2026-07,20,CONCACAF,0.15,15.0
2026-07,20,CONMEBOL,0.15,15.0
2026-07,20,OFC,0.0,0.0
2026-07,20,UEFA,0.45,45.0
