confederation,slider_level,length_scale_years,year,mean,p5,p95
UEFA,0.4,3.32,1992,1675.517303528416,1661.53331732961,1689.5012897272218
UEFA,0.4,3.32,1993,1671.0012285244004,1658.8513419088085,1683.151115139992
UEFA,0.4,3.32,1994,1662.6552040036638,1653.9944477632412,1671.3159602440862
UEFA,0.4,3.32,1995,1654.1744528643278,1641.0827290103005,1667.2661767183552
UEFA,0.4,3.32,1996,1651.89513408954,1637.0872699867443,1666.7029981923358
UEFA,0.4,3.32,1997,1656.7124352014441,1646.709351186747,1666.7155192161413
UEFA,0.4,3.32,1998,1664.9270931996448,1654.4589540985878,1675.395232300702
UEFA,0.4,3.32,1999,1668.244374214415,1657.6240931092302,1678.8646553196002
UEFA,0.4,3.32,2000,1668.4309000537962,1659.9690318384614,1676.8927682691312
UEFA,0.4,3.32,2001,1671.7262759268447,1663.3810157020844,1680.071536151605
UEFA,0.4,3.32,2002,1676.3765568249698,1667.5809001992084,1685.1722134507315
UEFA,0.4,3.32,2003,1678.1589166093192,1669.8559318167986,1686.46190140184
UEFA,0.4,3.32,2004,1679.1828464505775,1670.5700183002873,1687.7956746008674
UEFA,0.4,3.32,2005,1683.0575898660766,1674.8299028389122,1691.285276893241
UEFA,0.4,3.32,2006,1686.6716570039569,1677.7976751669944,1695.5456388409193
UEFA,0.4,3.32,2007,1686.0588173359245,1677.7946793814624,1694.3229552903865
UEFA,0.4,3.32,2008,1686.8803196885692,1678.5976027998654,1695.163036577273
UEFA,0.4,3.32,2009,1688.471356977912,1680.2848242083694,1696.6578897474546
UEFA,0.4,3.32,2010,1689.3791064257907,1681.1791989554417,1697.5790138961395
UEFA,0.4,3.32,2011,1690.3279531410262,1682.1042964432804,1698.5516098387723
UEFA,0.4,3.32,2012,1692.5209315197224,1684.2258957599956,1700.815967279449
UEFA,0.4,3.32,2013,1693.96507094029,1685.4526894843355,1702.4774523962446
UEFA,0.4,3.32,2014,1693.1253532894352,1684.8703142344807,1701.3803923443895
UEFA,0.4,3.32,2015,1691.8897789779103,1682.3736576971446,1701.4059002586757
UEFA,0.4,3.32,2016,1693.7451861971967,1684.6713944348319,1702.8189779595618
UEFA,0.4,3.32,2017,1698.2104568162542,1689.829271954532,1706.5916416779764
UEFA,0.4,3.32,2018,1700.9362523919135,1691.814531843705,1710.0579729401218
UEFA,0.4,3.32,2019,1698.9277873367762,1690.3217371192343,1707.5338375543179
UEFA,0.4,3.32,2020,1698.6901994784293,1689.0876410135656,1708.2927579432928
UEFA,0.4,3.32,2021,1702.5355870118694,1693.3072701375586,1711.7639038861803
UEFA,0.4,3.32,2022,1703.799180146602,1692.6241926987138,1714.9741675944902
UEFA,0.4,3.32,2023,1699.8610545557635,1682.4226007123204,1717.2995083992066
UEFA,0.4,3.32,2024,1695.042785694839,1670.6167788574562,1719.4687925322219
UEFA,0.4,3.32,2025,1692.2113714728384,1664.736601996746,1719.6861409489309
UEFA,0.4,3.32,2026,1690.728497833546,1662.1555232255075,1719.3014724415843
UEFA,0.6,4.98,1992,1673.6535455892072,1657.8371231513468,1689.4699680270676
UEFA,0.6,4.98,1993,1669.020842938808,1657.8104116366803,1680.231274240936
UEFA,0.6,4.98,1994,1662.0602427839144,1654.2525941135007,1669.8678914543284
UEFA,0.6,4.98,1995,1655.8236671620875,1642.7713511044974,1668.875983219678
UEFA,0.6,4.98,1996,1654.3446717386348,1639.3257422921945,1669.3636011850754
UEFA,0.6,4.98,1997,1658.3790562742108,1647.988852520676,1668.7692600277458
UEFA,0.6,4.98,1998,1664.2709014900502,1656.5495409475375,1671.9922620325628
UEFA,0.6,4.98,1999,1668.063640855049,1659.7768061694233,1676.3504755406748
UEFA,0.6,4.98,2000,1669.7902718224568,1662.047047831791,1677.5334958131227
UEFA,0.6,4.98,2001,1671.7775641485127,1664.4584536297966,1679.0966746672289
UEFA,0.6,4.98,2002,1674.4764631055343,1667.126395557592,1681.8265306534765
UEFA,0.6,4.98,2003,1676.9021200375428,1669.6489126960364,1684.1553273790491
UEFA,0.6,4.98,2004,1679.276852952642,1672.0280403786612,1686.5256655266226
UEFA,0.6,4.98,2005,1682.1913181909254,1674.8014584436523,1689.5811779381982
UEFA,0.6,4.98,2006,1684.754727413521,1677.2063154296766,1692.3031393973656
UEFA,0.6,4.98,2007,1686.1109777734723,1678.9113388215767,1693.310616725368
UEFA,0.6,4.98,2008,1686.9590517436902,1679.92912063126,1693.9889828561206
UEFA,0.6,4.98,2009,1688.0783081848988,1681.0247933881096,1695.1318229816877
UEFA,0.6,4.98,2010,1689.5089188352558,1682.4777907998036,1696.5400468707082
UEFA,0.6,4.98,2011,1691.2605189767091,1684.2811851145182,1698.2398528389
UEFA,0.6,4.98,2012,1693.0552148798151,1686.0105154721705,1700.0999142874598
UEFA,0.6,4.98,2013,1693.9268378553118,1686.8419926371294,1701.0116830734942
UEFA,0.6,4.98,2014,1693.5412849717072,1686.180166472852,1700.9024034705624
UEFA,0.6,4.98,2015,1693.3861306975552,1685.1153845946662,1701.656876800444
UEFA,0.6,4.98,2016,1695.1505813250858,1687.4412192169054,1702.8599434332662
UEFA,0.6,4.98,2017,1698.1054335078343,1690.9728923612986,1705.23797465437
UEFA,0.6,4.98,2018,1699.7850567185624,1692.4281704650887,1707.141942972036
UEFA,0.6,4.98,2019,1699.6774775580602,1692.3614300765148,1706.9935250396056
UEFA,0.6,4.98,2020,1700.0173772082037,1692.2087359897916,1707.826018426616
UEFA,0.6,4.98,2021,1701.8560298707864,1693.6249726803119,1710.087087061261
UEFA,0.6,4.98,2022,1703.1628740983824,1692.8149352808744,1713.5108129158905
UEFA,0.6,4.98,2023,1701.9817206034422,1687.6521514386318,1716.3112897682527
UEFA,0.6,4.98,2024,1698.8987316063124,1679.3387871560176,1718.4586760566071
UEFA,0.6,4.98,2025,1695.6942631060112,1671.8687312633865,1719.519794948636
UEFA,0.6,4.98,2026,1693.3661171343333,1667.0116459875683,1719.7205882810981
UEFA,0.8,6.64,1992,1672.3056041499099,1655.9861959125212,1688.6250123872983
UEFA,0.8,6.64,1993,1667.4337594224849,1657.467519001191,1677.3999998437785
UEFA,0.8,6.64,1994,1661.7280301641588,1654.278886552478,1669.1771737758395
UEFA,0.8,6.64,1995,1657.4237804134823,1645.4142643273044,1669.4332964996602
UEFA,0.8,6.64,1996,1656.5380511136132,1642.7407636762491,1670.335338550977
UEFA,0.8,6.64,1997,1659.2384274771846,1648.2409234252189,1670.2359315291503
UEFA,0.8,6.64,1998,1663.7079686063105,1656.1912696033758,1671.2246676092452
UEFA,0.8,6.64,1999,1667.7715374918516,1660.9947639999643,1674.548310983739
UEFA,0.8,6.64,2000,1670.5390732482936,1663.5970483840888,1677.481098112498
UEFA,0.8,6.64,2001,1672.4706914607054,1665.6763219027164,1679.2650610186943
UEFA,0.8,6.64,2002,1674.3336064891287,1667.737514188694,1680.9296987895634
UEFA,0.8,6.64,2003,1676.5072993542872,1669.9533620657787,1683.0612366427958
UEFA,0.8,6.64,2004,1678.9913904657994,1672.3003610626658,1685.6824198689328
UEFA,0.8,6.64,2005,1681.5335204396883,1674.6169228673014,1688.450118012075
UEFA,0.8,6.64,2006,1683.7408883220783,1676.7868599564388,1690.6949166877178
UEFA,0.8,6.64,2007,1685.3861350741995,1678.720305609018,1692.051964539381
UEFA,0.8,6.64,2008,1686.6506018285525,1680.2799589414715,1693.0212447156334
UEFA,0.8,6.64,2009,1687.9527564306964,1681.6588179423502,1694.2466949190425
UEFA,0.8,6.64,2010,1689.5515159792321,1683.2905471252732,1695.8124848331913
UEFA,0.8,6.64,2011,1691.3089030059725,1685.0676768264557,1697.5501291854894
UEFA,0.8,6.64,2012,1692.773159446171,1686.4934496391072,1699.0528692532348
UEFA,0.8,6.64,2013,1693.5883702027404,1687.2595970185657,1699.9171433869149
UEFA,0.8,6.64,2014,1693.9606382467775,1687.2814256384881,1700.639850855067
UEFA,0.8,6.64,2015,1694.5988396560654,1687.5202304035827,1701.6774489085478
UEFA,0.8,6.64,2016,1695.979588523886,1689.1571119050825,1702.8020651426896
UEFA,0.8,6.64,2017,1697.7651442296954,1691.272933032773,1704.2573554266178
UEFA,0.8,6.64,2018,1699.2214225724615,1692.7193619338816,1705.7234832110416
UEFA,0.8,6.64,2019,1700.1406473897023,1693.4678385183595,1706.8134562610448
UEFA,0.8,6.64,2020,1700.9645736822563,1693.9092081018714,1708.0199392626412
UEFA,0.8,6.64,2021,1701.9412587783138,1694.2256873852689,1709.6568301713587
UEFA,0.8,6.64,2022,1702.577725064174,1693.0660349961647,1712.0894151321834
UEFA,0.8,6.64,2023,1702.1501352462574,1689.5021684456142,1714.7981020469003
UEFA,0.8,6.64,2024,1700.5052727298257,1683.9643491337065,1717.0461963259447
UEFA,0.8,6.64,2025,1698.17146453067,1677.8068382544825,1718.5360908068576
UEFA,0.8,6.64,2026,1695.8524105604474,1672.4227536022022,1719.2820675186929
UEFA,1.0,8.3,1992,1670.9132966821714,1655.318218249068,1686.5083751152752
UEFA,1.0,8.3,1993,1666.3908056189116,1657.432996186248,1675.348615051575
UEFA,1.0,8.3,1994,1661.8922998492146,1654.8080702623738,1668.9765294360552
UEFA,1.0,8.3,1995,1658.8156373302531,1648.0454095695675,1669.585865090939
UEFA,1.0,8.3,1996,1658.1753237996993,1645.6166552470286,1670.7339923523703
UEFA,1.0,8.3,1997,1660.0235768166183,1648.9121654214184,1671.1349882118184
UEFA,1.0,8.3,1998,1663.4581333194346,1655.2204517157022,1671.695814923167
UEFA,1.0,8.3,1999,1667.2261897558205,1660.8288358186305,1673.6235436930108
UEFA,1.0,8.3,2000,1670.4432796209553,1664.3310891891779,1676.5554700527325
UEFA,1.0,8.3,2001,1672.9112476300922,1666.66321499349,1679.1592802666946
UEFA,1.0,8.3,2002,1674.9299046809006,1668.6192968291232,1681.2405125326777
UEFA,1.0,8.3,2003,1676.8890092485851,1670.5991511212117,1683.1788673759584
UEFA,1.0,8.3,2004,1678.9723948679489,1672.6781269091803,1685.2666628267175
UEFA,1.0,8.3,2005,1681.108294510962,1674.7307139505212,1687.4858750714025
UEFA,1.0,8.3,2006,1683.110544383982,1676.7191618699505,1689.5019268980134
UEFA,1.0,8.3,2007,1684.8667823173948,1678.6369875482997,1691.09657708649
UEFA,1.0,8.3,2008,1686.4277110042672,1680.4068239893963,1692.448598019138
UEFA,1.0,8.3,2009,1687.9363244560368,1682.0481986495831,1693.8244502624902
UEFA,1.0,8.3,2010,1689.4712163594588,1683.6647063822352,1695.2777263366827
UEFA,1.0,8.3,2011,1690.9556554858175,1685.1902976855097,1696.7210132861253
UEFA,1.0,8.3,2012,1692.2278654583197,1686.4601586146218,1697.9955723020178
UEFA,1.0,8.3,2013,1693.2175829843013,1687.3804188979107,1699.054747070692
UEFA,1.0,8.3,2014,1694.0575796416924,1688.01099748035,1700.104161803035
UEFA,1.0,8.3,2015,1695.0008753763811,1688.7527267514683,1701.249024001294
UEFA,1.0,8.3,2016,1696.2079463979546,1689.9803265270896,1702.43556626882
UEFA,1.0,8.3,2017,1697.6194707969155,1691.5229594208097,1703.7159821730215
UEFA,1.0,8.3,2018,1699.0418083262218,1692.9657071881902,1705.1179094642534
UEFA,1.0,8.3,2019,1700.324162392656,1694.0719517598652,1706.5763730254469
UEFA,1.0,8.3,2020,1701.408473393479,1694.7791659194352,1708.0377808675225
UEFA,1.0,8.3,2021,1702.2179988923288,1694.8650681780805,1709.570929606577
UEFA,1.0,8.3,2022,1702.56899511825,1693.6933541803376,1711.4446360561626
UEFA,1.0,8.3,2023,1702.2524302035677,1690.835615520409,1713.6692448867266
UEFA,1.0,8.3,2024,1701.2088847337375,1686.561896144854,1715.855873322621
UEFA,1.0,8.3,2025,1699.6104599382986,1681.583863894442,1717.637055982155
UEFA,1.0,8.3,2026,1697.7774528510934,1676.6961907489037,1718.8587149532827
UEFA,1.5,12.45,1992,1668.0216501181874,1655.701060756431,1680.3422394799436
UEFA,1.5,12.45,1993,1665.2006690618653,1657.7302633813647,1672.671074742366
UEFA,1.5,12.45,1994,1662.8480420243825,1656.4609932076803,1669.2350908410845
UEFA,1.5,12.45,1995,1661.3931723636776,1652.9040503718795,1669.882294355476
UEFA,1.5,12.45,1996,1661.1094363390437,1650.9511499399753,1671.267722738112
UEFA,1.5,12.45,1997,1662.0423220012171,1651.7162638576926,1672.3683801447419
UEFA,1.5,12.45,1998,1664.0089413305122,1654.81033278734,1673.2075498736842
UEFA,1.5,12.45,1999,1666.6677508855842,1659.2032662057534,1674.132235565415
UEFA,1.5,12.45,2000,1669.6279844365774,1663.686246837982,1675.569722035173
UEFA,1.5,12.45,2001,1672.554744919045,1667.3314694968067,1677.7780203412835
UEFA,1.5,12.45,2002,1675.2337907201695,1669.9703455698163,1680.4972358705227
UEFA,1.5,12.45,2003,1677.5830498778262,1672.0027271782344,1683.163372577418
UEFA,1.5,12.45,2004,1679.6218398007647,1673.7877852728284,1685.4558943287009
UEFA,1.5,12.45,2005,1681.421790985478,1675.5005513045846,1687.3430306663715
UEFA,1.5,12.45,2006,1683.0622789368715,1677.2044871312335,1688.9200707425096
UEFA,1.5,12.45,2007,1684.6028968940172,1678.9021075028215,1690.3036862852132
UEFA,1.5,12.45,2008,1686.0744059078388,1680.5634407386428,1691.5853710770346
UEFA,1.5,12.45,2009,1687.4832148605283,1682.150617624755,1692.8158120963014
UEFA,1.5,12.45,2010,1688.8232111374703,1683.6359018883552,1694.0105203865853
UEFA,1.5,12.45,2011,1690.0898077779723,1685.005177785816,1695.1744377701286
UEFA,1.5,12.45,2012,1691.2917768674283,1686.2552813439509,1696.3282723909058
UEFA,1.5,12.45,2013,1692.456623046997,1687.4024438433337,1697.5108022506606
UEFA,1.5,12.45,2014,1693.6264976086466,1688.4976288745595,1698.7553663427339
UEFA,1.5,12.45,2015,1694.8449372453517,1689.6187259496826,1700.0711485410209
UEFA,1.5,12.45,2016,1696.1388657697732,1690.8260916875747,1701.4516398519715
UEFA,1.5,12.45,2017,1697.5028066035882,1692.1134403757549,1702.8921728314217
UEFA,1.5,12.45,2018,1698.891482600922,1693.3949486188187,1704.3880165830255
UEFA,1.5,12.45,2019,1700.223565885274,1694.5270742727917,1705.9200574977563
UEFA,1.5,12.45,2020,1701.3954555121336,1695.3228895731902,1707.4680214510772
UEFA,1.5,12.45,2021,1702.301371168767,1695.546483825849,1709.056258511685
UEFA,1.5,12.45,2022,1702.855009915845,1694.952711421569,1710.757308410121
UEFA,1.5,12.45,2023,1703.0078712849331,1693.4051469748347,1712.6105955950313
UEFA,1.5,12.45,2024,1702.7598321376693,1690.9623411180974,1714.557323157241
UEFA,1.5,12.45,2025,1702.1590692808302,1687.8481978719897,1716.4699406896707
UEFA,1.5,12.45,2026,1701.2912468964555,1684.3640774970493,1718.218416295862
UEFA,2.5,20.75,1992,1665.4919283008203,1657.5171773918607,1673.4666792097798
UEFA,2.5,20.75,1993,1664.7441347205577,1658.1911798664248,1671.2970895746907
UEFA,2.5,20.75,1994,1664.311471543575,1657.7359527942504,1670.8869902928996
UEFA,2.5,20.75,1995,1664.2635865674224,1656.8906518524946,1671.63652128235
UEFA,2.5,20.75,1996,1664.643699477838,1656.4901876142815,1672.7972113413948
UEFA,2.5,20.75,1997,1665.4635584358093,1656.9414663833943,1673.9856504882243
UEFA,2.5,20.75,1998,1666.7020759333923,1658.3325933026508,1675.071558564134
UEFA,2.5,20.75,1999,1668.3078887735012,1660.5619076022651,1676.0538699447372
UEFA,2.5,20.75,2000,1670.2054635830038,1663.4048225933366,1677.006104572671
UEFA,2.5,20.75,2001,1672.3038196688083,1666.5528566732437,1678.0547826643729
UEFA,2.5,20.75,2002,1674.506572200757,1669.6484791840855,1679.3646652174284
UEFA,2.5,20.75,2003,1676.7218735642505,1672.3622690339685,1681.0814780945323
UEFA,2.5,20.75,2004,1678.870955465282,1674.552344109866,1683.189566820698
UEFA,2.5,20.75,2005,1680.8943015216657,1676.3294841992752,1685.4591188440563
UEFA,2.5,20.75,2006,1682.7549252397225,1677.8847996431564,1687.625050836289
UEFA,2.5,20.75,2007,1684.4386944945436,1679.3437540455284,1689.5336349435588
UEFA,2.5,20.75,2008,1685.9520456323303,1680.7557487427114,1691.148342521949
UEFA,2.5,20.75,2009,1687.317711905204,1682.1254017289152,1692.510022081493
UEFA,2.5,20.75,2010,1688.569231810708,1683.440007775082,1693.6984558463344
UEFA,2.5,20.75,2011,1689.7450147810143,1684.6888547060064,1694.8011748560223
UEFA,2.5,20.75,2012,1690.8826571338077,1685.8744723318996,1695.8908419357158
UEFA,2.5,20.75,2013,1692.0140598609082,1687.0138618071217,1697.014257914695
UEFA,2.5,20.75,2014,1693.1617365323632,1688.1299669696714,1698.193506095055
UEFA,2.5,20.75,2015,1694.3365377093019,1689.2388714616477,1699.4342039569563
UEFA,2.5,20.75,2016,1695.5368688568203,1690.3399289653948,1700.733808748246
UEFA,2.5,20.75,2017,1696.749344305056,1691.412349620829,1702.086338989283
UEFA,2.5,20.75,2018,1697.9506999307641,1692.4170464027868,1703.4843534587412
UEFA,2.5,20.75,2019,1699.1106836737665,1693.300632231219,1704.920735116314
UEFA,2.5,20.75,2020,1700.1955620148287,1693.9997240253522,1706.3914000043053
UEFA,2.5,20.75,2021,1701.1718319683712,1694.4462929708566,1707.8973709658858
UEFA,2.5,20.75,2022,1702.009721960944,1694.5759051054754,1709.4435388164125
UEFA,2.5,20.75,2023,1702.6861068848762,1694.338654564878,1711.0335592048743
UEFA,2.5,20.75,2024,1703.186550578222,1693.7092612130657,1712.6638399433782
UEFA,2.5,20.75,2025,1703.5063119351132,1692.69213436935,1714.3204895008764
UEFA,2.5,20.75,2026,1703.6502902926609,1691.320026589971,1715.9805539953509
UEFA,5.0,41.49,1992,1665.851265609013,1656.2985232629874,1675.4040079550384
UEFA,5.0,41.49,1993,1666.4324012251054,1657.00539488528,1675.859407564931
UEFA,5.0,41.49,1994,1667.1113571593505,1657.8326007267442,1676.390113591957
UEFA,5.0,41.49,1995,1667.8883065440084,1658.8079023145249,1676.968710773492
UEFA,5.0,41.49,1996,1668.761766995207,1659.9499476586857,1677.5735863317284
UEFA,5.0,41.49,1997,1669.728593738603,1661.2680065714276,1678.1891809057781
UEFA,5.0,41.49,1998,1670.7840208699854,1662.7622141617012,1678.8058275782698
UEFA,5.0,41.49,1999,1671.9217497127643,1664.4239786655485,1679.41952075998
UEFA,5.0,41.49,2000,1673.1340812168582,1666.2362770608866,1680.03188537283
UEFA,5.0,41.49,2001,1674.4120874697148,1668.1735434042814,1680.6506315351485
UEFA,5.0,41.49,2002,1675.745815767809,1670.2007317802604,1681.2908997553577
UEFA,5.0,41.49,2003,1677.1245174181893,1672.2709463159035,1681.9780885204748
UEFA,5.0,41.49,2004,1678.536892574474,1674.3211591307825,1682.7526260181655
UEFA,5.0,41.49,2005,1679.9713420029464,1676.2678035827828,1683.6748804231102
UEFA,5.0,41.49,2006,1681.416216734832,1678.0126778629756,1684.8197556066887
UEFA,5.0,41.49,2007,1682.8600570726874,1679.4785940668132,1686.2415200785615
UEFA,5.0,41.49,2008,1684.2918133355693,1680.6599192514946,1687.9237074196442
UEFA,5.0,41.49,2009,1685.7010419781725,1681.619722720026,1689.7823612363193
UEFA,5.0,41.49,2010,1687.0780722134766,1682.4367439619355,1691.7194004650175
UEFA,5.0,41.49,2011,1688.4141399051402,1683.1713009467235,1693.656978863557
UEFA,5.0,41.49,2012,1689.7014871695703,1683.8616542160528,1695.5413201230876
UEFA,5.0,41.49,2013,1690.9334277369633,1684.5301121144012,1697.3367433595256
UEFA,5.0,41.49,2014,1692.1043795754495,1685.188577002521,1699.020182148378
UEFA,5.0,41.49,2015,1693.2098675094835,1685.84197455197,1700.577760466997
UEFA,5.0,41.49,2016,1694.246499510757,1686.4901508461783,1702.002848175336
UEFA,5.0,41.49,2017,1695.2119209784287,1687.1288789209289,1703.2949630359285
UEFA,5.0,41.49,2018,1696.1047516503677,1687.7503928638605,1704.4591104368749
UEFA,5.0,41.49,2019,1696.9245098153433,1688.3437131120902,1705.5053065185962
UEFA,5.0,41.49,2020,1697.6715282633404,1688.8949529118938,1706.448103614787
UEFA,5.0,41.49,2021,1698.3468659673827,1689.387768220685,1707.3059637140802
UEFA,5.0,41.49,2022,1698.9522188942942,1689.804095507321,1708.1003422812673
UEFA,5.0,41.49,2023,1699.4898326561884,1690.1252773859133,1708.8543879264635
UEFA,5.0,41.49,2024,1699.9624189999129,1690.3335742519419,1709.5912637478839
UEFA,5.0,41.49,2025,1700.3730774427784,1690.4139001847934,1710.3322547007635
UEFA,5.0,41.49,2026,1700.7252227445483,1690.3554589147755,1711.0949865743212
CONMEBOL,0.4,1.72,1992,1832.5602911468218,1792.144636955561,1872.9759453380827
CONMEBOL,0.4,1.72,1993,1781.8287472961188,1745.040213987786,1818.6172806044515
CONMEBOL,0.4,1.72,1994,1770.3682174874082,1738.2223441416406,1802.5140908331755
CONMEBOL,0.4,1.72,1995,1781.302972811521,1748.052084516418,1814.553861106624
CONMEBOL,0.4,1.72,1996,1788.809059983916,1755.5143547991413,1822.103765168691
CONMEBOL,0.4,1.72,1997,1816.7596563694533,1785.5332993916722,1847.9860133472346
CONMEBOL,0.4,1.72,1998,1846.2660435385144,1808.9246033492077,1883.6074837278209
CONMEBOL,0.4,1.72,1999,1836.3113080032062,1804.8993979194024,1867.7232180870099
CONMEBOL,0.4,1.72,2000,1811.1422503139556,1777.8320275263316,1844.4524731015797
CONMEBOL,0.4,1.72,2001,1804.1915588456152,1771.7551405827803,1836.62797710845
CONMEBOL,0.4,1.72,2002,1815.599214021312,1784.8701782699184,1846.328249772706
CONMEBOL,0.4,1.72,2003,1829.2780792260016,1798.435217889087,1860.120940562916
CONMEBOL,0.4,1.72,2004,1838.7802012077634,1808.247741207847,1869.3126612076796
CONMEBOL,0.4,1.72,2005,1847.8005828760265,1817.4303851108718,1878.1707806411812
CONMEBOL,0.4,1.72,2006,1853.3889103892855,1822.840562919506,1883.937257859065
CONMEBOL,0.4,1.72,2007,1854.0713885563473,1823.4340770497352,1884.7087000629595
CONMEBOL,0.4,1.72,2008,1862.0945817287127,1830.5324478910534,1893.656715566372
CONMEBOL,0.4,1.72,2009,1884.228650331731,1853.801479738378,1914.655820925084
CONMEBOL,0.4,1.72,2010,1903.6018172252743,1871.1940080161928,1936.0096264343556
CONMEBOL,0.4,1.72,2011,1907.303294362093,1876.8693056589102,1937.7372830652762
CONMEBOL,0.4,1.72,2012,1914.0848684652271,1882.5885860397643,1945.58115089069
CONMEBOL,0.4,1.72,2013,1932.2658471214972,1901.6551869847763,1962.8765072582182
CONMEBOL,0.4,1.72,2014,1950.2324364708397,1919.2603859497005,1981.2044869919791
CONMEBOL,0.4,1.72,2015,1960.1843057535832,1929.3064634189157,1991.062148088251
CONMEBOL,0.4,1.72,2016,1962.5220855398074,1931.5432394959269,1993.500931583688
CONMEBOL,0.4,1.72,2017,1959.2521972960055,1928.1088827195244,1990.3955118724868
CONMEBOL,0.4,1.72,2018,1946.7346696014383,1915.7897703616668,1977.6795688412099
CONMEBOL,0.4,1.72,2019,1930.1183869159515,1898.9050635648173,1961.3317102670858
CONMEBOL,0.4,1.72,2020,1925.993792620232,1894.017908739832,1957.9696765006322
CONMEBOL,0.4,1.72,2021,1938.2785059300322,1906.9428368759213,1969.614174984143
CONMEBOL,0.4,1.72,2022,1948.2221519697157,1908.646560961046,1987.7977429783855
CONMEBOL,0.4,1.72,2023,1937.1872224261049,1871.9531580238897,2002.4212868283198
CONMEBOL,0.4,1.72,2024,1913.918264356666,1822.9017936138407,2004.934735099491
CONMEBOL,0.4,1.72,2025,1894.9632902392684,1793.757458686348,1996.169121792189
CONMEBOL,0.4,1.72,2026,1883.8490268621456,1780.6785124293679,1987.0195412949236
CONMEBOL,0.6,2.58,1992,1820.402018906616,1782.2042537062248,1858.5997841070073
CONMEBOL,0.6,2.58,1993,1789.9938918102744,1761.228109106317,1818.7596745142316
CONMEBOL,0.6,2.58,1994,1775.523482353603,1744.0827157232907,1806.9642489839152
CONMEBOL,0.6,2.58,1995,1778.682444570349,1748.8654025268982,1808.4994866137995
CONMEBOL,0.6,2.58,1996,1794.073668577679,1767.596543710977,1820.5507934443813
CONMEBOL,0.6,2.58,1997,1815.075410509541,1786.9726122173388,1843.1782088017433
CONMEBOL,0.6,2.58,1998,1829.9911870338287,1797.3941013982578,1862.5882726693997
CONMEBOL,0.6,2.58,1999,1828.9711407538496,1800.81777311185,1857.1245083958493
CONMEBOL,0.6,2.58,2000,1817.7436803383318,1790.7233316348952,1844.7640290417685
CONMEBOL,0.6,2.58,2001,1811.288433750656,1781.0762925942297,1841.5005749070822
CONMEBOL,0.6,2.58,2002,1815.9116562990466,1788.573775349895,1843.2495372481983
CONMEBOL,0.6,2.58,2003,1826.5190252603757,1800.4669692485593,1852.5710812721923
CONMEBOL,0.6,2.58,2004,1836.8834792141395,1810.0162275186183,1863.7507309096604
CONMEBOL,0.6,2.58,2005,1844.747064732906,1818.2224948009862,1871.2716346648256
CONMEBOL,0.6,2.58,2006,1850.2920347384595,1824.4682364619919,1876.1158330149274
CONMEBOL,0.6,2.58,2007,1856.2931659096496,1829.8948906802723,1882.6914411390271
CONMEBOL,0.6,2.58,2008,1867.2053096325162,1840.9510212076661,1893.4595980573663
CONMEBOL,0.6,2.58,2009,1883.1167110125978,1857.2748935274597,1908.9585284977356
CONMEBOL,0.6,2.58,2010,1898.195566953994,1871.6903693501008,1924.7007645578876
CONMEBOL,0.6,2.58,2011,1909.1992542344872,1883.3900646241525,1935.0084438448218
CONMEBOL,0.6,2.58,2012,1920.1273586762911,1893.582030499993,1946.6726868525893
CONMEBOL,0.6,2.58,2013,1934.5803592573088,1908.2466109153793,1960.9141075992384
CONMEBOL,0.6,2.58,2014,1949.5424113154543,1923.4507893218279,1975.6340333090807
CONMEBOL,0.6,2.58,2015,1959.6555640758643,1932.9077840190819,1986.403344132647
CONMEBOL,0.6,2.58,2016,1962.4542570619833,1935.2723703336533,1989.6361437903136
CONMEBOL,0.6,2.58,2017,1957.787092441708,1931.1428075139222,1984.431377369494
CONMEBOL,0.6,2.58,2018,1947.2752879808368,1921.0353195027112,1973.5152564589623
CONMEBOL,0.6,2.58,2019,1936.6081438560477,1908.6527159148804,1964.563571797215
CONMEBOL,0.6,2.58,2020,1933.3056444160457,1905.2432233032005,1961.3680655288908
CONMEBOL,0.6,2.58,2021,1938.4955485638131,1910.8121186936378,1966.1789784339885
CONMEBOL,0.6,2.58,2022,1944.1502551713,1906.8506991205174,1981.4498112220822
CONMEBOL,0.6,2.58,2023,1941.491809934289,1886.5971861733467,1996.386433695231
CONMEBOL,0.6,2.58,2024,1929.6597748419806,1855.207000956299,2004.1125487276622
CONMEBOL,0.6,2.58,2025,1914.270488684548,1824.5175637945547,2004.0234135745409
CONMEBOL,0.6,2.58,2026,1900.6586427648217,1802.3574981592553,1998.959787370388
CONMEBOL,0.8,3.44,1992,1813.4271320062153,1777.4277274951546,1849.426536517276
CONMEBOL,0.8,3.44,1993,1792.494624280308,1765.794574589399,1819.194673971217
CONMEBOL,0.8,3.44,1994,1781.4336382809493,1750.794649908835,1812.0726266530633
CONMEBOL,0.8,3.44,1995,1783.3785469180318,1754.4640355166218,1812.2930583194416
CONMEBOL,0.8,3.44,1996,1795.5715647227264,1772.0921137062035,1819.0510157392491
CONMEBOL,0.8,3.44,1997,1810.706384588809,1784.6455614149045,1836.7672077627135
CONMEBOL,0.8,3.44,1998,1820.9624354605671,1791.508659102946,1850.4162118181882
CONMEBOL,0.8,3.44,1999,1822.815584448941,1796.9124458090123,1848.71872308887
CONMEBOL,0.8,3.44,2000,1819.1441618107783,1795.8861782857637,1842.4021453357927
CONMEBOL,0.8,3.44,2001,1816.3103726318147,1790.6876161713,1841.9331290923294
CONMEBOL,0.8,3.44,2002,1818.7146413947648,1793.4474200914756,1843.9818626980539
CONMEBOL,0.8,3.44,2003,1826.000923055319,1802.701667132093,1849.3001789785449
CONMEBOL,0.8,3.44,2004,1834.8538225763898,1811.4195614131072,1858.2880837396724
CONMEBOL,0.8,3.44,2005,1842.6706213928328,1819.1379341266638,1866.2033086590016
CONMEBOL,0.8,3.44,2006,1849.6006877727814,1826.5473740309517,1872.654001514611
CONMEBOL,0.8,3.44,2007,1857.7800853477572,1834.6665191637446,1880.8936515317698
CONMEBOL,0.8,3.44,2008,1868.9242862877438,1845.9221900137952,1891.9263825616924
CONMEBOL,0.8,3.44,2009,1882.587367361046,1859.6839490289456,1905.4907856931463
CONMEBOL,0.8,3.44,2010,1896.7933808712214,1873.7388208726088,1919.847940869834
CONMEBOL,0.8,3.44,2011,1910.2200093818208,1887.1672874749138,1933.272731288728
CONMEBOL,0.8,3.44,2012,1923.2002620527687,1899.943284498509,1946.4572396070287
CONMEBOL,0.8,3.44,2013,1936.3408102808198,1913.1404878267463,1959.5411327348934
CONMEBOL,0.8,3.44,2014,1948.6506380410517,1925.3305649020378,1971.9707111800658
CONMEBOL,0.8,3.44,2015,1957.4829144630676,1932.9844847117683,1981.9813442143666
CONMEBOL,0.8,3.44,2016,1960.2900115427497,1935.3796515187603,1985.200371566739
CONMEBOL,0.8,3.44,2017,1956.602051934688,1932.9829718940366,1980.2211319753392
CONMEBOL,0.8,3.44,2018,1948.8762719716128,1925.2573027889687,1972.495241154257
CONMEBOL,0.8,3.44,2019,1941.508843455518,1916.0381162155284,1966.9795706955074
CONMEBOL,0.8,3.44,2020,1938.15831383126,1912.8129701914559,1963.5036574710641
CONMEBOL,0.8,3.44,2021,1939.1117062511335,1913.2412189410547,1964.9821935612124
CONMEBOL,0.8,3.44,2022,1941.1078555002234,1906.3563395476601,1975.8593714527865
CONMEBOL,0.8,3.44,2023,1940.0102962077115,1890.4871715752934,1989.5334208401293
CONMEBOL,0.8,3.44,2024,1933.8666659360335,1868.9984454864323,1998.7348863856346
CONMEBOL,0.8,3.44,2025,1923.7439147561608,1845.5007342892131,2001.9870952231086
CONMEBOL,0.8,3.44,2026,1912.2726800092007,1823.8776807371776,2000.667679281224
CONMEBOL,1.0,4.29,1992,1808.2085164356222,1775.325199580098,1841.0918332911465
CONMEBOL,1.0,4.29,1993,1794.0465787286241,1768.392814561501,1819.700342895747
CONMEBOL,1.0,4.29,1994,1787.0599486441604,1759.5303346128471,1814.5895626754736
CONMEBOL,1.0,4.29,1995,1788.5318056904184,1762.7300625107853,1814.3335488700516
CONMEBOL,1.0,4.29,1996,1796.4926430768617,1774.8473889128686,1818.137897240855
CONMEBOL,1.0,4.29,1997,1806.6392015883873,1784.015322109442,1829.263081067333
CONMEBOL,1.0,4.29,1998,1814.6344052619208,1789.395580873668,1839.8732296501735
CONMEBOL,1.0,4.29,1999,1818.3881887494188,1794.3718375115434,1842.4045399872944
CONMEBOL,1.0,4.29,2000,1818.839296109289,1797.2297203812213,1840.4488718373566
CONMEBOL,1.0,4.29,2001,1818.8009748583975,1797.1247490691794,1840.4772006476155
CONMEBOL,1.0,4.29,2002,1820.8549345010344,1798.7115588566553,1842.9983101454136
CONMEBOL,1.0,4.29,2003,1825.8890208722726,1804.3472226049744,1847.4308191395708
CONMEBOL,1.0,4.29,2004,1833.165649326553,1812.0698095705302,1854.2614890825757
CONMEBOL,1.0,4.29,2005,1841.4891773212942,1820.4065447401622,1862.5718099024261
CONMEBOL,1.0,4.29,2006,1850.299641485889,1829.267824117829,1871.331458853949
CONMEBOL,1.0,4.29,2007,1859.870220933247,1838.8822746365481,1880.858167229946
CONMEBOL,1.0,4.29,2008,1870.723196466981,1849.7371795845759,1891.7092133493866
CONMEBOL,1.0,4.29,2009,1882.9999717776961,1861.9698190498523,1904.0301245055402
CONMEBOL,1.0,4.29,2010,1896.3460026518471,1875.259061656695,1917.432943646999
CONMEBOL,1.0,4.29,2011,1910.2061201441538,1889.1699649486648,1931.2422753396427
CONMEBOL,1.0,4.29,2012,1924.0110056342778,1903.0226514117912,1944.9993598567642
CONMEBOL,1.0,4.29,2013,1936.98451291321,1915.7433588781817,1958.225666948238
CONMEBOL,1.0,4.29,2014,1947.8742536619175,1925.8646829429993,1969.8838243808357
CONMEBOL,1.0,4.29,2015,1955.1249397732786,1932.3642009497223,1977.8856785968349
CONMEBOL,1.0,4.29,2016,1957.6236965174226,1935.221234941728,1980.0261580931174
CONMEBOL,1.0,4.29,2017,1955.5453977656766,1934.1991944098684,1976.8916011214847
CONMEBOL,1.0,4.29,2018,1950.5908497541989,1928.924644700529,1972.2570548078688
CONMEBOL,1.0,4.29,2019,1945.2714933403988,1922.2191034726575,1968.3238832081402
CONMEBOL,1.0,4.29,2020,1941.5961968803133,1918.1901531639296,1965.0022405966972
CONMEBOL,1.0,4.29,2021,1940.0170405278375,1915.2091289375937,1964.8249521180812
CONMEBOL,1.0,4.29,2022,1939.3534801520302,1907.1466570624561,1971.5603032416043
CONMEBOL,1.0,4.29,2023,1937.7020082861777,1893.0229295711342,1982.3810870012212
CONMEBOL,1.0,4.29,2024,1933.6389882056687,1875.4598835362422,1991.8180928750953
CONMEBOL,1.0,4.29,2025,1926.9202026428134,1856.6128050490213,1997.2276002366054
CONMEBOL,1.0,4.29,2026,1918.380190943668,1838.2000168029638,1998.5603650843723
CONMEBOL,1.5,6.44,1992,1802.4510083145242,1774.5041711592955,1830.3978454697526
CONMEBOL,1.5,6.44,1993,1797.2446970917367,1773.7318916465276,1820.7575025369456
CONMEBOL,1.5,6.44,1994,1794.795892082777,1773.2418121246296,1816.3499720409247
CONMEBOL,1.5,6.44,1995,1795.0965050687896,1775.0948280819105,1815.0981820556688
CONMEBOL,1.5,6.44,1996,1797.6525239189718,1779.0502514901145,1816.2547963478294
CONMEBOL,1.5,6.44,1997,1801.6543201779577,1783.4494583352434,1819.859182020672
CONMEBOL,1.5,6.44,1998,1806.2459442292368,1787.4367908661109,1825.0550975923627
CONMEBOL,1.5,6.44,1999,1810.7907380615047,1791.4109845720166,1830.1704915509927
CONMEBOL,1.5,6.44,2000,1815.0342238509384,1795.81053128241,1834.2579164194665
CONMEBOL,1.5,6.44,2001,1819.1146381284675,1800.5918691756522,1837.6374070812828
CONMEBOL,1.5,6.44,2002,1823.4402013115275,1805.5451879996945,1841.3352146233603
CONMEBOL,1.5,6.44,2003,1828.5042499877557,1810.72988427645,1846.278615699061
CONMEBOL,1.5,6.44,2004,1834.7205564589974,1816.5713829112485,1852.869730006746
CONMEBOL,1.5,6.44,2005,1842.3320514386942,1823.6126685730067,1861.0514343043815
CONMEBOL,1.5,6.44,2006,1851.3986812345104,1832.2596706870622,1870.5376917819588
CONMEBOL,1.5,6.44,2007,1861.8320336523066,1842.65683509223,1881.007232212383
CONMEBOL,1.5,6.44,2008,1873.43295474009,1854.6327479760205,1892.2331615041596
CONMEBOL,1.5,6.44,2009,1885.9034734936877,1867.696983674845,1904.1099633125305
CONMEBOL,1.5,6.44,2010,1898.8325067107803,1881.0928192207605,1916.5721942008001
CONMEBOL,1.5,6.44,2011,1911.6791786635945,1893.9273787876075,1929.4309785395817
CONMEBOL,1.5,6.44,2012,1923.7862976641807,1905.4215457784487,1942.1510495499126
CONMEBOL,1.5,6.44,2013,1934.4462485976228,1915.157111958047,1953.7353852371987
CONMEBOL,1.5,6.44,2014,1943.017085419553,1923.0588450129592,1962.975325826147
CONMEBOL,1.5,6.44,2015,1949.0586561205314,1929.1273602850508,1968.9899519560122
CONMEBOL,1.5,6.44,2016,1952.4403567711324,1933.182426718538,1971.698286823727
CONMEBOL,1.5,6.44,2017,1953.3741760275796,1934.8479756988486,1971.9003763563103
CONMEBOL,1.5,6.44,2018,1952.3513034729604,1933.926734629848,1970.775872316073
CONMEBOL,1.5,6.44,2019,1949.998589487624,1930.8218041950536,1969.1753747801945
CONMEBOL,1.5,6.44,2020,1946.9050119462768,1926.1529466198804,1967.6570772726734
CONMEBOL,1.5,6.44,2021,1943.4809283003888,1919.8916389675378,1967.07021763324
CONMEBOL,1.5,6.44,2022,1939.8974942904001,1911.4118327569327,1968.3831558238674
CONMEBOL,1.5,6.44,2023,1936.1180924428163,1900.4569717843683,1971.779213101264
CONMEBOL,1.5,6.44,2024,1931.996002116996,1887.5410690170609,1976.4509352169312
CONMEBOL,1.5,6.44,2025,1927.3906214068693,1873.5451520409524,1981.236090772786
CONMEBOL,1.5,6.44,2026,1922.2561601827479,1859.3280364144443,1985.1842839510514
CONMEBOL,2.5,10.74,1992,1797.442253993811,1772.473062214319,1822.411445773303
CONMEBOL,2.5,10.74,1993,1796.466380125018,1775.0841434455638,1817.8486168044724
CONMEBOL,2.5,10.74,1994,1796.3526873114536,1777.6496856998579,1815.055688923049
CONMEBOL,2.5,10.74,1995,1797.1086524630546,1780.2059822009483,1814.0113227251609
CONMEBOL,2.5,10.74,1996,1798.7200174798888,1782.8594072532992,1814.5806277064785
CONMEBOL,2.5,10.74,1997,1801.1594389649485,1785.7725687017673,1816.54630922813
CONMEBOL,2.5,10.74,1998,1804.396112991704,1789.1206238620452,1819.6716021213629
CONMEBOL,2.5,10.74,1999,1808.4044457257885,1793.0467117030316,1823.7621797485451
CONMEBOL,2.5,10.74,2000,1813.1698943005965,1797.64302772668,1828.696760874513
CONMEBOL,2.5,10.74,2001,1818.6905350113632,1802.9606149278222,1834.4204550949041
CONMEBOL,2.5,10.74,2002,1824.9736640675214,1809.0359811246337,1840.9113470104091
CONMEBOL,2.5,10.74,2003,1832.0276666577995,1815.9161486415676,1848.1391846740314
CONMEBOL,2.5,10.74,2004,1839.8503272377727,1823.6623001068895,1856.038354368656
CONMEBOL,2.5,10.74,2005,1848.41551615424,1832.3213312991115,1864.5097010093689
CONMEBOL,2.5,10.74,2006,1857.6606249115723,1841.872030431096,1873.4492193920487
CONMEBOL,2.5,10.74,2007,1867.4771458956473,1852.1663406005946,1882.7879511906997
CONMEBOL,2.5,10.74,2008,1877.706391360462,1862.8932377605524,1892.5195449603716
CONMEBOL,2.5,10.74,2009,1888.1415885183196,1873.6017575369244,1902.6814194997148
CONMEBOL,2.5,10.74,2010,1898.5366043992021,1883.8175262383809,1913.2556825600232
CONMEBOL,2.5,10.74,2011,1908.6205162799072,1893.2146088876787,1924.026423672136
CONMEBOL,2.5,10.74,2012,1918.1163288261305,1901.6984888671025,1934.5341687851585
CONMEBOL,2.5,10.74,2013,1926.7615011477405,1909.3306391002748,1944.1923631952063
CONMEBOL,2.5,10.74,2014,1934.327688082335,1916.199472680487,1952.4559034841832
CONMEBOL,2.5,10.74,2015,1940.6372540813109,1922.331534267582,1958.94297389504
CONMEBOL,2.5,10.74,2016,1945.5746457514329,1927.6392528977933,1963.5100386050726
CONMEBOL,2.5,10.74,2017,1949.091506707042,1931.8710394488007,1966.3119739652832
CONMEBOL,2.5,10.74,2018,1951.2053388616503,1934.5572169420866,1967.853460781214
CONMEBOL,2.5,10.74,2019,1951.9923964366808,1935.0437468010339,1968.9410460723277
CONMEBOL,2.5,10.74,2020,1951.5761988609836,1932.8036699990323,1970.3487277229349
CONMEBOL,2.5,10.74,2021,1950.1134665521938,1927.8524068546135,1972.3745262497741
CONMEBOL,2.5,10.74,2022,1947.77937996442,1920.695755374536,1974.863004554304
CONMEBOL,2.5,10.74,2023,1944.7538609306819,1911.9670139453458,1977.540707916018
CONMEBOL,2.5,10.74,2024,1941.2101517324904,1902.2258083018646,1980.1944951631162
CONMEBOL,2.5,10.74,2025,1937.306427494987,1891.925363068629,1982.6874919213453
CONMEBOL,2.5,10.74,2026,1933.180632366064,1881.4276260650777,1984.93363866705
CONMEBOL,5.0,21.47,1992,1789.1419330602853,1768.4955916430583,1809.788274477512
CONMEBOL,5.0,21.47,1993,1791.5518924912078,1773.025848752339,1810.0779362300764
CONMEBOL,5.0,21.47,1994,1794.4481178885928,1777.3498012597124,1811.5464345174732
CONMEBOL,5.0,21.47,1995,1797.8378796559882,1781.5505402558376,1814.1252190561388
CONMEBOL,5.0,21.47,1996,1801.7226579865307,1785.78693185519,1817.6583841178715
CONMEBOL,5.0,21.47,1997,1806.0977200164605,1790.2492419490777,1821.946198083843
CONMEBOL,5.0,21.47,1998,1810.9518070652225,1795.1079595356946,1826.7956545947507
CONMEBOL,5.0,21.47,1999,1816.2669478493324,1800.4834624704213,1832.0504332282433
CONMEBOL,5.0,21.47,2000,1822.018410640183,1806.4382818495997,1837.5985394307663
CONMEBOL,5.0,21.47,2001,1828.1748037416176,1812.9809541997436,1843.3686532834918
CONMEBOL,5.0,21.47,2002,1834.6983294914814,1820.0725670356796,1849.3240919472833
CONMEBOL,5.0,21.47,2003,1841.5451923772582,1827.6322372334357,1855.4581475210805
CONMEBOL,5.0,21.47,2004,1848.6661569641753,1835.5411691306883,1861.7911447976624
CONMEBOL,5.0,21.47,2005,1856.0072463535794,1843.6473182359148,1868.3671744712442
CONMEBOL,5.0,21.47,2006,1863.5105670241737,1851.7754134321633,1875.2457206161841
CONMEBOL,5.0,21.47,2007,1871.1152413687958,1859.7490342888955,1882.481448448696
CONMEBOL,5.0,21.47,2008,1878.7584252296283,1867.426161076751,1890.0906893825056
CONMEBOL,5.0,21.47,2009,1886.3763844437024,1874.7325853661919,1898.0201835212126
CONMEBOL,5.0,21.47,2010,1893.9056019999423,1881.6674782171488,1906.1437257827358
CONMEBOL,5.0,21.47,2011,1901.283886003861,1888.2768669250624,1914.2909050826595
CONMEBOL,5.0,21.47,2012,1908.4514483268777,1894.6182271479954,1922.28466950576
CONMEBOL,5.0,21.47,2013,1915.3519246146122,1900.736151992649,1929.9676972365753
CONMEBOL,5.0,21.47,2014,1921.933308220113,1906.650961783294,1937.2156546569324
CONMEBOL,5.0,21.47,2015,1928.1487735391092,1912.3538800086305,1943.9436670695882
CONMEBOL,5.0,21.47,2016,1933.9573680312642,1917.8034787594188,1950.1112573031096
CONMEBOL,5.0,21.47,2017,1939.3245567476974,1922.9212418630566,1955.7278716323383
CONMEBOL,5.0,21.47,2018,1944.2226082505376,1927.5871316747584,1960.8580848263168
CONMEBOL,5.0,21.47,2019,1948.6308161819786,1931.6397159029405,1965.6219164610168
CONMEBOL,5.0,21.47,2020,1952.535556184448,1934.889207889634,1970.1819044792621
CONMEBOL,5.0,21.47,2021,1955.9301831581809,1937.1501931394084,1974.7101731769533
CONMEBOL,5.0,21.47,2022,1958.8147787499279,1938.2866284099352,1979.3429290899205
CONMEBOL,5.0,21.47,2023,1961.1957633042086,1938.2441355667374,1984.1473910416798
CONMEBOL,5.0,21.47,2024,1963.0853901183689,1937.0501803066506,1989.1205999300869
CONMEBOL,5.0,21.47,2025,1964.5011426082024,1934.7896749309773,1994.2126102854272
CONMEBOL,5.0,21.47,2026,1965.4650568411087,1931.5770763966948,1999.3530372855225
CAF,0.4,3.26,1992,1539.529511045506,1524.7790447686712,1554.279977322341
CAF,0.4,3.26,1993,1539.4264141677002,1526.1647094432817,1552.6881188921188
CAF,0.4,3.26,1994,1538.336380273547,1526.4892645031978,1550.1834960438962
CAF,0.4,3.26,1995,1536.644647306839,1526.1199368862747,1547.1693577274034
CAF,0.4,3.26,1996,1534.9612611443827,1525.4235415735614,1544.498980715204
CAF,0.4,3.26,1997,1533.3907907571531,1524.283438608176,1542.4981429061302
CAF,0.4,3.26,1998,1531.9816875946108,1522.8111973332475,1541.1521778559743
CAF,0.4,3.26,1999,1530.897277712587,1521.4955615568342,1540.2989938683397
CAF,0.4,3.26,2000,1530.4035398894105,1521.0386569039922,1539.7684228748287
CAF,0.4,3.26,2001,1530.5170307237145,1521.4017244580311,1539.632336989398
CAF,0.4,3.26,2002,1530.6277523043987,1521.8092747688445,1539.4462298399528
CAF,0.4,3.26,2003,1531.3385460311877,1522.9264168944856,1539.75067516789
CAF,0.4,3.26,2004,1533.0291637572202,1524.3466571581982,1541.7116703562424
CAF,0.4,3.26,2005,1533.7947033846046,1524.6408177155683,1542.948589053641
CAF,0.4,3.26,2006,1533.0993604943203,1524.4322854522898,1541.766435536351
CAF,0.4,3.26,2007,1532.3351455404509,1523.3153761700169,1541.3549149108849
CAF,0.4,3.26,2008,1532.5078665220651,1523.635555674239,1541.3801773698915
CAF,0.4,3.26,2009,1532.8515957387592,1524.0639937346057,1541.6391977429125
CAF,0.4,3.26,2010,1532.2307350055141,1523.6039280731761,1540.8575419378524
CAF,0.4,3.26,2011,1531.1558283333939,1522.6792595716627,1539.632397095125
CAF,0.4,3.26,2012,1530.7737184158525,1522.2447424500228,1539.302694381682
CAF,0.4,3.26,2013,1530.1756975089,1521.2294441948995,1539.1219508229003
CAF,0.4,3.26,2014,1528.6152375017168,1519.6265027542445,1537.6039722491894
CAF,0.4,3.26,2015,1527.0037698075205,1517.557418064123,1536.4501215509179
CAF,0.4,3.26,2016,1526.5564612246708,1516.570441781243,1536.5424806680985
CAF,0.4,3.26,2017,1526.4441081173231,1515.9111490779883,1536.9770671566578
CAF,0.4,3.26,2018,1525.8440481425293,1515.2520908809447,1536.4360054041142
CAF,0.4,3.26,2019,1525.6110541678588,1514.9184906001096,1536.303617735608
CAF,0.4,3.26,2020,1526.22188441913,1515.3115939083311,1537.1321749299286
CAF,0.4,3.26,2021,1527.0295158216836,1515.7365656090553,1538.322466034312
CAF,0.4,3.26,2022,1527.8101688979777,1515.73098127334,1539.8893565226156
CAF,0.4,3.26,2023,1528.4457737331466,1515.2773006723703,1541.6142467939226
CAF,0.4,3.26,2024,1528.9461679834333,1514.6189990209707,1543.2733369458958
CAF,0.4,3.26,2025,1529.369598555743,1513.8963803802405,1544.8428167312459
CAF,0.4,3.26,2026,1529.7337298768718,1513.1428388531042,1546.3246209006395
CAF,0.6,4.88,1992,1538.6840461609665,1525.9292785635425,1551.4388137583906
CAF,0.6,4.88,1993,1538.5091234220831,1526.9015598060585,1550.1166870381076
CAF,0.6,4.88,1994,1537.7708721126817,1527.174334116769,1548.3674101085946
CAF,0.6,4.88,1995,1536.622063698428,1526.933119680663,1546.3110077161932
CAF,0.6,4.88,1996,1535.353923909282,1526.313567840237,1544.3942799783272
CAF,0.6,4.88,1997,1534.13418455223,1525.3492285250431,1542.919140579417
CAF,0.6,4.88,1998,1533.05334029313,1524.2318447122734,1541.8748358739867
CAF,0.6,4.88,1999,1532.2019808063922,1523.2945780900498,1541.1093835227346
CAF,0.6,4.88,2000,1531.6873481889918,1522.8686432630914,1540.506053114892
CAF,0.6,4.88,2001,1531.5257635336752,1523.0510553172733,1540.000471750077
CAF,0.6,4.88,2002,1531.6209239583632,1523.6655406961952,1539.5763072205311
CAF,0.6,4.88,2003,1532.0733741031454,1524.5157315992992,1539.6310166069914
CAF,0.6,4.88,2004,1532.7521647719032,1525.1398261616605,1540.364503382146
CAF,0.6,4.88,2005,1532.9892759893962,1525.2160088714622,1540.7625431073302
CAF,0.6,4.88,2006,1532.578495650138,1524.9133383154324,1540.2436529848437
CAF,0.6,4.88,2007,1532.0449139217415,1524.3987593927743,1539.6910684507088
CAF,0.6,4.88,2008,1531.825005065099,1524.1549687537906,1539.4950413764075
CAF,0.6,4.88,2009,1531.7275908148529,1523.9879273159129,1539.4672543137929
CAF,0.6,4.88,2010,1531.3611424953333,1523.5606829864887,1539.161602004178
CAF,0.6,4.88,2011,1530.7964293867562,1522.966289613823,1538.6265691596896
CAF,0.6,4.88,2012,1530.275493050289,1522.3695000470536,1538.1814860535246
CAF,0.6,4.88,2013,1529.5809642353745,1521.5523668448197,1537.6095616259292
CAF,0.6,4.88,2014,1528.5431590379917,1520.4449118768973,1536.641406199086
CAF,0.6,4.88,2015,1527.5199727113613,1519.1902737276482,1535.8496716950742
CAF,0.6,4.88,2016,1526.9122147603605,1518.1324293332475,1535.6920001874735
CAF,0.6,4.88,2017,1526.5457890073371,1517.3115708774649,1535.7800071372094
CAF,0.6,4.88,2018,1526.1883791020402,1516.7081627755615,1535.668595428519
CAF,0.6,4.88,2019,1526.0528556603015,1516.334583576368,1535.7711277442347
CAF,0.6,4.88,2020,1526.2972249266509,1516.198350547326,1536.3960993059757
CAF,0.6,4.88,2021,1526.7504271784126,1516.1053309455026,1537.3955234113225
CAF,0.6,4.88,2022,1527.2393281530763,1515.8423702192335,1538.6362860869192
CAF,0.6,4.88,2023,1527.660976538373,1515.395953650672,1539.925999426074
CAF,0.6,4.88,2024,1527.9940888439571,1514.8777705527336,1541.1104071351806
CAF,0.6,4.88,2025,1528.2742755572895,1514.3549152998833,1542.1936358146954
CAF,0.6,4.88,2026,1528.531745134516,1513.830070450033,1543.233419818999
CAF,0.8,6.51,1992,1538.1150336161625,1526.608666701101,1549.621400531224
CAF,0.8,6.51,1993,1537.9531370294453,1527.2800683297123,1548.6262057291783
CAF,0.8,6.51,1994,1537.4147252409261,1527.5108128729228,1547.3186376089293
CAF,0.8,6.51,1995,1536.5608436807781,1527.3596717649316,1545.7620155966247
CAF,0.8,6.51,1996,1535.5472479712832,1526.8550525484725,1544.2394433940938
CAF,0.8,6.51,1997,1534.5171042949778,1526.015179273172,1543.0190293167839
CAF,0.8,6.51,1998,1533.581700905881,1525.0209161553375,1542.1424856564247
CAF,0.8,6.51,1999,1532.8392464049393,1524.2186768323627,1541.4598159775157
CAF,0.8,6.51,2000,1532.3650758438434,1523.9157284029795,1540.8144232847071
CAF,0.8,6.51,2001,1532.1651798007604,1524.167918828302,1540.162440773219
CAF,0.8,6.51,2002,1532.1915614631635,1524.762285634698,1539.6208372916287
CAF,0.8,6.51,2003,1532.4032115638813,1525.3822404475648,1539.4241826801976
CAF,0.8,6.51,2004,1532.6503831752123,1525.7032138108023,1539.5975525396225
CAF,0.8,6.51,2005,1532.657316434756,1525.6095712326262,1539.7050616368858
CAF,0.8,6.51,2006,1532.3382187570828,1525.252740959755,1539.4236965544103
CAF,0.8,6.51,2007,1531.9020159780525,1524.8187163858836,1538.9853155702217
CAF,0.8,6.51,2008,1531.5519983846489,1524.4625168835141,1538.6414798857836
CAF,0.8,6.51,2009,1531.2565442599532,1524.1024140086345,1538.410674511272
CAF,0.8,6.51,2010,1530.883349942933,1523.6399344936294,1538.1267653922362
CAF,0.8,6.51,2011,1530.4230410509244,1523.0995533983619,1537.7465287034872
CAF,0.8,6.51,2012,1529.9134127946354,1522.5081337107756,1537.3186918784952
CAF,0.8,6.51,2013,1529.2827787814106,1521.7938618138721,1536.7716957489492
CAF,0.8,6.51,2014,1528.4996294374978,1520.918778848213,1536.0804800267829
CAF,0.8,6.51,2015,1527.7255476174696,1519.932865921678,1535.5182293132614
CAF,0.8,6.51,2016,1527.1358670788688,1518.980549660664,1535.2911844970736
CAF,0.8,6.51,2017,1526.7206132056126,1518.180087734998,1535.261138676227
CAF,0.8,6.51,2018,1526.4278002383078,1517.6009619076106,1535.254638569005
CAF,0.8,6.51,2019,1526.3184368075306,1517.2217258504475,1535.4151477646137
CAF,0.8,6.51,2020,1526.432891514644,1516.943995027144,1535.921788002144
CAF,0.8,6.51,2021,1526.6933856850276,1516.6294497108681,1536.7573216591873
CAF,0.8,6.51,2022,1526.9933840654987,1516.1919468231551,1537.7948213078425
CAF,0.8,6.51,2023,1527.2625153652368,1515.6488377691471,1538.8761929613268
CAF,0.8,6.51,2024,1527.4761065901573,1515.075312845835,1539.8769003344798
CAF,0.8,6.51,2025,1527.6449719823333,1514.5279511444812,1540.7619928201857
CAF,0.8,6.51,2026,1527.7907129672988,1514.0222034327307,1541.5592225018668
CAF,1.0,8.14,1992,1537.7585575710816,1526.9592007424176,1548.5579143997456
CAF,1.0,8.14,1993,1537.5826452678352,1527.484132116181,1547.6811584194893
CAF,1.0,8.14,1994,1537.1279638308836,1527.704763092408,1546.5511645693591
CAF,1.0,8.14,1995,1536.4256004102167,1527.6089443100764,1545.2422565103573
CAF,1.0,8.14,1996,1535.5728287695315,1527.1833240724218,1543.9623334666414
CAF,1.0,8.14,1997,1534.6835380954367,1526.4625411367435,1542.9045350541296
CAF,1.0,8.14,1998,1533.8619529184905,1525.6234693264557,1542.100436510525
CAF,1.0,8.14,1999,1533.1951410620177,1524.9554193167285,1541.4348628073067
CAF,1.0,8.14,2000,1532.7381309681928,1524.6920636686366,1540.7841982677487
CAF,1.0,8.14,2001,1532.497121053654,1524.87250212906,1540.1217399782477
CAF,1.0,8.14,2002,1532.4385728578145,1525.337145656769,1539.5400000588602
CAF,1.0,8.14,2003,1532.4993542498607,1525.8136787104715,1539.18502978925
CAF,1.0,8.14,2004,1532.5637706405741,1526.0364631072753,1539.0910781738728
CAF,1.0,8.14,2005,1532.4929720309087,1525.920201572959,1539.0657424888584
CAF,1.0,8.14,2006,1532.2394253690406,1525.569113615063,1538.9097371230182
CAF,1.0,8.14,2007,1531.8821298589862,1525.1297540371838,1538.6345056807886
CAF,1.0,8.14,2008,1531.512904188298,1524.7023943964982,1538.323413980098
CAF,1.0,8.14,2009,1531.1378458570814,1524.270910733459,1538.0047809807038
CAF,1.0,8.14,2010,1530.715920665932,1523.7922590132928,1537.6395823185708
CAF,1.0,8.14,2011,1530.2357439911543,1523.2602623635232,1537.2112256187854
CAF,1.0,8.14,2012,1529.7014125342496,1522.665044101584,1536.7377809669151
CAF,1.0,8.14,2013,1529.0958737615806,1521.9751685021063,1536.2165790210552
CAF,1.0,8.14,2014,1528.429542297692,1521.1786926766683,1535.6803919187157
CAF,1.0,8.14,2015,1527.7848775429527,1520.3114692927763,1535.2582857931293
CAF,1.0,8.14,2016,1527.2523740311249,1519.4658166813988,1535.0389313808512
CAF,1.0,8.14,2017,1526.8595512779616,1518.7423864347068,1534.9767161212164
CAF,1.0,8.14,2018,1526.605164329685,1518.2007623998554,1535.0095662595147
CAF,1.0,8.14,2019,1526.5066380110486,1517.822188808642,1535.1910872134554
CAF,1.0,8.14,2020,1526.566737829925,1517.5171298693515,1535.6163457904984
CAF,1.0,8.14,2021,1526.738633911636,1517.1766583770227,1536.3006094462492
CAF,1.0,8.14,2022,1526.952434580978,1516.7387890035511,1537.1660801584048
CAF,1.0,8.14,2023,1527.1536243544615,1516.2123528076636,1538.0948959012594
CAF,1.0,8.14,2024,1527.3165386808023,1515.6464136718316,1538.9866636897732
CAF,1.0,8.14,2025,1527.43967751872,1515.0872831402457,1539.792071897194
CAF,1.0,8.14,2026,1527.533975475015,1514.559340669338,1540.5086102806922
CAF,1.5,12.21,1992,1537.079249108303,1527.3693656165722,1546.7891326000338
CAF,1.5,12.21,1993,1536.8330025412167,1527.7053985090997,1545.9606065733337
CAF,1.5,12.21,1994,1536.443351363636,1527.863434702607,1545.0232680246652
CAF,1.5,12.21,1995,1535.926791280302,1527.8181926254044,1544.0353899351996
CAF,1.5,12.21,1996,1535.3247901228633,1527.5702508377806,1543.079329407946
CAF,1.5,12.21,1997,1534.6932622467082,1527.1664474008062,1542.2200770926102
CAF,1.5,12.21,1998,1534.089764331238,1526.7068787899425,1541.4726498725336
CAF,1.5,12.21,1999,1533.5625771808343,1526.3171920982115,1540.8079622634573
CAF,1.5,12.21,2000,1533.1428719439684,1526.097599978109,1540.1881439098279
CAF,1.5,12.21,2001,1532.8400361394506,1526.0796888042976,1539.6003834746036
CAF,1.5,12.21,2002,1532.6400851772958,1526.21115085474,1539.0690194998513
CAF,1.5,12.21,2003,1532.507759843471,1526.3759813774175,1538.6395383095244
CAF,1.5,12.21,2004,1532.3947224932256,1526.4501291999177,1538.3393157865337
CAF,1.5,12.21,2005,1532.254721506402,1526.3635829669483,1538.1458600458557
CAF,1.5,12.21,2006,1532.0587736475125,1526.1188118722293,1537.9987354227956
CAF,1.5,12.21,2007,1531.7990122593865,1525.762120086186,1537.8359044325866
CAF,1.5,12.21,2008,1531.4792184558419,1525.3443994932888,1537.6140374183947
CAF,1.5,12.21,2009,1531.1034082085628,1524.8939701825502,1537.3128462345753
CAF,1.5,12.21,2010,1530.6730751790546,1524.4115262024536,1536.934624155656
CAF,1.5,12.21,2011,1530.191411646458,1523.8814775243268,1536.501345768589
CAF,1.5,12.21,2012,1529.6674683510382,1523.2863539556927,1536.0485827463838
CAF,1.5,12.21,2013,1529.1184642174503,1522.6198655729186,1535.617062861982
CAF,1.5,12.21,2014,1528.571058290408,1521.8968060855518,1535.2453104952642
CAF,1.5,12.21,2015,1528.0589247658227,1521.1553443624532,1534.9625051691921
CAF,1.5,12.21,2016,1527.6150609120266,1520.4474157765578,1534.7827060474954
CAF,1.5,12.21,2017,1527.2638183433367,1519.8191362256716,1534.708500461002
CAF,1.5,12.21,2018,1527.0179596111248,1519.2921607808812,1534.7437584413683
CAF,1.5,12.21,2019,1526.8790486378139,1518.8558437346278,1534.902253541
CAF,1.5,12.21,2020,1526.8372109504444,1518.4734068610478,1535.201015039841
CAF,1.5,12.21,2021,1526.8713776974805,1518.0998073300514,1535.6429480649094
CAF,1.5,12.21,2022,1526.9534573144042,1517.7019331633483,1536.2049814654602
CAF,1.5,12.21,2023,1527.0557154030637,1517.2685581114524,1536.842872694675
CAF,1.5,12.21,2024,1527.1570336288162,1516.806410419169,1537.5076568384634
CAF,1.5,12.21,2025,1527.2451548875006,1516.3301609807882,1538.1601487942132
CAF,1.5,12.21,2026,1527.3154438233073,1515.8545365619555,1538.7763510846592
CAF,2.5,20.35,1992,1535.8032911457506,1527.4800238314451,1544.1265584600558
CAF,2.5,20.35,1993,1535.5814125732036,1527.6477459801995,1543.5150791662077
CAF,2.5,20.35,1994,1535.3157217337641,1527.7475679475046,1542.8838755200236
CAF,2.5,20.35,1995,1535.0124668286733,1527.7792850934645,1542.245648563882
CAF,2.5,20.35,1996,1534.6819266689783,1527.74881983664,1541.6150335013167
CAF,2.5,20.35,1997,1534.3370362979524,1527.669008101426,1541.005064494479
CAF,2.5,20.35,1998,1533.991359651539,1527.558574966456,1540.424144336622
CAF,2.5,20.35,1999,1533.6568570720392,1527.4380840580347,1539.8756300860439
CAF,2.5,20.35,2000,1533.3419521238563,1527.3236408012249,1539.3602634464878
CAF,2.5,20.35,2001,1533.0503254102623,1527.2212197265028,1538.8794310940218
CAF,2.5,20.35,2002,1532.7806810529073,1527.1247039912641,1538.4366581145507
CAF,2.5,20.35,2003,1532.5274882952676,1527.0188006780525,1538.036175912483
CAF,2.5,20.35,2004,1532.2824551947979,1526.8852954327288,1537.6796149568668
CAF,2.5,20.35,2005,1532.0363174572033,1526.7093803325488,1537.3632545818577
CAF,2.5,20.35,2006,1531.7804912766676,1526.483142178974,1537.0778403743614
CAF,2.5,20.35,2007,1531.5082649093101,1526.205398739882,1536.811131078738
CAF,2.5,20.35,2008,1531.2154320709467,1525.879192883127,1536.5516712587666
CAF,2.5,20.35,2009,1530.900485337469,1525.50894567129,1536.292025003648
CAF,2.5,20.35,2010,1530.5645834395957,1525.098659107944,1536.0305077712471
CAF,2.5,20.35,2011,1530.2114535903515,1524.6516136291123,1535.7712935515908
CAF,2.5,20.35,2012,1529.847250219798,1524.1713005802878,1535.5231998593083
CAF,2.5,20.35,2013,1529.480268614608,1523.6629098857504,1535.2976273434654
CAF,2.5,20.35,2014,1529.1203835205563,1523.1344871899719,1535.1062798511407
CAF,2.5,20.35,2015,1528.7781594151359,1522.596940770344,1534.9593780599275
CAF,2.5,20.35,2016,1528.4637111890004,1522.0625460791887,1534.864876298812
CAF,2.5,20.35,2017,1528.185509911035,1521.5423863702895,1534.8286334517807
CAF,2.5,20.35,2018,1527.949376110205,1521.0438443675425,1534.8549078528677
CAF,2.5,20.35,2019,1527.7578700527224,1520.5693269988128,1534.946413106632
CAF,2.5,20.35,2020,1527.610195397809,1520.116765498609,1535.103625297009
CAF,2.5,20.35,2021,1527.5026132430826,1519.6814899839558,1535.3237365022096
CAF,2.5,20.35,2022,1527.4292503834572,1519.2584384576655,1535.6000623092486
CAF,2.5,20.35,2023,1527.3831060909622,1518.8437068052867,1535.9225053766377
CAF,2.5,20.35,2024,1527.3570369594677,1518.4350524429199,1536.2790214760155
CAF,2.5,20.35,2025,1527.3445365522841,1518.0316159737229,1536.6574571308456
CAF,2.5,20.35,2026,1527.3402108622358,1517.633386583097,1537.0470351413746
CAF,5.0,40.7,1992,1534.1331213743595,1527.2881903600762,1540.9780523886425
CAF,5.0,40.7,1993,1534.004303471376,1527.3738671201857,1540.6347398225662
CAF,5.0,40.7,1994,1533.8645235657348,1527.4437235407952,1540.2853235906744
CAF,5.0,40.7,1995,1533.714214125372,1527.496964425809,1539.9314638249355
CAF,5.0,40.7,1996,1533.553987269463,1527.53280183281,1539.5751727061163
CAF,5.0,40.7,1997,1533.3845978056418,1527.5504314461125,1539.218764165171
CAF,5.0,40.7,1998,1533.206900008888,1527.5490105572721,1538.8647894605037
CAF,5.0,40.7,1999,1533.0218032773414,1527.5276419244008,1538.515964630282
CAF,5.0,40.7,2000,1532.8302319694606,1527.4853713667053,1538.1750925722158
CAF,5.0,40.7,2001,1532.6330941396366,1527.4212092173718,1537.844979061901
CAF,5.0,40.7,2002,1532.4312626135927,1527.334184362689,1537.5283408644966
CAF,5.0,40.7,2003,1532.2255700612116,1527.2234333622278,1537.2277067601951
CAF,5.0,40.7,2004,1532.0168176955992,1527.0883171475461,1536.9453182436523
CAF,5.0,40.7,2005,1531.805795253532,1526.9285474684443,1536.6830430386196
CAF,5.0,40.7,2006,1531.5933082816941,1526.744299115772,1536.442317447616
CAF,5.0,40.7,2007,1531.380207695074,1526.5362852850044,1536.2241301051438
CAF,5.0,40.7,2008,1531.1674162269258,1526.3057821873697,1536.0290502664818
CAF,5.0,40.7,2009,1530.955946784737,1526.0546013833055,1535.8572921861687
CAF,5.0,40.7,2010,1530.7469087889801,1525.7850188385266,1535.7087987394336
CAF,5.0,40.7,2011,1530.5415001381878,1525.4996744581392,1535.5833258182363
CAF,5.0,40.7,2012,1530.3409842926692,1525.2014545928541,1535.4805139924842
CAF,5.0,40.7,2013,1530.1466538517534,1524.893365763292,1535.3999419402148
CAF,5.0,40.7,2014,1529.9597836760179,1524.5784045199678,1535.341162832068
CAF,5.0,40.7,2015,1529.7815778750223,1524.2594282277914,1535.3037275222532
CAF,5.0,40.7,2016,1529.6131157023142,1523.9390342589152,1535.2871971457134
CAF,5.0,40.7,2017,1529.455301507757,1523.619458274279,1535.2911447412353
CAF,5.0,40.7,2018,1529.3088234067934,1523.302503328203,1535.3151434853837
CAF,5.0,40.7,2019,1529.1741243250963,1522.9895089379324,1535.3587397122599
CAF,5.0,40.7,2020,1529.0513877124579,1522.6813632909825,1535.4214121339332
CAF,5.0,40.7,2021,1528.940538676476,1522.378554187013,1535.5025231659392
CAF,5.0,40.7,2022,1528.8412597607798,1522.081247537336,1535.6012719842236
CAF,5.0,40.7,2023,1528.7530192648906,1521.7893783298678,1535.7166601999136
CAF,5.0,40.7,2024,1528.6751090148387,1521.502738877005,1535.8474791526721
CAF,5.0,40.7,2025,1528.6066879309165,1521.2210525351397,1535.9923233266934
CAF,5.0,40.7,2026,1528.5468276235536,1520.9440265091166,1536.1496287379905
CONCACAF,0.4,4.81,1992,1554.9966867865069,1523.8347650284852,1586.1586085445285
CONCACAF,0.4,4.81,1993,1554.7613876526907,1525.618677009746,1583.9040982956353
CONCACAF,0.4,4.81,1994,1554.8545056956464,1527.37348985521,1582.3355215360828
CONCACAF,0.4,4.81,1995,1555.2533241911296,1529.1396672680569,1581.3669811142022
CONCACAF,0.4,4.81,1996,1556.0452566063268,1531.0472534947874,1581.0432597178662
CONCACAF,0.4,4.81,1997,1557.3524172541645,1533.2779261063156,1581.4269084020132
CONCACAF,0.4,4.81,1998,1559.2325526423058,1535.9750057979775,1582.4900994866339
CONCACAF,0.4,4.81,1999,1561.6537995597455,1539.1242413084917,1584.1833578109995
CONCACAF,0.4,4.81,2000,1564.4912856851743,1542.4930127023658,1586.489558667983
CONCACAF,0.4,4.81,2001,1567.5393835918696,1545.7016148045072,1589.3771523792318
CONCACAF,0.4,4.81,2002,1570.5456613248125,1548.4131162063404,1592.6782064432844
CONCACAF,0.4,4.81,2003,1573.2433590103346,1550.4813860817133,1596.0053319389558
CONCACAF,0.4,4.81,2004,1575.3929275193982,1551.9491924248057,1598.836662613991
CONCACAF,0.4,4.81,2005,1576.814222943246,1552.9165777153523,1600.7118681711397
CONCACAF,0.4,4.81,2006,1577.4255005837174,1553.4084915620722,1601.4425096053628
CONCACAF,0.4,4.81,2007,1577.3148640605411,1553.3923220646775,1601.237406056405
CONCACAF,0.4,4.81,2008,1576.7009057562457,1552.9251818666467,1600.476629645845
CONCACAF,0.4,4.81,2009,1575.7960872605072,1552.180044394279,1599.4121301267353
CONCACAF,0.4,4.81,2010,1574.8009256781336,1551.415002401663,1598.1868489546039
CONCACAF,0.4,4.81,2011,1573.920092009069,1550.8923807084534,1596.9478033096846
CONCACAF,0.4,4.81,2012,1573.139313942707,1550.4457668183215,1595.8328610670924
CONCACAF,0.4,4.81,2013,1572.1398564459016,1549.6262841871567,1594.6534287046466
CONCACAF,0.4,4.81,2014,1570.699418711637,1548.363430866002,1593.035406557272
CONCACAF,0.4,4.81,2015,1568.9800502147948,1546.7173735509898,1591.2427268785998
CONCACAF,0.4,4.81,2016,1567.2980808653706,1544.792994123547,1589.8031676071942
CONCACAF,0.4,4.81,2017,1565.9601106519128,1542.976291881326,1588.9439294224994
CONCACAF,0.4,4.81,2018,1565.358463001483,1542.080452221706,1588.6364737812598
CONCACAF,0.4,4.81,2019,1565.699834157912,1542.358211216373,1589.0414570994508
CONCACAF,0.4,4.81,2020,1566.545997205647,1542.4996090365087,1590.5923853747852
CONCACAF,0.4,4.81,2021,1567.1441811528894,1541.658973813483,1592.6293884922957
CONCACAF,0.4,4.81,2022,1567.2158273554603,1539.972409573456,1594.4592451374647
CONCACAF,0.4,4.81,2023,1567.0217576384346,1537.6859013619085,1596.3576139149607
CONCACAF,0.4,4.81,2024,1566.8549764303991,1535.282770489173,1598.4271823716251
CONCACAF,0.4,4.81,2025,1566.7941180497467,1533.0769559696105,1600.511280129883
CONCACAF,0.4,4.81,2026,1566.7965842479784,1531.08754189392,1602.505626602037
CONCACAF,0.6,7.22,1992,1555.6483116384431,1527.4404499361192,1583.8561733407673
CONCACAF,0.6,7.22,1993,1555.7761845230773,1529.283747725015,1582.2686213211398
CONCACAF,0.6,7.22,1994,1556.1436949657195,1531.0844758518354,1581.2029140796037
CONCACAF,0.6,7.22,1995,1556.7809003966029,1532.877998297588,1580.683802495618
CONCACAF,0.6,7.22,1996,1557.722462211525,1534.7674778579556,1580.6774465650944
CONCACAF,0.6,7.22,1997,1559.0008877204648,1536.8785122294926,1581.1232632114368
CONCACAF,0.6,7.22,1998,1560.6277435569762,1539.2891755450369,1581.9663115689152
CONCACAF,0.6,7.22,1999,1562.5740433763128,1541.9533572892833,1583.1947294633424
CONCACAF,0.6,7.22,2000,1564.7597835056388,1544.6702962990364,1584.8492707122412
CONCACAF,0.6,7.22,2001,1567.0568140410683,1547.1546206953415,1586.959007386795
CONCACAF,0.6,7.22,2002,1569.304383039375,1549.1882676106277,1589.420498468122
CONCACAF,0.6,7.22,2003,1571.3339295781755,1550.7324238788628,1591.935435277488
CONCACAF,0.6,7.22,2004,1572.99840532877,1551.8941939160086,1594.1026167415314
CONCACAF,0.6,7.22,2005,1574.2004208849871,1552.7972347914147,1595.6036069785596
CONCACAF,0.6,7.22,2006,1574.9119997187352,1553.4830574998539,1596.3409419376164
CONCACAF,0.6,7.22,2007,1575.1776397617036,1553.9112455797158,1596.4440339436915
CONCACAF,0.6,7.22,2008,1575.0959148923266,1554.0408025918466,1596.1510271928066
CONCACAF,0.6,7.22,2009,1574.784146697288,1553.9064571277597,1595.6618362668164
CONCACAF,0.6,7.22,2010,1574.337957429869,1553.6015560626065,1595.0743587971315
CONCACAF,0.6,7.22,2011,1573.7993741734797,1553.1839259553276,1594.414822391632
CONCACAF,0.6,7.22,2012,1573.1501826422157,1552.6240189852747,1593.6763462991566
CONCACAF,0.6,7.22,2013,1572.3441673458708,1551.8540077112482,1592.8343269804934
CONCACAF,0.6,7.22,2014,1571.366495408513,1550.8295076287684,1591.9034831882575
CONCACAF,0.6,7.22,2015,1570.2797010689194,1549.5592916637568,1591.000110474082
CONCACAF,0.6,7.22,2016,1569.2220087358883,1548.169755012334,1590.2742624594425
CONCACAF,0.6,7.22,2017,1568.357561268362,1546.9256323461775,1589.7894901905463
CONCACAF,0.6,7.22,2018,1567.802369077462,1546.044569731186,1589.560168423738
CONCACAF,0.6,7.22,2019,1567.562331136555,1545.4419588637875,1589.6827034093224
CONCACAF,0.6,7.22,2020,1567.5269346237226,1544.7653522917765,1590.288516955669
CONCACAF,0.6,7.22,2021,1567.534903653173,1543.7202529717795,1591.3495543345664
CONCACAF,0.6,7.22,2022,1567.4662327422784,1542.2537892227651,1592.6786762617917
CONCACAF,0.6,7.22,2023,1567.2896224945277,1540.478500156463,1594.1007448325925
CONCACAF,0.6,7.22,2024,1567.042699782978,1538.5649525580839,1595.520447007872
CONCACAF,0.6,7.22,2025,1566.782306217095,1536.6670949310842,1596.897517503106
CONCACAF,0.6,7.22,2026,1566.5490675408116,1534.8739733844127,1598.2241616972105
CONCACAF,0.8,9.63,1992,1556.9270828670456,1530.9062951659955,1582.9478705680956
CONCACAF,0.8,9.63,1993,1557.1747672074814,1532.444028935494,1581.9055054794685
CONCACAF,0.8,9.63,1994,1557.6054628966367,1533.9780407208264,1581.2328850724468
CONCACAF,0.8,9.63,1995,1558.2483425142516,1535.5683709179978,1580.9283141105052
CONCACAF,0.8,9.63,1996,1559.12566352191,1537.3008508919193,1580.9504761519004
CONCACAF,0.8,9.63,1997,1560.2472309540358,1539.2437452204153,1581.2507166876564
CONCACAF,0.8,9.63,1998,1561.6036422076015,1541.3992151069144,1581.8080693082884
CONCACAF,0.8,9.63,1999,1563.1605036307542,1543.6728655016927,1582.6481417598156
CONCACAF,0.8,9.63,2000,1564.8563072270265,1545.8857521396624,1583.8268623143904
CONCACAF,0.8,9.63,2001,1566.6059032855999,1547.8412049362112,1585.3706016349886
CONCACAF,0.8,9.63,2002,1568.3099020546667,1549.4183461323698,1587.2014579769639
CONCACAF,0.8,9.63,2003,1569.868517991968,1550.6224145276128,1589.1146214563232
CONCACAF,0.8,9.63,2004,1571.1968693229987,1551.5500634537375,1590.8436751922602
CONCACAF,0.8,9.63,2005,1572.2379473499154,1552.308705891851,1592.1671888079795
CONCACAF,0.8,9.63,2006,1572.9696713992762,1552.9566056658382,1592.9827371327142
CONCACAF,0.8,9.63,2007,1573.403826478898,1553.492285668512,1593.3153672892838
CONCACAF,0.8,9.63,2008,1573.577089665032,1553.8808444122494,1593.2733349178143
CONCACAF,0.8,9.63,2009,1573.5371126315981,1554.0872026935847,1592.9870225696118
CONCACAF,0.8,9.63,2010,1573.3286836302775,1554.0917271880944,1592.5656400724608
CONCACAF,0.8,9.63,2011,1572.98531242585,1553.8864540734344,1592.0841707782654
CONCACAF,0.8,9.63,2012,1572.5295601077212,1553.468722830492,1591.5903973849504
CONCACAF,0.8,9.63,2013,1571.9813514051432,1552.8443389007407,1591.1183639095457
CONCACAF,0.8,9.63,2014,1571.3690314002326,1552.037986898093,1590.7000759023722
CONCACAF,0.8,9.63,2015,1570.7357595303938,1551.1045310870186,1590.3669879737693
CONCACAF,0.8,9.63,2016,1570.1358766715148,1550.1307436894567,1590.141009653573
CONCACAF,0.8,9.63,2017,1569.6214505714233,1549.2090676263304,1590.033833516516
CONCACAF,0.8,9.63,2018,1569.2252181712483,1548.3833838033895,1590.0670525391074
CONCACAF,0.8,9.63,2019,1568.9490181811893,1547.6088037350282,1590.2892326273502
CONCACAF,0.8,9.63,2020,1568.7644637898202,1546.7724970622385,1590.756430517402
CONCACAF,0.8,9.63,2021,1568.625921678377,1545.7655079414362,1591.4863354153176
CONCACAF,0.8,9.63,2022,1568.4889023561884,1544.5433865688913,1592.4344181434853
CONCACAF,0.8,9.63,2023,1568.324543150548,1543.13431304472,1593.5147732563757
CONCACAF,0.8,9.63,2024,1568.1244584109536,1541.609073286885,1594.6398435350222
CONCACAF,0.8,9.63,2025,1567.8965474714234,1540.0455361377863,1595.7475588050604
CONCACAF,0.8,9.63,2026,1567.656590876537,1538.5052614579936,1596.80792029508
CONCACAF,1.0,12.04,1992,1558.0704013600298,1533.4435806998536,1582.697222020206
CONCACAF,1.0,12.04,1993,1558.370600935336,1534.7608047133342,1581.9803971573376
CONCACAF,1.0,12.04,1994,1558.8195832603974,1536.1364374156462,1581.5027291051488
CONCACAF,1.0,12.04,1995,1559.4357534692524,1537.6183560015343,1581.2531509369705
CONCACAF,1.0,12.04,1996,1560.2293233331955,1539.249585253274,1581.2090614131168
CONCACAF,1.0,12.04,1997,1561.1990033157583,1541.0424647052773,1581.3555419262393
CONCACAF,1.0,12.04,1998,1562.3293385633676,1542.9569338948334,1581.7017432319021
CONCACAF,1.0,12.04,1999,1563.5894534480133,1544.8953221300742,1582.2835847659521
CONCACAF,1.0,12.04,2000,1564.9338997006485,1546.7232946796948,1583.1445047216018
CONCACAF,1.0,12.04,2001,1566.3059557753093,1548.3157057961391,1584.2962057544794
CONCACAF,1.0,12.04,2002,1567.6431636974946,1549.6061825939244,1585.680144801065
CONCACAF,1.0,12.04,2003,1568.8842765092616,1550.6076229138907,1587.1609301046324
CONCACAF,1.0,12.04,2004,1569.9763249805987,1551.390043595604,1588.5626063655932
CONCACAF,1.0,12.04,2005,1570.8803673240373,1552.0361504245523,1589.7245842235222
CONCACAF,1.0,12.04,2006,1571.5747449813816,1552.6046447597662,1590.5448452029973
CONCACAF,1.0,12.04,2007,1572.0552931800073,1553.1151709244382,1590.9954154355764
CONCACAF,1.0,12.04,2008,1572.3327786424115,1553.5520454637883,1591.113511821035
CONCACAF,1.0,12.04,2009,1572.4285940494374,1553.8777559020602,1590.9794321968147
CONCACAF,1.0,12.04,2010,1572.370148925152,1554.0485666684776,1590.6917311818263
CONCACAF,1.0,12.04,2011,1572.1872739263995,1554.0283789601942,1590.346168892605
CONCACAF,1.0,12.04,2012,1571.9103132975233,1553.7996480981285,1590.0209784969181
CONCACAF,1.0,12.04,2013,1571.5696711676417,1553.3702731467433,1589.76906918854
CONCACAF,1.0,12.04,2014,1571.195821141759,1552.7744914336763,1589.617150849842
CONCACAF,1.0,12.04,2015,1570.818583628453,1552.0661350480236,1589.5710322088823
CONCACAF,1.0,12.04,2016,1570.4649718663773,1551.304404060235,1589.6255396725196
CONCACAF,1.0,12.04,2017,1570.15587953254,1550.5352131856957,1589.7765458793845
CONCACAF,1.0,12.04,2018,1569.9028066901258,1549.7749897492795,1590.030623630972
CONCACAF,1.0,12.04,2019,1569.7061529576715,1549.0058410954935,1590.4064648198496
CONCACAF,1.0,12.04,2020,1569.5561102954193,1548.1868376332498,1590.9253829575887
CONCACAF,1.0,12.04,2021,1569.43610090085,1547.276218772703,1591.5959830289974
CONCACAF,1.0,12.04,2022,1569.327617536404,1546.2516828777323,1592.4035521950757
CONCACAF,1.0,12.04,2023,1569.2148144654338,1545.1182279709042,1593.3114009599635
CONCACAF,1.0,12.04,2024,1569.0874818347684,1543.902722586088,1594.2722410834488
CONCACAF,1.0,12.04,2025,1568.94186448858,1542.64194052946,1595.2417884477002
CONCACAF,1.0,12.04,2026,1568.7796576597618,1541.3713715751396,1596.187943744384
CONCACAF,1.5,18.06,1992,1560.1692365731233,1537.5991809121363,1582.7392922341103
CONCACAF,1.5,18.06,1993,1560.5276613908843,1538.7623701734062,1582.2929526083622
CONCACAF,1.5,18.06,1994,1560.9724787280534,1540.0131131626856,1581.9318442934211
CONCACAF,1.5,18.06,1995,1561.5046436563098,1541.348108763969,1581.6611785486507
CONCACAF,1.5,18.06,1996,1562.1208691170561,1542.750819541221,1581.4909186928912
CONCACAF,1.5,18.06,1997,1562.813253278601,1544.1892021126475,1581.4373044445547
CONCACAF,1.5,18.06,1998,1563.5692643035716,1545.6168560472847,1581.5216725598582
CONCACAF,1.5,18.06,1999,1564.372130434031,1546.9788063020005,1581.7654545660616
CONCACAF,1.5,18.06,2000,1565.2016386843347,1548.2217366753544,1582.1815406933151
CONCACAF,1.5,18.06,2001,1566.0352944167357,1549.3061216258345,1582.764467207637
CONCACAF,1.5,18.06,2002,1566.8497445806922,1550.2155584911252,1583.4839306702595
CONCACAF,1.5,18.06,2003,1567.622328239236,1550.9588691700153,1584.2857873084565
CONCACAF,1.5,18.06,2004,1568.3325969172013,1551.5639964820691,1585.1011973523332
CONCACAF,1.5,18.06,2005,1568.9636489143372,1552.0668909958638,1585.8604068328107
CONCACAF,1.5,18.06,2006,1569.5031461350954,1552.5001978832022,1586.506094386989
CONCACAF,1.5,18.06,2007,1569.9439245035899,1552.8852114512597,1587.00263755592
CONCACAF,1.5,18.06,2008,1570.284161261464,1553.228303146691,1587.3400193762373
CONCACAF,1.5,18.06,2009,1570.5271145071301,1553.5214940120347,1587.5327350022255
CONCACAF,1.5,18.06,2010,1570.68049352326,1553.7462341810337,1587.6147528654867
CONCACAF,1.5,18.06,2011,1570.7555474346277,1553.8792569425418,1587.6318379267136
CONCACAF,1.5,18.06,2012,1570.7659735600866,1553.899165578745,1587.6327815414284
CONCACAF,1.5,18.06,2013,1570.7267482039085,1553.7921530961082,1587.6613433117086
CONCACAF,1.5,18.06,2014,1570.652976112769,1553.5552782380444,1587.7506739874937
CONCACAF,1.5,18.06,2015,1570.558844426602,1553.1963950473507,1587.921293805853
CONCACAF,1.5,18.06,2016,1570.456754492108,1552.7310788807524,1588.1824301034637
CONCACAF,1.5,18.06,2017,1570.3566897213395,1552.1780533618391,1588.53532608084
CONCACAF,1.5,18.06,2018,1570.2658578210462,1551.5549964595373,1588.976719182555
CONCACAF,1.5,18.06,2019,1570.1886199929727,1550.8760616860297,1589.5011782999159
CONCACAF,1.5,18.06,2020,1570.1266893981199,1550.1514525179211,1590.1019262783188
CONCACAF,1.5,18.06,2021,1570.0795505496696,1549.3885166005625,1590.7705844987768
CONCACAF,1.5,18.06,2022,1570.0450264843703,1548.593417422901,1591.4966355458396
CONCACAF,1.5,18.06,2023,1570.0199073607942,1547.7725227808683,1592.26729194072
CONCACAF,1.5,18.06,2024,1570.0005557311304,1546.933040274716,1593.0680711875448
CONCACAF,1.5,18.06,2025,1569.9834194089894,1546.0828764029964,1593.8839624149825
CONCACAF,1.5,18.06,2026,1569.9654082195002,1545.2299986105045,1594.700817828496
CONCACAF,2.5,30.09,1992,1562.787144185254,1543.0380855725025,1582.5362027980057
CONCACAF,2.5,30.09,1993,1563.0825531721946,1543.9525714075585,1582.212534936831
CONCACAF,2.5,30.09,1994,1563.4028256234096,1544.8780779071972,1581.927573339622
CONCACAF,2.5,30.09,1995,1563.7456230870189,1545.8030492669961,1581.6881969070414
CONCACAF,2.5,30.09,1996,1564.1079770676595,1546.7143889296854,1581.5015652056334
CONCACAF,2.5,30.09,1997,1564.4863448880362,1547.598189544695,1581.3745002313776
CONCACAF,2.5,30.09,1998,1564.876692218726,1548.4407004036573,1581.3126840337945
CONCACAF,2.5,30.09,1999,1565.274599816693,1549.229437626076,1581.3197620073097
CONCACAF,2.5,30.09,2000,1565.6753904481068,1549.954276385822,1581.3965045103917
CONCACAF,2.5,30.09,2001,1566.0742705846897,1550.608321716721,1581.5402194526582
CONCACAF,2.5,30.09,2002,1566.4664803718929,1551.188363960252,1581.7445967835336
CONCACAF,2.5,30.09,2003,1566.8474446693635,1551.6948004332075,1582.0000889055193
CONCACAF,2.5,30.09,2004,1567.2129177275558,1552.1310288655698,1582.2948065895416
CONCACAF,2.5,30.09,2005,1567.5591143199704,1552.5024450255357,1582.6157836144052
CONCACAF,2.5,30.09,2006,1567.8828208882792,1552.8152582301846,1582.9503835463738
CONCACAF,2.5,30.09,2007,1568.1814814265267,1553.0753509138137,1583.2876119392397
CONCACAF,2.5,30.09,2008,1568.4532543433156,1553.287362725541,1583.6191459610902
CONCACAF,2.5,30.09,2009,1568.6970382816053,1553.4541060376976,1583.9399705255128
CONCACAF,2.5,30.09,2010,1568.9124667113397,1553.5763471320784,1584.2485862906008
CONCACAF,2.5,30.09,2011,1569.0998729024043,1553.6529310902765,1584.5468147145323
CONCACAF,2.5,30.09,2012,1569.2602285038022,1553.6811907306926,1584.839266276912
CONCACAF,2.5,30.09,2013,1569.3950602879313,1553.6575564220948,1585.132564153768
CONCACAF,2.5,30.09,2014,1569.5063505830406,1553.5782698457522,1585.434431320329
CONCACAF,2.5,30.09,2015,1569.5964274631306,1553.440099666337,1585.7527552599245
CONCACAF,2.5,30.09,2016,1569.667850880143,1553.2409626157037,1586.0947391445827
CONCACAF,2.5,30.09,2017,1569.7233006310285,1552.9803721305984,1586.4662291314585
CONCACAF,2.5,30.09,2018,1569.7654714060197,1552.6596679048794,1586.87127490716
CONCACAF,2.5,30.09,2019,1569.796979241905,1552.282018217551,1587.3119402662592
CONCACAF,2.5,30.09,2020,1569.820282598243,1551.8522237614907,1587.7883414349951
CONCACAF,2.5,30.09,2021,1569.8376200839723,1551.376378080211,1588.2988620877336
CONCACAF,2.5,30.09,2022,1569.850965681941,1550.8614506969532,1588.840480666929
CONCACAF,2.5,30.09,2023,1569.8620012331944,1550.3148551721642,1589.4091472942248
CONCACAF,2.5,30.09,2024,1569.8721050175548,1549.7440504464573,1590.000159588652
CONCACAF,2.5,30.09,2025,1569.882354546799,1549.1562060867598,1590.6085030068382
CONCACAF,2.5,30.09,2026,1569.8935411937218,1548.5579454872448,1591.2291369001987
CONCACAF,5.0,60.18,1992,1565.2769911933058,1548.7699567392617,1581.78402564735
CONCACAF,5.0,60.18,1993,1565.399255876606,1549.1839402253593,1581.6145715278528
CONCACAF,5.0,60.18,1994,1565.5240925102567,1549.587215736663,1581.46096928385
CONCACAF,5.0,60.18,1995,1565.6511701213044,1549.9779431725672,1581.3243970700414
CONCACAF,5.0,60.18,1996,1565.7801414441303,1550.3542986339003,1581.2059842543601
CONCACAF,5.0,60.18,1997,1565.9106456352467,1550.7145031653245,1581.106788105169
CONCACAF,5.0,60.18,1998,1566.0423111702053,1551.0568522601889,1581.0277700802214
CONCACAF,5.0,60.18,1999,1566.1747588847124,1551.3797450831723,1580.9697726862526
CONCACAF,5.0,60.18,2000,1566.3076051191501,1551.681712235334,1580.9334980029662
CONCACAF,5.0,60.18,2001,1566.4404649235562,1551.9614408269563,1580.919489020156
CONCACAF,5.0,60.18,2002,1566.5729552788237,1552.217795658777,1580.9281148988703
CONCACAF,5.0,60.18,2003,1566.7046982894428,1552.449835456424,1580.9595611224615
CONCACAF,5.0,60.18,2004,1566.8353243035613,1552.656823356897,1581.0138252502254
CONCACAF,5.0,60.18,2005,1566.964474917472,1552.8382311939868,1581.0907186409572
CONCACAF,5.0,60.18,2006,1567.0918058238137,1552.9937375389716,1581.1898741086559
CONCACAF,5.0,60.18,2007,1567.2169894657409,1553.1232198785685,1581.3107590529135
CONCACAF,5.0,60.18,2008,1567.3397174630118,1553.2267417033177,1581.452693222706
CONCACAF,5.0,60.18,2009,1567.4597027802588,1553.3045355895595,1581.6148699709581
CONCACAF,5.0,60.18,2010,1567.5766816125447,1553.356983552429,1581.7963796726601
CONCACAF,5.0,60.18,2011,1567.6904149685415,1553.3845960095623,1581.9962339275207
CONCACAF,5.0,60.18,2012,1567.800689937178,1553.3879906289976,1582.2133892453587
CONCACAF,5.0,60.18,2013,1567.9073206292455,1553.367872161002,1582.446769097489
CONCACAF,5.0,60.18,2014,1568.0101487910995,1553.325014104956,1582.6952834772433
CONCACAF,5.0,60.18,2015,1568.1090440931296,1553.2602427766085,1582.9578454096504
CONCACAF,5.0,60.18,2016,1568.2039041009402,1553.1744240538703,1583.23338414801
CONCACAF,5.0,60.18,2017,1568.294653942122,1553.0684528202974,1583.520855063947
CONCACAF,5.0,60.18,2018,1568.3812456859553,1552.9432449147453,1583.8192464571653
CONCACAF,5.0,60.18,2019,1568.463657457329,1552.799731243919,1584.1275836707387
CONCACAF,5.0,60.18,2020,1568.541892309499,1552.638853623556,1584.444930995442
CONCACAF,5.0,60.18,2021,1568.615976882998,1552.4615618790112,1584.7703918869847
CONCACAF,5.0,60.18,2022,1568.6859598800356,1552.2688117478535,1585.1031080122175
CONCACAF,5.0,60.18,2023,1568.751910385079,1552.0615631743242,1585.4422575958338
CONCACAF,5.0,60.18,2024,1568.813916062981,1551.8407786562702,1585.7870534696917
CONCACAF,5.0,60.18,2025,1568.8720812660604,1551.6074213883435,1586.1367411437773
CONCACAF,5.0,60.18,2026,1568.926525080991,1551.3624530314328,1586.490597130549
OFC,0.4,3.64,1992,1514.6933243532415,1465.5860259043354,1563.8006228021472
OFC,0.4,3.64,1993,1517.2993330343888,1470.685465610516,1563.9132004582614
OFC,0.4,3.64,1994,1517.034741364771,1472.1959649934838,1561.873517736058
OFC,0.4,3.64,1995,1514.6966387440482,1472.0095154658609,1557.3837620222357
OFC,0.4,3.64,1996,1510.323849918577,1470.2300133568237,1550.4176864803303
OFC,0.4,3.64,1997,1504.792875586513,1466.88916453535,1542.6965866376759
OFC,0.4,3.64,1998,1499.4426294492246,1462.85754706398,1536.0277118344693
OFC,0.4,3.64,1999,1494.1751958350665,1458.162817121164,1530.187574548969
OFC,0.4,3.64,2000,1488.6410410069352,1452.4163592075265,1524.865722806344
OFC,0.4,3.64,2001,1484.3785704711304,1447.572865098941,1521.1842758433197
OFC,0.4,3.64,2002,1482.7667409035234,1446.4852834181124,1519.0481983889342
OFC,0.4,3.64,2003,1483.4794871450456,1448.485069401416,1518.4739048886752
OFC,0.4,3.64,2004,1485.1452861405824,1450.744001589342,1519.5465706918226
OFC,0.4,3.64,2005,1486.0910070833236,1451.5619735818798,1520.6200405847676
OFC,0.4,3.64,2006,1485.531773788781,1450.9775224865525,1520.0860250910093
OFC,0.4,3.64,2007,1484.1582259029963,1449.539997361752,1518.7764544442405
OFC,0.4,3.64,2008,1482.6672006806566,1447.8549941568053,1517.479407204508
OFC,0.4,3.64,2009,1480.3860859069846,1445.425140928477,1515.3470308854921
OFC,0.4,3.64,2010,1476.788349711835,1441.9287115651264,1511.6479878585437
OFC,0.4,3.64,2011,1472.8210713493702,1437.8186605269893,1507.823482171751
OFC,0.4,3.64,2012,1469.0550048702078,1433.5113459129207,1504.598663827495
OFC,0.4,3.64,2013,1462.44599230444,1426.7253908570922,1498.1665937517878
OFC,0.4,3.64,2014,1452.2332820440552,1414.5948638755312,1489.871700212579
OFC,0.4,3.64,2015,1445.2425228692805,1404.4049524156057,1486.0800933229555
OFC,0.4,3.64,2016,1445.2025574098286,1406.2494271143855,1484.155687705272
OFC,0.4,3.64,2017,1444.821902855408,1402.2554762384937,1487.3883294723225
OFC,0.4,3.64,2018,1436.9317631991391,1392.9283347082849,1480.9351916899936
OFC,0.4,3.64,2019,1424.8883723086817,1370.3182521195697,1479.458492497794
OFC,0.4,3.64,2020,1417.925912742617,1351.559412554141,1484.2924129310927
OFC,0.4,3.64,2021,1422.1135707169651,1361.6380427784884,1482.5890986554418
OFC,0.4,3.64,2022,1435.1628080901764,1383.5232861890183,1486.8023299913345
OFC,0.4,3.64,2023,1448.3404313359274,1389.1864595768384,1507.4944030950167
OFC,0.4,3.64,2024,1456.3426003114262,1389.9461833401026,1522.7390172827495
OFC,0.4,3.64,2025,1460.3172195858076,1392.0897719835586,1528.5446671880566
OFC,0.4,3.64,2026,1462.7664290079242,1394.4331451389562,1531.0997128768922
OFC,0.6,5.46,1992,1515.9297958226616,1469.294420259958,1562.565171385365
OFC,0.6,5.46,1993,1517.6406530054965,1473.2492410665138,1562.0320649444793
OFC,0.6,5.46,1994,1517.3050078453814,1474.877056288142,1559.7329594026205
OFC,0.6,5.46,1995,1515.0832339431508,1475.131253679104,1555.0352142071977
OFC,0.6,5.46,1996,1511.3834077539234,1474.2639699450342,1548.5028455628126
OFC,0.6,5.46,1997,1506.7309099212944,1472.1049719279042,1541.3568479146845
OFC,0.6,5.46,1998,1501.6404441202822,1468.5671351778406,1534.7137530627238
OFC,0.6,5.46,1999,1496.5530995573417,1463.913748173838,1529.1924509408454
OFC,0.6,5.46,2000,1491.9591151867367,1459.0036558430022,1524.914574530471
OFC,0.6,5.46,2001,1488.4454471212862,1455.2837293914097,1521.607164851163
OFC,0.6,5.46,2002,1486.406485991665,1453.8829163970097,1518.9300555863206
OFC,0.6,5.46,2003,1485.701491335422,1454.3943298770193,1517.0086527938245
OFC,0.6,5.46,2004,1485.6711215664511,1455.1966286857933,1516.1456144471088
OFC,0.6,5.46,2005,1485.5197690414548,1455.1091569168752,1515.9303811660343
OFC,0.6,5.46,2006,1484.7441468118277,1453.9832109592505,1515.5050826644047
OFC,0.6,5.46,2007,1483.2558154632995,1452.0459539992617,1514.4656769273374
OFC,0.6,5.46,2008,1481.1414268271312,1449.4966611237776,1512.786192530485
OFC,0.6,5.46,2009,1478.3989464879228,1446.4325953999953,1510.3652975758505
OFC,0.6,5.46,2010,1474.9221379456133,1442.8646885196958,1506.9795873715307
OFC,0.6,5.46,2011,1470.5737545834045,1438.6973049191688,1502.4502042476402
OFC,0.6,5.46,2012,1465.2077024969344,1433.6251072213952,1496.7902977724737
OFC,0.6,5.46,2013,1458.9491158967526,1427.2569820050485,1490.641249788457
OFC,0.6,5.46,2014,1452.648611962205,1419.8256115353427,1485.4716123890673
OFC,0.6,5.46,2015,1447.4493992040616,1413.1639548607761,1481.734843547347
OFC,0.6,5.46,2016,1443.3767937579369,1407.493122311719,1479.2604652041548
OFC,0.6,5.46,2017,1439.0037987681137,1400.3772961535296,1477.6303013826976
OFC,0.6,5.46,2018,1433.279321292479,1390.6241304482098,1475.934512136748
OFC,0.6,5.46,2019,1427.366580451489,1378.3509355933998,1476.3822253095782
OFC,0.6,5.46,2020,1424.091062251973,1369.9379211347677,1478.2442033691782
OFC,0.6,5.46,2021,1425.5537741856647,1372.235355375425,1478.8721929959047
OFC,0.6,5.46,2022,1431.374653625264,1381.0686381677426,1481.6806690827855
OFC,0.6,5.46,2023,1439.1422896649588,1386.6407599375143,1491.6438193924032
OFC,0.6,5.46,2024,1446.3450858758702,1387.7042766211935,1504.985895130547
OFC,0.6,5.46,2025,1451.778287135831,1387.9232638091564,1515.633310462506
OFC,0.6,5.46,2026,1455.5050949991319,1388.7756110744615,1522.234578923802
OFC,0.8,7.28,1992,1516.4338192348848,1471.5741001606975,1561.2935383090721
OFC,0.8,7.28,1993,1517.238615758369,1474.5080138615642,1559.969217655174
OFC,0.8,7.28,1994,1516.5700009162474,1475.909654409645,1557.23034742285
OFC,0.8,7.28,1995,1514.451564151994,1476.313200349961,1552.5899279540267
OFC,0.8,7.28,1996,1511.1116510867714,1475.8798391282971,1546.3434630452457
OFC,0.8,7.28,1997,1506.9217283339212,1474.380834842729,1539.4626218251135
OFC,0.8,7.28,1998,1502.3283525369523,1471.5654761564115,1533.0912289174928
OFC,0.8,7.28,1999,1497.7964682168506,1467.667680209698,1527.9252562240033
OFC,0.8,7.28,2000,1493.7566112140482,1463.5849237579705,1523.928298670126
OFC,0.8,7.28,2001,1490.5334006918724,1460.4144572253101,1520.652344158435
OFC,0.8,7.28,2002,1488.2575487606728,1458.7375763202622,1517.7775212010831
OFC,0.8,7.28,2003,1486.81161743805,1458.2509301436692,1515.372304732431
OFC,0.8,7.28,2004,1485.8662215289555,1458.0377591224794,1513.6946839354318
OFC,0.8,7.28,2005,1485.0037129153168,1457.2711053410892,1512.7363204895446
OFC,0.8,7.28,2006,1483.857332464321,1455.6635381675146,1512.0511267611273
OFC,0.8,7.28,2007,1482.1867447700959,1453.3362521375764,1511.0372374026151
OFC,0.8,7.28,2008,1479.8707271207136,1450.5041915641511,1509.2372626772758
OFC,0.8,7.28,2009,1476.8604984277767,1447.2994712223676,1506.4215256331859
OFC,0.8,7.28,2010,1473.1462868864946,1443.7246586610906,1502.5679151118989
OFC,0.8,7.28,2011,1468.759970917148,1439.6671833829757,1497.8527584513204
OFC,0.8,7.28,2012,1463.8099180720437,1434.9370096386838,1492.682826505404
OFC,0.8,7.28,2013,1458.5135255459754,1429.3642142542292,1487.6628368377214
OFC,0.8,7.28,2014,1453.156167956972,1422.9961921234565,1483.3161437904876
OFC,0.8,7.28,2015,1447.9482477356485,1416.0339552413009,1479.862540229996
OFC,0.8,7.28,2016,1442.9082097363273,1408.422359151686,1477.3940603209685
OFC,0.8,7.28,2017,1437.9704643627379,1400.0219126932122,1475.9190160322635
OFC,0.8,7.28,2018,1433.3045070920984,1391.189314284755,1475.4196998994416
OFC,0.8,7.28,2019,1429.5278226040725,1383.2243743711665,1475.8312708369783
OFC,0.8,7.28,2020,1427.5132777231368,1378.4025023959343,1476.624053050339
OFC,0.8,7.28,2021,1427.8775766969682,1378.2279838348165,1477.5271695591198
OFC,0.8,7.28,2022,1430.5661824738265,1381.3431248661348,1479.7892400815183
OFC,0.8,7.28,2023,1434.8637518137489,1384.5032198738202,1485.2242837536776
OFC,0.8,7.28,2024,1439.7782862980723,1385.9303823456949,1493.62619025045
OFC,0.8,7.28,2025,1444.476376873649,1386.1736983467579,1502.7790554005403
OFC,0.8,7.28,2026,1448.5027738703488,1386.2624230210224,1510.7431247196753
OFC,1.0,9.1,1992,1516.10074500082,1472.567557900119,1559.633932101521
OFC,1.0,9.1,1993,1516.2238173901433,1474.7303591065656,1557.7172756737207
OFC,1.0,9.1,1994,1515.2366215053075,1475.9109235670023,1554.5623194436128
OFC,1.0,9.1,1995,1513.1577330293817,1476.3789032538846,1549.9365628048788
OFC,1.0,9.1,1996,1510.1434172839633,1476.1720773238762,1544.1147572440505
OFC,1.0,9.1,1997,1506.4631195756042,1475.0876932088086,1537.8385459423998
OFC,1.0,9.1,1998,1502.4558165516785,1472.9243619424028,1531.987271160954
OFC,1.0,9.1,1999,1498.4757445313726,1469.8438191713517,1527.1076698913932
OFC,1.0,9.1,2000,1494.8344546151777,1466.4894420722942,1523.1794671580612
OFC,1.0,9.1,2001,1491.7467831084139,1463.6411216659988,1519.8524445508287
OFC,1.0,9.1,2002,1489.2919976177466,1461.7310626022327,1516.8529326332603
OFC,1.0,9.1,2003,1487.4032285092426,1460.6280209922822,1514.178436026203
OFC,1.0,9.1,2004,1485.8921958805156,1459.778512681225,1512.0058790798062
OFC,1.0,9.1,2005,1484.5024458663295,1458.5783544259448,1510.426537306714
OFC,1.0,9.1,2006,1482.9714897268032,1456.7104700003158,1509.2325094532903
OFC,1.0,9.1,2007,1481.08016130593,1454.2018704852758,1507.958452126584
OFC,1.0,9.1,2008,1478.6776855393036,1451.241680901088,1506.1136901775192
OFC,1.0,9.1,2009,1475.6853610282647,1447.9881268963686,1503.3825951601605
OFC,1.0,9.1,2010,1472.0902948485414,1444.474414217889,1499.706175479194
OFC,1.0,9.1,2011,1467.938833333683,1440.5916081466385,1495.286058520728
OFC,1.0,9.1,2012,1463.330404915237,1436.1181549689131,1490.5426548615612
OFC,1.0,9.1,2013,1458.4050733227434,1430.801779515802,1486.0083671296845
OFC,1.0,9.1,2014,1453.321403488273,1424.4817217043378,1482.1610852722085
OFC,1.0,9.1,2015,1448.235860809434,1417.1831698245524,1479.2885517943155
OFC,1.0,9.1,2016,1443.3057800871009,1409.158663006712,1477.4528971674895
OFC,1.0,9.1,2017,1438.7247270980706,1400.914134058204,1476.5353201379376
OFC,1.0,9.1,2018,1434.7633460657007,1393.2165393669345,1476.3101527644671
OFC,1.0,9.1,2019,1431.7642229484773,1387.0286631014942,1476.49978279546
OFC,1.0,9.1,2020,1430.0607241456767,1383.234507167053,1476.8869411243004
OFC,1.0,9.1,2021,1429.8492504996163,1382.1137422005477,1477.584758798685
OFC,1.0,9.1,2022,1431.0904049272642,1382.9567471123698,1479.2240627421586
OFC,1.0,9.1,2023,1433.502989730334,1384.3890868521607,1482.6168926085072
OFC,1.0,9.1,2024,1436.6544461071746,1385.31646467714,1487.9924275372093
OFC,1.0,9.1,2025,1440.0937430456975,1385.5143212541536,1494.673164837241
OFC,1.0,9.1,2026,1443.4599995196158,1385.3359773194527,1501.584021719779
OFC,1.5,13.65,1992,1513.664076398144,1471.8748115540388,1555.4533412422493
OFC,1.5,13.65,1993,1512.8353841915184,1473.0881637407924,1552.5826046422444
OFC,1.5,13.65,1994,1511.4231318832406,1473.8856951533787,1548.9605686131022
OFC,1.5,13.65,1995,1509.4711862187773,1474.2740386128419,1544.668333824713
OFC,1.5,13.65,1996,1507.066403330458,1474.2097246056771,1539.9230820552384
OFC,1.5,13.65,1997,1504.329712597902,1473.6248097317043,1535.0346154640995
OFC,1.5,13.65,1998,1501.4014462297296,1472.491136799867,1530.311755659592
OFC,1.5,13.65,1999,1498.423049604641,1470.8882330113272,1525.9578661979547
OFC,1.5,13.65,2000,1495.5181254765896,1469.0147305073438,1522.0215204458354
OFC,1.5,13.65,2001,1492.7760103278165,1467.113306524205,1518.4387141314282
OFC,1.5,13.65,2002,1490.2406737935964,1465.353429952447,1515.127917634746
OFC,1.5,13.65,2003,1487.906743977069,1463.7506145587056,1512.0628733954325
OFC,1.5,13.65,2004,1485.723113590911,1462.1685649755916,1509.2776622062304
OFC,1.5,13.65,2005,1483.6031955215224,1460.4001510314126,1506.806240011632
OFC,1.5,13.65,2006,1481.4398006283784,1458.2802903402435,1504.5993109165133
OFC,1.5,13.65,2007,1479.1220366236341,1455.7582344341881,1502.4858388130804
OFC,1.5,13.65,2008,1476.55163812688,1452.8828983844026,1500.2203778693574
OFC,1.5,13.65,2009,1473.6566300891452,1449.7236415533177,1497.589618624973
OFC,1.5,13.65,2010,1470.4009926068347,1446.2848977853453,1494.5170874283242
OFC,1.5,13.65,2011,1466.7898114352577,1442.4567910752407,1491.1228317952746
OFC,1.5,13.65,2012,1462.870085771191,1438.0263140890156,1487.7138574533662
OFC,1.5,13.65,2013,1458.7278052613287,1432.769010637378,1484.6865998852795
OFC,1.5,13.65,2014,1454.4820467496907,1426.6017668003494,1482.362326699032
OFC,1.5,13.65,2015,1450.2767036565326,1419.6979389418827,1480.8554683711825
OFC,1.5,13.65,2016,1446.2701835157623,1412.4710559424288,1480.0693110890954
OFC,1.5,13.65,2017,1442.623231414698,1405.4552795123143,1479.7911833170817
OFC,1.5,13.65,2018,1439.4852053487898,1399.172175863831,1479.798234833749
OFC,1.5,13.65,2019,1436.9797322647719,1394.0282683896817,1479.9311961398623
OFC,1.5,13.65,2020,1435.191512161014,1390.246175775559,1480.136848546469
OFC,1.5,13.65,2021,1434.156658198599,1387.8301248691841,1480.4831915280138
OFC,1.5,13.65,2022,1433.8588799686815,1386.5758531558358,1481.1419067815273
OFC,1.5,13.65,2023,1434.2328251921613,1386.1333634005864,1482.332286983736
OFC,1.5,13.65,2024,1435.1742359031316,1386.1123705371974,1484.2361012690658
OFC,1.5,13.65,2025,1436.5548627395344,1386.1926579047429,1486.917067574326
OFC,1.5,13.65,2026,1438.2389899503694,1386.1901441732468,1490.2878357274917
OFC,2.5,22.76,1992,1507.518013294459,1467.5048754962904,1547.5311510926279
OFC,2.5,22.76,1993,1506.4342199329426,1467.9992874220904,1544.8691524437945
OFC,2.5,22.76,1994,1505.1519047658558,1468.3324276347748,1541.971381896937
OFC,2.5,22.76,1995,1503.6840491227244,1468.504267386251,1538.8638308591978
OFC,2.5,22.76,1996,1502.0469824167403,1468.5154731514751,1535.5784916820055
OFC,2.5,22.76,1997,1500.2591135401485,1468.368544585238,1532.149682495059
OFC,2.5,22.76,1998,1498.3394976952716,1468.068376230162,1528.6106191603815
OFC,2.5,22.76,1999,1496.30638417567,1467.6214281522296,1524.9913401991107
OFC,2.5,22.76,2000,1494.1759036573092,1467.0330818082646,1521.3187255063538
OFC,2.5,22.76,2001,1491.9610475381942,1466.3034458109328,1517.6186492654558
OFC,2.5,22.76,2002,1489.671066237358,1465.4225947298926,1513.9195377448234
OFC,2.5,22.76,2003,1487.3113704032805,1464.3666628203498,1510.2560779862113
OFC,2.5,22.76,2004,1484.8839635368984,1463.096201432761,1506.6717256410357
OFC,2.5,22.76,2005,1482.388373365976,1461.5577838381234,1503.2189628938283
OFC,2.5,22.76,2006,1479.8229901114687,1459.6891646317506,1499.956815591187
OFC,2.5,22.76,2007,1477.1866700775684,1457.4275003176447,1496.945839837492
OFC,2.5,22.76,2008,1474.4804290459033,1454.7192890628498,1494.2415690289567
OFC,2.5,22.76,2009,1471.7090359459482,1451.530014782908,1491.8880571089883
OFC,2.5,22.76,2010,1468.882324807582,1447.8514649245387,1489.9131846906255
OFC,2.5,22.76,2011,1466.0160709818376,1443.7055920773107,1488.3265498863645
OFC,2.5,22.76,2012,1463.1323225095741,1439.1450116193337,1487.1196333998146
OFC,2.5,22.76,2013,1460.259133909754,1434.2508060693408,1486.267461750167
OFC,2.5,22.76,2014,1457.4297109929355,1429.128100339137,1485.731321646734
OFC,2.5,22.76,2015,1454.68103470203,1423.899571095173,1485.462498308887
OFC,2.5,22.76,2016,1452.0520830311289,1418.6971497947459,1485.4070162675118
OFC,2.5,22.76,2017,1449.5818075226905,1413.6525582422184,1485.5110568031625
OFC,2.5,22.76,2018,1447.307041130075,1408.8876557202334,1485.7264265399167
OFC,2.5,22.76,2019,1445.260515813328,1404.5057024929279,1486.015329133728
OFC,2.5,22.76,2020,1443.4691516994044,1400.5845479053573,1486.3537554934514
OFC,2.5,22.76,2021,1441.952747580302,1397.1724916230496,1486.7330035375544
OFC,2.5,22.76,2022,1440.723159197671,1394.2872070107048,1487.1591113846373
OFC,2.5,22.76,2023,1439.784002530428,1391.9177097099978,1487.6502953508586
OFC,2.5,22.76,2024,1439.1308699371548,1390.0289517576448,1488.2327881166646
OFC,2.5,22.76,2025,1438.7520029514253,1388.5682753394117,1488.935730563439
OFC,2.5,22.76,2026,1438.6293312086073,1387.472729035123,1489.7859333820916
OFC,5.0,45.51,1992,1499.0614928581738,1460.0096753640423,1538.113310352305
OFC,5.0,45.51,1993,1497.982813945693,1460.4210566991705,1535.5445711922152
OFC,5.0,45.51,1994,1496.8250013996726,1460.8332352034247,1532.8167675959205
OFC,5.0,45.51,1995,1495.5898457395565,1461.2435359857898,1529.9361554933232
OFC,5.0,45.51,1996,1494.2797091733728,1461.6470552297897,1526.912363116956
OFC,5.0,45.51,1997,1492.8975265461345,1462.0360175726146,1523.7590355196544
OFC,5.0,45.51,1998,1491.446800279607,1462.3989305869657,1520.4946699722482
OFC,5.0,45.51,1999,1489.9315891561441,1462.7194614791294,1517.1437168331588
OFC,5.0,45.51,2000,1488.3564908632688,1462.9749541380704,1513.7380275884673
OFC,5.0,45.51,2001,1486.7266182825424,1463.1345356574177,1510.3187009076673
OFC,5.0,45.51,2002,1485.0475695765883,1463.1568981005005,1506.9382410526762
OFC,5.0,45.51,2003,1483.325392202482,1462.9882173317055,1503.6625670732583
OFC,5.0,45.51,2004,1481.5665410585252,1462.5614675893687,1500.5716145276817
OFC,5.0,45.51,2005,1479.7778310548072,1461.7995944385525,1497.756067671062
OFC,5.0,45.51,2006,1477.9663844856861,1460.6256873345628,1495.3070816368097
OFC,5.0,45.51,2007,1476.139573673574,1458.9809734104697,1493.2981739366783
OFC,5.0,45.51,2008,1474.304959446841,1456.844557029172,1491.76536186451
OFC,5.0,45.51,2009,1472.470226108247,1454.2428930085937,1490.6975592079007
OFC,5.0,45.51,2010,1470.6431136415063,1451.2420186549118,1490.044208628101
OFC,5.0,45.51,2011,1468.8313479892888,1447.9286815807325,1489.7340143978452
OFC,5.0,45.51,2012,1467.0425703127041,1444.392262522454,1489.6928781029544
OFC,5.0,45.51,2013,1465.2842662064052,1440.7139930305652,1489.8545393822453
OFC,5.0,45.51,2014,1463.5636958912214,1436.963063702048,1490.1643280803949
OFC,5.0,45.51,2015,1461.8878264342432,1433.1966777680013,1490.578975100485
OFC,5.0,45.51,2016,1460.2632670515225,1429.4616258809137,1491.0649082221312
OFC,5.0,45.51,2017,1458.6962085287494,1425.7961031126977,1491.5963139448013
OFC,5.0,45.51,2018,1457.1923677489733,1422.2312782091142,1492.1534572888327
OFC,5.0,45.51,2019,1455.7569382432687,1418.7925086728044,1492.7213678137332
OFC,5.0,45.51,2020,1454.3945475809262,1415.500240405379,1493.2888547564733
OFC,5.0,45.51,2021,1453.1092222921511,1412.3706676501374,1493.8477769341648
OFC,5.0,45.51,2022,1451.9043608713866,1409.416225538295,1494.3924962044782
OFC,5.0,45.51,2023,1450.7827152472341,1406.6459727539846,1494.9194577404835
OFC,5.0,45.51,2024,1449.7463809304074,1404.0659064422434,1495.4268554185717
OFC,5.0,45.51,2025,1448.7967958696872,1401.6792386536656,1495.9143530857086
OFC,5.0,45.51,2026,1447.9347478633356,1399.4866537465864,1496.3828419800848
AFC,0.4,3.9,1992,1507.4289168548312,1480.034069135282,1534.8237645743802
AFC,0.4,3.9,1993,1507.6309985962696,1482.8023707884338,1532.4596264041054
AFC,0.4,3.9,1994,1507.456604449392,1484.1349015585856,1530.7783073401984
AFC,0.4,3.9,1995,1506.9662915840447,1484.4031286746115,1529.5294544934782
AFC,0.4,3.9,1996,1506.291630913691,1484.0935911320994,1528.4896706952825
AFC,0.4,3.9,1997,1505.619603880959,1483.585485276388,1527.65372248553
AFC,0.4,3.9,1998,1505.2051517950229,1483.2511767920937,1527.1591267979522
AFC,0.4,3.9,1999,1505.3032971132227,1483.4716829355248,1527.1349112909206
AFC,0.4,3.9,2000,1505.9829131315385,1484.3291064462608,1527.6367198168161
AFC,0.4,3.9,2001,1507.0239252501688,1485.4198420318305,1528.628008468507
AFC,0.4,3.9,2002,1508.0595598834702,1486.2699176093893,1529.8492021575512
AFC,0.4,3.9,2003,1508.797776736697,1486.6948254331635,1530.9007280402302
AFC,0.4,3.9,2004,1509.0940322788817,1486.7026228828486,1531.4854416749147
AFC,0.4,3.9,2005,1508.9223788293984,1486.3137085922046,1531.531049066592
AFC,0.4,3.9,2006,1508.3660494716162,1485.5726862229865,1531.1594127202459
AFC,0.4,3.9,2007,1507.546909209057,1484.596479834913,1530.497338583201
AFC,0.4,3.9,2008,1506.4288101394536,1483.4227890191646,1529.4348312597426
AFC,0.4,3.9,2009,1504.6930036674225,1481.8398156964026,1527.5461916384425
AFC,0.4,3.9,2010,1501.8913229933673,1479.5339411386087,1524.2487048481257
AFC,0.4,3.9,2011,1497.7683370190719,1476.0558243657767,1519.480849672367
AFC,0.4,3.9,2012,1492.4897187135264,1470.5478773246157,1514.431560102437
AFC,0.4,3.9,2013,1486.6948441973764,1462.468867061155,1510.9208213335978
AFC,0.4,3.9,2014,1481.4355104477374,1453.3508356160264,1509.5201852794485
AFC,0.4,3.9,2015,1477.9701332551047,1446.6391677727886,1509.3010987374207
AFC,0.4,3.9,2016,1477.346185476782,1445.5363224197088,1509.156048533855
AFC,0.4,3.9,2017,1479.9058263938996,1450.952927754816,1508.8587250329829
AFC,0.4,3.9,2018,1485.0221472920998,1460.2999233099538,1509.7443712742456
AFC,0.4,3.9,2019,1491.2743539510877,1468.3922795851981,1514.1564283169776
AFC,0.4,3.9,2020,1497.0147768926151,1472.272166326446,1521.7573874587843
AFC,0.4,3.9,2021,1501.0465383365868,1473.1303026551468,1528.9627740180267
AFC,0.4,3.9,2022,1503.0210399250848,1472.1015670350987,1533.940512815071
AFC,0.4,3.9,2023,1503.3370905259635,1469.4898882989455,1537.1842927529817
AFC,0.4,3.9,2024,1502.7104887313283,1465.9089790892474,1539.5119983734091
AFC,0.4,3.9,2025,1501.7758099683545,1462.2725149881337,1541.2791049485754
AFC,0.4,3.9,2026,1500.9173901684032,1459.2388783793142,1542.5959019574925
AFC,0.6,5.85,1992,1507.4274109470502,1482.2050279486107,1532.6497939454896
AFC,0.6,5.85,1993,1507.3747539428143,1484.2789819236934,1530.470525961935
AFC,0.6,5.85,1994,1507.1683294942075,1485.6172193251414,1528.7194396632735
AFC,0.6,5.85,1995,1506.8627133315238,1486.3007345315054,1527.4246921315423
AFC,0.6,5.85,1996,1506.5407651954336,1486.5478967690099,1526.5336336218572
AFC,0.6,5.85,1997,1506.2983696423887,1486.6220750556197,1525.9746642291577
AFC,0.6,5.85,1998,1506.222224349485,1486.7445586381373,1525.699890060833
AFC,0.6,5.85,1999,1506.3654454153643,1487.0344945320387,1525.69639629869
AFC,0.6,5.85,2000,1506.7286333925194,1487.48131283191,1525.9759539531292
AFC,0.6,5.85,2001,1507.253946095736,1487.9641315069657,1526.5437606845062
AFC,0.6,5.85,2002,1507.834482138329,1488.3180454537949,1527.350918822863
AFC,0.6,5.85,2003,1508.3337777640936,1488.41013853622,1528.257416991967
AFC,0.6,5.85,2004,1508.6063068527458,1488.1812480307851,1529.0313656747064
AFC,0.6,5.85,2005,1508.5120373279105,1487.6421860490154,1529.3818886068054
AFC,0.6,5.85,2006,1507.9238299740462,1486.8379597453045,1529.009700202788
AFC,0.6,5.85,2007,1506.7323108478222,1485.7943126883117,1527.670309007333
AFC,0.6,5.85,2008,1504.8564959165178,1484.4598644945836,1525.253127338452
AFC,0.6,5.85,2009,1502.2672301170319,1482.6564650324742,1521.8779952015896
AFC,0.6,5.85,2010,1499.0225664461218,1480.0540817910291,1517.9910511012145
AFC,0.6,5.85,2011,1495.3026935319622,1476.2556712257424,1514.3497158381817
AFC,0.6,5.85,2012,1491.4246026750172,1471.1570022298743,1511.6922031201602
AFC,0.6,5.85,2013,1487.8190355101708,1465.3972720116153,1510.2407990087263
AFC,0.6,5.85,2014,1484.9637609051151,1460.2838269757287,1509.6436948345015
AFC,0.6,5.85,2015,1483.2834240567734,1457.205897501869,1509.3609506116777
AFC,0.6,5.85,2016,1483.042069484177,1457.0455095312132,1509.038629437141
AFC,0.6,5.85,2017,1484.264001654901,1459.7828769866283,1508.7451263231737
AFC,0.6,5.85,2018,1486.7151114820772,1464.3433529400504,1509.086870024104
AFC,0.6,5.85,2019,1489.9573448442616,1468.8631575637992,1511.051532124724
AFC,0.6,5.85,2020,1493.4601364826044,1471.6897242631699,1515.2305487020387
AFC,0.6,5.85,2021,1496.7288880328724,1472.46717313141,1520.9906029343347
AFC,0.6,5.85,2022,1499.4055360960906,1471.7758902030605,1527.0351819891205
AFC,0.6,5.85,2023,1501.3127376160296,1470.2173865032134,1532.4080887288458
AFC,0.6,5.85,2024,1502.4405745813797,1468.180185954229,1536.7009632085303
AFC,0.6,5.85,2025,1502.8966133231404,1465.9317935563706,1539.8614330899102
AFC,0.6,5.85,2026,1502.8465458456903,1463.6794671988528,1542.0136244925282
AFC,0.8,7.79,1992,1506.9190656716385,1483.334752824051,1530.503378519226
AFC,0.8,7.79,1993,1506.9062311829314,1485.0906531758026,1528.7218091900602
AFC,0.8,7.79,1994,1506.8691578244784,1486.4506467431302,1527.2876689058266
AFC,0.8,7.79,1995,1506.8373532574021,1487.4282206136888,1526.2464859011156
AFC,0.8,7.79,1996,1506.8423121172857,1488.095640486146,1525.5889837484253
AFC,0.8,7.79,1997,1506.9106140379324,1488.5552415039942,1525.2659865718704
AFC,0.8,7.79,1998,1507.0562368633675,1488.8997433907477,1525.212730335987
AFC,0.8,7.79,1999,1507.27367148729,1489.180312370135,1525.3670306044448
AFC,0.8,7.79,2000,1507.5334895519838,1489.3952170805253,1525.6717620234424
AFC,0.8,7.79,2001,1507.7816174066793,1489.5015106584087,1526.0617241549498
AFC,0.8,7.79,2002,1507.942809278535,1489.442415394867,1526.443203162203
AFC,0.8,7.79,2003,1507.9279580706718,1489.1760217357407,1526.679894405603
AFC,0.8,7.79,2004,1507.6442464046795,1488.690525178972,1526.597967630387
AFC,0.8,7.79,2005,1507.00690698747,1487.9990583548367,1526.0147556201032
AFC,0.8,7.79,2006,1505.9514742395734,1487.1170061967289,1524.7859422824176
AFC,0.8,7.79,2007,1504.4456052025425,1486.0294539212794,1522.8617564838057
AFC,0.8,7.79,2008,1502.4995209416115,1484.6579169556999,1520.3411249275232
AFC,0.8,7.79,2009,1500.1737309110154,1482.844208451466,1517.5032533705644
AFC,0.8,7.79,2010,1497.58211898561,1480.3927985718033,1514.7714393994167
AFC,0.8,7.79,2011,1494.8881384902982,1477.2158779438269,1512.5603990367697
AFC,0.8,7.79,2012,1492.2923050243323,1473.5162896792585,1511.0683203694061
AFC,0.8,7.79,2013,1490.0106811861249,1469.8145854092875,1510.206776962962
AFC,0.8,7.79,2014,1488.2464366250429,1466.767223062704,1509.7256501873817
AFC,0.8,7.79,2015,1487.1591472603977,1464.93218946074,1509.3861050600553
AFC,0.8,7.79,2016,1486.838267789177,1464.5959295632606,1509.0806060150933
AFC,0.8,7.79,2017,1487.287257384768,1465.6750554483378,1508.8994593211985
AFC,0.8,7.79,2018,1488.422775620639,1467.6954145902498,1509.150136651028
AFC,0.8,7.79,2019,1490.0896316179135,1469.890452050626,1510.288811185201
AFC,0.8,7.79,2020,1492.0879704155197,1471.4846464621567,1512.691294368883
AFC,0.8,7.79,2021,1494.2060339795462,1472.0636312777594,1516.348436681333
AFC,0.8,7.79,2022,1496.2508827525971,1471.677220663592,1520.8245448416021
AFC,0.8,7.79,2023,1498.0709269553934,1470.6059028319876,1525.5359510787991
AFC,0.8,7.79,2024,1499.5672135902512,1469.1296779439588,1530.0047492365436
AFC,0.8,7.79,2025,1500.6938065675413,1467.453301458359,1533.9343116767238
AFC,0.8,7.79,2026,1501.4500723492065,1465.714484315008,1537.185660383405
AFC,1.0,9.74,1992,1506.648718186672,1484.3161346076467,1528.9813017656973
AFC,1.0,9.74,1993,1506.8002169791966,1485.9439449986314,1527.6564889597616
AFC,1.0,9.74,1994,1506.9536116473944,1487.3007640608541,1526.6064592339349
AFC,1.0,9.74,1995,1507.1112252824908,1488.36952359038,1525.8529269746014
AFC,1.0,9.74,1996,1507.2717530355515,1489.161698480393,1525.3818075907102
AFC,1.0,9.74,1997,1507.4281841559823,1489.7096950761047,1525.1466732358601
AFC,1.0,9.74,1998,1507.5660182574204,1490.0526894268958,1525.079347087945
AFC,1.0,9.74,1999,1507.662211400978,1490.222782438852,1525.101640363104
AFC,1.0,9.74,2000,1507.6852473909767,1490.237793882039,1525.132700899914
AFC,1.0,9.74,2001,1507.5966024172656,1490.1025965742929,1525.090608260238
AFC,1.0,9.74,2002,1507.3536776390988,1489.8161420065558,1524.8912132716418
AFC,1.0,9.74,2003,1506.9140510994678,1489.3787751280604,1524.4493270708751
AFC,1.0,9.74,2004,1506.2406873262325,1488.794722066212,1523.686652586253
AFC,1.0,9.74,2005,1505.3075705096496,1488.067133333292,1522.5480076860072
AFC,1.0,9.74,2006,1504.1051099231217,1487.1865446877443,1521.023675158499
AFC,1.0,9.74,2007,1502.6446067511913,1486.1173567750902,1519.1718567272926
AFC,1.0,9.74,2008,1500.9610709925164,1484.7915066611827,1517.1306353238501
AFC,1.0,9.74,2009,1499.1137468347004,1483.1236143086535,1515.103879360747
AFC,1.0,9.74,2010,1497.1838684727145,1481.0594983785231,1513.3082385669056
AFC,1.0,9.74,2011,1495.2694506703997,1478.6444776021297,1511.89442373867
AFC,1.0,9.74,2012,1493.4773236602264,1476.0610998211057,1510.8935474993468
AFC,1.0,9.74,2013,1491.913111339864,1473.5958334062457,1510.2303892734822
AFC,1.0,9.74,2014,1490.6703340892577,1471.554549749547,1509.7861184289686
AFC,1.0,9.74,2015,1489.8201642143074,1470.1756294163035,1509.4646990123113
AFC,1.0,9.74,2016,1489.4034451033046,1469.5679841461238,1509.2389060604858
AFC,1.0,9.74,2017,1489.4263276237768,1469.6790762550345,1509.1735789925192
AFC,1.0,9.74,2018,1489.8602939878242,1470.295725801,1509.4248621746488
AFC,1.0,9.74,2019,1490.6465484580508,1471.0879803591379,1510.2051165569635
AFC,1.0,9.74,2020,1491.7039489672616,1471.7046045709958,1511.7032933635273
AFC,1.0,9.74,2021,1492.939041236949,1471.8933224374116,1513.984760036486
AFC,1.0,9.74,2022,1494.2564886331834,1471.570898145053,1516.9420791213138
AFC,1.0,9.74,2023,1495.5683119133416,1470.7966740606244,1520.3399497660587
AFC,1.0,9.74,2024,1496.8007925374136,1469.6945575784816,1523.9070274963456
AFC,1.0,9.74,2025,1497.8984984998172,1468.3908885158187,1527.4061084838154
AFC,1.0,9.74,2026,1498.825487479017,1466.987992968422,1530.662981989612
AFC,1.5,14.62,1992,1507.2114533309316,1486.6800255270355,1527.7428811348275
AFC,1.5,14.62,1993,1507.315212802592,1487.7737731504,1526.8566524547841
AFC,1.5,14.62,1994,1507.3730243079249,1488.6919048600391,1526.0541437558109
AFC,1.5,14.62,1995,1507.3759915115845,1489.4225360551325,1525.3294469680366
AFC,1.5,14.62,1996,1507.3149786388901,1489.9623830828903,1524.66757419489
AFC,1.5,14.62,1997,1507.1808983943235,1490.3165434785374,1524.04525331011
AFC,1.5,14.62,1998,1506.9650855478183,1490.497049990943,1523.4331211046936
AFC,1.5,14.62,1999,1506.6597548201034,1490.5204963111503,1522.7990133290568
AFC,1.5,14.62,2000,1506.2585314125774,1490.405222679343,1522.1118401458118
AFC,1.5,14.62,2001,1505.757030529241,1490.1685275592547,1521.3455334992277
AFC,1.5,14.62,2002,1505.153449848313,1489.8242200570835,1520.4826796395425
AFC,1.5,14.62,2003,1504.449127809455,1489.3807003052025,1519.5175553137071
AFC,1.5,14.62,2004,1503.6490126509093,1488.8397619237585,1518.4582633780603
AFC,1.5,14.62,2005,1502.7619841330165,1488.1964601833079,1517.3275080827252
AFC,1.5,14.62,2006,1501.8009732170444,1487.4405759528167,1516.161370481272
AFC,1.5,14.62,2007,1500.7828353712919,1486.560204034917,1515.0054667076668
AFC,1.5,14.62,2008,1499.727950509483,1485.5475042809828,1513.9083967379834
AFC,1.5,14.62,2009,1498.6595456823495,1484.4055355962687,1512.9135557684303
AFC,1.5,14.62,2010,1497.6027633996207,1483.153798687801,1512.05172811144
AFC,1.5,14.62,2011,1496.5835258925065,1481.8297486091,1511.337303175913
AFC,1.5,14.62,2012,1495.6272702888118,1480.4848880381599,1510.769652539464
AFC,1.5,14.62,2013,1494.757648106602,1479.176404682451,1510.3388915307528
AFC,1.5,14.62,2014,1493.995291755972,1477.9569817243548,1510.0336017875889
AFC,1.5,14.62,2015,1493.356749011683,1476.8655332475478,1509.8479647758181
AFC,1.5,14.62,2016,1492.8536732836073,1475.9207586362713,1509.7865879309434
AFC,1.5,14.62,2017,1492.4923342080297,1475.1184916311988,1509.8661767848605
AFC,1.5,14.62,2018,1492.2734823856097,1474.433195885083,1510.1137688861363
AFC,1.5,14.62,2019,1492.1925679163844,1473.82342915184,1510.5617066809289
AFC,1.5,14.62,2020,1492.2402791635848,1473.2403518333742,1511.2402064937955
AFC,1.5,14.62,2021,1492.4033401405777,1472.6373970857417,1512.169283195414
AFC,1.5,14.62,2022,1492.6654853793568,1471.9785644110077,1513.3524063477062
AFC,1.5,14.62,2023,1493.0085220081464,1471.2431430036952,1514.7739010125974
AFC,1.5,14.62,2024,1493.413390294647,1470.4261094388899,1516.400671150404
AFC,1.5,14.62,2025,1493.8611447918047,1469.5351343253305,1518.1871552582788
AFC,1.5,14.62,2026,1494.333795947768,1468.586037295349,1520.0815546001875
AFC,2.5,24.36,1992,1506.8436166452184,1488.0690022631936,1525.618231027243
AFC,2.5,24.36,1993,1506.6103285981612,1488.548544898477,1524.6721122978454
AFC,2.5,24.36,1994,1506.3429068591722,1488.960747110005,1523.7250666083396
AFC,2.5,24.36,1995,1506.0412258655333,1489.3034414390165,1522.77901029205
AFC,2.5,24.36,1996,1505.705522459084,1489.5750535212576,1521.8359913969102
AFC,2.5,24.36,1997,1505.3364209219376,1489.774500402261,1520.8983414416139
AFC,2.5,24.36,1998,1504.9349524586137,1489.901058547089,1519.9688463701384
AFC,2.5,24.36,1999,1504.5025680126748,1489.9542189220558,1519.0509171032938
AFC,2.5,24.36,2000,1504.0411433980798,1489.9335526214804,1518.1487341746792
AFC,2.5,24.36,2001,1503.5529758731418,1489.8386144479894,1517.2673372982943
AFC,2.5,24.36,2002,1503.0407714882333,1489.6689120799947,1516.412630896472
AFC,2.5,24.36,2003,1502.5076227938282,1489.4239633347613,1515.5912822528949
AFC,2.5,24.36,2004,1501.9569767960072,1489.1034522313132,1514.8105013607012
AFC,2.5,24.36,2005,1501.3925933814812,1488.7074759094057,1514.0777108535567
AFC,2.5,24.36,2006,1500.8184947894367,1488.2368511758123,1513.4001384030612
AFC,2.5,24.36,2007,1500.238907066389,1487.693426987286,1512.7843871454916
AFC,2.5,24.36,2008,1499.6581947842226,1487.0803356030397,1512.2360539654057
AFC,2.5,24.36,2009,1499.0807906116497,1486.4021180840252,1511.7594631392742
AFC,2.5,24.36,2010,1498.5111215869495,1485.6646819798452,1511.3575611940537
AFC,2.5,24.36,2011,1497.9535341287244,1484.8750851628777,1511.0319830945714
AFC,2.5,24.36,2012,1497.412219928343,1484.0411780410052,1510.7832618156806
AFC,2.5,24.36,2013,1496.8911448840233,1483.1711641721377,1510.6111255959092
AFC,2.5,24.36,2014,1496.3939831585617,1482.2731493141948,1510.5148170029286
AFC,2.5,24.36,2015,1495.9240582725085,1481.3547416436616,1510.4933749013553
AFC,2.5,24.36,2016,1495.4842928898001,1480.422747357088,1510.5458384225124
AFC,2.5,24.36,2017,1495.077168626186,1479.4829836408603,1510.6713536115114
AFC,2.5,24.36,2018,1494.704696829417,1478.5402107550597,1510.869182903774
AFC,2.5,24.36,2019,1494.3684008643365,1477.5981696083036,1511.1386321203695
AFC,2.5,24.36,2020,1494.0693100077922,1476.659701370695,1511.4789186448895
AFC,2.5,24.36,2021,1493.8079646399538,1475.7269209052536,1511.889008374654
AFC,2.5,24.36,2022,1493.5844320311926,1474.8014152502683,1512.367448812117
AFC,2.5,24.36,2023,1493.3983316854853,1473.884441160875,1512.912222210096
AFC,2.5,24.36,2024,1493.2488689269633,1472.977100897712,1513.5206369562145
AFC,2.5,24.36,2025,1493.1348752157392,1472.0804820470962,1514.1892683843819
AFC,2.5,24.36,2026,1493.0548535575867,1471.195754143913,1514.9139529712606
AFC,5.0,48.72,1992,1504.1051229949246,1488.2640030343994,1519.94624295545
AFC,5.0,48.72,1993,1503.876610197946,1488.4982402897615,1519.254980106131
AFC,5.0,48.72,1994,1503.6420671384549,1488.7112556237703,1518.5728786531395
AFC,5.0,48.72,1995,1503.4018375775659,1488.9011583153608,1517.9025168397711
AFC,5.0,48.72,1996,1503.1562860096935,1489.0659149870953,1517.2466570322918
AFC,5.0,48.72,1997,1502.9057965969384,1489.2033588010593,1516.6082343928174
AFC,5.0,48.72,1998,1502.6507719795766,1489.3112084323259,1515.9903355268273
AFC,5.0,48.72,1999,1502.3916319680816,1489.3870992295258,1515.3961647066371
AFC,5.0,48.72,2000,1502.1288121232517,1489.4286286957247,1514.8289955507787
AFC,5.0,48.72,2001,1501.8627622321262,1489.4334176476214,1514.292106816631
AFC,5.0,48.72,2002,1501.5939446884151,1489.399187009116,1513.7887023677142
AFC,5.0,48.72,2003,1501.322832787151,1489.3238481397975,1513.3218174345043
AFC,5.0,48.72,2004,1501.0499089441573,1489.2056020471546,1512.8942158411598
AFC,5.0,48.72,2005,1500.7756628517288,1489.0430401840943,1512.5082855193632
AFC,5.0,48.72,2006,1500.5005895825975,1488.8352374179738,1512.1659417472213
AFC,5.0,48.72,2007,1500.2251876548296,1488.5818268914134,1511.868548418246
AFC,5.0,48.72,2008,1499.9499570707314,1488.2830474374305,1511.6168667040322
AFC,5.0,48.72,2009,1499.675397343147,1487.9397570878682,1511.411037598426
AFC,5.0,48.72,2010,1499.4020055226943,1487.5534105628662,1511.2506004825225
AFC,5.0,48.72,2011,1499.1302742394992,1487.1260034846696,1511.1345449943287
AFC,5.0,48.72,2012,1498.8606897728755,1486.65999027296,1511.061389272791
AFC,5.0,48.72,2013,1498.59373016212,1486.1581853320836,1511.0292749921566
AFC,5.0,48.72,2014,1498.3298633711993,1485.6236578419189,1511.03606890048
AFC,5.0,48.72,2015,1498.0695455195587,1485.059629403459,1511.0794616356584
AFC,5.0,48.72,2016,1497.8132191906273,1484.4693815616888,1511.157056819566
AFC,5.0,48.72,2017,1497.5613118288127,1483.856177551833,1511.2664461057925
AFC,5.0,48.72,2018,1497.31423423489,1483.2232000969784,1511.4052683728014
AFC,5.0,48.72,2019,1497.0723791687187,1482.5735050968563,1511.5712532405814
AFC,5.0,48.72,2020,1496.836120067163,1481.9099897205608,1511.762250413765
AFC,5.0,48.72,2021,1496.605809883958,1481.235372706441,1511.976247061475
AFC,5.0,48.72,2022,1496.3817800571137,1480.5521844448117,1512.2113756694157
AFC,5.0,48.72,2023,1496.164339608218,1479.8627645142988,1512.465914702137
AFC,5.0,48.72,2024,1495.953774376795,1479.1692646193117,1512.7382841342787
AFC,5.0,48.72,2025,1495.7503463916396,1478.4736552282454,1513.027037555034
AFC,5.0,48.72,2026,1495.5542933798306,1477.7777345702227,1513.3308521894385
