pair,continent_a,continent_b,month,log_mean,log_p5,log_p95,elo_mean,elo_p5,elo_p95
UEFA vs CONMEBOL,UEFA,CONMEBOL,1992-01,-0.1138171284406623,-0.24271292242616677,-0.006660577031249585,-173.5613425296502,-382.9936643010095,-9.249665935653217
UEFA vs CONMEBOL,UEFA,CONMEBOL,1992-02,-0.11486400447941697,-0.24366313524823177,-0.007476338073706966,-175.19845525059603,-384.543905294146,-10.594239951804314
UEFA vs CONMEBOL,UEFA,CONMEBOL,1992-03,-0.11588788743633184,-0.2444561814707933,-0.007997749495436243,-176.80278293667288,-386.0658451015837,-11.335383347072192
UEFA vs CONMEBOL,UEFA,CONMEBOL,1992-04,-0.11688900043989203,-0.24480374581545034,-0.008890088960564065,-178.37453732836707,-387.55966532611757,-12.458446708503182
UEFA vs CONMEBOL,UEFA,CONMEBOL,1992-05,-0.11786756661859114,-0.24514975553077137,-0.009937099578205353,-179.91393455502148,-389.0255498567198,-13.929652258903202
UEFA vs CONMEBOL,UEFA,CONMEBOL,1992-06,-0.1188238091009223,-0.24549414634178057,-0.01098034155384793,-181.42119504517518,-390.687716588356,-15.402681727102639
UEFA vs CONMEBOL,UEFA,CONMEBOL,1992-07,-0.11975795101537112,-0.24643561086267546,-0.01199932021321348,-182.89654343673956,-393.3388773607901,-16.843511215463778
UEFA vs CONMEBOL,UEFA,CONMEBOL,1992-08,-0.12067021549043094,-0.2477806815816374,-0.012776593667723638,-184.34020848710642,-395.2653890803922,-18.26713098906759
UEFA vs CONMEBOL,UEFA,CONMEBOL,1992-09,-0.12156082565459482,-0.24805436769301262,-0.013754293179220473,-185.75242298318273,-395.24585377158274,-19.42870656848451
UEFA vs CONMEBOL,UEFA,CONMEBOL,1992-10,-0.12243000463634861,-0.2484668607252431,-0.014912995423520807,-187.13342365145124,-397.09190894647236,-20.975009951490676
UEFA vs CONMEBOL,UEFA,CONMEBOL,1992-11,-0.12327797556418547,-0.24964513761762433,-0.015839684858025206,-188.48345106815404,-398.4073107477738,-22.389806906656354
UEFA vs CONMEBOL,UEFA,CONMEBOL,1992-12,-0.12410496156659835,-0.25078763484720124,-0.016825643574857413,-189.80274956958928,-399.9326624793687,-23.98889915437313
UEFA vs CONMEBOL,UEFA,CONMEBOL,1993-01,-0.12491118577207344,-0.251878700314394,-0.01780929635319284,-191.09156716261984,-401.1752845066565,-25.669555598370128
UEFA vs CONMEBOL,UEFA,CONMEBOL,1993-02,-0.12569687130910379,-0.2529264426164909,-0.018741796923335708,-192.35015543548187,-402.4215554132389,-26.756158030046855
UEFA vs CONMEBOL,UEFA,CONMEBOL,1993-03,-0.126462241306182,-0.2539387517370056,-0.019745545628424038,-193.5787694688879,-403.2380863973916,-28.206192858605373
UEFA vs CONMEBOL,UEFA,CONMEBOL,1993-04,-0.12720751889179474,-0.25460550985001823,-0.020723775687648837,-194.77766774751592,-404.0418184269027,-29.621110954241853
UEFA vs CONMEBOL,UEFA,CONMEBOL,1993-05,-0.12793292719443483,-0.25541635644399613,-0.021676745453184203,-195.94711207196696,-404.8446213590373,-31.00116941839875
UEFA vs CONMEBOL,UEFA,CONMEBOL,1993-06,-0.12863868934259481,-0.2560705065729911,-0.022604713277201614,-197.08736747118783,-405.6946380085082,-32.34662980805858
UEFA vs CONMEBOL,UEFA,CONMEBOL,1993-07,-0.12932502846476157,-0.25664867190171436,-0.02350793751186722,-198.1987021154442,-406.52512934592636,-33.66031479595765
UEFA vs CONMEBOL,UEFA,CONMEBOL,1993-08,-0.12999216768942776,-0.2571105706816327,-0.024386676509352584,-199.28138722992077,-407.5761992795682,-34.94068791193621
UEFA vs CONMEBOL,UEFA,CONMEBOL,1993-09,-0.1306403301450858,-0.25753838760519554,-0.025241188621831723,-200.33569700894665,-408.64333301098924,-36.187066549125745
UEFA vs CONMEBOL,UEFA,CONMEBOL,1993-10,-0.1312697389602229,-0.2579600967740685,-0.02607173220146905,-201.36190853092444,-409.68590454046597,-37.399730981357436
UEFA vs CONMEBOL,UEFA,CONMEBOL,1993-11,-0.13188061726333153,-0.2583756510855814,-0.026878565600436177,-202.360301674035,-410.7041266841896,-38.5789653066622
UEFA vs CONMEBOL,UEFA,CONMEBOL,1993-12,-0.132473188182904,-0.25878500343706673,-0.027661947170907114,-203.33115903271653,-411.6982139324425,-39.725057359951634
UEFA vs CONMEBOL,UEFA,CONMEBOL,1994-01,-0.1330476748474278,-0.25918662110906154,-0.02831970410945717,-204.27476583498944,-412.64100743823064,-40.838298626159364
UEFA vs CONMEBOL,UEFA,CONMEBOL,1994-02,-0.13360430038539522,-0.259812450576997,-0.028937350963136238,-205.19140986069567,-413.5474463005556,-41.549642644459894
UEFA vs CONMEBOL,UEFA,CONMEBOL,1994-03,-0.13414328792529848,-0.2601790033223455,-0.029412185873914917,-206.08138136064892,-414.41956125501224,-41.898283036615446
UEFA vs CONMEBOL,UEFA,CONMEBOL,1994-04,-0.1346648605956253,-0.26035801766655686,-0.029651322898228052,-206.94497297676347,-415.2716154283887,-42.24953654189008
UEFA vs CONMEBOL,UEFA,CONMEBOL,1994-05,-0.13516924152486787,-0.26072147577304616,-0.029891773898099414,-207.7824796632237,-416.10376648888075,-42.89849796439379
UEFA vs CONMEBOL,UEFA,CONMEBOL,1994-06,-0.13565665384151823,-0.26109044407850435,-0.03021992078919356,-208.59419860869116,-416.916173394596,-43.707927748552734
UEFA vs CONMEBOL,UEFA,CONMEBOL,1994-07,-0.13612732067406444,-0.2614533861446276,-0.03073678174522679,-209.3804291596109,-417.86673015832355,-44.49371268762896
UEFA vs CONMEBOL,UEFA,CONMEBOL,1994-08,-0.1365814651509985,-0.261810237923857,-0.03123824053555394,-210.14147274467467,-418.8762621279587,-45.246267731004146
UEFA vs CONMEBOL,UEFA,CONMEBOL,1994-09,-0.13701931040081233,-0.26216093536863294,-0.031719166486777445,-210.87763280043683,-419.8484311280479,-45.94194118880685
UEFA vs CONMEBOL,UEFA,CONMEBOL,1994-10,-0.13744107955199425,-0.26250541443139574,-0.03217994604985207,-211.58921469813944,-420.78384532541475,-46.38138589055006
UEFA vs CONMEBOL,UEFA,CONMEBOL,1994-11,-0.13784699573303613,-0.2628436110645864,-0.032620965675738765,-212.27652567179922,-421.4134423253071,-46.810736489371976
UEFA vs CONMEBOL,UEFA,CONMEBOL,1994-12,-0.13823728207242983,-0.2631754612206472,-0.0330171159727589,-212.93987474755136,-422.0559788736051,-47.32920177484523
UEFA vs CONMEBOL,UEFA,CONMEBOL,1995-01,-0.1386121616986638,-0.2635086956688991,-0.03329405253610256,-213.5795726743021,-422.9121866760544,-47.914480346884126
UEFA vs CONMEBOL,UEFA,CONMEBOL,1995-02,-0.13897185774022985,-0.2638898233322688,-0.03361294635802042,-214.19593185573706,-423.72175993772026,-48.47414366327655
UEFA vs CONMEBOL,UEFA,CONMEBOL,1995-03,-0.13931659332561966,-0.26416885857824857,-0.033935377085968325,-214.78926628368004,-424.2990710766972,-49.00868494887765
UEFA vs CONMEBOL,UEFA,CONMEBOL,1995-04,-0.13964659158332207,-0.2644510295419008,-0.03411150985743268,-215.3598914728499,-424.69350933539147,-49.51859988447776
UEFA vs CONMEBOL,UEFA,CONMEBOL,1995-05,-0.13996207564182872,-0.2647494510396089,-0.0343103300154195,-215.90812439705576,-425.07070593779423,-49.778614944803394
UEFA vs CONMEBOL,UEFA,CONMEBOL,1995-06,-0.14026326862963104,-0.26503911355383536,-0.034541790652831056,-216.43428342682694,-425.7535635141742,-49.97533271561772
UEFA vs CONMEBOL,UEFA,CONMEBOL,1995-07,-0.14055039367521815,-0.2653105669700483,-0.03476562477290643,-216.93868826851977,-426.4232104651179,-50.13797557023801
UEFA vs CONMEBOL,UEFA,CONMEBOL,1995-08,-0.14082367390708164,-0.2654872196255559,-0.03498978773829055,-217.4216599049352,-427.0609478825587,-50.26760458364156
UEFA vs CONMEBOL,UEFA,CONMEBOL,1995-09,-0.14108333245371285,-0.26566359061126366,-0.03520935153549286,-217.8835205374457,-427.66733279592466,-50.47660212614681
UEFA vs CONMEBOL,UEFA,CONMEBOL,1995-10,-0.1413295924436011,-0.2658869445856898,-0.0354216936460778,-218.32459352966697,-428.242923570227,-50.78019631841711
UEFA vs CONMEBOL,UEFA,CONMEBOL,1995-11,-0.1415626770052378,-0.26609918700156177,-0.03555343272047069,-218.7452033527052,-428.85100550091056,-51.088277558462345
UEFA vs CONMEBOL,UEFA,CONMEBOL,1995-12,-0.14178280926711417,-0.2662952862806828,-0.03568607216701177,-219.14567553197713,-429.52979819005935,-51.386179417351116
UEFA vs CONMEBOL,UEFA,CONMEBOL,1996-01,-0.14199021235771986,-0.2663630966339574,-0.03588164925604096,-219.52633659563472,-430.21010134750736,-51.65972118385355
UEFA vs CONMEBOL,UEFA,CONMEBOL,1996-02,-0.14218510940554613,-0.2664038592028949,-0.03606305120281082,-219.88751402461992,-430.89418487727465,-51.756788707679185
UEFA vs CONMEBOL,UEFA,CONMEBOL,1996-03,-0.14236772353908414,-0.2667283005900033,-0.03623051810241704,-220.22953620434782,-431.5811990661544,-52.0148744647673
UEFA vs CONMEBOL,UEFA,CONMEBOL,1996-04,-0.14253827788682355,-0.26705593148842743,-0.036384290049951154,-220.55273237804448,-432.0460359510119,-52.25318943617699
UEFA vs CONMEBOL,UEFA,CONMEBOL,1996-05,-0.14269699557725574,-0.26725479631423166,-0.03653982238143888,-220.85743260176264,-432.3832191670073,-52.47205947836074
UEFA vs CONMEBOL,UEFA,CONMEBOL,1996-06,-0.14284409973887166,-0.267430654306412,-0.03668309377735938,-221.14396770107044,-432.6953505409606,-52.67499751258087
UEFA vs CONMEBOL,UEFA,CONMEBOL,1996-07,-0.1429798135001612,-0.2675996960929493,-0.03681362030367819,-221.4126692294397,-432.98318806473225,-52.88018372440167
UEFA vs CONMEBOL,UEFA,CONMEBOL,1996-08,-0.14310435998961557,-0.2677618827555615,-0.03693160163598726,-221.66386942834862,-433.24743637202414,-52.78158041463465
UEFA vs CONMEBOL,UEFA,CONMEBOL,1996-09,-0.1432179623357258,-0.2679106496107984,-0.03686381619089153,-221.8979011890985,-433.48880146919447,-52.66147703774495
UEFA vs CONMEBOL,UEFA,CONMEBOL,1996-10,-0.14332084366698183,-0.2680513146261008,-0.036762159701952,-222.11509801636277,-433.70799067310656,-52.52494453541347
UEFA vs CONMEBOL,UEFA,CONMEBOL,1996-11,-0.1434132271118748,-0.268184730771432,-0.03664964547217711,-222.31579399348405,-433.90571255086957,-52.50611349450782
UEFA vs CONMEBOL,UEFA,CONMEBOL,1996-12,-0.14349533579889562,-0.268310880648324,-0.036670508659485276,-222.50032374951553,-434.0826768615216,-52.75428790581721
UEFA vs CONMEBOL,UEFA,CONMEBOL,1997-01,-0.1435673928565345,-0.2684297468583114,-0.03682299832817979,-222.66902242802388,-434.2395944996079,-52.996102868551986
UEFA vs CONMEBOL,UEFA,CONMEBOL,1997-02,-0.14362962141328242,-0.26854131200292625,-0.03697158781101763,-222.8222256576642,-434.37717744072506,-53.25339452564059
UEFA vs CONMEBOL,UEFA,CONMEBOL,1997-03,-0.14368224459763015,-0.2686455586837023,-0.037129187591165624,-222.96026952452507,-434.49613868898433,-53.50986655745748
UEFA vs CONMEBOL,UEFA,CONMEBOL,1997-04,-0.14372548553806822,-0.26874246950217257,-0.03720710245387527,-223.08349054625774,-434.5960409461416,-53.51430364670332
UEFA vs CONMEBOL,UEFA,CONMEBOL,1997-05,-0.1437595673630874,-0.2688320270598706,-0.037170298544967936,-223.19222564799477,-434.6697728296121,-53.67433187857265
UEFA vs CONMEBOL,UEFA,CONMEBOL,1997-06,-0.1437847132011785,-0.2689142139583294,-0.03712297696521839,-223.28681214006122,-434.72704092318423,-53.95237552288198
UEFA vs CONMEBOL,UEFA,CONMEBOL,1997-07,-0.14380114618083203,-0.26898298036993007,-0.03706551001292535,-223.3675876974827,-434.76858701198745,-53.9315642472093
UEFA vs CONMEBOL,UEFA,CONMEBOL,1997-08,-0.14380908943053886,-0.26904233329691174,-0.03711086630303702,-223.43489034130093,-434.7244996041372,-53.78399896091672
UEFA vs CONMEBOL,UEFA,CONMEBOL,1997-09,-0.14380876607878956,-0.2690944437222178,-0.03698473329440893,-223.48905842169253,-434.5994566986934,-53.91916516750599
UEFA vs CONMEBOL,UEFA,CONMEBOL,1997-10,-0.143800399254075,-0.26913930878955344,-0.03713074427404727,-223.53043060290022,-434.68607021268815,-53.891891634793524
UEFA vs CONMEBOL,UEFA,CONMEBOL,1997-11,-0.1437842120848858,-0.2691769256426253,-0.03725942885365614,-223.55934584997797,-434.8074844915846,-53.976730368354
UEFA vs CONMEBOL,UEFA,CONMEBOL,1997-12,-0.14376042769971256,-0.2692072914251383,-0.03719373123655013,-223.57614341735152,-434.8071360975059,-54.02015186098282
UEFA vs CONMEBOL,UEFA,CONMEBOL,1998-01,-0.14372926922704615,-0.26923040328079656,-0.037125929924405804,-223.58116283919804,-434.7843709487761,-53.86255650050007
UEFA vs CONMEBOL,UEFA,CONMEBOL,1998-02,-0.1436909597953772,-0.26924625835330684,-0.03706198978814102,-223.57474392164661,-434.75108488950025,-53.693999522434666
UEFA vs CONMEBOL,UEFA,CONMEBOL,1998-03,-0.14364572253319632,-0.26925485378637404,-0.03712349287244124,-223.55722673679992,-434.70800935403497,-53.53936036201861
UEFA vs CONMEBOL,UEFA,CONMEBOL,1998-04,-0.1435937805689945,-0.2691671265633926,-0.03733624707378669,-223.52895161858018,-434.65587630738554,-53.86334401363226
UEFA vs CONMEBOL,UEFA,CONMEBOL,1998-05,-0.1435353570312622,-0.2690716447165685,-0.03733689161401859,-223.49025916039813,-434.5954182212197,-53.68311698373895
UEFA vs CONMEBOL,UEFA,CONMEBOL,1998-06,-0.1434706750484901,-0.2689730398128609,-0.037137683762775334,-223.44149021464793,-434.52736805194473,-53.358268772891265
UEFA vs CONMEBOL,UEFA,CONMEBOL,1998-07,-0.14339995774916908,-0.26887152410598125,-0.03690697892356336,-223.38298589402723,-434.51596301268916,-53.03585170698464
UEFA vs CONMEBOL,UEFA,CONMEBOL,1998-08,-0.1433234282617898,-0.2687673098496372,-0.036678633576582576,-223.31508757468237,-434.5944130644583,-52.716752805919036
UEFA vs CONMEBOL,UEFA,CONMEBOL,1998-09,-0.14324130971484272,-0.26866060929753954,-0.03645325879113025,-223.23813690118,-434.65634518647244,-52.46796219627319
UEFA vs CONMEBOL,UEFA,CONMEBOL,1998-10,-0.14315382523681897,-0.26855163470339993,-0.03623146563650051,-223.15247579330457,-434.70160957976594,-52.2642762104004
UEFA vs CONMEBOL,UEFA,CONMEBOL,1998-11,-0.14306119795620906,-0.2684405983209258,-0.03601386518198724,-223.05844645468014,-434.7300566842211,-52.051171627330916
UEFA vs CONMEBOL,UEFA,CONMEBOL,1998-12,-0.14296365100150335,-0.26832771240382813,-0.03581514441557809,-222.95639138321852,-434.7268956118164,-51.8308489864256
UEFA vs CONMEBOL,UEFA,CONMEBOL,1999-01,-0.1428614082611497,-0.2682131787410507,-0.035648021412488,-222.84665603747345,-434.55454048996273,-51.60189663149377
UEFA vs CONMEBOL,UEFA,CONMEBOL,1999-02,-0.14275469666342125,-0.26809026194416413,-0.03547533052995915,-222.72959687065614,-434.3676660763493,-51.363998654139884
UEFA vs CONMEBOL,UEFA,CONMEBOL,1999-03,-0.14264374389654746,-0.2679657831660732,-0.035297360627298296,-222.60557346920424,-434.1668720286422,-51.11758802945253
UEFA vs CONMEBOL,UEFA,CONMEBOL,1999-04,-0.142528777648759,-0.26784033726452666,-0.0351144005638147,-222.47494589633317,-433.94464224479856,-50.863098142624764
UEFA vs CONMEBOL,UEFA,CONMEBOL,1999-05,-0.14241002560828542,-0.26771406957847316,-0.03492673919881324,-222.3380746741107,-433.7084661204266,-50.60096277090989
UEFA vs CONMEBOL,UEFA,CONMEBOL,1999-06,-0.14228771546335633,-0.26758712544686036,-0.03473466539160315,-222.19532076614888,-433.4603183550467,-50.33161606632147
UEFA vs CONMEBOL,UEFA,CONMEBOL,1999-07,-0.1421620749022022,-0.2674596502086413,-0.03453846800148939,-222.04704556091136,-433.2007969248848,-50.0554925390306
UEFA vs CONMEBOL,UEFA,CONMEBOL,1999-08,-0.14203333161305276,-0.2673317892027637,-0.034338435887779545,-221.89361085563667,-433.06686547656403,-49.773308210676525
UEFA vs CONMEBOL,UEFA,CONMEBOL,1999-09,-0.14190171328413748,-0.26720368776817444,-0.0341348579097811,-221.73537884088444,-432.945685851977,-49.487843337531494
UEFA vs CONMEBOL,UEFA,CONMEBOL,1999-10,-0.14176744760368706,-0.26698408614948904,-0.033976452147071616,-221.57271208570637,-432.8243056872407,-49.19744749656502
UEFA vs CONMEBOL,UEFA,CONMEBOL,1999-11,-0.14163076225993093,-0.2667592128959081,-0.033825285826676904,-221.40597352343724,-432.706556415823,-48.90254249154307
UEFA vs CONMEBOL,UEFA,CONMEBOL,1999-12,-0.14149188494109877,-0.26653381085913475,-0.03367996683118913,-221.2355264381178,-432.6072603905523,-48.60355041490248
UEFA vs CONMEBOL,UEFA,CONMEBOL,2000-01,-0.1413510433354211,-0.2663080901071343,-0.033540534477536986,-221.0617344515463,-432.50489553754596,-48.357116289553375
UEFA vs CONMEBOL,UEFA,CONMEBOL,2000-02,-0.1412084651311276,-0.26608226070787355,-0.03340702808264685,-220.8849615109565,-432.4035087986711,-48.17413260255597
UEFA vs CONMEBOL,UEFA,CONMEBOL,2000-03,-0.14106437801644772,-0.2658565327293193,-0.03328053306578014,-220.70557187733203,-432.30337227499547,-47.99975432500318
UEFA vs CONMEBOL,UEFA,CONMEBOL,2000-04,-0.14091900967961213,-0.26563111623943925,-0.03313462132629643,-220.5239301143548,-432.2047582215237,-47.83965764050529
UEFA vs CONMEBOL,UEFA,CONMEBOL,2000-05,-0.14077258780885044,-0.26540622130619773,-0.032845594683875726,-220.34040107798384,-432.1079390498372,-47.69357840935325
UEFA vs CONMEBOL,UEFA,CONMEBOL,2000-06,-0.14062534009239205,-0.26518205799756156,-0.0325510313986385,-220.15534990667445,-432.00618339642205,-47.298085486899325
UEFA vs CONMEBOL,UEFA,CONMEBOL,2000-07,-0.14047749421846778,-0.26495883638149853,-0.0322531552767773,-219.96914201223564,-431.9031309563804,-47.13792739146458
UEFA vs CONMEBOL,UEFA,CONMEBOL,2000-08,-0.1403292778753071,-0.26473670941864447,-0.03212378686847553,-219.7821430713207,-431.802570673857,-47.01906228344464
UEFA vs CONMEBOL,UEFA,CONMEBOL,2000-09,-0.1401809187511395,-0.264512341125978,-0.03203866230038473,-219.59471901756194,-431.70478622084534,-46.90569456430754
UEFA vs CONMEBOL,UEFA,CONMEBOL,2000-10,-0.14003264453419573,-0.26445283208747544,-0.03195729936597879,-219.40723603434645,-431.6100614359613,-46.806571869961246
UEFA vs CONMEBOL,UEFA,CONMEBOL,2000-11,-0.13988468291270528,-0.26441295953962923,-0.0318798044546342,-219.22006054822725,-431.5186803275048,-46.70929260662608
UEFA vs CONMEBOL,UEFA,CONMEBOL,2000-12,-0.1397372615748977,-0.2643759759060727,-0.031811044112107174,-219.03355922298172,-431.4309270768422,-46.614087610520116
UEFA vs CONMEBOL,UEFA,CONMEBOL,2001-01,-0.13959060820900368,-0.26434198428620354,-0.03174624284655592,-218.84809895431235,-431.26470023172277,-46.52118795607715
UEFA vs CONMEBOL,UEFA,CONMEBOL,2001-02,-0.1394449505032527,-0.2643110877794209,-0.03168544626904787,-218.66404686518598,-431.0449489894451,-46.430824956673156
UEFA vs CONMEBOL,UEFA,CONMEBOL,2001-03,-0.1393005161458743,-0.2642833894851216,-0.03162869999065465,-218.4817703018215,-430.8242766067945,-46.34323016542539
UEFA vs CONMEBOL,UEFA,CONMEBOL,2001-04,-0.1391575328250992,-0.26425899250270396,-0.03157604962244613,-218.30163683032154,-430.6032860641368,-46.25863537608277
UEFA vs CONMEBOL,UEFA,CONMEBOL,2001-05,-0.139016228229157,-0.2642379999315664,-0.03152754077549053,-218.12401423394437,-430.38258057251574,-46.16840359516099
UEFA vs CONMEBOL,UEFA,CONMEBOL,2001-06,-0.13887683004627704,-0.26416444394820726,-0.03144631453603026,-217.94927051102562,-430.16276356984633,-45.95613282760472
UEFA vs CONMEBOL,UEFA,CONMEBOL,2001-07,-0.13873956596469011,-0.26402197748841943,-0.03129838472094632,-217.77777387354516,-429.94443871857754,-45.74924492740775
UEFA vs CONMEBOL,UEFA,CONMEBOL,2001-08,-0.13860466367262578,-0.2638842138759713,-0.031154237913628004,-217.60989274633596,-429.7282099048021,-45.54801546517268
UEFA vs CONMEBOL,UEFA,CONMEBOL,2001-09,-0.13847235085831355,-0.26374742975020826,-0.03101406626216386,-217.44599576694287,-429.5146812388256,-45.35272021494411
UEFA vs CONMEBOL,UEFA,CONMEBOL,2001-10,-0.13834285520998402,-0.26361324945736897,-0.030878061914645687,-217.2864517861284,-429.3044570571972,-45.22786858864852
UEFA vs CONMEBOL,UEFA,CONMEBOL,2001-11,-0.1382164044158668,-0.2634843426083004,-0.030753953532573732,-217.13162986902128,-429.0981419261956,-44.9858545966571
UEFA vs CONMEBOL,UEFA,CONMEBOL,2001-12,-0.13809322616419148,-0.2633608896058239,-0.030609454215979652,-216.98189929691617,-428.8963406467732,-44.76791401324665
UEFA vs CONMEBOL,UEFA,CONMEBOL,2002-01,-0.13797354814318857,-0.2632430708527552,-0.030470597538372394,-216.8376295697204,-428.69965826097007,-44.572648090004186
UEFA vs CONMEBOL,UEFA,CONMEBOL,2002-02,-0.13785759804108777,-0.26313106675191233,-0.030336465868595248,-216.69919040904594,-428.58600550721053,-44.388296799879306
UEFA vs CONMEBOL,UEFA,CONMEBOL,2002-03,-0.13774560354611853,-0.26302505770611245,-0.030213325663243605,-216.5669517619521,-428.485784885221,-44.242847711614985
UEFA vs CONMEBOL,UEFA,CONMEBOL,2002-04,-0.13763779234651158,-0.26292522411817115,-0.030113735607791913,-216.44128380533752,-428.392982724644,-44.105330201238075
UEFA vs CONMEBOL,UEFA,CONMEBOL,2002-05,-0.13753439213049629,-0.2628317463909092,-0.030019720931975837,-216.32255695097712,-428.3080102568846,-44.009299656157886
UEFA vs CONMEBOL,UEFA,CONMEBOL,2002-06,-0.1374356305863024,-0.26274480492714203,-0.029931462702060155,-216.21114185121274,-428.231279172203,-44.191997717540296
UEFA vs CONMEBOL,UEFA,CONMEBOL,2002-07,-0.1373417354021605,-0.26266458012968685,-0.030009990272653393,-216.1074094052925,-428.16320162562624,-44.38251494971458
UEFA vs CONMEBOL,UEFA,CONMEBOL,2002-08,-0.13725293426630003,-0.26259125240136183,-0.030136846593182626,-216.0117307663577,-428.1041902428984,-44.5807837438428
UEFA vs CONMEBOL,UEFA,CONMEBOL,2002-09,-0.1371694548669508,-0.2625250021449842,-0.030268802636002675,-215.92447734908444,-428.0524189599007,-44.49882146536064
UEFA vs CONMEBOL,UEFA,CONMEBOL,2002-10,-0.13709152489234314,-0.2624660097633712,-0.030258584203739402,-215.8460208379753,-428.0091253854488,-44.239403208120834
UEFA vs CONMEBOL,UEFA,CONMEBOL,2002-11,-0.13701937203070674,-0.2624144556593401,-0.03008384323252103,-215.7767331963018,-427.9763431790819,-43.98838673999054
UEFA vs CONMEBOL,UEFA,CONMEBOL,2002-12,-0.13695322397027132,-0.2623705202357089,-0.02991523284789921,-215.7169866757014,-427.9544893543113,-43.74632922613885
UEFA vs CONMEBOL,UEFA,CONMEBOL,2003-01,-0.1368933083992672,-0.2623343838952933,-0.02974812878114223,-215.66715382642832,-427.94398143712164,-43.51378789731654
UEFA vs CONMEBOL,UEFA,CONMEBOL,2003-02,-0.13683985300592405,-0.262306227040913,-0.02951969624941611,-215.627607508257,-427.945237472018,-43.29132007444734
UEFA vs CONMEBOL,UEFA,CONMEBOL,2003-03,-0.1367930854784717,-0.2622846809358665,-0.029370458067921358,-215.59872090204254,-427.95867602810085,-43.07948319551716
UEFA vs CONMEBOL,UEFA,CONMEBOL,2003-04,-0.13675323350514026,-0.26227073711253934,-0.029309569140955994,-215.58086752193813,-427.9847162051902,-42.98514161095664
UEFA vs CONMEBOL,UEFA,CONMEBOL,2003-05,-0.1367205247741596,-0.2622653113455203,-0.029269965391312217,-215.57442122826808,-428.0237776399837,-42.96114230495553
UEFA vs CONMEBOL,UEFA,CONMEBOL,2003-06,-0.13669518697375949,-0.2622685902616507,-0.029249137081609,-215.5797562410617,-428.0762805122654,-42.93354146286493
UEFA vs CONMEBOL,UEFA,CONMEBOL,2003-07,-0.13667744779217006,-0.26228076048777427,-0.029236636631225568,-215.5972471542461,-428.1426455511544,-42.92073035546901
UEFA vs CONMEBOL,UEFA,CONMEBOL,2003-08,-0.13666753491762107,-0.2623020086507325,-0.02923266733494365,-215.62726895050156,-428.2232940413784,-42.92411900847077
UEFA vs CONMEBOL,UEFA,CONMEBOL,2003-09,-0.1366656760383425,-0.2623325213773687,-0.02923743248754496,-215.6701970167792,-428.3186478296189,-42.94045142239287
UEFA vs CONMEBOL,UEFA,CONMEBOL,2003-10,-0.1366720988425643,-0.26237838922693985,-0.02925113538380971,-215.72640716048411,-428.429129330883,-42.97003681207431
UEFA vs CONMEBOL,UEFA,CONMEBOL,2003-11,-0.1366870310185163,-0.2624503127267369,-0.02927397931852033,-215.796275626325,-428.5551615349254,-43.013184866738676
UEFA vs CONMEBOL,UEFA,CONMEBOL,2003-12,-0.13671070025442844,-0.2625298636435477,-0.02930616758645623,-215.8801791138329,-428.69716801271073,-43.07020576565004
UEFA vs CONMEBOL,UEFA,CONMEBOL,2004-01,-0.1367433342385306,-0.2625509504575471,-0.029347903482400683,-215.9784947955489,-428.8555729229377,-43.15253756532084
UEFA vs CONMEBOL,UEFA,CONMEBOL,2004-02,-0.13678516065905275,-0.2626279684242399,-0.029399390301133106,-216.09160033588788,-429.03080101859166,-43.25853944364607
UEFA vs CONMEBOL,UEFA,CONMEBOL,2004-03,-0.13683640720422482,-0.2626761078220719,-0.0294690167818144,-216.21987391067475,-429.2232776535604,-43.37890553123967
UEFA vs CONMEBOL,UEFA,CONMEBOL,2004-04,-0.13689730156227664,-0.2627335847017223,-0.029553404836864902,-216.36369422735916,-429.43177932837915,-43.51391610234907
UEFA vs CONMEBOL,UEFA,CONMEBOL,2004-05,-0.13696807142143813,-0.2628013523526557,-0.029647800368435673,-216.52344054591248,-429.6560401694447,-43.66385196649403
UEFA vs CONMEBOL,UEFA,CONMEBOL,2004-06,-0.13704894446993948,-0.26288084861703614,-0.02975238508578489,-216.69949270040678,-429.8986789811442,-43.828994483208405
UEFA vs CONMEBOL,UEFA,CONMEBOL,2004-07,-0.1371401483960101,-0.26297237241553284,-0.02986734069816703,-216.89223112127857,-430.16012791309106,-44.00962557702551
UEFA vs CONMEBOL,UEFA,CONMEBOL,2004-08,-0.1372419108878802,-0.26307622266881614,-0.029966558907374197,-217.1020368582874,-430.44081975259326,-44.272524293871165
UEFA vs CONMEBOL,UEFA,CONMEBOL,2004-09,-0.13735445963377996,-0.2631926982975562,-0.03006184075722516,-217.3292916041628,-430.7411879324298,-44.415833432619365
UEFA vs CONMEBOL,UEFA,CONMEBOL,2004-10,-0.1374780223219387,-0.26332209822242164,-0.03020871769136058,-217.57437771894817,-431.0616665387016,-44.5885758643935
UEFA vs CONMEBOL,UEFA,CONMEBOL,2004-11,-0.13761282664058663,-0.26346472136408516,-0.03034534032833758,-217.83767825505012,-431.4025342719025,-44.762839935255506
UEFA vs CONMEBOL,UEFA,CONMEBOL,2004-12,-0.13775910027795402,-0.2636208666432153,-0.030421958401541892,-218.11957698298738,-431.7592690812012,-44.96905109973457
UEFA vs CONMEBOL,UEFA,CONMEBOL,2005-01,-0.13791707092227007,-0.2637908329804824,-0.030569104751300282,-218.4204584178482,-432.13764369489587,-45.199569423230244
UEFA vs CONMEBOL,UEFA,CONMEBOL,2005-02,-0.13808696626176503,-0.2639749192965566,-0.03073282527049664,-218.74070784646742,-432.53810074570214,-45.4549202957302
UEFA vs CONMEBOL,UEFA,CONMEBOL,2005-03,-0.1382690139846693,-0.26417342451210735,-0.030913457295704484,-219.0807113553153,-432.9610835779573,-45.73563038284936
UEFA vs CONMEBOL,UEFA,CONMEBOL,2005-04,-0.13846344177921188,-0.26438664754780566,-0.03111831705948501,-219.44085585910864,-433.4070362569763,-46.042227663910474
UEFA vs CONMEBOL,UEFA,CONMEBOL,2005-05,-0.13867047733362312,-0.2646148873243201,-0.031341093192047434,-219.8215291301576,-433.87640357854553,-46.37524147078342
UEFA vs CONMEBOL,UEFA,CONMEBOL,2005-06,-0.1388903483361335,-0.2648584427623226,-0.031581616094756404,-220.22311982843928,-434.36963107851756,-46.73784234072354
UEFA vs CONMEBOL,UEFA,CONMEBOL,2005-07,-0.13912328247497183,-0.2651176127824818,-0.03184021349274859,-220.64601753240845,-434.8871650425498,-47.13534009346295
UEFA vs CONMEBOL,UEFA,CONMEBOL,2005-08,-0.13936950743836857,-0.2653926963054686,-0.03211721311116524,-221.09061277056398,-435.42945251597615,-47.56056131900789
UEFA vs CONMEBOL,UEFA,CONMEBOL,2005-09,-0.1396292509145543,-0.2656839922519533,-0.03242078099125471,-221.55729705375654,-435.9969413138156,-48.01402677854708
UEFA vs CONMEBOL,UEFA,CONMEBOL,2005-10,-0.1399027405917576,-0.2659901822955677,-0.032742225059146084,-222.04646290825383,-436.5900800309073,-48.49625877602239
UEFA vs CONMEBOL,UEFA,CONMEBOL,2005-11,-0.14019020415820904,-0.2663099384725271,-0.03307369847862871,-222.55850390958105,-437.20931805220476,-49.013476042112345
UEFA vs CONMEBOL,UEFA,CONMEBOL,2005-12,-0.14049177733272716,-0.26664641411823775,-0.03341565345917221,-223.09366581533286,-437.854928308447,-49.561868069708545
UEFA vs CONMEBOL,UEFA,CONMEBOL,2006-01,-0.14080722795647932,-0.26693841834738163,-0.033788636228131,-223.65159945109673,-438.52647505002733,-50.10747591067976
UEFA vs CONMEBOL,UEFA,CONMEBOL,2006-02,-0.14113623190122312,-0.2672371724332606,-0.03418036957636379,-224.23180664045708,-439.2233447814688,-50.64332058111349
UEFA vs CONMEBOL,UEFA,CONMEBOL,2006-03,-0.14147846503871628,-0.2675492804266154,-0.034570894424693195,-224.8337889601384,-439.9449233800028,-51.19904124902337
UEFA vs CONMEBOL,UEFA,CONMEBOL,2006-04,-0.1418336032407137,-0.2678744500999658,-0.03495922571914236,-225.45704770139338,-440.6905960763781,-51.88363904985046
UEFA vs CONMEBOL,UEFA,CONMEBOL,2006-05,-0.14220132237897312,-0.268212389225836,-0.03546529683847175,-226.101083832241,-441.45974743611896,-52.65073413769569
UEFA vs CONMEBOL,UEFA,CONMEBOL,2006-06,-0.14258129832525232,-0.2685628055767494,-0.03593423738570421,-226.7653979605225,-442.25176134120153,-53.425761771131626
UEFA vs CONMEBOL,UEFA,CONMEBOL,2006-07,-0.14297320695130605,-0.2689254069252274,-0.03641580826793876,-227.44949029778763,-443.066020972138,-54.157305921859034
UEFA vs CONMEBOL,UEFA,CONMEBOL,2006-08,-0.1433767241288921,-0.2692999010437933,-0.03691327205888238,-228.1528606240255,-443.90190879053193,-54.91345940281925
UEFA vs CONMEBOL,UEFA,CONMEBOL,2006-09,-0.14379152572976842,-0.2696853740294313,-0.037426143091464775,-228.8750082532077,-444.7588065220148,-55.6935262527527
UEFA vs CONMEBOL,UEFA,CONMEBOL,2006-10,-0.14421728762568953,-0.2700753214163546,-0.03795393569861468,-229.61543199965686,-445.63609513962365,-56.496809564996816
UEFA vs CONMEBOL,UEFA,CONMEBOL,2006-11,-0.14465368568841336,-0.2704752204648595,-0.038353862422256364,-230.373630145259,-446.53315484761936,-57.322611429867386
UEFA vs CONMEBOL,UEFA,CONMEBOL,2006-12,-0.14510039578969786,-0.27088587756136656,-0.0387543007360653,-231.14910040748458,-447.5878493712255,-58.17023287880053
UEFA vs CONMEBOL,UEFA,CONMEBOL,2007-01,-0.1455570938012974,-0.2713070048805991,-0.039260959168784124,-231.94133990823357,-448.70418789383245,-58.928350507664504
UEFA vs CONMEBOL,UEFA,CONMEBOL,2007-02,-0.14602345559497,-0.2717383145972899,-0.03977393845665961,-232.7498451435262,-449.84465860435483,-59.539210086070845
UEFA vs CONMEBOL,UEFA,CONMEBOL,2007-03,-0.1464991570424737,-0.27217951888616676,-0.04029293521280792,-233.57411195400098,-451.00849339720037,-60.09652402849594
UEFA vs CONMEBOL,UEFA,CONMEBOL,2007-04,-0.14698387401556276,-0.272630329921958,-0.040817646050341175,-234.4136354962393,-452.1949229992566,-60.612069296920176
UEFA vs CONMEBOL,UEFA,CONMEBOL,2007-05,-0.14747728238599517,-0.27309045987939223,-0.04135144927633545,-235.26791021493872,-453.4031769074236,-61.13384002279459
UEFA vs CONMEBOL,UEFA,CONMEBOL,2007-06,-0.14797905802552916,-0.27355962093320135,-0.041892381047814835,-236.13642981589553,-454.62262076513434,-61.68580601134952
UEFA vs CONMEBOL,UEFA,CONMEBOL,2007-07,-0.14848887680591877,-0.2740375252581104,-0.04232201387580414,-237.01868723981855,-455.8607708281031,-62.501244750535776
UEFA vs CONMEBOL,UEFA,CONMEBOL,2007-08,-0.14900641459892208,-0.2745238850288496,-0.0426763177007402,-237.91417463699656,-457.1184134504226,-63.29470642919477
UEFA vs CONMEBOL,UEFA,CONMEBOL,2007-09,-0.14953134727629738,-0.27498812142317924,-0.043034201475526196,-238.8223833427809,-458.39477298999043,-63.93812391134442
UEFA vs CONMEBOL,UEFA,CONMEBOL,2007-10,-0.15006335070979862,-0.2754407370475974,-0.04339551180566805,-239.74280385390412,-459.689072300315,-64.6852945405481
UEFA vs CONMEBOL,UEFA,CONMEBOL,2007-11,-0.15060210077118394,-0.27590229247252407,-0.043932409871281226,-240.67492580566105,-461.0005326786707,-65.51528858818239
UEFA vs CONMEBOL,UEFA,CONMEBOL,2007-12,-0.1511472733322116,-0.27637245975507957,-0.044488493513241203,-241.61823794991142,-462.3283738160753,-66.35461189177627
UEFA vs CONMEBOL,UEFA,CONMEBOL,2008-01,-0.1516985442646355,-0.2769599464815948,-0.0450501408272872,-242.57222813392676,-463.39774018663564,-67.20279467306601
UEFA vs CONMEBOL,UEFA,CONMEBOL,2008-02,-0.15225558944021383,-0.2775655998279444,-0.045646541826197096,-243.53638328011021,-464.396434539273,-68.05936623688771
UEFA vs CONMEBOL,UEFA,CONMEBOL,2008-03,-0.15281808473070493,-0.27815924396505404,-0.04627231174979874,-244.51018936654492,-465.4100586684296,-68.92418258080158
UEFA vs CONMEBOL,UEFA,CONMEBOL,2008-04,-0.15338570600786255,-0.27865317547471397,-0.046901497183550064,-245.49313140839848,-466.4380147819725,-69.81081594840742
UEFA vs CONMEBOL,UEFA,CONMEBOL,2008-05,-0.15395812914344498,-0.2791321792435077,-0.0475337569493477,-246.48469344021032,-467.4797039739653,-70.70453288303528
UEFA vs CONMEBOL,UEFA,CONMEBOL,2008-06,-0.15453503000921054,-0.2796151861773112,-0.04816874986908736,-247.48435849901927,-468.53452618954657,-71.60484149704426
UEFA vs CONMEBOL,UEFA,CONMEBOL,2008-07,-0.15511608447691297,-0.280101975596827,-0.048767796248438,-248.49160860835747,-469.6308198030215,-72.51124887094312
UEFA vs CONMEBOL,UEFA,CONMEBOL,2008-08,-0.15570096841831055,-0.2805923268227612,-0.04928691085340918,-249.50592476314105,-470.90713345069383,-73.42326104104818
UEFA vs CONMEBOL,UEFA,CONMEBOL,2008-09,-0.1562893577051617,-0.28108601917582077,-0.0498087210160874,-250.526786915412,-472.1898848426714,-74.34038298799203
UEFA vs CONMEBOL,UEFA,CONMEBOL,2008-10,-0.15688092820921992,-0.28158283197671063,-0.05033297342507104,-251.55367396096014,-473.4783469036736,-75.26211862606361
UEFA vs CONMEBOL,UEFA,CONMEBOL,2008-11,-0.1574753558022437,-0.2820825445461362,-0.05085156894779135,-252.58606372685506,-474.77179085238447,-76.18797079344561
UEFA vs CONMEBOL,UEFA,CONMEBOL,2008-12,-0.15807231635599145,-0.2825849362048034,-0.05137799024758363,-253.62343295984283,-476.0694861898824,-77.03255891370567
UEFA vs CONMEBOL,UEFA,CONMEBOL,2009-01,-0.1586714857422166,-0.28311723144578976,-0.05199737333901205,-254.66525731563632,-477.37070068970826,-77.62270627269974
UEFA vs CONMEBOL,UEFA,CONMEBOL,2009-02,-0.15927253983267764,-0.2836701033326185,-0.05266148106184484,-255.71101134913133,-478.674700389616,-78.70504218744391
UEFA vs CONMEBOL,UEFA,CONMEBOL,2009-03,-0.15987515449913298,-0.2842265307228191,-0.053264647743896595,-256.7601685055,-479.9807495849747,-79.82767744221842
UEFA vs CONMEBOL,UEFA,CONMEBOL,2009-04,-0.16047900561333614,-0.28478618599919636,-0.053875199913591666,-257.812201112195,-481.2881108238231,-80.86150252799558
UEFA vs CONMEBOL,UEFA,CONMEBOL,2009-05,-0.1610837690470455,-0.2853487415445636,-0.054542495857463624,-258.8665803718921,-482.59604490365564,-81.77959938293803
UEFA vs CONMEBOL,UEFA,CONMEBOL,2009-06,-0.16168912067201952,-0.28591386974173183,-0.055091426672033615,-259.92277635632837,-483.7980844451738,-82.67250810971544
UEFA vs CONMEBOL,UEFA,CONMEBOL,2009-07,-0.16229473636001174,-0.28648124297350586,-0.05568612400358197,-260.98025800106365,-484.8847675501149,-83.68924221473316
UEFA vs CONMEBOL,UEFA,CONMEBOL,2009-08,-0.1629002919827805,-0.2870505336227007,-0.05628585075696169,-262.0384931011984,-485.9699302042057,-84.62449741609299
UEFA vs CONMEBOL,UEFA,CONMEBOL,2009-09,-0.16350546341208422,-0.28762141407212394,-0.05688469326491279,-263.0969483080017,-487.0530330742846,-85.56274132898987
UEFA vs CONMEBOL,UEFA,CONMEBOL,2009-10,-0.16410992651967649,-0.2881935567045837,-0.0574823219909638,-264.1550891264782,-488.1335355686884,-86.50074769614974
UEFA vs CONMEBOL,UEFA,CONMEBOL,2009-11,-0.1647133571773157,-0.2887666339028917,-0.0580784073986453,-265.2123799139092,-489.21089584252394,-87.43681834637896
UEFA vs CONMEBOL,UEFA,CONMEBOL,2009-12,-0.16531543125676026,-0.2893403180498581,-0.05867261995148942,-266.2682838793176,-490.2845708040925,-88.37044163757565
UEFA vs CONMEBOL,UEFA,CONMEBOL,2010-01,-0.1659158246297637,-0.28992341664509513,-0.059264630113023804,-267.3222630838893,-491.3540161224529,-89.30110480737687
UEFA vs CONMEBOL,UEFA,CONMEBOL,2010-02,-0.16651421316808443,-0.29053284095086274,-0.05985410834677911,-268.3737784423844,-492.41868623619644,-90.2039750188697
UEFA vs CONMEBOL,UEFA,CONMEBOL,2010-03,-0.16711027274348084,-0.29106693696966035,-0.06044072511628908,-269.42228972548764,-493.47803436334226,-91.12429730989145
UEFA vs CONMEBOL,UEFA,CONMEBOL,2010-04,-0.16770367922770646,-0.2916452878689402,-0.061024150885078954,-270.4672555631327,-494.5272960880609,-92.05723114410883
UEFA vs CONMEBOL,UEFA,CONMEBOL,2010-05,-0.16829410849251972,-0.29222265782469553,-0.0616040561166818,-271.50813344883,-495.5684993947063,-92.96889337526746
UEFA vs CONMEBOL,UEFA,CONMEBOL,2010-06,-0.168881236409679,-0.29279871740390323,-0.062180111274629746,-272.54437974495136,-496.60285463313113,-93.87210033613684
UEFA vs CONMEBOL,UEFA,CONMEBOL,2010-07,-0.16946473885093793,-0.2933731371735323,-0.06275198682244884,-273.57544968900277,-497.6298177055648,-94.76946700379482
UEFA vs CONMEBOL,UEFA,CONMEBOL,2010-08,-0.17004429168805482,-0.29394558770055884,-0.06328619145914323,-274.60079740091675,-498.9552152599399,-95.66047999428403
UEFA vs CONMEBOL,UEFA,CONMEBOL,2010-09,-0.17061957079278808,-0.29451573955195626,-0.06378997249794656,-275.6198758913158,-500.3897715832459,-96.54462488381054
UEFA vs CONMEBOL,UEFA,CONMEBOL,2010-10,-0.17119025203689134,-0.2950832632946944,-0.06428668236173302,-276.63213707078063,-501.81438131536316,-97.42138621913476
UEFA vs CONMEBOL,UEFA,CONMEBOL,2010-11,-0.1717560112921229,-0.29564782949574947,-0.06477600856102296,-277.6370317601496,-503.2282111074827,-98.29024752892246
UEFA vs CONMEBOL,UEFA,CONMEBOL,2010-12,-0.17231652443024115,-0.29622555646594345,-0.06525763860633772,-278.634009701807,-504.63042570104403,-99.15069133599324
UEFA vs CONMEBOL,UEFA,CONMEBOL,2011-01,-0.1728714673229998,-0.296917751263872,-0.06573126000819408,-279.6225195719872,-506.02018794620943,-100.00219917049027
UEFA vs CONMEBOL,UEFA,CONMEBOL,2011-02,-0.1734205158421571,-0.2976019408468584,-0.06619656027711152,-280.60200899412536,-507.3966588222348,-100.84425158401167
UEFA vs CONMEBOL,UEFA,CONMEBOL,2011-03,-0.1739633458594714,-0.29822523062742234,-0.06665322692361056,-281.57192455320956,-508.75899745967126,-101.67632816465945
UEFA vs CONMEBOL,UEFA,CONMEBOL,2011-04,-0.17449963324669646,-0.2987881669134525,-0.06714285651710315,-282.5317118111611,-510.0715634345008,-102.49790755301295
UEFA vs CONMEBOL,UEFA,CONMEBOL,2011-05,-0.17502905387559062,-0.2993444677585756,-0.06766203970935628,-283.4808153232752,-511.11440598779353,-103.23067882372433
UEFA vs CONMEBOL,UEFA,CONMEBOL,2011-06,-0.17555128361791206,-0.2998938108075148,-0.06817657948280137,-284.4186786556722,-512.1426568325907,-103.90587747836048
UEFA vs CONMEBOL,UEFA,CONMEBOL,2011-07,-0.17606599834541461,-0.30043587370499114,-0.06868619129778805,-285.34474440379216,-513.1556656457531,-104.57719776123638
UEFA vs CONMEBOL,UEFA,CONMEBOL,2011-08,-0.17657287392985657,-0.3009703340957275,-0.06919059061467288,-286.2584542119564,-514.1527810912662,-105.24439438992128
UEFA vs CONMEBOL,UEFA,CONMEBOL,2011-09,-0.17707158624299613,-0.30149686962445027,-0.06970347358279413,-287.1592487939527,-515.1333508474956,-105.90722173479897
UEFA vs CONMEBOL,UEFA,CONMEBOL,2011-10,-0.1775618111565873,-0.302015157935877,-0.07021138378014613,-288.0465679546727,-516.0854061832109,-106.56786711891887
UEFA vs CONMEBOL,UEFA,CONMEBOL,2011-11,-0.17804322454238825,-0.30251794577063607,-0.0707838556010842,-288.91985061282367,-517.0182575333133,-107.22926980346608
UEFA vs CONMEBOL,UEFA,CONMEBOL,2011-12,-0.178515502272157,-0.3030082982379857,-0.07142546445738504,-289.7785348246746,-517.9325243335326,-107.89064383704023
UEFA vs CONMEBOL,UEFA,CONMEBOL,2012-01,-0.1789783202176478,-0.3034897234214985,-0.07185203667958202,-290.6220578088602,-518.8275541380767,-108.8132577475631
UEFA vs CONMEBOL,UEFA,CONMEBOL,2012-02,-0.17943135425061868,-0.30396191059459154,-0.0722536129203407,-291.449855972267,-519.7026937019848,-109.78611568925544
UEFA vs CONMEBOL,UEFA,CONMEBOL,2012-03,-0.1798742802428277,-0.3044245490306793,-0.07265110640206261,-292.2613649369589,-520.5572890161948,-110.58370578780273
UEFA vs CONMEBOL,UEFA,CONMEBOL,2012-04,-0.18030677406602919,-0.30487732800317435,-0.07307674337543295,-293.0560195681672,-521.3906853438151,-111.21098042089258
UEFA vs CONMEBOL,UEFA,CONMEBOL,2012-05,-0.18072851159198117,-0.30531993678549296,-0.07352594493187299,-293.83325400336514,-522.202227257619,-111.81806977006542
UEFA vs CONMEBOL,UEFA,CONMEBOL,2012-06,-0.1811391686924415,-0.3056925260369731,-0.07396754943078367,-294.5925016823868,-522.9878447395553,-112.40441427315537
UEFA vs CONMEBOL,UEFA,CONMEBOL,2012-07,-0.1815384212391647,-0.3060159483491062,-0.07435614675309413,-295.3331953786139,-523.7496372964032,-113.06119273999575
UEFA vs CONMEBOL,UEFA,CONMEBOL,2012-08,-0.1819259451039088,-0.3063303089498691,-0.07471976655257931,-296.0547672312458,-524.4882808120022,-113.72494142079975
UEFA vs CONMEBOL,UEFA,CONMEBOL,2012-09,-0.18230141615843146,-0.30665325542665967,-0.07517631473843989,-296.7566487786178,-525.2031362281037,-114.36300256388319
UEFA vs CONMEBOL,UEFA,CONMEBOL,2012-10,-0.18266451027448752,-0.3070588746535837,-0.07563025647270247,-297.4382709925848,-525.8935640023094,-114.93415653323756
UEFA vs CONMEBOL,UEFA,CONMEBOL,2012-11,-0.1830149814382923,-0.30745369182242477,-0.0760554006530797,-298.0991916897896,-526.5590845346837,-115.45187816970083
UEFA vs CONMEBOL,UEFA,CONMEBOL,2012-12,-0.1833528960938915,-0.3078376868813928,-0.07644352876403937,-298.73947804342157,-527.1998597997052,-115.94889363574525
UEFA vs CONMEBOL,UEFA,CONMEBOL,2013-01,-0.18367839879978548,-0.3082109016549332,-0.0768240702785753,-299.3593250835584,-527.9509267901855,-116.42547527080707
UEFA vs CONMEBOL,UEFA,CONMEBOL,2013-02,-0.1839916341144775,-0.3085733779675019,-0.07719663823101229,-299.95892840722695,-528.735760859657,-116.88449587227603
UEFA vs CONMEBOL,UEFA,CONMEBOL,2013-03,-0.18429274659647063,-0.3089251576435487,-0.0775602201596384,-300.53848417523227,-529.5007800035697,-117.3294567502457
UEFA vs CONMEBOL,UEFA,CONMEBOL,2013-04,-0.18458188080426552,-0.3092662825075243,-0.07791481451571708,-301.0981891089613,-530.2460025999856,-117.75551184178633
UEFA vs CONMEBOL,UEFA,CONMEBOL,2013-05,-0.1848591812963653,-0.309596794383881,-0.07823942633651033,-301.6382404871733,-530.9714474156309,-118.16291896005623
UEFA vs CONMEBOL,UEFA,CONMEBOL,2013-06,-0.1851247926312729,-0.30991673509707046,-0.07843377166264223,-302.15883614275265,-531.6771336154331,-118.55193661494368
UEFA vs CONMEBOL,UEFA,CONMEBOL,2013-07,-0.18537885936748924,-0.31022614647154323,-0.07861465347383671,-302.66017445944277,-532.3630807719964,-118.94341434853901
UEFA vs CONMEBOL,UEFA,CONMEBOL,2013-08,-0.18562152606351728,-0.3105250703317501,-0.07878225461160722,-303.1424543685727,-532.8387680315559,-119.44117543717594
UEFA vs CONMEBOL,UEFA,CONMEBOL,2013-09,-0.18585293727785995,-0.31081354850214515,-0.07893675791747037,-303.60587534575444,-533.1965851751603,-119.93283325608564
UEFA vs CONMEBOL,UEFA,CONMEBOL,2013-10,-0.18607323756901825,-0.3110916228071774,-0.07920849783373624,-304.05063740756646,-533.5285880096434,-120.3822351765815
UEFA vs CONMEBOL,UEFA,CONMEBOL,2013-11,-0.18628257149549513,-0.3113593350712991,-0.07949160479557814,-304.4769411082355,-533.835308535114,-120.68213454498036
UEFA vs CONMEBOL,UEFA,CONMEBOL,2013-12,-0.1864810836157934,-0.31161672711896105,-0.0797686622101909,-304.8849875362967,-534.1172799831043,-120.96005263789186
UEFA vs CONMEBOL,UEFA,CONMEBOL,2014-01,-0.18666891848841416,-0.31185470250034386,-0.08003964179447708,-305.274978311244,-534.375036781268,-121.21641304540627
UEFA vs CONMEBOL,UEFA,CONMEBOL,2014-02,-0.1868462206718604,-0.3120617341601929,-0.08030451526534027,-305.64711558018496,-534.6091145185148,-121.53723360394063
UEFA vs CONMEBOL,UEFA,CONMEBOL,2014-03,-0.1870131347246348,-0.3122576824294405,-0.08056325433968743,-306.0016020144771,-534.8200499105102,-121.8432716597914
UEFA vs CONMEBOL,UEFA,CONMEBOL,2014-04,-0.18716980520523868,-0.3124426104475501,-0.0808158307344186,-306.33864080636323,-535.0083807656072,-122.12751099608356
UEFA vs CONMEBOL,UEFA,CONMEBOL,2014-05,-0.18731637667217477,-0.31261658135399034,-0.08106221616644083,-306.6584356656104,-535.1746459512019,-122.39027078482268
UEFA vs CONMEBOL,UEFA,CONMEBOL,2014-06,-0.18745299368394583,-0.3127796582882281,-0.08127945814626067,-306.96119081613955,-535.3193853604979,-122.63187115935571
UEFA vs CONMEBOL,UEFA,CONMEBOL,2014-07,-0.18757980079905323,-0.3129319043897286,-0.08140290330670176,-307.24711099265494,-535.4431398796974,-122.85263320286447
UEFA vs CONMEBOL,UEFA,CONMEBOL,2014-08,-0.18769694257599984,-0.31307338279795954,-0.08151310993480539,-307.51640143728264,-535.5464513556325,-123.05937319503884
UEFA vs CONMEBOL,UEFA,CONMEBOL,2014-09,-0.18780456357328806,-0.3132041566523887,-0.08161030040241131,-307.7692678962022,-535.6298625638296,-123.24675914566863
UEFA vs CONMEBOL,UEFA,CONMEBOL,2014-10,-0.18790280834941966,-0.31332168806094696,-0.08169469708135679,-308.0059166162834,-535.6997750303722,-123.41447092106263
UEFA vs CONMEBOL,UEFA,CONMEBOL,2014-11,-0.18799182146289717,-0.3134274832599388,-0.08176919784072668,-308.2265543417316,-535.8623504862927,-123.56281407431182
UEFA vs CONMEBOL,UEFA,CONMEBOL,2014-12,-0.1880717474722232,-0.31352287929245287,-0.08183227942684314,-308.4313883107333,-536.0081684901695,-123.69209502154929
UEFA vs CONMEBOL,UEFA,CONMEBOL,2015-01,-0.18814273093589942,-0.313607948385221,-0.08188332619465132,-308.62062625210655,-536.1375712295456,-123.80262103083722
UEFA vs CONMEBOL,UEFA,CONMEBOL,2015-02,-0.18820491641242845,-0.31368276276497087,-0.08192256056663477,-308.7944763819635,-536.2509015382202,-123.89470021086672
UEFA vs CONMEBOL,UEFA,CONMEBOL,2015-03,-0.1882584484603127,-0.31374739465843443,-0.08195020496527695,-308.9531474003747,-536.3485028838188,-123.96864149947338
UEFA vs CONMEBOL,UEFA,CONMEBOL,2015-04,-0.18830347163805417,-0.31380191629234017,-0.08196648181306153,-309.0968484880421,-536.4307193552975,-124.08727461725506
UEFA vs CONMEBOL,UEFA,CONMEBOL,2015-05,-0.1883401305041553,-0.3138463998934191,-0.0819716135324729,-309.2257893029835,-536.4978956503651,-124.21583560118516
UEFA vs CONMEBOL,UEFA,CONMEBOL,2015-06,-0.18836856961711837,-0.31388091768840226,-0.08196582254599358,-309.3401799772222,-536.5503770628283,-124.33095213571086
UEFA vs CONMEBOL,UEFA,CONMEBOL,2015-07,-0.18838893353544556,-0.3139055419040174,-0.08194933127610812,-309.4402311134858,-536.5885094698665,-124.43269432237757
UEFA vs CONMEBOL,UEFA,CONMEBOL,2015-08,-0.18840136681763922,-0.3139203447669955,-0.08192236214529995,-309.5261537819186,-536.612639319228,-124.52113264266038
UEFA vs CONMEBOL,UEFA,CONMEBOL,2015-09,-0.18840601402220167,-0.3139579055333155,-0.08189009831905154,-309.5981595167989,-536.6231136163598,-124.55026519694967
UEFA vs CONMEBOL,UEFA,CONMEBOL,2015-10,-0.1884030197076352,-0.3140184232262216,-0.08185676490780115,-309.65646031326867,-536.6202799114507,-124.50113817880937
UEFA vs CONMEBOL,UEFA,CONMEBOL,2015-11,-0.188392528432442,-0.3140365919817769,-0.0818135947424073,-309.7012686240741,-536.6044862864226,-124.73140487546827
UEFA vs CONMEBOL,UEFA,CONMEBOL,2015-12,-0.1883746847551243,-0.3140290371462342,-0.0817607913698253,-309.7327973563149,-536.5644602426923,-124.76921950494281
UEFA vs CONMEBOL,UEFA,CONMEBOL,2016-01,-0.18834963323418463,-0.313916557884693,-0.08169855833701031,-309.75125986820456,-536.5110437406904,-124.79200118030636
UEFA vs CONMEBOL,UEFA,CONMEBOL,2016-02,-0.18831751842812508,-0.3138807576996763,-0.08162709919091522,-309.75686996584176,-536.4458151981573,-124.80213957169438
UEFA vs CONMEBOL,UEFA,CONMEBOL,2016-03,-0.18827848489544796,-0.313791475252811,-0.08154661747849527,-309.7498418999907,-536.3691455873767,-124.79970359690006
UEFA vs CONMEBOL,UEFA,CONMEBOL,2016-04,-0.1882326771946556,-0.3136807050535979,-0.08145731674670574,-309.73039036287344,-536.2814063599404,-124.78476262172238
UEFA vs CONMEBOL,UEFA,CONMEBOL,2016-05,-0.18818023988425026,-0.31359914750433093,-0.08136194072398854,-309.6987304849706,-536.1829694324757,-124.72855726873865
UEFA vs CONMEBOL,UEFA,CONMEBOL,2016-06,-0.1881213175227341,-0.3134621157528449,-0.08122230792841588,-309.65507783183324,-536.0742071722816,-124.44300488925094
UEFA vs CONMEBOL,UEFA,CONMEBOL,2016-07,-0.1880560546686096,-0.31330707586617546,-0.08108857292392542,-309.5996484009046,-535.9554923829118,-124.14089977868663
UEFA vs CONMEBOL,UEFA,CONMEBOL,2016-08,-0.187984595880379,-0.31314390702060696,-0.08094676104191169,-309.53265861834956,-535.8271982896596,-123.82257299350971
UEFA vs CONMEBOL,UEFA,CONMEBOL,2016-09,-0.18790708571654435,-0.31297281752388917,-0.08079709614671288,-309.454325335895,-535.6896985249903,-123.48835653634764
UEFA vs CONMEBOL,UEFA,CONMEBOL,2016-10,-0.18782366873560832,-0.31279401568377097,-0.08063980210266812,-309.36486582767935,-535.5433671138884,-123.16911726503622
UEFA vs CONMEBOL,UEFA,CONMEBOL,2016-11,-0.187734489496073,-0.312607709808002,-0.08048843565237404,-309.2644977871074,-535.3885784591365,-123.25210571921524
UEFA vs CONMEBOL,UEFA,CONMEBOL,2016-12,-0.18763969255644042,-0.3124141082043303,-0.0803321052544479,-309.1534393237162,-535.225707326522,-123.33508210482988
UEFA vs CONMEBOL,UEFA,CONMEBOL,2017-01,-0.18753942247521338,-0.31221450130387063,-0.08032640612833895,-309.0319089600481,-535.0551288299748,-123.41848620181354
UEFA vs CONMEBOL,UEFA,CONMEBOL,2017-02,-0.18743382381089385,-0.31205373248595997,-0.08017235894246957,-308.9001256285282,-534.8772184166282,-123.51491697775609
UEFA vs CONMEBOL,UEFA,CONMEBOL,2017-03,-0.18732304112198392,-0.31189386245580275,-0.08001701286528302,-308.7583086683505,-534.6923518518182,-123.60582578786591
UEFA vs CONMEBOL,UEFA,CONMEBOL,2017-04,-0.18720721896698633,-0.31173402847913495,-0.07986202866957784,-308.60667782237033,-534.5009052040097,-123.44421168470535
UEFA vs CONMEBOL,UEFA,CONMEBOL,2017-05,-0.18708650190440324,-0.31157568491624266,-0.07970843345912981,-308.4454532339995,-534.303254829644,-123.09816850440174
UEFA vs CONMEBOL,UEFA,CONMEBOL,2017-06,-0.1869610344927364,-0.3114191825315759,-0.07969652359040938,-308.2748554441071,-534.0997773579426,-123.15963312792644
UEFA vs CONMEBOL,UEFA,CONMEBOL,2017-07,-0.18683096129048885,-0.31126487208958825,-0.07947184516367112,-308.0951053879274,-533.8908496756064,-122.70540052193039
UEFA vs CONMEBOL,UEFA,CONMEBOL,2017-08,-0.1866964268561626,-0.31111310435472983,-0.07918416072520955,-307.9064243919644,-533.8087730761854,-122.26555006948918
UEFA vs CONMEBOL,UEFA,CONMEBOL,2017-09,-0.18655757574825954,-0.3110276513042577,-0.07899958470802067,-307.70903417090454,-533.8246217721556,-121.89250692837952
UEFA vs CONMEBOL,UEFA,CONMEBOL,2017-10,-0.1864145525252826,-0.3109403946718021,-0.07881212251615458,-307.5031568245306,-533.8283306560022,-121.7382804112149
UEFA vs CONMEBOL,UEFA,CONMEBOL,2017-11,-0.18626750174573378,-0.3107603965923131,-0.07862194988616908,-307.28901483463295,-533.8199450868966,-121.57260297618578
UEFA vs CONMEBOL,UEFA,CONMEBOL,2017-12,-0.18611656796811488,-0.3105512140539178,-0.0784292425546245,-307.0668310619239,-533.7995107644267,-121.39923800460902
UEFA vs CONMEBOL,UEFA,CONMEBOL,2018-01,-0.18596189575092908,-0.31042545799131555,-0.07823660868945208,-306.83682874295437,-533.767073730571,-121.20700098295806
UEFA vs CONMEBOL,UEFA,CONMEBOL,2018-02,-0.18580362965267824,-0.3103046410328537,-0.07804714280525349,-306.5992314870219,-533.7226803716679,-120.99569239248768
UEFA vs CONMEBOL,UEFA,CONMEBOL,2018-03,-0.18564191423186416,-0.31018911655285514,-0.07785498086984989,-306.3542632730823,-533.6663774203016,-120.76511335582788
UEFA vs CONMEBOL,UEFA,CONMEBOL,2018-04,-0.18547689404699,-0.3100792379256445,-0.07766027454494752,-306.10214844666,-533.5982119571887,-120.5150656598213
UEFA vs CONMEBOL,UEFA,CONMEBOL,2018-05,-0.1853087136565576,-0.3099725940506846,-0.07746317549224761,-305.8431117167464,-533.5182314129885,-120.24535177857719
UEFA vs CONMEBOL,UEFA,CONMEBOL,2018-06,-0.18513751761906885,-0.3098721201112077,-0.07726383537345216,-305.5773781527021,-533.4264835701019,-120.03688008132585
UEFA vs CONMEBOL,UEFA,CONMEBOL,2018-07,-0.1849634504930269,-0.30977846004550436,-0.07706240585026408,-305.3051731811514,-533.3230165643987,-119.85573809425306
UEFA vs CONMEBOL,UEFA,CONMEBOL,2018-08,-0.18478665683693357,-0.30969197214108946,-0.07685903858438634,-305.02672258286657,-533.2078788869378,-119.66612065166863
UEFA vs CONMEBOL,UEFA,CONMEBOL,2018-09,-0.18460728120929068,-0.3096130146854761,-0.0766538852375209,-304.7422524896495,-533.0811193856132,-119.34062340449313
UEFA vs CONMEBOL,UEFA,CONMEBOL,2018-10,-0.18442546816860145,-0.30948161643429056,-0.07644709747137235,-304.4519893812068,-532.9427872667815,-118.98174186331609
UEFA vs CONMEBOL,UEFA,CONMEBOL,2018-11,-0.18424136227336774,-0.30933406442587585,-0.07623882694764113,-304.1561600820086,-532.7929320968298,-118.6117973191285
UEFA vs CONMEBOL,UEFA,CONMEBOL,2018-12,-0.18405510808209122,-0.30918842536273544,-0.07602922532803003,-303.854991758145,-532.6071969785743,-118.23085450025317
UEFA vs CONMEBOL,UEFA,CONMEBOL,2019-01,-0.1838668501532753,-0.3090449215825343,-0.07581844427424372,-303.54871191417186,-532.4077743454792,-117.83897883355213
UEFA vs CONMEBOL,UEFA,CONMEBOL,2019-02,-0.1836767330454216,-0.3089009473045975,-0.07560969002992882,-303.2375483899383,-532.0006793093902,-117.43623644928412
UEFA vs CONMEBOL,UEFA,CONMEBOL,2019-03,-0.18348490131703207,-0.30874808360634665,-0.07540528279649561,-302.9217293574096,-531.4135235670202,-117.02269418575888
UEFA vs CONMEBOL,UEFA,CONMEBOL,2019-04,-0.18329149952660992,-0.3085971168646772,-0.07520092269585262,-302.6014833174763,-531.0953259213862,-116.5984195937835
UEFA vs CONMEBOL,UEFA,CONMEBOL,2019-05,-0.183096672232657,-0.3083748408427517,-0.07499677781288619,-302.2770390967438,-530.8093757882042,-116.16348094089314
UEFA vs CONMEBOL,UEFA,CONMEBOL,2019-06,-0.18290056399367494,-0.3080555967597535,-0.07479301623248677,-301.9486258443128,-530.5079511912538,-115.73024587895631
UEFA vs CONMEBOL,UEFA,CONMEBOL,2019-07,-0.1827033193681671,-0.3077293377329775,-0.0745898060395407,-301.6164730285467,-530.1910102888465,-115.2925177306835
UEFA vs CONMEBOL,UEFA,CONMEBOL,2019-08,-0.18250508291463532,-0.3075167156844863,-0.07438731531893865,-301.2808104338141,-529.8666064419376,-114.84564955120666
UEFA vs CONMEBOL,UEFA,CONMEBOL,2019-09,-0.18230599919158133,-0.3073373883603139,-0.07418571215556843,-300.94186815722225,-529.7052293847204,-114.38973762530986
UEFA vs CONMEBOL,UEFA,CONMEBOL,2019-10,-0.18210621476120345,-0.3071957841742197,-0.07398515181186345,-300.59989806646723,-529.3702320636127,-114.11937354542876
UEFA vs CONMEBOL,UEFA,CONMEBOL,2019-11,-0.18190588420047835,-0.30714974792556726,-0.07378573826043824,-300.25523793230764,-528.7437084495882,-113.90363982136797
UEFA vs CONMEBOL,UEFA,CONMEBOL,2019-12,-0.1817051640900779,-0.30711184990779544,-0.07358756265145176,-299.9082465872133,-528.3604270030589,-113.69097974123856
UEFA vs CONMEBOL,UEFA,CONMEBOL,2020-01,-0.18150421101067538,-0.30708171994405836,-0.07343667196308275,-299.55928235596167,-527.9644444949012,-113.48148823881685
UEFA vs CONMEBOL,UEFA,CONMEBOL,2020-02,-0.1813031815429425,-0.3070589878575153,-0.07331092281417746,-299.20870301039423,-527.552454703802,-113.27525999099181
UEFA vs CONMEBOL,UEFA,CONMEBOL,2020-03,-0.1811022322675511,-0.30704328347132126,-0.07318783586400404,-298.8568657277994,-527.1229411308494,-113.08523723033754
UEFA vs CONMEBOL,UEFA,CONMEBOL,2020-04,-0.18090151976517455,-0.3070342366086329,-0.0730674389800418,-298.50412705290944,-526.6826914243709,-112.90746050157063
UEFA vs CONMEBOL,UEFA,CONMEBOL,2020-05,-0.18070120061648443,-0.3070304026092311,-0.07294976002976405,-298.15084286349713,-526.3051963767871,-112.73374437805568
UEFA vs CONMEBOL,UEFA,CONMEBOL,2020-06,-0.18050143140215258,-0.30693815488432924,-0.07283482688064755,-297.7973683395857,-526.3110786300645,-112.56413971556431
UEFA vs CONMEBOL,UEFA,CONMEBOL,2020-07,-0.18030236870285232,-0.30684886157168917,-0.07272266740016818,-297.44405793625515,-526.2997672797999,-112.39869718402076
UEFA vs CONMEBOL,UEFA,CONMEBOL,2020-08,-0.18010416909925545,-0.30664900348518265,-0.07261330945580353,-297.09126536002964,-525.86080169915,-112.23746727302401
UEFA vs CONMEBOL,UEFA,CONMEBOL,2020-09,-0.17990698917203363,-0.3061834204963728,-0.07250678091502695,-296.7393435488557,-525.0294695979383,-112.0805002974808
UEFA vs CONMEBOL,UEFA,CONMEBOL,2020-10,-0.17971098550186032,-0.3057160676172398,-0.0724031096453169,-296.38864465565354,-524.8338734656814,-111.92784640337938
UEFA vs CONMEBOL,UEFA,CONMEBOL,2020-11,-0.17951631466940718,-0.305247650796057,-0.07222315088593376,-296.03952003542304,-524.6390714213055,-111.77955557365735
UEFA vs CONMEBOL,UEFA,CONMEBOL,2020-12,-0.17932313325534596,-0.3047788759810981,-0.07181567630027004,-295.6923202359137,-524.4682700489259,-111.63567763421281
UEFA vs CONMEBOL,UEFA,CONMEBOL,2021-01,-0.17913159784035002,-0.3043104491206417,-0.07140873087792242,-295.34739499183803,-524.5094451324801,-111.49626226001914
UEFA vs CONMEBOL,UEFA,CONMEBOL,2021-02,-0.1789418650050911,-0.30408309709767056,-0.07100292557657371,-295.00509322261115,-524.4521191210384,-111.2991973794206
UEFA vs CONMEBOL,UEFA,CONMEBOL,2021-03,-0.17875409133024092,-0.3041161426531163,-0.070903866296849,-294.66576303362234,-524.084601078718,-110.97964843275454
UEFA vs CONMEBOL,UEFA,CONMEBOL,2021-04,-0.17856843339647288,-0.3041501866661283,-0.07091901131428387,-294.3297517210195,-523.7559374128666,-110.63150308994771
UEFA vs CONMEBOL,UEFA,CONMEBOL,2021-05,-0.17838504778445866,-0.3041849918245134,-0.07093005848331858,-293.9974057799879,-523.5996587842355,-110.31343281547241
UEFA vs CONMEBOL,UEFA,CONMEBOL,2021-06,-0.1782040910748701,-0.3042147647790937,-0.07093649660778129,-293.66907091652934,-523.4457505362526,-110.16616937855109
UEFA vs CONMEBOL,UEFA,CONMEBOL,2021-07,-0.1780257198483804,-0.30424398894004623,-0.07093781449150534,-293.3450920627225,-523.2721667467035,-110.0990410051432
UEFA vs CONMEBOL,UEFA,CONMEBOL,2021-08,-0.1778500906856614,-0.3042732885173082,-0.0709335009383199,-293.0258133954462,-523.0700134746949,-110.03223096683408
UEFA vs CONMEBOL,UEFA,CONMEBOL,2021-09,-0.1776773601673849,-0.3043024419735565,-0.07079230263035702,-292.7115783585736,-522.5907796270938,-109.63837950070776
UEFA vs CONMEBOL,UEFA,CONMEBOL,2021-10,-0.17750768487422408,-0.30433122777146127,-0.07079813224827493,-292.4027296886163,-521.6847899154477,-108.96581953818145
UEFA vs CONMEBOL,UEFA,CONMEBOL,2021-11,-0.1773412213868508,-0.30435942437369873,-0.07081633917632965,-292.0996094438053,-521.106260597245,-108.36974577574237
UEFA vs CONMEBOL,UEFA,CONMEBOL,2021-12,-0.17717812628593688,-0.30438681024293884,-0.07077252394723678,-291.8025590366128,-520.7615088675186,-108.04140296805545
UEFA vs CONMEBOL,UEFA,CONMEBOL,2022-01,-0.17701855615215545,-0.3044131638418595,-0.07043851747132966,-291.5119192697019,-520.42417530749,-107.74687874577275
UEFA vs CONMEBOL,UEFA,CONMEBOL,2022-02,-0.1768626675661784,-0.3041010605248893,-0.07026718942649911,-291.2280303752863,-520.0949627899123,-107.7041187884827
UEFA vs CONMEBOL,UEFA,CONMEBOL,2022-03,-0.1767106171086775,-0.303667557297031,-0.07021311699174267,-290.951232057913,-519.7745737147276,-107.27972241506633
UEFA vs CONMEBOL,UEFA,CONMEBOL,2022-04,-0.17656256136032597,-0.30324367570653565,-0.07008848927501055,-290.68186354065006,-519.4637100260032,-106.95973925043279
UEFA vs CONMEBOL,UEFA,CONMEBOL,2022-05,-0.17641865690179562,-0.30283009916412584,-0.06992961941546585,-290.42026361467146,-519.3384981610537,-106.76247510259154
UEFA vs CONMEBOL,UEFA,CONMEBOL,2022-06,-0.17627906031375834,-0.3024275110805227,-0.06977881050094124,-290.1667706922489,-519.4100294357008,-106.26154538323294
UEFA vs CONMEBOL,UEFA,CONMEBOL,2022-07,-0.17614392817688718,-0.30203659486645207,-0.06962644740580108,-289.92172286313905,-519.491863095024,-105.9651611448576
UEFA vs CONMEBOL,UEFA,CONMEBOL,2022-08,-0.17601341707185403,-0.3016580339326368,-0.06946708625007197,-289.68545795436216,-519.5841188143298,-105.67646711448961
UEFA vs CONMEBOL,UEFA,CONMEBOL,2022-09,-0.17588768357933085,-0.3012925116897985,-0.069288187707279,-289.45831359338064,-519.686916519964,-105.39589548533131
UEFA vs CONMEBOL,UEFA,CONMEBOL,2022-10,-0.17576688427999052,-0.3012735524791709,-0.06911445887455157,-289.24062727467737,-519.8003764114103,-105.12866595917333
UEFA vs CONMEBOL,UEFA,CONMEBOL,2022-11,-0.17565117575450506,-0.3012691961350832,-0.06894616078490888,-289.032736429726,-519.9246189836558,-104.89555435340213
UEFA vs CONMEBOL,UEFA,CONMEBOL,2022-12,-0.17554071458354642,-0.3012593981363859,-0.06879073145682447,-288.83497850037287,-520.0597059821306,-104.67083889558705
UEFA vs CONMEBOL,UEFA,CONMEBOL,2023-01,-0.17543565734778752,-0.30124384113862807,-0.06864165161130029,-288.6476910156288,-520.1121991383619,-104.45488018209994
UEFA vs CONMEBOL,UEFA,CONMEBOL,2023-02,-0.17533616062790028,-0.30122220779736153,-0.06849753134416034,-288.471211671874,-519.5947277640781,-104.46946508968144
UEFA vs CONMEBOL,UEFA,CONMEBOL,2023-03,-0.1752423810045567,-0.30119418076813675,-0.06836427657213416,-288.3058784164946,-519.0991525112157,-104.34071881299599
UEFA vs CONMEBOL,UEFA,CONMEBOL,2023-04,-0.17515447505842968,-0.30115944270650313,-0.06824245923451953,-288.1520295349582,-518.629240681606,-103.97235002783621
UEFA vs CONMEBOL,UEFA,CONMEBOL,2023-05,-0.17507259937019115,-0.3011176762680129,-0.06812673819285978,-288.0100037413372,-518.3092612845597,-103.61051797562428
UEFA vs CONMEBOL,UEFA,CONMEBOL,2023-06,-0.17499691052051322,-0.3010685641082154,-0.0681874762978756,-287.88014027230196,-518.4014807108979,-103.410331907262
UEFA vs CONMEBOL,UEFA,CONMEBOL,2023-07,-0.1749275650900685,-0.3010117888826629,-0.06790264967114856,-287.76277898459824,-518.4955606304031,-103.21871405014315
UEFA vs CONMEBOL,UEFA,CONMEBOL,2023-08,-0.17486471965952916,-0.30094703324690397,-0.06776859534320652,-287.6582604560256,-518.270247643142,-103.04192792073164
UEFA vs CONMEBOL,UEFA,CONMEBOL,2023-09,-0.17480853080956726,-0.30087397985649156,-0.0676535194095483,-287.5669260899421,-517.7925727665653,-102.89046181853394
UEFA vs CONMEBOL,UEFA,CONMEBOL,2023-10,-0.1747591551208555,-0.30079231136697426,-0.06755849378753613,-287.48911822331957,-517.3002784466805,-102.75049965182473
UEFA vs CONMEBOL,UEFA,CONMEBOL,2023-11,-0.17471674917406588,-0.3007017104339043,-0.06747134937667562,-287.42518023837044,-516.7930485521309,-102.622402415681
UEFA vs CONMEBOL,UEFA,CONMEBOL,2023-12,-0.17468146954987054,-0.300601859712832,-0.06739147603348347,-287.3754566777823,-516.2705667893983,-102.50653169850125
UEFA vs CONMEBOL,UEFA,CONMEBOL,2024-01,-0.1746534728289421,-0.3004924418593076,-0.06731908700912427,-287.3402933635875,-516.240422250904,-102.40324976613152
UEFA vs CONMEBOL,UEFA,CONMEBOL,2024-02,-0.1746329155919527,-0.30037313952888167,-0.0672543955547575,-287.32003751970103,-516.1163851138871,-102.31291964872764
UEFA vs CONMEBOL,UEFA,CONMEBOL,2024-03,-0.17461995441957445,-0.3002436353771053,-0.06720497535408314,-287.3150378981685,-516.1435350486584,-102.23590523043505
UEFA vs CONMEBOL,UEFA,CONMEBOL,2024-04,-0.17461474589247988,-0.3001036120595289,-0.06742622951850802,-287.325644909159,-516.223813844962,-102.18256545034544
UEFA vs CONMEBOL,UEFA,CONMEBOL,2024-05,-0.17461744659134112,-0.3000904305591995,-0.06769339331477323,-287.35221075474914,-516.3586524213849,-102.58886516192689
UEFA vs CONMEBOL,UEFA,CONMEBOL,2024-06,-0.17462821309683055,-0.300258273387214,-0.06751646289618123,-287.39508956654333,-516.549487118411,-103.07018645624717
UEFA vs CONMEBOL,UEFA,CONMEBOL,2024-07,-0.1746472019896203,-0.3004314074169413,-0.0673260578682041,-287.45463754717866,-516.7977601275843,-103.61775928517537
UEFA vs CONMEBOL,UEFA,CONMEBOL,2024-08,-0.17467456985038277,-0.3006098438014792,-0.06712787847696244,-287.53121311576973,-517.1049199330232,-104.23322535412224
UEFA vs CONMEBOL,UEFA,CONMEBOL,2024-09,-0.17471047325979022,-0.3007935936939239,-0.06707833591378308,-287.6251770573456,-517.4724217653993,-104.27761731501509
UEFA vs CONMEBOL,UEFA,CONMEBOL,2024-10,-0.17475506879851482,-0.3007561472710759,-0.06710467237579679,-287.73689267634114,-517.7649752916822,-103.94013406023784
UEFA vs CONMEBOL,UEFA,CONMEBOL,2024-11,-0.17480851304722897,-0.3005881394562067,-0.06713790853717444,-287.8667259542067,-517.6589556717244,-103.58774595888876
UEFA vs CONMEBOL,UEFA,CONMEBOL,2024-12,-0.17487096258660506,-0.3004093651262581,-0.06717814530511111,-288.01504571119926,-517.5473120187313,-103.23286068429555
UEFA vs CONMEBOL,UEFA,CONMEBOL,2025-01,-0.17494257399731505,-0.30023773575922674,-0.0672254835868035,-288.18222377242915,-517.4354895833667,-103.24478016303152
UEFA vs CONMEBOL,UEFA,CONMEBOL,2025-02,-0.17502350386003138,-0.3000740102270133,-0.06744021874198715,-288.3686351382383,-517.3242855026712,-104.00959797903788
UEFA vs CONMEBOL,UEFA,CONMEBOL,2025-03,-0.17511390875542657,-0.29990814681020245,-0.06787917528589547,-288.57465815898473,-517.1959031149808,-104.84852565395215
UEFA vs CONMEBOL,UEFA,CONMEBOL,2025-04,-0.17521394526417244,-0.3000618131139462,-0.06833929393828737,-288.800674714318,-517.0323749853842,-105.7527669510043
UEFA vs CONMEBOL,UEFA,CONMEBOL,2025-05,-0.1753237699669414,-0.3003563995783786,-0.06895320545315463,-289.0470703970392,-517.7743162657404,-106.72385521992022
UEFA vs CONMEBOL,UEFA,CONMEBOL,2025-06,-0.1754435394444062,-0.3003818890684765,-0.06962543232613314,-289.3142347016287,-518.1768516430653,-107.76334362338054
UEFA vs CONMEBOL,UEFA,CONMEBOL,2025-07,-0.1755734102772384,-0.30040426275683857,-0.07032557495193324,-289.602561217541,-517.654887373206,-108.87280619310583
UEFA vs CONMEBOL,UEFA,CONMEBOL,2025-08,-0.1757135390461106,-0.3003919336558977,-0.07074453841222189,-289.9124478273778,-518.2834901332415,-108.72651046162908
UEFA vs CONMEBOL,UEFA,CONMEBOL,2025-09,-0.17586408233169545,-0.3003656853276683,-0.07071982267986879,-290.244296910032,-519.7011921637664,-109.50028295960995
UEFA vs CONMEBOL,UEFA,CONMEBOL,2025-10,-0.17602519671466454,-0.30083318215553617,-0.07121961195419925,-290.5985155489205,-521.1814448709827,-110.16622040427536
UEFA vs CONMEBOL,UEFA,CONMEBOL,2025-11,-0.17619703877569037,-0.3006028680923132,-0.07149065485573736,-290.975515745432,-521.0459026571557,-110.00660402076113
UEFA vs CONMEBOL,UEFA,CONMEBOL,2025-12,-0.17637976509544587,-0.30120304864778186,-0.07113826647215743,-291.3757146376975,-521.5829279350318,-109.79755145535799
UEFA vs CONMEBOL,UEFA,CONMEBOL,2026-01,-0.17657353225460226,-0.30133046486332604,-0.07164692341078308,-291.79953472481776,-521.3085895221013,-110.59939994540716
UEFA vs CONMEBOL,UEFA,CONMEBOL,2026-02,-0.17677849683383232,-0.3008643896907866,-0.07199012047479336,-292.2474040966933,-521.8101196616595,-110.67422099137575
UEFA vs CONMEBOL,UEFA,CONMEBOL,2026-03,-0.17699481541380893,-0.3010817053596709,-0.0724185975357668,-292.71975666957997,-523.0764084382229,-111.60297794315144
UEFA vs CONMEBOL,UEFA,CONMEBOL,2026-04,-0.17722264457520318,-0.30151548638886744,-0.07217131759820482,-293.21703242752267,-523.1419723268064,-112.63372956942068
UEFA vs CONMEBOL,UEFA,CONMEBOL,2026-05,-0.17746214089868786,-0.30170756751927186,-0.07219068921299755,-293.73967766983446,-523.3261923189516,-113.64719757256368
UEFA vs CONMEBOL,UEFA,CONMEBOL,2026-06,-0.1777134609649361,-0.30272508205992604,-0.07297554639045274,-294.2881452647605,-524.4961612848311,-113.88637366489388
UEFA vs CONMEBOL,UEFA,CONMEBOL,2026-07,-0.1779767613546187,-0.30302259638329715,-0.07379253205972382,-294.8628949094988,-524.6254127111167,-114.1738757543377
UEFA vs CONMEBOL,UEFA,CONMEBOL,2026-08,-0.1782521986484086,-0.30344155565882214,-0.07410843150733933,-295.46439339677283,-525.5516607527662,-114.47909865864042
UEFA vs CAF,UEFA,CAF,1992-01,-0.04282224453836319,-0.09491250328740364,0.007472531520231388,-61.86190848857532,-137.90956928015999,10.854709054555045
UEFA vs CAF,UEFA,CAF,1992-02,-0.04207377643003884,-0.0938834291238341,0.0077536928008686895,-60.75616334251954,-136.38319908959227,11.257137636918893
UEFA vs CAF,UEFA,CAF,1992-03,-0.041340676918247825,-0.09332470872271884,0.008257752138930327,-59.674524672481226,-135.3266295249478,11.870185511167882
UEFA vs CAF,UEFA,CAF,1992-04,-0.040622759911903096,-0.09221304277292144,0.009003560695623079,-58.616626445818994,-133.63808782830282,12.955353109733084
UEFA vs CAF,UEFA,CAF,1992-05,-0.03991983931991157,-0.09146124164671635,0.009626679621650465,-57.58210651225395,-132.10378343703957,13.74275414699994
UEFA vs CAF,UEFA,CAF,1992-06,-0.039231729051180296,-0.09023630954062045,0.010013241652975555,-56.57060649059271,-130.8497816456664,14.293404009217584
UEFA vs CAF,UEFA,CAF,1992-07,-0.038558243014621955,-0.08921175336710711,0.010382057507122277,-55.581771657809796,-129.55879747036946,14.8693762591735
UEFA vs CAF,UEFA,CAF,1992-08,-0.03789919511914359,-0.08803642861686685,0.010777446325069724,-54.615250840412116,-128.50651538040952,15.474762189769807
UEFA vs CAF,UEFA,CAF,1992-09,-0.03725439927365232,-0.08749490587068416,0.01119752497260003,-53.67069630808457,-127.30407892426665,16.072668556367372
UEFA vs CAF,UEFA,CAF,1992-10,-0.03662366938706064,-0.08645124068881108,0.011612571535659137,-52.74776366954071,-126.4476341516877,16.6631781051883
UEFA vs CAF,UEFA,CAF,1992-11,-0.036006819368275635,-0.08560147414235315,0.01202262391115594,-51.84611177050799,-125.33964516211574,17.246372551991854
UEFA vs CAF,UEFA,CAF,1992-12,-0.035403663126204694,-0.08514742986242299,0.012427719995999297,-50.96540259384886,-124.07842754387016,17.822332603039037
UEFA vs CAF,UEFA,CAF,1993-01,-0.034814014569759924,-0.0844161908633803,0.013061001298126516,-50.1053011617468,-123.04465174913892,18.513045337286783
UEFA vs CAF,UEFA,CAF,1993-02,-0.03423768760784866,-0.0836272468119537,0.013775092414449608,-49.265475439895845,-121.60625859648307,19.521576670087313
UEFA vs CAF,UEFA,CAF,1993-03,-0.03367449614937824,-0.08295239611913412,0.014468884481256085,-48.44559624369256,-120.90229386620122,20.50111794575474
UEFA vs CAF,UEFA,CAF,1993-04,-0.03312425410326072,-0.08253948230299923,0.01514270272353782,-47.64533714637011,-119.765039308294,21.452170307924828
UEFA vs CAF,UEFA,CAF,1993-05,-0.03258677537840343,-0.08227738324379863,0.01579687236629014,-46.86437438901407,-118.67104466028282,22.375232681823338
UEFA vs CAF,UEFA,CAF,1993-06,-0.032061873883713884,-0.0820979014386789,0.016364071638174722,-46.10238679246488,-117.97950085167724,23.033152332870202
UEFA vs CAF,UEFA,CAF,1993-07,-0.03154936352810387,-0.08186323824348411,0.016741657512072284,-45.359055671048374,-117.42395825855512,23.59847692399087
UEFA vs CAF,UEFA,CAF,1993-08,-0.031049058220480843,-0.08162371247516224,0.017164654272238383,-44.63406474808219,-116.70431690543892,24.192449291457084
UEFA vs CAF,UEFA,CAF,1993-09,-0.030560771869752444,-0.08137670970834514,0.01773894335387362,-43.92710007316268,-115.91106074457613,24.988433039259885
UEFA vs CAF,UEFA,CAF,1993-10,-0.0300843183848302,-0.08077945433729292,0.01838576217272911,-43.237849941179064,-115.14621693058561,25.76558880154707
UEFA vs CAF,UEFA,CAF,1993-11,-0.029619511674621724,-0.08013565192721898,0.01892702594873915,-42.566004813008874,-114.40919569306415,26.521035924347906
UEFA vs CAF,UEFA,CAF,1993-12,-0.029166165648034755,-0.07961927479703838,0.019455215071339786,-41.911257237898496,-113.69941205115815,27.39001409732443
UEFA vs CAF,UEFA,CAF,1994-01,-0.028724094213980617,-0.07926948595811183,0.019965474088686697,-41.27330177748198,-113.28176344210873,28.28709098568743
UEFA vs CAF,UEFA,CAF,1994-02,-0.028293111281366964,-0.07892559372917311,0.020499111439387742,-40.65183493139594,-112.91631976331239,29.155811989323297
UEFA vs CAF,UEFA,CAF,1994-03,-0.027873030759101632,-0.07858750580810851,0.02113880540921403,-40.046555064495934,-112.36754597017573,29.996720515013337
UEFA vs CAF,UEFA,CAF,1994-04,-0.02746366655609586,-0.07815609026392281,0.021752951422296045,-39.4571623356313,-111.63498996868101,30.81035937430078
UEFA vs CAF,UEFA,CAF,1994-05,-0.027064832581257355,-0.07771302475227646,0.02232585977138708,-38.883358627940936,-110.9401618369688,31.58755002019193
UEFA vs CAF,UEFA,CAF,1994-06,-0.02667634274349403,-0.07724140377425073,0.022765639872591628,-38.32484748067626,-110.28213512945472,32.26312758661723
UEFA vs CAF,UEFA,CAF,1994-07,-0.026298010951716876,-0.07669812297457472,0.023189356067429966,-37.78133402251262,-109.65044391128322,33.01442660632928
UEFA vs CAF,UEFA,CAF,1994-08,-0.025929651114833776,-0.07617642801483995,0.02358945426407567,-37.252524906315614,-109.04140705762666,33.51208007024635
UEFA vs CAF,UEFA,CAF,1994-09,-0.025571077141752704,-0.07567587195630518,0.023974213640118282,-36.73812824536869,-108.46790407539848,33.99915375078452
UEFA vs CAF,UEFA,CAF,1994-10,-0.025222102941384494,-0.07519600786023717,0.02438255007875431,-36.23785355102801,-107.9289938429482,34.47584570309985
UEFA vs CAF,UEFA,CAF,1994-11,-0.024882542422637065,-0.07473303276259742,0.024823708826187296,-35.75141167177433,-107.44519795584124,34.97030854513615
UEFA vs CAF,UEFA,CAF,1994-12,-0.024552209494418508,-0.07428940414346452,0.025159192862794593,-35.2785147336691,-107.00700387236134,35.46048577226126
UEFA vs CAF,UEFA,CAF,1995-01,-0.024230918065639546,-0.07413272633216042,0.025479509945328608,-34.81887608218396,-106.58993937173116,35.930420875841854
UEFA vs CAF,UEFA,CAF,1995-02,-0.023918482045208092,-0.07401184318056461,0.02579295387011474,-34.37221022537718,-106.19343853028697,36.382411302363785
UEFA vs CAF,UEFA,CAF,1995-03,-0.023614715342032362,-0.0736610716510993,0.026097313882477855,-33.938232778424954,-105.79837608385898,36.816920126018914
UEFA vs CAF,UEFA,CAF,1995-04,-0.02331943186502285,-0.07330978108437583,0.026390056861296463,-33.51666040947946,-105.47729101648977,37.226568206603446
UEFA vs CAF,UEFA,CAF,1995-05,-0.023032445523087686,-0.07305984870064366,0.02667652088964937,-33.10721078683131,-105.1517461291992,37.6179550466421
UEFA vs CAF,UEFA,CAF,1995-06,-0.022753570225135033,-0.07291824569056504,0.026956822167678224,-32.709602527383346,-104.83236796984284,37.99295353849824
UEFA vs CAF,UEFA,CAF,1995-07,-0.022482619880075303,-0.07277847214264939,0.027231076895522798,-32.323555146412644,-104.51629000245677,38.352041350578936
UEFA vs CAF,UEFA,CAF,1995-08,-0.022219408396816704,-0.07253297719707263,0.027465147307232304,-31.94878900859975,-104.26452005079041,38.69569541159261
UEFA vs CAF,UEFA,CAF,1995-09,-0.0219637496842674,-0.07227856399119861,0.027761007548636574,-31.585025280333106,-104.05849512338588,39.043607703100044
UEFA vs CAF,UEFA,CAF,1995-10,-0.02171545765133777,-0.0720266882731265,0.02803211175313929,-31.231985883268717,-103.87006321573497,39.40587012493945
UEFA vs CAF,UEFA,CAF,1995-11,-0.021474346206936005,-0.07182660663984186,0.028289277504889295,-30.889393449125745,-103.59541642969863,39.76075874230984
UEFA vs CAF,UEFA,CAF,1995-12,-0.02124022925997033,-0.07171202120398328,0.028540960892533104,-30.556971275727683,-103.31004229985635,40.10843535509549
UEFA vs CAF,UEFA,CAF,1996-01,-0.02101292071935106,-0.0715054036064366,0.0287872744447414,-30.23444328427074,-103.10998525091367,40.449344898551956
UEFA vs CAF,UEFA,CAF,1996-02,-0.020792234493986376,-0.07127973824802374,0.029028330690184262,-29.92153397780276,-102.92294540034291,40.78615716972667
UEFA vs CAF,UEFA,CAF,1996-03,-0.02057798449278466,-0.07102322190501545,0.02926424215753251,-29.61796840092339,-102.74840634920606,41.11863358046465
UEFA vs CAF,UEFA,CAF,1996-04,-0.020369984624656005,-0.07077583173348194,0.029495121375454264,-29.323472100688065,-102.58585250340035,41.44687582429636
UEFA vs CAF,UEFA,CAF,1996-05,-0.020168048798508753,-0.07057393015834594,0.029721080872619546,-29.037771088703312,-102.43400067620324,41.76865128867038
UEFA vs CAF,UEFA,CAF,1996-06,-0.019971990923251238,-0.07034350085579359,0.029942233177700922,-28.760591804422116,-102.1599053709419,42.084111835186775
UEFA vs CAF,UEFA,CAF,1996-07,-0.01978162490779352,-0.07013065747434566,0.0301586908193665,-28.491661079626272,-101.75997446640855,42.3934086539112
UEFA vs CAF,UEFA,CAF,1996-08,-0.01959676466104391,-0.06995619949811722,0.030370566326286402,-28.230706104083467,-101.3631825436495,42.69669229602867
UEFA vs CAF,UEFA,CAF,1996-09,-0.019417224091910934,-0.06978798524103351,0.030577972227133005,-27.97745439238953,-100.9737996433451,42.99411270552908
UEFA vs CAF,UEFA,CAF,1996-10,-0.019242817109304436,-0.06962574232945315,0.030777914866073217,-27.731633751982873,-100.5878009488742,43.28581924992569
UEFA vs CAF,UEFA,CAF,1996-11,-0.019073357622132768,-0.06952026250398306,0.030924744156922566,-27.492972252323124,-100.37881488316073,43.56936121343521
UEFA vs CAF,UEFA,CAF,1996-12,-0.018908659539304536,-0.06949372686859104,0.030991744114221467,-27.26119819524251,-100.18329464657356,43.67116595491613
UEFA vs CAF,UEFA,CAF,1997-01,-0.018748536769729495,-0.06941080025868188,0.031049911156243566,-27.03604008645953,-99.99764199362711,43.76016096731827
UEFA vs CAF,UEFA,CAF,1997-02,-0.018592803222316146,-0.06929103414590276,0.03109973797271175,-26.81722660824879,-99.83734379413995,43.837675598906216
UEFA vs CAF,UEFA,CAF,1997-03,-0.018441272805972922,-0.06917722554857461,0.031141717253350236,-26.60448659327468,-99.72602890163463,43.90362776984392
UEFA vs CAF,UEFA,CAF,1997-04,-0.01829375942960971,-0.06906347734160882,0.03117634168788076,-26.397548999582185,-99.6230140808447,43.95904698206474
UEFA vs CAF,UEFA,CAF,1997-05,-0.01815007700213487,-0.06895109431719315,0.031204103966027665,-26.19614288673664,-99.53943906441935,44.00490725902631
UEFA vs CAF,UEFA,CAF,1997-06,-0.018010039432456992,-0.06884112089629979,0.03129585412146891,-25.999997393124087,-99.32664114950532,44.20074905980497
UEFA vs CAF,UEFA,CAF,1997-07,-0.017873460629485784,-0.06868775633847393,0.031569565321851914,-25.80884171440331,-99.086146651677,44.59340207101768
UEFA vs CAF,UEFA,CAF,1997-08,-0.017740154502129797,-0.06856880744614258,0.03183895612849917,-25.62240508310581,-98.85687877820727,44.98008841533797
UEFA vs CAF,UEFA,CAF,1997-09,-0.01760993495929753,-0.06842566458252368,0.03210365774058232,-25.440416749392078,-98.79942513159621,45.360743810526166
UEFA vs CAF,UEFA,CAF,1997-10,-0.017482615909898698,-0.0682995713701577,0.03236317039117178,-25.2626059629598,-98.71451203473107,45.73530368594869
UEFA vs CAF,UEFA,CAF,1997-11,-0.017358011262841807,-0.0683756854569391,0.032618170310734954,-25.08870195609831,-98.61259718802579,46.10370318775426
UEFA vs CAF,UEFA,CAF,1997-12,-0.01723593492703543,-0.06830936375244123,0.032868615761803964,-24.91843392789992,-98.51560151899929,46.46587718422323
UEFA vs CAF,UEFA,CAF,1998-01,-0.017116200811389235,-0.06823428416311383,0.03311389783668796,-24.751531029622946,-98.42304411082371,46.75456367184165
UEFA vs CAF,UEFA,CAF,1998-02,-0.0169986228248117,-0.06816161784662755,0.03335360457863499,-24.587722351202714,-98.33444388912837,46.94401887316343
UEFA vs CAF,UEFA,CAF,1998-03,-0.0168830148762115,-0.0680910318677614,0.033462687312898476,-24.426736908920958,-98.2436725530147,47.12895086997801
UEFA vs CAF,UEFA,CAF,1998-04,-0.016769190874498196,-0.06802219329129491,0.03355490038503119,-24.26830363422821,-98.17868284124687,47.30327724752956
UEFA vs CAF,UEFA,CAF,1998-05,-0.01665696472858036,-0.06795476918200785,0.03364609704551368,-24.11215136371783,-98.11474987883653,47.47382017391389
UEFA vs CAF,UEFA,CAF,1998-06,-0.016546150347366638,-0.06788842660467727,0.03373663792706395,-23.958008830260088,-97.97529547646775,47.64083207688875
UEFA vs CAF,UEFA,CAF,1998-07,-0.016436561639766523,-0.06782154716223379,0.03382688366240023,-23.80560465529295,-97.89598061822572,47.804565465929265
UEFA vs CAF,UEFA,CAF,1998-08,-0.016328012514688642,-0.06780423338839023,0.0339171948842404,-23.654667342267917,-97.81756159872796,47.965272939322205
UEFA vs CAF,UEFA,CAF,1998-09,-0.01622031688104161,-0.06768054439789481,0.03400793222530435,-23.50492527125908,-97.73956550817459,48.12320719123008
UEFA vs CAF,UEFA,CAF,1998-10,-0.016113288647734994,-0.06761209734618268,0.034099456318308345,-23.35610669473308,-97.66151912681016,48.27862101867728
UEFA vs CAF,UEFA,CAF,1998-11,-0.016006741723677366,-0.06754141359150938,0.034192127795972194,-23.20793973447745,-97.58255161043787,48.43176732850322
UEFA vs CAF,UEFA,CAF,1998-12,-0.015900490017777356,-0.06740862207563474,0.0342863072910148,-23.060152379696518,-97.5001626966608,48.582899144243385
UEFA vs CAF,UEFA,CAF,1999-01,-0.015794381245142593,-0.06727359899269154,0.034382284109009106,-22.912521642285093,-97.41656223831028,48.732229466869434
UEFA vs CAF,UEFA,CAF,1999-02,-0.01568839834567209,-0.06714031215136376,0.03454267264892387,-22.76502109086182,-97.33171010957304,48.87981077925025
UEFA vs CAF,UEFA,CAF,1999-03,-0.015582558065463003,-0.06700875420187816,0.034721220424254004,-22.617673497803516,-97.19811417596303,49.02565537685558
UEFA vs CAF,UEFA,CAF,1999-04,-0.015476877150613346,-0.06687642053409681,0.03488813998827989,-22.470501699079815,-97.06032769070458,49.16977549971243
UEFA vs CAF,UEFA,CAF,1999-05,-0.015371372347220231,-0.06674454013640059,0.03498588367458839,-22.32352859359659,-96.92080308826027,49.405963009835816
UEFA vs CAF,UEFA,CAF,1999-06,-0.015266060401380859,-0.06661470528885279,0.035082375924454234,-22.17677714253702,-96.77960340984797,49.670216092199375
UEFA vs CAF,UEFA,CAF,1999-07,-0.015160958059193184,-0.0664869020672095,0.035177624499502555,-22.030270368695852,-96.63679177378482,49.93432760068566
UEFA vs CAF,UEFA,CAF,1999-08,-0.01505608206675435,-0.06636111654722235,0.03527163716135585,-21.884031355804126,-96.49243137675754,50.197815189253895
UEFA vs CAF,UEFA,CAF,1999-09,-0.01495144917016158,-0.06623733480464825,0.03536442167163749,-21.738083247850977,-96.34658549503789,50.46077160887809
UEFA vs CAF,UEFA,CAF,1999-10,-0.01484707611551278,-0.06611393764025753,0.03545598579196991,-21.59244924839829,-96.19868228298779,50.723559431322755
UEFA vs CAF,UEFA,CAF,1999-11,-0.01474297964890514,-0.06599059964558451,0.035546337283976576,-21.44715261988599,-96.04747814679396,50.98609861882225
UEFA vs CAF,UEFA,CAF,1999-12,-0.01463917651643579,-0.06586899236043972,0.035630752664333236,-21.30221668293343,-95.89466177959034,51.248309095475996
UEFA vs CAF,UEFA,CAF,2000-01,-0.01453568346420273,-0.06574910810352637,0.035713300319943124,-21.157664815634252,-95.74063176621456,51.510110748735336
UEFA vs CAF,UEFA,CAF,2000-02,-0.014432517238303135,-0.06557742511251256,0.035802099123624455,-21.013520452840766,-95.58545135632649,51.77142343086181
UEFA vs CAF,UEFA,CAF,2000-03,-0.014329694584834135,-0.06539921568262566,0.03591685958354708,-20.869807085444673,-95.42918388307979,52.03216696035543
UEFA vs CAF,UEFA,CAF,2000-04,-0.014227232249893704,-0.06522187425981074,0.03603255296412484,-20.726548259650837,-95.27189276377594,52.28722360169487
UEFA vs CAF,UEFA,CAF,2000-05,-0.014125146979579044,-0.06504543209788922,0.03614910902281092,-20.583767576240447,-95.11316827258237,52.46544443479554
UEFA vs CAF,UEFA,CAF,2000-06,-0.014023455519987254,-0.06486992045068765,0.03626645751705866,-20.441488689830027,-94.9536998622419,52.63283926590909
UEFA vs CAF,UEFA,CAF,2000-07,-0.013922174617216366,-0.0646953705720275,0.03638452820431957,-20.29973530812363,-94.79368503130485,52.79885596445068
UEFA vs CAF,UEFA,CAF,2000-08,-0.013821321017363499,-0.06452181371573458,0.036503250842049424,-20.15853119115358,-94.63317855254827,52.96350500913627
UEFA vs CAF,UEFA,CAF,2000-09,-0.01372091146652583,-0.06434928113563107,0.03662255518769982,-20.017900150517605,-94.47223527768314,53.1267968860943
UEFA vs CAF,UEFA,CAF,2000-10,-0.013620962710801312,-0.06421215195003568,0.036742370998724,-19.87786604860812,-94.44552738595361,53.28874208877549
UEFA vs CAF,UEFA,CAF,2000-11,-0.013521491496287102,-0.06419589266431029,0.03686262803257508,-19.738452797830483,-94.45386340264318,53.448518534257275
UEFA vs CAF,UEFA,CAF,2000-12,-0.013422514569080413,-0.06418321221805287,0.036983256046707325,-19.599684359817076,-94.46193796959706,53.604337505738314
UEFA vs CAF,UEFA,CAF,2001-01,-0.013324048675279178,-0.06417399381502742,0.0371041847985722,-19.461584744633125,-94.30040041263949,53.75880483339491
UEFA vs CAF,UEFA,CAF,2001-02,-0.013226110560980555,-0.06416812065900124,0.03722534404562387,-19.324178009971757,-94.12322704957995,53.91193281611292
UEFA vs CAF,UEFA,CAF,2001-03,-0.013128716972281719,-0.06416547595373907,0.03734666354531546,-19.187488260344196,-93.9439767911255,54.05676914188665
UEFA vs CAF,UEFA,CAF,2001-04,-0.013031884655280622,-0.06414140548657957,0.037465918753549585,-19.05153964626195,-93.76096737993062,54.17825482852184
UEFA vs CAF,UEFA,CAF,2001-05,-0.012935630356074439,-0.06397557654389648,0.03754240407904547,-18.91635636340758,-93.57395580647574,54.299289265940715
UEFA vs CAF,UEFA,CAF,2001-06,-0.012839970820760343,-0.06380779604666813,0.037618523175317574,-18.781962651800608,-93.38523559883251,54.41980387081471
UEFA vs CAF,UEFA,CAF,2001-07,-0.012744922795436263,-0.06364027660835521,0.03769422765414609,-18.648382794955157,-93.18784852833895,54.539729960088806
UEFA vs CAF,UEFA,CAF,2001-08,-0.012650503026199411,-0.06347308033829244,0.03776946912731479,-18.515641119026142,-92.96013126411978,54.65899875109539
UEFA vs CAF,UEFA,CAF,2001-09,-0.012556728259146941,-0.06330626934581444,0.03784419920660479,-18.383761991950074,-92.73269659269226,54.77754136176741
UEFA vs CAF,UEFA,CAF,2001-10,-0.012463615240376789,-0.06313990574025508,0.037918369503798066,-18.252769822577754,-92.5056358276021,54.89528881097986
UEFA vs CAF,UEFA,CAF,2001-11,-0.012371180715986118,-0.06310568734846474,0.037991931630677406,-18.122689059795064,-92.27904044862171,55.01217201900302
UEFA vs CAF,UEFA,CAF,2001-12,-0.01227944143207214,-0.06309829387717807,0.03806483719902325,-17.993544191638456,-92.05300210135702,55.12812180806803
UEFA vs CAF,UEFA,CAF,2002-01,-0.012188414134732786,-0.06309065594686114,0.038137037820619904,-17.865359744401882,-92.04085647879857,55.24306890306558
UEFA vs CAF,UEFA,CAF,2002-02,-0.012098115570065215,-0.06308274853532048,0.038208485107247836,-17.73816028173171,-91.85746379364896,55.356943932336364
UEFA vs CAF,UEFA,CAF,2002-03,-0.012008562484166601,-0.06307454662036238,0.03827913067068895,-17.61197040371639,-91.67361346392597,55.46967742860451
UEFA vs CAF,UEFA,CAF,2002-04,-0.01191977162313491,-0.06306602517979595,0.03834892612272693,-17.486814745967166,-91.4820906270505,55.5811998300169
UEFA vs CAF,UEFA,CAF,2002-05,-0.011831759733067266,-0.06305715919142671,0.03841782307514207,-17.362717978686714,-91.28702844488865,55.691441481295
UEFA vs CAF,UEFA,CAF,2002-06,-0.011744543560060943,-0.06304792363306197,0.03848577313971725,-17.23970480573247,-91.09179184351416,55.800332635020894
UEFA vs CAF,UEFA,CAF,2002-07,-0.011658139850213786,-0.06302094433927707,0.03855272792823522,-17.1177999636704,-90.90170921703017,55.90780345302732
UEFA vs CAF,UEFA,CAF,2002-08,-0.011572565349622997,-0.06291278040434198,0.03861863905247632,-16.99702822081737,-90.80162556610547,56.0137840079111
UEFA vs CAF,UEFA,CAF,2002-09,-0.01148783680438581,-0.06279431512183216,0.03868345812422343,-16.877414376277333,-90.70258096897405,56.11820428467142
UEFA vs CAF,UEFA,CAF,2002-10,-0.011403970960600076,-0.0626451105762992,0.038747136755259294,-16.7589832589682,-90.6046049671274,56.22099418246044
UEFA vs CAF,UEFA,CAF,2002-11,-0.011320984564363012,-0.062496432624586304,0.038809626557365064,-16.64175972663717,-90.50772711361672,56.322083516452615
UEFA vs CAF,UEFA,CAF,2002-12,-0.01123889436177184,-0.06234837357897174,0.038869533357896426,-16.52576866486954,-90.41197697236217,56.419814595078684
UEFA vs CAF,UEFA,CAF,2003-01,-0.011157717098924413,-0.06220102575173629,0.03892418743069017,-16.41103498608845,-90.31738411747183,56.5104199486838
UEFA vs CAF,UEFA,CAF,2003-02,-0.011077469521917939,-0.06205448145515824,0.03897745214460446,-16.297583628542615,-90.22397813254058,56.599101380489415
UEFA vs CAF,UEFA,CAF,2003-03,-0.010998168376849658,-0.06190883300151997,0.039029285463479106,-16.185439555287825,-90.13178860994778,56.68579356346426
UEFA vs CAF,UEFA,CAF,2003-04,-0.010919830409817428,-0.06183500793496388,0.0390796453511523,-16.074627753158854,-90.04084515014523,56.77043110343848
UEFA vs CAF,UEFA,CAF,2003-05,-0.010842472366918437,-0.061790444460203896,0.039128489771463895,-15.965173231729704,-89.95117736094147,56.85294854161818
UEFA vs CAF,UEFA,CAF,2003-06,-0.010766110994249956,-0.061746366158012746,0.03917577668825289,-15.857101022267234,-89.8628148567747,56.89086541688352
UEFA vs CAF,UEFA,CAF,2003-07,-0.010690763037909768,-0.06170268261365406,0.039221464065358244,-15.750436176675228,-89.77578725797801,56.944458825998225
UEFA vs CAF,UEFA,CAF,2003-08,-0.010616445243995139,-0.06165877719560542,0.03926550986661905,-15.64520376642697,-89.69012419004196,56.98705558661541
UEFA vs CAF,UEFA,CAF,2003-09,-0.010543174358603271,-0.06156324702041642,0.03930787205587338,-15.541428881490644,-89.60585528286501,56.979572494151505
UEFA vs CAF,UEFA,CAF,2003-10,-0.010470967127832067,-0.0614658619809235,0.03934850859696202,-15.43913662924582,-89.52301491990954,56.96896393516098
UEFA vs CAF,UEFA,CAF,2003-11,-0.010399840297778691,-0.061368753026236435,0.039387377453723074,-15.33835213338743,-89.4943349815708,56.9552712412375
UEFA vs CAF,UEFA,CAF,2003-12,-0.010329810614540368,-0.06127277169807392,0.03942443658999645,-15.239100532823693,-89.4251480564656,56.93771658872229
UEFA vs CAF,UEFA,CAF,2004-01,-0.010260894824214955,-0.06117794810595654,0.039459643969619394,-15.14140698056417,-89.30739081745989,56.917269024640994
UEFA vs CAF,UEFA,CAF,2004-02,-0.010193109672899676,-0.0610843123594055,0.039492957556432666,-15.045296642596059,-89.21845408060885,56.89399763639389
UEFA vs CAF,UEFA,CAF,2004-03,-0.010126471906691779,-0.06098406273348753,0.03952433531427517,-14.950794696753668,-89.14790706520375,56.867971583212544
UEFA vs CAF,UEFA,CAF,2004-04,-0.010060998271689095,-0.060883339604853905,0.03955373520698519,-14.857926331578506,-89.07886191767582,56.83926009607295
UEFA vs CAF,UEFA,CAF,2004-05,-0.009996705513988817,-0.06078493059135637,0.03957892123028408,-14.766716745167514,-89.01134491624755,56.80793247754892
UEFA vs CAF,UEFA,CAF,2004-06,-0.009933610379688217,-0.060713639471979254,0.039549286892156574,-14.677191144014591,-88.94538233530331,56.7740581016463
UEFA vs CAF,UEFA,CAF,2004-07,-0.009871729614885074,-0.060638359087210915,0.03951686759609693,-14.589374741842535,-88.89998102306134,56.737706413579595
UEFA vs CAF,UEFA,CAF,2004-08,-0.00981107996567668,-0.060554468790110505,0.0395404810826641,-14.503292758423536,-88.85831726982141,56.85889720350834
UEFA vs CAF,UEFA,CAF,2004-09,-0.009751678178160252,-0.060471905887024134,0.039573040675383406,-14.418970418392439,-88.82613064295002,56.98813578912018
UEFA vs CAF,UEFA,CAF,2004-10,-0.009693540998433614,-0.060390696611596836,0.03957156629956895,-14.336432950051098,-88.82564741707533,57.11367968851013
UEFA vs CAF,UEFA,CAF,2004-11,-0.009636685172593966,-0.060310867197478135,0.03963679815054535,-14.255705584160742,-88.79869058901127,57.23541483224841
UEFA vs CAF,UEFA,CAF,2004-12,-0.009581127446738598,-0.06023244387831213,0.03966775514116527,-14.176813552727962,-88.71586788850783,57.35322709941991
UEFA vs CAF,UEFA,CAF,2005-01,-0.009526884566965257,-0.06015545288774575,0.03969359116202535,-14.099782087780918,-88.68809827274227,57.467002323149465
UEFA vs CAF,UEFA,CAF,2005-02,-0.009473973279371228,-0.06007992045942667,0.039716948413946525,-14.024636420134648,-88.66182692105488,57.576626296292616
UEFA vs CAF,UEFA,CAF,2005-03,-0.009422410330053805,-0.0600262362384905,0.039738068074299714,-13.951401778149203,-88.63703862248688,57.68198477727048
UEFA vs CAF,UEFA,CAF,2005-04,-0.009372212465110694,-0.059995723594658566,0.03975693980114401,-13.88010338647859,-88.61371814227458,57.78296349606563
UEFA vs CAF,UEFA,CAF,2005-05,-0.009323396430639182,-0.05996496596230578,0.03977092818039809,-13.810766464808967,-88.59185022227082,57.879448160381074
UEFA vs CAF,UEFA,CAF,2005-06,-0.009275978972736626,-0.059933949249017626,0.03977140552256544,-13.743416226589718,-88.57141958137007,57.97132446193942
UEFA vs CAF,UEFA,CAF,2005-07,-0.009229976837500575,-0.05990265936238299,0.039769209476009544,-13.678077877755062,-88.55241091594033,58.058478082954636
UEFA vs CAF,UEFA,CAF,2005-08,-0.009185406771028491,-0.059871082209989004,0.0397642948051784,-13.614776615436194,-88.52873163034198,58.11476311128261
UEFA vs CAF,UEFA,CAF,2005-09,-0.009142285519417578,-0.05983920369942286,0.039756616274516654,-13.553537626664829,-88.50495619209596,58.11473598371711
UEFA vs CAF,UEFA,CAF,2005-10,-0.009100629828765526,-0.05980700973827417,0.039746128648469756,-13.494386087069179,-88.48270742530626,58.110289212770944
UEFA vs CAF,UEFA,CAF,2005-11,-0.00906045644516967,-0.05977448623412855,0.03973278669148321,-13.437347159559115,-88.38009943080006,58.10134516632455
UEFA vs CAF,UEFA,CAF,2005-12,-0.009021767705883185,-0.05974161618227995,0.03971657442919962,-13.382425159925297,-88.24794369002032,58.08787157981396
UEFA vs CAF,UEFA,CAF,2006-01,-0.008984508312782882,-0.059708370928848266,0.03969759293204981,-13.329541031198389,-88.1191932512085,58.07001749119013
UEFA vs CAF,UEFA,CAF,2006-02,-0.008948608558901035,-0.059674718907653454,0.03967597253166017,-13.278594799972927,-87.98711870332157,58.0479774190033
UEFA vs CAF,UEFA,CAF,2006-03,-0.008913998737270059,-0.0596406285525223,0.03965184355966111,-13.229486406688652,-87.87560932993293,58.020273850024516
UEFA vs CAF,UEFA,CAF,2006-04,-0.008880609140922556,-0.05960518182037124,0.03962533634767736,-13.182115709256745,-87.76180670248309,57.98796750641326
UEFA vs CAF,UEFA,CAF,2006-05,-0.008848370062890904,-0.05956517590271813,0.03965604088958993,-13.136382486582038,-87.72756551318136,57.9521495974195
UEFA vs CAF,UEFA,CAF,2006-06,-0.008817211796207402,-0.05952468429835922,0.03970463734646467,-13.092186441982,-87.71833115264873,57.913014719691425
UEFA vs CAF,UEFA,CAF,2006-07,-0.008787064633904716,-0.05948367664195784,0.03974871626208452,-13.049427206502328,-87.71359812863798,57.87075760878612
UEFA vs CAF,UEFA,CAF,2006-08,-0.008757858869015171,-0.059402642721900545,0.039774362695282006,-13.008004342126434,-87.7131731085704,57.82557312983478
UEFA vs CAF,UEFA,CAF,2006-09,-0.008729524794571137,-0.05933751225286867,0.039762559394611596,-12.967817344882121,-87.7168626215815,57.77765626849354
UEFA vs CAF,UEFA,CAF,2006-10,-0.00870199270360522,-0.059334929539379334,0.03974937316779136,-12.92876564784311,-87.72447306310823,57.72720212219701
UEFA vs CAF,UEFA,CAF,2006-11,-0.008675192889149788,-0.05932521936876003,0.03978178120169557,-12.890748624024763,-87.73581069935838,57.67440589170203
UEFA vs CAF,UEFA,CAF,2006-12,-0.008649055644237206,-0.05928778901339382,0.039816618350548345,-12.85366558917563,-87.74803393264132,57.69028137040757
UEFA vs CAF,UEFA,CAF,2007-01,-0.008623511261900063,-0.05924818131815277,0.039853266725376583,-12.817415804463705,-87.73446864970187,57.724644153392546
UEFA vs CAF,UEFA,CAF,2007-02,-0.008598490035170712,-0.0592055516019125,0.03989172500338256,-12.781898479056135,-87.72160353385333,57.7538446488737
UEFA vs CAF,UEFA,CAF,2007-03,-0.008573922257081538,-0.05916166806272734,0.03993199186177208,-12.74701277259437,-87.69735697751354,57.778099900584216
UEFA vs CAF,UEFA,CAF,2007-04,-0.0085497382206651,-0.05911706516649873,0.039974065977753215,-12.712657797563297,-87.56059165913513,57.79762710873542
UEFA vs CAF,UEFA,CAF,2007-05,-0.008525868218953786,-0.059071708968108094,0.03999428872051749,-12.678732621553742,-87.42574282289338,57.812643621639616
UEFA vs CAF,UEFA,CAF,2007-06,-0.008502242544979978,-0.05902556552243845,0.04000195858351163,-12.645136269419572,-87.2927265261103,57.8910468481622
UEFA vs CAF,UEFA,CAF,2007-07,-0.008478791491776282,-0.05897860088437286,0.04000701057675959,-12.6117677253287,-87.1614587623642,57.98476803282992
UEFA vs CAF,UEFA,CAF,2007-08,-0.008455445352374958,-0.05893078110879348,0.040009587530843264,-12.578525934706622,-87.03185546356228,58.078846418773004
UEFA vs CAF,UEFA,CAF,2007-09,-0.008432134419808526,-0.05888207225058086,0.04000983227634739,-12.545309806075212,-86.90335435794182,58.173310164368
UEFA vs CAF,UEFA,CAF,2007-10,-0.008408788987109481,-0.058832440364619785,0.04000788764385307,-12.512018212783635,-86.7715456680396,58.208220818037326
UEFA vs CAF,UEFA,CAF,2007-11,-0.00838533934731021,-0.05878185150579074,0.04000389646394663,-12.478549994632994,-86.63887132075713,58.18739379387549
UEFA vs CAF,UEFA,CAF,2007-12,-0.008361715793443095,-0.05873027172897669,0.0399980015672093,-12.444803959394505,-86.50745387019074,58.166891466636955
UEFA vs CAF,UEFA,CAF,2008-01,-0.00833784861854069,-0.05867766708905995,0.03999034578422476,-12.41067888422096,-86.3772186636175,58.14686596519605
UEFA vs CAF,UEFA,CAF,2008-02,-0.0083136681156354,-0.05862400364092348,0.04004284345353064,-12.376073516950576,-86.24809099874615,58.203392102807
UEFA vs CAF,UEFA,CAF,2008-03,-0.008289104577759549,-0.05856924743944791,0.040111814313238424,-12.340886577304543,-86.11999612516642,58.2987015345881
UEFA vs CAF,UEFA,CAF,2008-04,-0.008264088297945803,-0.05851336453951785,0.04017764524981058,-12.305016757978045,-85.99285924570091,58.39268231441861
UEFA vs CAF,UEFA,CAF,2008-05,-0.008238549569226448,-0.058456320996013035,0.04024355874414923,-12.268362725622477,-85.92924496088895,58.487211266843815
UEFA vs CAF,UEFA,CAF,2008-06,-0.008212418684633892,-0.05839808286381824,0.04030991668806124,-12.230823121722478,-85.88810835533283,58.58428985940077
UEFA vs CAF,UEFA,CAF,2008-07,-0.008185625937200725,-0.05836446163294155,0.04037673636020157,-12.192296563365044,-85.8481357082259,58.68391959631592
UEFA vs CAF,UEFA,CAF,2008-08,-0.008158101619959298,-0.05834369252466054,0.040444035039220866,-12.152681643900724,-85.75178140269432,58.75376606298804
UEFA vs CAF,UEFA,CAF,2008-09,-0.008129776025941986,-0.05832068347040509,0.04051183000377305,-12.11187693349864,-85.57666065742629,58.74557642903316
UEFA vs CAF,UEFA,CAF,2008-10,-0.00810057944818141,-0.058295376043965286,0.04051290375779417,-12.069780979594043,-85.40040327152313,58.73797002067437
UEFA vs CAF,UEFA,CAF,2008-11,-0.008070442179709855,-0.05826771181913654,0.04050591862217802,-12.026292307227482,-85.22307375579939,58.73110990780942
UEFA vs CAF,UEFA,CAF,2008-12,-0.008039294513559787,-0.058237632369709934,0.0404995514990817,-11.9813094192781,-85.13621489926587,58.72515918524473
UEFA vs CAF,UEFA,CAF,2009-01,-0.008007066742763727,-0.058205079269478245,0.04049391343082641,-11.93473079658861,-85.09392106038119,58.72028097095418
UEFA vs CAF,UEFA,CAF,2009-02,-0.007973689160354071,-0.05816999409223506,0.0404891154597358,-11.886454897982828,-85.05117822817671,58.79201012682155
UEFA vs CAF,UEFA,CAF,2009-03,-0.007939092059363159,-0.05813231841177067,0.040485268628131024,-11.836380160176004,-85.00790560375788,58.88357528063445
UEFA vs CAF,UEFA,CAF,2009-04,-0.007903205732823637,-0.05809170985775789,0.040482483978334934,-11.784404997578113,-84.96402236396368,58.97635940055005
UEFA vs CAF,UEFA,CAF,2009-05,-0.007865960473767848,-0.05804535523100478,0.04048087255266856,-11.730427801988192,-84.91944766205769,59.07043218999569
UEFA vs CAF,UEFA,CAF,2009-06,-0.007827286575228083,-0.05799627181267084,0.040480545393456566,-11.6743469421824,-84.8706292794162,59.165863379911144
UEFA vs CAF,UEFA,CAF,2009-07,-0.007787114330237061,-0.057944408168373894,0.04047713706858739,-11.616060763394701,-84.81981736518635,59.2627227287387
UEFA vs CAF,UEFA,CAF,2009-08,-0.007745374031827072,-0.05788971286373505,0.04047426901984045,-11.555467586688115,-84.76814265243024,59.36108002249619
UEFA vs CAF,UEFA,CAF,2009-09,-0.007701995973030451,-0.0578321344643713,0.0404942176991158,-11.492465708220069,-84.71553430957842,59.46100507494059
UEFA vs CAF,UEFA,CAF,2009-10,-0.007656910446879887,-0.05777162153590463,0.04055571623291662,-11.426953398399935,-84.67971953864705,59.56149150753605
UEFA vs CAF,UEFA,CAF,2009-11,-0.007610047746407718,-0.057708122643952774,0.04061843092489464,-11.358828900937224,-84.66829905720132,59.65558481690966
UEFA vs CAF,UEFA,CAF,2009-12,-0.007561338164646181,-0.05764158635413437,0.04068241327583254,-11.287990431783431,-84.65387533360341,59.75148646744632
UEFA vs CAF,UEFA,CAF,2010-01,-0.007510711994628094,-0.05757196123206976,0.04074771478651388,-11.21433617796666,-84.59476518265964,59.849276299116156
UEFA vs CAF,UEFA,CAF,2010-02,-0.007458099529385685,-0.057499195843377524,0.040814386957722916,-11.1377642963156,-84.47928481254391,59.94903417827703
UEFA vs CAF,UEFA,CAF,2010-03,-0.007403431061951255,-0.057475762454286185,0.040882481290242495,-11.058172912078273,-84.38633819152653,60.05083999847018
UEFA vs CAF,UEFA,CAF,2010-04,-0.007346636885357558,-0.05742943848761088,0.040966217960150694,-10.975460117432307,-84.32412305179551,60.15477368133683
UEFA vs CAF,UEFA,CAF,2010-05,-0.0072876472926368865,-0.057348966821244705,0.04102812341859847,-10.889523969885271,-84.26023400743628,60.2609151776459
UEFA vs CAF,UEFA,CAF,2010-06,-0.007226392576821505,-0.057268054440109094,0.04110611846180907,-10.800262490568791,-84.12261858009401,60.369344468439444
UEFA vs CAF,UEFA,CAF,2010-07,-0.007162803030944215,-0.057183447020846455,0.04118573567179222,-10.70757366242462,-83.97651183509248,60.374294118334724
UEFA vs CAF,UEFA,CAF,2010-08,-0.0070968089480372525,-0.05710136100427943,0.04126702308066296,-10.611355428280017,-83.82740157406367,60.379973860268805
UEFA vs CAF,UEFA,CAF,2010-09,-0.0070283406211329134,-0.05704883284138944,0.04135002872052963,-10.511505688817165,-83.72945145290404,60.39043872637293
UEFA vs CAF,UEFA,CAF,2010-10,-0.0069573283432639655,-0.056938496486959075,0.041434800623505415,-10.407922300433807,-83.70381745403154,60.405874613429255
UEFA vs CAF,UEFA,CAF,2010-11,-0.0068837024074626905,-0.0568550881113087,0.04152138682170196,-10.30050307299327,-83.67179971287463,60.426467466505706
UEFA vs CAF,UEFA,CAF,2010-12,-0.0068073931067613325,-0.05677566196092174,0.04160983534722934,-10.189145767467851,-83.63317206496438,60.45240328582741
UEFA vs CAF,UEFA,CAF,2011-01,-0.006728330734192771,-0.05669659884042875,0.04170019423220069,-10.07374809347364,-83.58770829873932,60.51291217161461
UEFA vs CAF,UEFA,CAF,2011-02,-0.00664644558278916,-0.05661790564523743,0.04179251150872613,-9.954207706693383,-83.53518214833369,60.692177902536095
UEFA vs CAF,UEFA,CAF,2011-03,-0.006561667945582783,-0.0565395892707536,0.0418868352089189,-9.830422206193562,-83.47536728596178,60.87621229938808
UEFA vs CAF,UEFA,CAF,2011-04,-0.006473928115606491,-0.05646165661238682,0.041983213364889846,-9.702289131631527,-83.4080373139208,61.06509979883874
UEFA vs CAF,UEFA,CAF,2011-05,-0.006383156385892554,-0.0563841145655438,0.04208169400874964,-9.569705960350877,-83.33296575619767,61.258924884367886
UEFA vs CAF,UEFA,CAF,2011-06,-0.006289283049473126,-0.05630697002563223,0.04218232517261,-9.432570104369695,-83.24992604968435,61.457772088600294
UEFA vs CAF,UEFA,CAF,2011-07,-0.00619223839938112,-0.05623022988806059,0.04228515488858424,-9.290778907259511,-83.15869153499793,61.66172599570014
UEFA vs CAF,UEFA,CAF,2011-08,-0.006091952728648779,-0.05615390104823574,0.04239023118878144,-9.144229640911023,-83.05903544691452,61.87087124385751
UEFA vs CAF,UEFA,CAF,2011-09,-0.005988356330308254,-0.05607799040156531,0.04249760210531492,-8.992819502192543,-82.95073090440928,62.08529252785109
UEFA vs CAF,UEFA,CAF,2011-10,-0.005881379497392511,-0.05600250484345874,0.04260731567029549,-8.836445609498508,-82.83355090028802,62.3050746016908
UEFA vs CAF,UEFA,CAF,2011-11,-0.00577095252293381,-0.05592745126932099,0.04271941991583478,-8.675004999183948,-82.70726829045444,62.530302281338
UEFA vs CAF,UEFA,CAF,2011-12,-0.0056570056999641505,-0.05585283657456159,0.0428339628740445,-8.508394621890863,-82.57165578274402,62.76106044751033
UEFA vs CAF,UEFA,CAF,2012-01,-0.005539469321516682,-0.05577866765458643,0.04295099257703613,-8.336511338764959,-82.4264859253954,62.9974340485556
UEFA vs CAF,UEFA,CAF,2012-02,-0.00541827368062349,-0.055704951404804914,0.04307055705692143,-8.159251917555727,-82.27153109510486,63.23443461107395
UEFA vs CAF,UEFA,CAF,2012-03,-0.005293349070316711,-0.0556316947206247,0.04319270434581193,-7.976513028609706,-82.10656348469223,63.41573913455726
UEFA vs CAF,UEFA,CAF,2012-04,-0.005164625783629401,-0.05555717475110087,0.04331748247581855,-7.788191240751456,-81.9313550903649,63.60097285196759
UEFA vs CAF,UEFA,CAF,2012-05,-0.005032034113593797,-0.05548173103548115,0.04344471012985114,-7.594183017048449,-81.74567769858602,63.79021159660467
UEFA vs CAF,UEFA,CAF,2012-06,-0.004895504353241855,-0.05540668460852145,0.04357100465096395,-7.394384710466687,-81.54930287253734,63.98353128599371
UEFA vs CAF,UEFA,CAF,2012-07,-0.0047549667956067595,-0.05532041668535133,0.04369991344021691,-7.1886925594148146,-81.35959239802001,64.18100792538097
UEFA vs CAF,UEFA,CAF,2012-08,-0.00461035173372068,-0.05516518197690483,0.04383148230242587,-6.9770026831694825,-81.22884415991656,64.38271761136004
UEFA vs CAF,UEFA,CAF,2012-09,-0.004461589460615502,-0.055006025014843904,0.04396575704240675,-6.7592110771912814,-81.0887499563877,64.58873653557954
UEFA vs CAF,UEFA,CAF,2012-10,-0.004308610269324597,-0.05484114482351297,0.0441027834649729,-6.535213608328295,-80.97888653455668,64.79914098855926
UEFA vs CAF,UEFA,CAF,2012-11,-0.004151379544837421,-0.05467088489060674,0.0442425866229161,-6.304957410675963,-80.87742669702217,65.013973615011
UEFA vs CAF,UEFA,CAF,2012-12,-0.003990003039973295,-0.054496547044886774,0.044385108560923356,-6.068595143269152,-80.77653454326527,65.23314213022734
UEFA vs CAF,UEFA,CAF,2013-01,-0.003824621599510346,-0.054318272813491615,0.04453027057165776,-5.826330893384969,-80.67619683534255,65.4565204936073
UEFA vs CAF,UEFA,CAF,2013-02,-0.003655376068225382,-0.05413620372355967,0.0446779939477839,-5.578368796332159,-80.5420542828798,65.68346422062719
UEFA vs CAF,UEFA,CAF,2013-03,-0.0034824072908951407,-0.053950481302231075,0.04482819998196478,-5.324913041305538,-80.29889436224538,65.90740178067855
UEFA vs CAF,UEFA,CAF,2013-04,-0.0033058561122977824,-0.05376124707664607,0.04498080996686335,-5.066167877049186,-80.01331329155897,66.13497794592992
UEFA vs CAF,UEFA,CAF,2013-05,-0.0031258633772101208,-0.05356693047264618,0.04513574519514429,-4.802337617321893,-79.71758742655538,66.36607579372101
UEFA vs CAF,UEFA,CAF,2013-06,-0.0029425699304087994,-0.05336810401236858,0.045292926959471486,-4.533626646176836,-79.41592279132081,66.60057836871643
UEFA vs CAF,UEFA,CAF,2013-07,-0.0027561166166721585,-0.053166121255135666,0.04545227655250612,-4.2602394230507095,-79.1400626496316,66.83836868022294
UEFA vs CAF,UEFA,CAF,2013-08,-0.0025666442807768673,-0.0529611271493569,0.045613715266912915,-3.9823804876536544,-78.89799608668737,67.07932969960348
UEFA vs CAF,UEFA,CAF,2013-09,-0.0023742937674996367,-0.0527532666434392,0.04577716439535575,-3.7002544646749924,-78.64828955613629,67.32334435776656
UEFA vs CAF,UEFA,CAF,2013-10,-0.002179205921618749,-0.05254268468579286,0.04603044334557727,-3.41406606829692,-78.39117810206572,67.57029554274595
UEFA vs CAF,UEFA,CAF,2013-11,-0.001981521587910907,-0.05232952622482303,0.04631378041060933,-3.124020106509563,-78.12689686045951,67.82006609738029
UEFA vs CAF,UEFA,CAF,2013-12,-0.001781381611152848,-0.05211393620893658,0.046570365800716426,-2.83032148524093,-77.8377486271683,68.07253881705907
UEFA vs CAF,UEFA,CAF,2014-01,-0.001578926836122807,-0.05189605958654559,0.04670193152682874,-2.533175212294611,-77.53772562489247,68.3275964475772
UEFA vs CAF,UEFA,CAF,2014-02,-0.001374298107597559,-0.051676041306056006,0.04683397069308655,-2.23278640108854,-77.23229485357624,68.60151935692039
UEFA vs CAF,UEFA,CAF,2014-03,-0.0011676362703537135,-0.05150983453005731,0.04696641945444197,-1.9293602742074802,-76.9216196913675,68.97235173039356
UEFA vs CAF,UEFA,CAF,2014-04,-0.0009590821691696638,-0.05136405053488802,0.047099213965847715,-1.6231021667637617,-76.60676484377856,69.22181626389056
UEFA vs CAF,UEFA,CAF,2014-05,-0.0007487766488220293,-0.05121819852526035,0.047232290382256716,-1.3142175295567835,-76.28797014518521,69.48684410052621
UEFA vs CAF,UEFA,CAF,2014-06,-0.0005368605540875482,-0.05107231890571753,0.047450217969157334,-1.0029119320473092,-75.96547554977226,69.94896136554065
UEFA vs CAF,UEFA,CAF,2014-07,-0.000323474729744484,-0.05084002944529824,0.04771188978041789,-0.6893910651374239,-75.63952113409668,70.41465961615536
UEFA vs CAF,UEFA,CAF,2014-08,-0.00010876002056961931,-0.050595129657731074,0.047974816346353845,-0.37386074375020373,-75.31034709948457,70.88356828874953
UEFA vs CAF,UEFA,CAF,2014-09,0.00010714272866044205,-0.05034869358688305,0.04823881448084938,-0.05652690922145268,-74.97819377425543,71.30954718286789
UEFA vs CAF,UEFA,CAF,2014-10,0.00032409267316734435,-0.05010087693127447,0.04850370099779119,0.2624043685021343,-74.64330161578745,71.70982390362846
UEFA vs CAF,UEFA,CAF,2014-11,0.000541948968174405,-0.049851835389424566,0.04876929271106352,0.5827268888674917,-74.30591121240437,72.11131061945512
UEFA vs CAF,UEFA,CAF,2014-12,0.0007605707689049512,-0.04960172465985022,0.04903540643455402,0.9042343189074257,-73.96348375495181,72.5137320533358
UEFA vs CAF,UEFA,CAF,2015-01,0.000979817230580614,-0.04935070044107332,0.049301858982146805,1.2267201916284733,-73.62516977882251,72.91681266118616
UEFA vs CAF,UEFA,CAF,2015-02,0.0011995475084247453,-0.049094292560089015,0.04956846716772853,1.5499779046020115,-73.2860901556451,73.32027662877434
UEFA vs CAF,UEFA,CAF,2015-03,0.0014196207576606988,-0.048836673317806854,0.04983504780518621,1.8738007187443235,-73.10861172316815,73.72384786909198
UEFA vs CAF,UEFA,CAF,2015-04,0.0016398961335100837,-0.04860647167921903,0.05010141770840374,2.1979817572932108,-72.77837265341353,74.12725002018942
UEFA vs CAF,UEFA,CAF,2015-05,0.0018602327911961946,-0.048415222540104524,0.05036739369126631,2.522314004989263,-72.42963649446241,74.53020644348493
UEFA vs CAF,UEFA,CAF,2015-06,0.002080489885942427,-0.0482227131646578,0.05063279256766245,2.8465903074473715,-72.07824241760922,74.93244022253386
UEFA vs CAF,UEFA,CAF,2015-07,0.0023005265729704296,-0.04809066432790856,0.05089743115147623,3.170603370725551,-71.72442363201338,75.33098295075077
UEFA vs CAF,UEFA,CAF,2015-08,0.0025202020075034714,-0.04802107854724724,0.05116112625659182,3.494145761099826,-71.36841357128424,75.72067375258031
UEFA vs CAF,UEFA,CAF,2015-09,0.0027393753447649207,-0.0479524119797754,0.0514170255069534,3.8170099050305293,-71.00661015575118,76.10889481977783
UEFA vs CAF,UEFA,CAF,2015-10,0.0029579057399763842,-0.04788465442423391,0.051671424360273575,4.138988089327213,-70.64302590180819,76.49538366212536
UEFA vs CAF,UEFA,CAF,2015-11,0.00317565234836122,-0.04767377869436151,0.05192441312796113,4.459872461520911,-70.27801029000995,76.879877527301
UEFA vs CAF,UEFA,CAF,2015-12,0.0033924743251428024,-0.047437790413988344,0.052175819333606745,4.779455030428536,-70.01429907426488,77.26211340229621
UEFA vs CAF,UEFA,CAF,2016-01,0.0036082308255426777,-0.047196966176011566,0.05242547050080264,5.0975276669174185,-69.78258748892243,77.64182801530427
UEFA vs CAF,UEFA,CAF,2016-02,0.003822781004784255,-0.04695725940797955,0.05267319415314209,5.41388210487861,-69.55266915463302,78.0187578380305
UEFA vs CAF,UEFA,CAF,2016-03,0.0040359840180908355,-0.046718847264240713,0.05291881781421661,5.728309942392842,-69.32468542244172,78.35725836365724
UEFA vs CAF,UEFA,CAF,2016-04,0.004247699020684048,-0.04647963884485779,0.05316216900761679,6.040602643098676,-69.09679527547881,78.6490613990831
UEFA vs CAF,UEFA,CAF,2016-05,0.00445778516778726,-0.04624068884935788,0.05340307525693831,6.3505515377694595,-68.76349421368886,79.04686147656423
UEFA vs CAF,UEFA,CAF,2016-06,0.004666101614623789,-0.0460035323778107,0.05364136408577108,6.65794782608511,-68.34330582629788,79.4407486062946
UEFA vs CAF,UEFA,CAF,2016-07,0.004872507516415262,-0.04576834632268669,0.05387686301770737,6.962582578606291,-67.92515750523422,79.83040295150471
UEFA vs CAF,UEFA,CAF,2016-08,0.005076862028385004,-0.045608173584255465,0.054143813784397206,7.264246738959075,-67.50929805095414,80.21550453637627
UEFA vs CAF,UEFA,CAF,2016-09,0.005279024305756354,-0.04533184059723285,0.05442641439984359,7.562731126215133,-67.0959764862804,80.586857222698
UEFA vs CAF,UEFA,CAF,2016-10,0.0054788535037509686,-0.04509856916998571,0.05470035476936604,7.8578264374753966,-66.68544205403776,80.93723033494015
UEFA vs CAF,UEFA,CAF,2016-11,0.005676208777592218,-0.044935399684654875,0.0549696429039532,8.149323250665109,-66.38285827804557,81.28220788176472
UEFA vs CAF,UEFA,CAF,2016-12,0.005870949282503293,-0.04479640935636007,0.05523462768621486,8.437012027524935,-66.16005922690236,81.62151153415068
UEFA vs CAF,UEFA,CAF,2017-01,0.006062934173705986,-0.04465970143708522,0.05549506651845489,8.72068311680756,-66.06505663860477,81.92889066910439
UEFA vs CAF,UEFA,CAF,2017-02,0.006252022606423577,-0.0445253728582776,0.05575071680298662,9.000126757684747,-65.96975486062102,82.20794024556244
UEFA vs CAF,UEFA,CAF,2017-03,0.006438073735879314,-0.044393520551385277,0.055876904735920836,9.275133083352792,-65.6900038767415,82.59401787089152
UEFA vs CAF,UEFA,CAF,2017-04,0.006620946717294971,-0.044260915835379236,0.055968227562049166,9.545492124843031,-65.41501009423725,82.9099838557573
UEFA vs CAF,UEFA,CAF,2017-05,0.006800500705893814,-0.044014444305193565,0.05613439144897432,9.810993815044002,-65.14497889442983,83.21881098783527
UEFA vs CAF,UEFA,CAF,2017-06,0.00697659485689917,-0.04375804462045289,0.05635015400933499,10.07142799292254,-64.86744410667625,83.52022230906984
UEFA vs CAF,UEFA,CAF,2017-07,0.00714908832553271,-0.043508182251818406,0.05656049690416214,10.326584407949817,-64.59344304260716,83.81393497354406
UEFA vs CAF,UEFA,CAF,2017-08,0.007317840267017758,-0.04326625821120622,0.056765205193656534,10.57625272474046,-64.3255925903163,84.09821906251662
UEFA vs CAF,UEFA,CAF,2017-09,0.007482709836577511,-0.04303258914723531,0.05696406393802038,10.820222527889792,-64.06412323568462,84.3739027393764
UEFA vs CAF,UEFA,CAF,2017-10,0.007643556189433857,-0.04280749170852891,0.05715685819745422,11.058283327017675,-63.80926555734338,84.64111970473104
UEFA vs CAF,UEFA,CAF,2017-11,0.00780023848081003,-0.04259128254370763,0.057342921631875286,11.290224562023804,-63.561250220356456,84.89958994236734
UEFA vs CAF,UEFA,CAF,2017-12,0.007952615865929151,-0.04238427830139142,0.057521365820417066,11.515835608542684,-63.320307969622284,85.14903334808336
UEFA vs CAF,UEFA,CAF,2018-01,0.008100547500013194,-0.04218679563020085,0.05769343602117336,11.734905783604876,-63.06880430447338,85.38916974256169
UEFA vs CAF,UEFA,CAF,2018-02,0.008243892538285384,-0.04199915117875834,0.057858927975686814,11.947224351509087,-62.79559510198609,85.61971888469473
UEFA vs CAF,UEFA,CAF,2018-03,0.008382510135968793,-0.04182166159568368,0.05801763742549928,12.15258052989409,-62.53367411500002,85.84040048535137
UEFA vs CAF,UEFA,CAF,2018-04,0.008516259448285475,-0.04166455058585119,0.05816936011215248,12.350763496017002,-62.28603263167621,86.050934221605
UEFA vs CAF,UEFA,CAF,2018-05,0.008644999630458575,-0.04151899417603144,0.05831389177718649,12.541562393241044,-62.01338446954925,86.25103975142156
UEFA vs CAF,UEFA,CAF,2018-06,0.00876858983771115,-0.04137952470635877,0.05845102816214236,12.724766337723633,-61.75046421652014,86.44043672878803
UEFA vs CAF,UEFA,CAF,2018-07,0.008886889225265406,-0.041221023053707694,0.058580565008561805,12.900164425309827,-61.580633524092285,86.61647077471237
UEFA vs CAF,UEFA,CAF,2018-08,0.008999756948344304,-0.04110112266015768,0.05870229805798665,13.06754573863384,-61.427792579422395,86.78006217906027
UEFA vs CAF,UEFA,CAF,2018-09,0.009107052162171014,-0.04099326079604557,0.05881586626328203,13.226699354421545,-61.284932472264416,86.93212403459982
UEFA vs CAF,UEFA,CAF,2018-10,0.009208634021967695,-0.04089388099810822,0.058919121399222944,13.377414350995796,-61.152321679677755,87.07237866381418
UEFA vs CAF,UEFA,CAF,2018-11,0.009304361682957354,-0.04079066573985375,0.059013517832844024,13.51947981598983,-61.03022860392284,87.20054845567483
UEFA vs CAF,UEFA,CAF,2018-12,0.009394094300363054,-0.0406948953006399,0.05914633582427108,13.6526848542596,-60.918921552930854,87.31635588279921
UEFA vs CAF,UEFA,CAF,2019-01,0.009477691029407037,-0.040606754101412165,0.059287336338668624,13.776818595998575,-60.8186687202454,87.41952351906428
UEFA vs CAF,UEFA,CAF,2019-02,0.009555011025312395,-0.040526426563119465,0.059421854265903004,13.891670205058155,-60.72930065286535,87.50977405763643
UEFA vs CAF,UEFA,CAF,2019-03,0.00962591344330199,-0.0404540971067072,0.0595497207589703,13.997028887465458,-60.64826806168353,87.57472376984333
UEFA vs CAF,UEFA,CAF,2019-04,0.009690257438598273,-0.04038995015312188,0.05967076697086749,14.092683900143088,-60.57851482470689,87.64185222858913
UEFA vs CAF,UEFA,CAF,2019-05,0.009747902166424153,-0.040334170123312287,0.05978482405459075,14.17842455983045,-60.517206395762855,87.71429906792383
UEFA vs CAF,UEFA,CAF,2019-06,0.009798706782002578,-0.04028694143822302,0.05989172316313697,14.254040252202554,-60.43935941664505,87.76156383175568
UEFA vs CAF,UEFA,CAF,2019-07,0.009842530440556026,-0.04024844851880314,0.059991295449503164,14.319320441187129,-60.37241865637128,87.79510678745967
UEFA vs CAF,UEFA,CAF,2019-08,0.009879232297307394,-0.04021887578599798,0.060043785309482796,14.374054678481345,-60.31660322116703,87.81073507888007
UEFA vs CAF,UEFA,CAF,2019-09,0.009908671507479556,-0.040198407660754,0.06002813497996082,14.418032613263568,-60.27213208946887,87.84589290605133
UEFA vs CAF,UEFA,CAF,2019-10,0.00993073099832449,-0.04018718750861994,0.059993906863677664,14.451079845920862,-60.233141046339355,87.96158236206116
UEFA vs CAF,UEFA,CAF,2019-11,0.009945388785212048,-0.040185194473544114,0.059945054706595384,14.473165484164765,-60.18168515710954,88.06572440779624
UEFA vs CAF,UEFA,CAF,2019-12,0.009952646655541362,-0.040192366644074926,0.05988362191654057,14.484294630692334,-60.07606346624435,88.15819694184263
UEFA vs CAF,UEFA,CAF,2020-01,0.009952506396711608,-0.04019907568741607,0.059809927057499206,14.48447251830081,-59.979688574538656,88.16512872454783
UEFA vs CAF,UEFA,CAF,2020-02,0.009944969796121887,-0.0402139868151179,0.05978801738356453,14.473704483418024,-59.89277403074169,88.20112060480064
UEFA vs CAF,UEFA,CAF,2020-03,0.009930038641171394,-0.04023750555834793,0.059685209792449075,14.45199593971411,-59.81553327832888,88.07148364966969
UEFA vs CAF,UEFA,CAF,2020-04,0.00990771471925928,-0.04026960202307443,0.05957119947389257,14.419352351795107,-59.74817966730649,87.92207557455076
UEFA vs CAF,UEFA,CAF,2020-05,0.009877999817784743,-0.04031024631526581,0.059438496017806014,14.375779208980566,-59.6909264666362,87.75644328299072
UEFA vs CAF,UEFA,CAF,2020-06,0.009840895724146748,-0.04035940854089275,0.05930487233484133,14.321281999164945,-59.69723391801057,87.60508547675188
UEFA vs CAF,UEFA,CAF,2020-07,0.00979640422574472,-0.04041705880592441,0.05916756591772399,14.25586618276566,-59.79090473920028,87.44916933985682
UEFA vs CAF,UEFA,CAF,2020-08,0.009744527109977648,-0.040483167216328206,0.05902045618794363,14.179537166754399,-59.89704832185324,87.27919222556552
UEFA vs CAF,UEFA,CAF,2020-09,0.00968526616424457,-0.040557703878076626,0.059088418941063085,14.092300278776257,-60.01561854979362,87.09540004556132
UEFA vs CAF,UEFA,CAF,2020-10,0.009618623175944932,-0.04064063889713543,0.05917855790142797,13.994160741354403,-60.1425249268068,87.07550137184089
UEFA vs CAF,UEFA,CAF,2020-11,0.009544599932477742,-0.04068533953936933,0.05926285017877845,13.88512364617851,-60.28077680052406,87.09846372589386
UEFA vs CAF,UEFA,CAF,2020-12,0.009463198221241927,-0.04069828056174205,0.05934102771968934,13.76519392847997,-60.431334828796125,87.10964223948655
UEFA vs CAF,UEFA,CAF,2021-01,0.009374419829637107,-0.04071934403611412,0.059278529811477645,13.634376341491832,-60.594172348565095,87.10865469176674
UEFA vs CAF,UEFA,CAF,2021-02,0.009278266545062187,-0.04074866926294347,0.05916962100467414,13.49267543098894,-60.70500984216052,87.08119204250846
UEFA vs CAF,UEFA,CAF,2021-03,0.009174740154915999,-0.04078639554268815,0.05905664460585076,13.340095509913022,-60.76574591169185,86.75279268088553
UEFA vs CAF,UEFA,CAF,2021-04,0.009063842446598318,-0.04083266217580683,0.05894853853111817,13.176640633079,-60.83871171085103,86.41311850758335
UEFA vs CAF,UEFA,CAF,2021-05,0.00894557520750798,-0.04088760846275745,0.05891064538840775,13.002314571956019,-60.924209899109414,86.35872395541477
UEFA vs CAF,UEFA,CAF,2021-06,0.0088199402250439,-0.04095137370399877,0.05883656620169386,12.817120789529701,-61.02254344966565,86.41973073475847
UEFA vs CAF,UEFA,CAF,2021-07,0.00868693928660571,-0.04115398673481123,0.05858194148896788,12.621062415238903,-61.13401568102474,86.46882504130387
UEFA vs CAF,UEFA,CAF,2021-08,0.008546574179592403,-0.041382866951335195,0.05838192076348617,12.414142219982041,-61.258930289722464,86.5005955095773
UEFA vs CAF,UEFA,CAF,2021-09,0.008398846691402643,-0.041616560987653095,0.05824162520142242,12.196362591195939,-61.474277301911066,86.51913970468578
UEFA vs CAF,UEFA,CAF,2021-10,0.008243758609436394,-0.04179876196366807,0.058097642446037163,11.967725508003882,-61.769804136863975,86.31973981725571
UEFA vs CAF,UEFA,CAF,2021-11,0.008081311721092423,-0.04186789343542006,0.057950039572439556,11.728232516421727,-62.07931611518604,86.11167417054469
UEFA vs CAF,UEFA,CAF,2021-12,0.007911507813769432,-0.04194790323365458,0.05779888365573528,11.47788470463054,-62.400726508287455,85.89109487836888
UEFA vs CAF,UEFA,CAF,2022-01,0.007734348674867453,-0.04203662145579621,0.05764424177103346,11.216682678306947,-62.73388910551832,85.65453856748427
UEFA vs CAF,UEFA,CAF,2022-02,0.007549836091785222,-0.0422889907273265,0.0574861809934407,10.944626536001692,-63.08387576910568,85.36712765311437
UEFA vs CAF,UEFA,CAF,2022-03,0.007357971851921403,-0.0425664946824031,0.05732476839806618,10.661715844573635,-63.28292928514319,84.91079582816229
UEFA vs CAF,UEFA,CAF,2022-04,0.007158757742676052,-0.04284870343325133,0.05716007106001549,10.367949614670156,-63.38951460347788,84.44687375542915
UEFA vs CAF,UEFA,CAF,2022-05,0.006952195551447925,-0.043065261947360156,0.056992156054398675,10.063326276243004,-63.54733099337828,83.97575141690525
UEFA vs CAF,UEFA,CAF,2022-06,0.006738287065635563,-0.04333758717286344,0.05682109045632063,9.747843654106696,-63.95009869321028,83.49781817333596
UEFA vs CAF,UEFA,CAF,2022-07,0.006517034072639285,-0.043587458172142046,0.056646941340891356,9.421498943530644,-64.35344423088878,83.0134627659022
UEFA vs CAF,UEFA,CAF,2022-08,0.00628843835985767,-0.043688495462897055,0.0564662884340614,9.084288685850458,-64.7548985737719,82.52307331986165
UEFA vs CAF,UEFA,CAF,2022-09,0.006052501714689134,-0.0438667267855811,0.056279248215119336,8.736208744108954,-65.15859088512923,82.02703735017819
UEFA vs CAF,UEFA,CAF,2022-10,0.005809225924534237,-0.04408849866963771,0.05608985254112849,8.377254278715032,-65.56426933664285,81.52574176910386
UEFA vs CAF,UEFA,CAF,2022-11,0.005558612776791464,-0.04432232344275726,0.055898196999209566,8.007419723104167,-65.97123096651164,81.01957289573107
UEFA vs CAF,UEFA,CAF,2022-12,0.005300664058859203,-0.044534773905279226,0.05564333584623693,7.626698759413316,-66.37922578163692,80.50891646751171
UEFA vs CAF,UEFA,CAF,2023-01,0.0050353815581380724,-0.044683720941298334,0.05528077136254489,7.235084294155814,-66.78786799291952,79.98781495430752
UEFA vs CAF,UEFA,CAF,2023-02,0.004762767062026496,-0.04484127363786996,0.05491531075151371,6.8325684338794135,-67.19677195824619,79.46074861480841
UEFA vs CAF,UEFA,CAF,2023-03,0.004482822357922892,-0.0450075878675126,0.05454721484434406,6.419142460820626,-67.60555215243741,78.9296099842976
UEFA vs CAF,UEFA,CAF,2023-04,0.004195549233227903,-0.04524342857187915,0.054176744472237734,5.9947968085394026,-68.01382313526773,78.39476784518091
UEFA vs CAF,UEFA,CAF,2023-05,0.003900949475339902,-0.045598366783761564,0.05379850327044689,5.5595210375167285,-68.42119951753898,77.85659043778843
UEFA vs CAF,UEFA,CAF,2023-06,0.0035990248716572582,-0.04597295914848174,0.0534157994225426,5.113303810728452,-68.82729592520644,77.3154454812034
UEFA vs CAF,UEFA,CAF,2023-07,0.0032897772095808043,-0.04636756041938783,0.05303071478040611,4.65613286917806,-69.23172696154629,76.77170019597614
UEFA vs CAF,UEFA,CAF,2023-08,0.0029732082765087844,-0.04678252534983067,0.05264349084344975,4.187995007369585,-69.63410716738753,76.22572132873293
UEFA vs CAF,UEFA,CAF,2023-09,0.002649319859839497,-0.047218208693162025,0.052254369111086746,3.708876048735367,-70.03405097936502,75.67787517870038
UEFA vs CAF,UEFA,CAF,2023-10,0.0023181137469738757,-0.04767496520272911,0.051863591082735555,3.2187608209992242,-70.43117268621272,75.12852762612343
UEFA vs CAF,UEFA,CAF,2023-11,0.0019795917253102014,-0.04815314963188451,0.05147139825780683,2.717633131455358,-71.0128705943454,74.69345410401834
UEFA vs CAF,UEFA,CAF,2023-12,0.0016337555822466565,-0.04853811347290175,0.051078032135715566,2.2054757421778004,-71.69598597937494,74.25865735720173
UEFA vs CAF,UEFA,CAF,2024-01,0.0012806071051842804,-0.048808899125766955,0.05068373421587592,1.6822703451407421,-72.09971851623787,73.81827083073733
UEFA vs CAF,UEFA,CAF,2024-02,0.0009201480815213248,-0.049078040364966616,0.05028874599770361,1.1479975372277023,-72.66690497831172,73.3724324486306
UEFA vs CAF,UEFA,CAF,2024-03,0.0005523802986558946,-0.04937083437377763,0.04989330898060936,0.6026367951453273,-73.19507981155681,72.92127925389305
UEFA vs CAF,UEFA,CAF,2024-04,0.00017730554398913466,-0.04977324982018674,0.049497664664011634,0.04616645022105388,-73.70179697041723,72.46494741031357
UEFA vs CAF,UEFA,CAF,2024-05,-0.0002050743950807421,-0.05001497519823186,0.04910205454732277,-0.521436336939052,-74.21769996841898,72.00357220513837
UEFA vs CAF,UEFA,CAF,2024-06,-0.0005947577311557084,-0.05024448376115198,0.04853096771715996,-1.1001956019158576,-74.77032495473496,71.53728805273128
UEFA vs CAF,UEFA,CAF,2024-07,-0.0009917426768344417,-0.05070157239923421,0.0479336253972986,-1.6901366020877184,-75.51608121575778,71.05221128176763
UEFA vs CAF,UEFA,CAF,2024-08,-0.0013960274447188848,-0.05119860025834222,0.04731626795266656,-2.2912858424123645,-76.27189498551397,70.1562856054737
UEFA vs CAF,UEFA,CAF,2024-09,-0.00180761024741099,-0.05170987040294883,0.04693696613531998,-2.903671101361119,-77.02849853692932,69.23010102025953
UEFA vs CAF,UEFA,CAF,2024-10,-0.002226489297509345,-0.05224794292534161,0.04665799857616745,-3.5273214570304456,-77.83120330215345,68.55200378242459
UEFA vs CAF,UEFA,CAF,2024-11,-0.002652662807615974,-0.05270257014878847,0.04639348363301477,-4.162267313457348,-78.44706056613501,68.01630597293232
UEFA vs CAF,UEFA,CAF,2024-12,-0.003086128990332867,-0.05301990644049215,0.04612080786671928,-4.808540427119141,-79.00353229469933,67.55373436291784
UEFA vs CAF,UEFA,CAF,2025-01,-0.003526886058258496,-0.053325687416074526,0.04561081394594474,-5.466173933644517,-79.87272274242734,67.2201688250212
UEFA vs CAF,UEFA,CAF,2025-02,-0.003974932223994897,-0.053628654282362874,0.0452836363204183,-6.135202374763384,-80.86779294448246,66.91185751861151
UEFA vs CAF,UEFA,CAF,2025-03,-0.004430265700144217,-0.053977342939698844,0.04495084519495614,-6.815661725475973,-81.64575761947063,66.61663225025787
UEFA vs CAF,UEFA,CAF,2025-04,-0.004892884699304743,-0.05463131291441812,0.044613780233611046,-7.507589421468433,-82.23677956538727,66.33501689059445
UEFA vs CAF,UEFA,CAF,2025-05,-0.005362787434078604,-0.05529777601936261,0.04437990839064002,-8.211024386805672,-82.87487436308678,66.06753719307397
UEFA vs CAF,UEFA,CAF,2025-06,-0.005839972117067937,-0.055736242785325185,0.04419449115019866,-8.926007061879616,-83.5342680705625,65.8137647314865
UEFA vs CAF,UEFA,CAF,2025-07,-0.006324436960870966,-0.05617585739923614,0.04395978496897141,-9.652579431643064,-84.20350666173205,65.47576120159421
UEFA vs CAF,UEFA,CAF,2025-08,-0.0068161801780898985,-0.056637661202649216,0.04363111607344149,-10.390785054160249,-84.89610557391664,65.00981403498392
UEFA vs CAF,UEFA,CAF,2025-09,-0.007315199981326863,-0.057185727890114266,0.043308089222806406,-11.140669089452535,-85.64090441889307,64.54356970058863
UEFA vs CAF,UEFA,CAF,2025-10,-0.007821494583180068,-0.057735449043522194,0.04299097722840026,-11.902278328670944,-86.89102923267048,64.03791798742593
UEFA vs CAF,UEFA,CAF,2025-11,-0.008335062196251693,-0.05819901572143928,0.042668332211913435,-12.675661223627607,-87.32810661448795,63.064547325867395
UEFA vs CAF,UEFA,CAF,2025-12,-0.008855901033143949,-0.05874469713144772,0.0423292418458514,-13.460867916665066,-88.22022000556112,61.941444952111425
UEFA vs CAF,UEFA,CAF,2026-01,-0.009384009306454938,-0.05927302337469054,0.041593397181997706,-14.257950270895842,-88.75862229749661,61.4459355561066
UEFA vs CAF,UEFA,CAF,2026-02,-0.009919385228786845,-0.0598081377345165,0.041179364431907686,-15.06696190084655,-89.61001947135566,61.007228212397045
UEFA vs CAF,UEFA,CAF,2026-03,-0.01046202701274208,-0.06008836256916812,0.04080974029320976,-15.887958203485278,-90.47933300401453,60.2235870345442
UEFA vs CAF,UEFA,CAF,2026-04,-0.011011932870918435,-0.06042538785435636,0.040083198800092326,-16.720996389664844,-91.62346424823008,59.14033300591172
UEFA vs CAF,UEFA,CAF,2026-05,-0.011569101015918291,-0.061128804768563375,0.039293810354398655,-17.566135516021063,-92.29749737951332,58.300217114409506
UEFA vs CAF,UEFA,CAF,2026-06,-0.012133529660344072,-0.06164569691171988,0.03847418434438364,-18.423436517300487,-93.24712457886709,57.49488535292343
UEFA vs CAF,UEFA,CAF,2026-07,-0.012705217016793491,-0.06230647615137608,0.03764819521612738,-19.292962239155205,-94.22430290177766,56.07176247172125
UEFA vs CAF,UEFA,CAF,2026-08,-0.013284161297868935,-0.06305166186693448,0.036837137907216023,-20.174777471443814,-95.22942592850512,55.270464286324234
UEFA vs CONCACAF,UEFA,CONCACAF,1992-01,0.008955764110357346,-0.03362124086004181,0.05624371208361542,12.222804537366125,-47.50919385359957,76.26279798264147
UEFA vs CONCACAF,UEFA,CONCACAF,1992-02,0.010381375577575094,-0.031790419121603894,0.057557998266016125,14.211877665920316,-44.4241817895024,77.49434832707348
UEFA vs CONCACAF,UEFA,CONCACAF,1992-03,0.01174421515680474,-0.030092283346811088,0.05879202570002503,16.11044774944035,-43.33183559321734,78.89607470563983
UEFA vs CONCACAF,UEFA,CONCACAF,1992-04,0.013045292274068141,-0.028605556253492235,0.05984774195610888,17.9203481118175,-40.670663656173765,81.13515737869054
UEFA vs CONCACAF,UEFA,CONCACAF,1992-05,0.014285616355398401,-0.026882256976288186,0.061034350855622185,19.643382031443053,-37.868890883389945,83.14026879007805
UEFA vs CONCACAF,UEFA,CONCACAF,1992-06,0.015466196826827972,-0.025797107133929395,0.062185699950354924,21.28132398160731,-36.948219690430484,84.52102272736946
UEFA vs CONCACAF,UEFA,CONCACAF,1992-07,0.01658804311437977,-0.024873791536154145,0.0631879595023399,22.835920836755882,-35.23136412940147,85.79656477011318
UEFA vs CONCACAF,UEFA,CONCACAF,1992-08,0.01765216464408638,-0.0236992675390832,0.06412180625081215,24.308893045734557,-33.46308342141072,86.96328765544872
UEFA vs CONCACAF,UEFA,CONCACAF,1992-09,0.01865957084197983,-0.02291732274021414,0.06485889558664372,25.701935772990673,-32.33455914369683,87.86241429534346
UEFA vs CONCACAF,UEFA,CONCACAF,1992-10,0.019611271134083917,-0.02217617016351996,0.0654405000771886,27.016720008776083,-31.28086838875023,88.90981665300176
UEFA vs CONCACAF,UEFA,CONCACAF,1992-11,0.020508274946430833,-0.021475120564520233,0.06616866000411895,28.25489364933752,-30.300390907697647,89.59400905026321
UEFA vs CONCACAF,UEFA,CONCACAF,1992-12,0.021351591705052044,-0.020808693466435324,0.06712575889854223,29.418082547936905,-29.375061232793723,90.77994501032887
UEFA vs CONCACAF,UEFA,CONCACAF,1993-01,0.022142230835972353,-0.02017234333829716,0.06801718697823364,30.50789153761155,-28.11674259726245,91.79515258277227
UEFA vs CONCACAF,UEFA,CONCACAF,1993-02,0.022881201765223368,-0.019291601105563803,0.068640371855296,31.525905426526098,-26.880167679102303,92.45621578921838
UEFA vs CONCACAF,UEFA,CONCACAF,1993-03,0.023569513918836316,-0.018690860425416345,0.06913980737899492,32.47368996665122,-26.47174077579259,93.36402340148847
UEFA vs CONCACAF,UEFA,CONCACAF,1993-04,0.024208176722836684,-0.018224085940808488,0.06973164981015743,33.352792796552464,-25.555642484987377,94.26273568310481
UEFA vs CONCACAF,UEFA,CONCACAF,1993-05,0.024798199603255768,-0.01744707428990093,0.07047900958583635,34.16474435902656,-24.507081084388822,95.03441262407851
UEFA vs CONCACAF,UEFA,CONCACAF,1993-06,0.025340591986124282,-0.016718047822270286,0.0706280353936841,34.91105879421774,-23.87488392474786,95.73024299936364
UEFA vs CONCACAF,UEFA,CONCACAF,1993-07,0.025836363297468648,-0.016319968251186,0.0709988619339724,35.593234808890074,-23.328366875766676,96.45485477276071
UEFA vs CONCACAF,UEFA,CONCACAF,1993-08,0.02628652296331969,-0.015989226462251427,0.07148828931741073,36.212756522483375,-22.843571668045342,97.09898758747885
UEFA vs CONCACAF,UEFA,CONCACAF,1993-09,0.026692080409707705,-0.015523284705489759,0.07175401058554025,36.771094290499285,-22.156849202244178,97.8381168592942
UEFA vs CONCACAF,UEFA,CONCACAF,1993-10,0.02705404506265996,-0.015019908428642204,0.07233886909404867,37.26970550579231,-21.469713486087166,98.5095782891056
UEFA vs CONCACAF,UEFA,CONCACAF,1993-11,0.027373426348206803,-0.014570456890313242,0.07287663595514625,37.710035378296496,-20.82407752160981,99.15780180140284
UEFA vs CONCACAF,UEFA,CONCACAF,1993-12,0.02765123369237829,-0.014322065158064579,0.07334182013004531,38.093517693656864,-20.254150498694205,99.4902313749202
UEFA vs CONCACAF,UEFA,CONCACAF,1994-01,0.02788847652120225,-0.014121917198459054,0.07352070888311689,38.421575551247585,-19.96132119838372,99.80379230201436
UEFA vs CONCACAF,UEFA,CONCACAF,1994-02,0.02808616426070885,-0.013826350035053635,0.07366061548619604,38.69562208202283,-19.543668480054066,100.0919656293075
UEFA vs CONCACAF,UEFA,CONCACAF,1994-03,0.028245306336927695,-0.013812546789061075,0.07376252953212849,38.917061146595664,-19.350834024150604,100.31177011558437
UEFA vs CONCACAF,UEFA,CONCACAF,1994-04,0.02836691217588732,-0.01363911318708033,0.0738165900758256,39.08728801394719,-19.107239052790327,100.49788977871654
UEFA vs CONCACAF,UEFA,CONCACAF,1994-05,0.028451991203617504,-0.013483292352221853,0.073832471093478,39.20769002113164,-18.88625605931952,100.8446035769923
UEFA vs CONCACAF,UEFA,CONCACAF,1994-06,0.02850155284614764,-0.013384618099992984,0.07381413799486551,39.279647214309364,-18.71934198257528,101.20967630761253
UEFA vs CONCACAF,UEFA,CONCACAF,1994-07,0.028516606529506817,-0.013427744013111465,0.07376256446706864,39.304532971434625,-18.84172369432132,101.50458472284814
UEFA vs CONCACAF,UEFA,CONCACAF,1994-08,0.02849816167972449,-0.013534557279677183,0.07367872419716505,39.283714606893916,-18.761945412777877,101.45783279377078
UEFA vs CONCACAF,UEFA,CONCACAF,1994-09,0.028447227722829833,-0.013657425287347412,0.07366219442894194,39.21855395836801,-18.965915748004985,101.38047616549092
UEFA vs CONCACAF,UEFA,CONCACAF,1994-10,0.028364814084852447,-0.01380680561596912,0.07374548025089034,39.11040795617705,-19.242453857304152,101.27347154235713
UEFA vs CONCACAF,UEFA,CONCACAF,1994-11,0.02825193019182153,-0.014112051721636253,0.07359756922765047,38.96062917534101,-19.531254152184065,101.19205531306233
UEFA vs CONCACAF,UEFA,CONCACAF,1994-12,0.028109585469765958,-0.014389938141594217,0.07353289578476188,38.770566370575345,-19.831809736721034,101.14854638673637
UEFA vs CONCACAF,UEFA,CONCACAF,1995-01,0.027938789344715866,-0.014611936373327116,0.07344304478340037,38.541564994421236,-20.127541113842742,101.07073675126551
UEFA vs CONCACAF,UEFA,CONCACAF,1995-02,0.02774055124270024,-0.014832069547540083,0.07329547128249869,38.27496769868383,-20.430747347927387,100.95319444090609
UEFA vs CONCACAF,UEFA,CONCACAF,1995-03,0.027515880589747712,-0.015055461872486697,0.07303628879924781,37.97211481935159,-20.74450981669506,100.80237159373381
UEFA vs CONCACAF,UEFA,CONCACAF,1995-04,0.02726578681188887,-0.015276811236749798,0.07275620974954541,37.63434484514137,-21.06832984365941,100.62059824437685
UEFA vs CONCACAF,UEFA,CONCACAF,1995-05,0.026991279335152392,-0.015519276935960313,0.07245616123733518,37.2629948697901,-21.497576877607557,100.40900357078728
UEFA vs CONCACAF,UEFA,CONCACAF,1995-06,0.0266933675855668,-0.015775807013966015,0.07213707036655743,36.85940102822428,-21.957367457590156,100.16871551914429
UEFA vs CONCACAF,UEFA,CONCACAF,1995-07,0.02637306098916306,-0.016031473365631932,0.07179986424115772,36.42489891670192,-22.444298716555295,99.90086117141354
UEFA vs CONCACAF,UEFA,CONCACAF,1995-08,0.026031368971969657,-0.016292510609945632,0.07144546996507548,35.96082399700175,-22.957140626787215,99.60656709925998
UEFA vs CONCACAF,UEFA,CONCACAF,1995-09,0.025669300960014917,-0.016710663300494134,0.07107481464225433,35.46851198475285,-23.352637042669276,99.12454781425079
UEFA vs CONCACAF,UEFA,CONCACAF,1995-10,0.025287866379330174,-0.017208753717997505,0.07078045537596529,34.949299221955435,-24.031288103131875,98.5527401321604
UEFA vs CONCACAF,UEFA,CONCACAF,1995-11,0.024888074655943702,-0.017728906733555184,0.07049659844065935,34.40452303372606,-24.671596416979902,97.9413541458284
UEFA vs CONCACAF,UEFA,CONCACAF,1995-12,0.02447093521588378,-0.01822504324393397,0.07019654560064272,33.83552206932712,-25.29360238961873,97.29626414602878
UEFA vs CONCACAF,UEFA,CONCACAF,1996-01,0.024037457485181903,-0.018678848272560344,0.06988116683694864,33.24363662749191,-25.935762910188725,96.69427846427678
UEFA vs CONCACAF,UEFA,CONCACAF,1996-02,0.023588650889866333,-0.019145576246564076,0.06955098891363862,32.63020896604367,-26.596796720095355,96.2406701538696
UEFA vs CONCACAF,UEFA,CONCACAF,1996-03,0.02312552485596507,-0.019624281029965784,0.0691681843643975,31.996583595836846,-27.29530591869635,95.77423983818665
UEFA vs CONCACAF,UEFA,CONCACAF,1996-04,0.022649088809509978,-0.020111450017816068,0.0686858227843361,31.344107559000694,-28.200585201910823,95.29591253459867
UEFA vs CONCACAF,UEFA,CONCACAF,1996-05,0.02216035217652914,-0.020595354371007835,0.06819360388944498,30.674130691449765,-29.11455477433152,94.80661541675937
UEFA vs CONCACAF,UEFA,CONCACAF,1996-06,0.021660324383050468,-0.021103301283928698,0.06760662893373678,29.98800586966615,-29.85004634095028,94.21368011239699
UEFA vs CONCACAF,UEFA,CONCACAF,1996-07,0.021150014855106068,-0.021599300802299704,0.06696331823263837,29.287089241703747,-30.50733446038381,93.42001934279362
UEFA vs CONCACAF,UEFA,CONCACAF,1996-08,0.020630433018723863,-0.022098997094436433,0.06630485647654034,28.572740442352824,-31.004489144763703,92.6159681062087
UEFA vs CONCACAF,UEFA,CONCACAF,1996-09,0.020102588299931733,-0.02255407588544798,0.06578334000721549,27.846322792449097,-31.58813831393329,91.80290163671233
UEFA vs CONCACAF,UEFA,CONCACAF,1996-10,0.019567490124761854,-0.023160425346230307,0.06537155045219624,27.109203482252596,-32.35211123295769,90.9821992909582
UEFA vs CONCACAF,UEFA,CONCACAF,1996-11,0.0190261479192422,-0.023691689912470483,0.06495562706680254,26.362753738814828,-33.11221518888261,90.15524468632461
UEFA vs CONCACAF,UEFA,CONCACAF,1996-12,0.018479571109400506,-0.024083344100353975,0.06441708227658766,25.608348977298842,-33.867430295714,89.32342582386204
UEFA vs CONCACAF,UEFA,CONCACAF,1997-01,0.017928769121269124,-0.024457655279914236,0.06383663603462617,24.847368936161438,-34.62691123235953,88.87049303152683
UEFA vs CONCACAF,UEFA,CONCACAF,1997-02,0.017374751380875852,-0.0250457495874699,0.06324674377448515,24.081197796096845,-35.38937762465569,88.44330998636285
UEFA vs CONCACAF,UEFA,CONCACAF,1997-03,0.016818527314248523,-0.025677211754943086,0.06265202929786451,23.311224282695992,-36.15354419393143,87.8650021318346
UEFA vs CONCACAF,UEFA,CONCACAF,1997-04,0.016261106347419445,-0.026308145756815282,0.062052213155869174,22.538841752714042,-36.951093815338275,86.89914149199254
UEFA vs CONCACAF,UEFA,CONCACAF,1997-05,0.015703497906416515,-0.02692369083670787,0.06152514870421827,21.76544826383698,-37.70137148197473,85.92137480977514
UEFA vs CONCACAF,UEFA,CONCACAF,1997-06,0.015146711417267457,-0.027336819422995127,0.06103320382761765,20.992446627889684,-38.480908864230436,84.9296528970697
UEFA vs CONCACAF,UEFA,CONCACAF,1997-07,0.014591756306004651,-0.027696851464268233,0.060543322690047176,20.221244447372275,-39.25683792938099,83.9381663731137
UEFA vs CONCACAF,UEFA,CONCACAF,1997-08,0.014039641998655887,-0.028056084959071456,0.06005643704928895,19.453254135206723,-40.01048495111174,82.94893265862888
UEFA vs CONCACAF,UEFA,CONCACAF,1997-09,0.013491377921249032,-0.028414065166267696,0.059573478663127094,18.689892917633973,-40.75702913211319,81.96397579943378
UEFA vs CONCACAF,UEFA,CONCACAF,1997-10,0.012947973499816317,-0.02891663016628918,0.059091800735415215,17.93258282014256,-41.28993056607474,81.30833018431427
UEFA vs CONCACAF,UEFA,CONCACAF,1997-11,0.01241043816038565,-0.029486789844658287,0.05859726617162768,17.18275063631235,-42.10970272383624,80.68172611776941
UEFA vs CONCACAF,UEFA,CONCACAF,1997-12,0.011879781328984904,-0.03005032022913796,0.05800243210463808,16.44182787951106,-42.98179732258389,80.06353000811099
UEFA vs CONCACAF,UEFA,CONCACAF,1998-01,0.011357012431646225,-0.030606199006860766,0.05741412954513877,15.711250717328564,-43.70954480633519,79.45502984954173
UEFA vs CONCACAF,UEFA,CONCACAF,1998-02,0.01084314089439756,-0.031153403864962924,0.05683361805860121,14.992459888635958,-44.607845802153825,78.85751676638348
UEFA vs CONCACAF,UEFA,CONCACAF,1998-03,0.0103391761432668,-0.03168963077874003,0.05626215721049281,14.286900603211668,-45.53059691116217,78.27228495491075
UEFA vs CONCACAF,UEFA,CONCACAF,1998-04,0.009846127604286074,-0.03221344920317,0.0557010065662921,13.596022423827936,-46.39340487806656,77.70063161408005
UEFA vs CONCACAF,UEFA,CONCACAF,1998-05,0.00936500470348325,-0.032725738851917985,0.05515142569146639,12.921279130692792,-47.226462427343016,77.143856865106
UEFA vs CONCACAF,UEFA,CONCACAF,1998-06,0.008896816866886438,-0.033195673707657615,0.05461467415148742,12.264128568201908,-48.12094329081721,76.60326365988534
UEFA vs CONCACAF,UEFA,CONCACAF,1998-07,0.008442573520527496,-0.03364590471103464,0.054092011511830136,11.626032473903493,-48.73643057962949,76.0166082523666
UEFA vs CONCACAF,UEFA,CONCACAF,1998-08,0.008003284090434453,-0.034152987015955726,0.05358469733796623,11.008456289589933,-49.46204985010396,75.3364252338402
UEFA vs CONCACAF,UEFA,CONCACAF,1998-09,0.0075799580026355015,-0.0346088399527114,0.05309399119536387,10.412868954482498,-50.15225842333361,74.6786595316787
UEFA vs CONCACAF,UEFA,CONCACAF,1998-10,0.007173604683162239,-0.034988229839558335,0.05262115264949989,9.840742680432253,-50.79598263203095,74.04508321853285
UEFA vs CONCACAF,UEFA,CONCACAF,1998-11,0.006785233558042861,-0.03534841376946174,0.05216744126584422,9.293552709072305,-51.29881817299089,73.43747209189642
UEFA vs CONCACAF,UEFA,CONCACAF,1998-12,0.00641585405330566,-0.03568967903087223,0.05173411660986674,8.772777050905658,-51.77364962978798,72.8576054490637
UEFA vs CONCACAF,UEFA,CONCACAF,1999-01,0.00606625358429021,-0.036011303240300795,0.05132217072511507,8.279581482524177,-52.219352901427314,72.30689597028343
UEFA vs CONCACAF,UEFA,CONCACAF,1999-02,0.0057363315235657904,-0.036338304268692535,0.05093152556742333,7.81387354982773,-52.63606383153234,71.78527821405677
UEFA vs CONCACAF,UEFA,CONCACAF,1999-03,0.005425765233010155,-0.03666286135982642,0.05056183557069817,7.375243926530687,-53.024235722298144,71.29231526059866
UEFA vs CONCACAF,UEFA,CONCACAF,1999-04,0.005134232074503491,-0.03696467953390163,0.05021275516884879,6.963280805707228,-53.384324581636065,70.8275682058302
UEFA vs CONCACAF,UEFA,CONCACAF,1999-05,0.004861409409923539,-0.037437245531333964,0.049883938795783574,6.577569968124104,-53.90200824910645,70.39059620498037
UEFA vs CONCACAF,UEFA,CONCACAF,1999-06,0.004606974601148079,-0.037859487928021185,0.04957172010531002,6.217694849930878,-54.580670772470455,69.98095651589459
UEFA vs CONCACAF,UEFA,CONCACAF,1999-07,0.004370605010057149,-0.038041224974841234,0.04927777490305572,5.88323660967782,-55.21925057157275,69.59820454206383
UEFA vs CONCACAF,UEFA,CONCACAF,1999-08,0.004151977998528494,-0.03820678268123503,0.049003204301718055,5.5737741946336055,-55.65005836113388,69.24189387530488
UEFA vs CONCACAF,UEFA,CONCACAF,1999-09,0.003950770928440127,-0.038324339092261,0.048747660017724286,5.288884406404155,-55.95144007371749,68.91157633814899
UEFA vs CONCACAF,UEFA,CONCACAF,1999-10,0.003766661161671755,-0.03842516199015007,0.04854592872057031,5.0281419658236475,-56.22139206548775,68.6332202846065
UEFA vs CONCACAF,UEFA,CONCACAF,1999-11,0.003599326060101257,-0.03850958332765182,0.04846123489188588,4.7911195770950625,-56.461257854435054,68.44889596162555
UEFA vs CONCACAF,UEFA,CONCACAF,1999-12,0.003448442985606899,-0.03865515912850102,0.04838985732196929,4.577387991178978,-56.671587492992956,68.28900678135761
UEFA vs CONCACAF,UEFA,CONCACAF,2000-01,0.0033136893000679513,-0.03883275944652294,0.04833150904591048,4.3865160684041795,-56.852558165856955,68.15309904246423
UEFA vs CONCACAF,UEFA,CONCACAF,2000-02,0.0031947423653625783,-0.03899028768002903,0.04828590309879593,4.218070840283113,-56.97039531870679,68.06171435053311
UEFA vs CONCACAF,UEFA,CONCACAF,2000-03,0.0030912795433690322,-0.03912688425899495,0.048252752515715355,4.071617570525575,-57.060948466844685,68.01494017382126
UEFA vs CONCACAF,UEFA,CONCACAF,2000-04,0.0030029781959664335,-0.039243327562243115,0.04823177033175959,3.9467198152312077,-57.124809635976966,67.98131969840887
UEFA vs CONCACAF,UEFA,CONCACAF,2000-05,0.0029295156850330127,-0.03933627622034606,0.04822266958201424,3.8429394822435223,-57.16257245555973,67.9605676720396
UEFA vs CONCACAF,UEFA,CONCACAF,2000-06,0.0028705693724471724,-0.039388289891590225,0.04822516330156994,3.7598368896598378,-57.23575392522416,67.95239799217359
UEFA vs CONCACAF,UEFA,CONCACAF,2000-07,0.002825816620087791,-0.039429069175152966,0.048238448213330704,3.696970823479014,-57.37655753927013,67.95652373264068
UEFA vs CONCACAF,UEFA,CONCACAF,2000-08,0.0027949347898332077,-0.039458864230219916,0.04826267161816083,3.6538985943736293,-57.38089934802129,67.9726571699423
UEFA vs CONCACAF,UEFA,CONCACAF,2000-09,0.0027776012435619325,-0.039487300090269836,0.0482977271456486,3.6301760935790797,-57.359367072846325,68.00050980918249
UEFA vs CONCACAF,UEFA,CONCACAF,2000-10,0.002773493343152653,-0.039545736059000136,0.04834332686111255,3.6253578478845223,-57.304057513738975,68.03979240963105
UEFA vs CONCACAF,UEFA,CONCACAF,2000-11,0.0027822884504838264,-0.039570430233239584,0.04839918282987132,3.6389970737149313,-57.225576055438594,68.09021500992094
UEFA vs CONCACAF,UEFA,CONCACAF,2000-12,0.002803663927434011,-0.039622624931965646,0.04846500711724015,3.670645730295533,-57.16700017725576,68.15148695286673
UEFA vs CONCACAF,UEFA,CONCACAF,2001-01,0.0028372971358816747,-0.039622394985253793,0.048540511788537494,3.719854571886358,-57.14065157086312,68.22517822139436
UEFA vs CONCACAF,UEFA,CONCACAF,2001-02,0.0028828654377054163,-0.039499720851046985,0.04862540890908039,3.7861731990788288,-56.96642979078329,68.35895327828571
UEFA vs CONCACAF,UEFA,CONCACAF,2001-03,0.002940046194783952,-0.039394443993721225,0.048719410544188164,3.8691501091439346,-56.77465779423028,68.51018414137845
UEFA vs CONCACAF,UEFA,CONCACAF,2001-04,0.0030085167689955015,-0.03934624214429938,0.048822228759176065,3.9683327454226776,-56.58899171930366,68.6783945858697
UEFA vs CONCACAF,UEFA,CONCACAF,2001-05,0.0030879545222187456,-0.03928691308190766,0.04893357561936181,4.083267545753594,-56.54643600741802,68.86310732623934
UEFA vs CONCACAF,UEFA,CONCACAF,2001-06,0.00317803681633245,-0.03921911893498349,0.04905316319006571,4.213499989924913,-56.48540505909995,69.06384406604768
UEFA vs CONCACAF,UEFA,CONCACAF,2001-07,0.0032784410132147613,-0.03913034000676689,0.049180703536600416,4.358574646145388,-56.537523114911274,69.28012554673587
UEFA vs CONCACAF,UEFA,CONCACAF,2001-08,0.0033888444747443725,-0.03896501726391275,0.04931590872428703,4.518035216529563,-56.67091969183563,69.51147159546758
UEFA vs CONCACAF,UEFA,CONCACAF,2001-09,0.00350892456280016,-0.03878774954786977,0.0494584908184416,4.691424581585832,-56.697266250888035,69.75709445563918
UEFA vs CONCACAF,UEFA,CONCACAF,2001-10,0.0036383586392600455,-0.03863849470100739,0.04960774727172594,4.878284843701811,-56.57979404122343,69.97181034890303
UEFA vs CONCACAF,UEFA,CONCACAF,2001-11,0.003776824066002913,-0.03869927250525884,0.04976344133796562,5.07815736962655,-56.58297485155883,70.08668077452839
UEFA vs CONCACAF,UEFA,CONCACAF,2001-12,0.003923998204907669,-0.03871326623398641,0.049925564505103485,5.290582831935203,-56.45929924421184,70.32957989601206
UEFA vs CONCACAF,UEFA,CONCACAF,2002-01,0.004079558417852076,-0.03875760216976363,0.05009382980822681,5.515101249474521,-56.155120417301085,70.58035311889414
UEFA vs CONCACAF,UEFA,CONCACAF,2002-02,0.0042431820667150535,-0.03870825845389105,0.05026578209629465,5.751252026789566,-55.947382419139906,70.8392381024523
UEFA vs CONCACAF,UEFA,CONCACAF,2002-03,0.00441454651337565,-0.03856903799905429,0.050441829396300916,5.998573992517034,-55.75205712021364,71.10063800279701
UEFA vs CONCACAF,UEFA,CONCACAF,2002-04,0.004593329119711417,-0.03842087647239682,0.05062319111789332,6.256605436744639,-55.544928522018616,71.34139693064455
UEFA vs CONCACAF,UEFA,CONCACAF,2002-05,0.004779207247601419,-0.03826411087225927,0.050809585331843224,6.524884147340129,-55.323141752137026,71.52162864866541
UEFA vs CONCACAF,UEFA,CONCACAF,2002-06,0.004971858258924713,-0.038093846610005894,0.05100073010891863,6.80294744523282,-55.08081239479657,71.71114485655019
UEFA vs CONCACAF,UEFA,CONCACAF,2002-07,0.005170959515558727,-0.03790689005656076,0.051153484461286335,7.09033221865064,-54.827882637412436,71.90957249557194
UEFA vs CONCACAF,UEFA,CONCACAF,2002-08,0.005376188379382649,-0.03770895304487749,0.051285241966272946,7.3865749563166245,-54.56479267626728,72.11653803313584
UEFA vs CONCACAF,UEFA,CONCACAF,2002-09,0.005587222212275503,-0.03750370364340361,0.05142399802365766,7.691211779587327,-54.27087980679702,72.331667477761
UEFA vs CONCACAF,UEFA,CONCACAF,2002-10,0.005803738376114678,-0.03729149586975726,0.05156948748607889,8.003778473538437,-53.79077487070258,72.65810090196612
UEFA vs CONCACAF,UEFA,CONCACAF,2002-11,0.006025414232779358,-0.03711185655737652,0.051776550130749784,8.323810517001851,-53.30371231642727,73.04103662938185
UEFA vs CONCACAF,UEFA,CONCACAF,2002-12,0.006251927144148644,-0.03685443693524961,0.052051426087734665,8.650843111537133,-52.810300695224406,73.43034727582534
UEFA vs CONCACAF,UEFA,CONCACAF,2003-01,0.006482954472099875,-0.03663272807401104,0.052331028251042605,8.984411209343452,-52.48381684451957,73.82548831061969
UEFA vs CONCACAF,UEFA,CONCACAF,2003-02,0.006718173578512187,-0.03640547145790305,0.05261287201456386,9.324049540117374,-52.15908374754956,74.22591497978941
UEFA vs CONCACAF,UEFA,CONCACAF,2003-03,0.0069572618252647786,-0.03617301195121847,0.052826065782160335,9.669292636840007,-51.82650225149919,74.63108233251052
UEFA vs CONCACAF,UEFA,CONCACAF,2003-04,0.007199896574234922,-0.03593569441825273,0.05303687717974363,10.019674860499283,-51.48658287776368,75.04044524638883
UEFA vs CONCACAF,UEFA,CONCACAF,2003-05,0.007445755187301786,-0.03569024361155759,0.05332334590710874,10.374730423755091,-51.1398362102951,75.39279255265565
UEFA vs CONCACAF,UEFA,CONCACAF,2003-06,0.007694515026344589,-0.035435616985666975,0.05359755411884821,10.733993413529705,-50.78677286163432,75.7280415254133
UEFA vs CONCACAF,UEFA,CONCACAF,2003-07,0.007945853453240507,-0.03517707879930247,0.05382988160339916,11.096997812530653,-50.427903440762464,76.06447805090099
UEFA vs CONCACAF,UEFA,CONCACAF,2003-08,0.008199447829868804,-0.03487328872046329,0.05412767312660729,11.46327751971465,-50.063738522809636,76.40169869571268
UEFA vs CONCACAF,UEFA,CONCACAF,2003-09,0.008454975518108672,-0.0345074125284587,0.05444785714928817,11.832366369674183,-49.6947886206206,76.7392999589312
UEFA vs CONCACAF,UEFA,CONCACAF,2003-10,0.008712113879837247,-0.034139014961303844,0.05463715191580451,12.203798150955711,-49.32156415816904,77.07312760884814
UEFA vs CONCACAF,UEFA,CONCACAF,2003-11,0.008970540276933807,-0.03394508836917822,0.054950319569548024,12.577106623318054,-48.9445754458,77.40649545041504
UEFA vs CONCACAF,UEFA,CONCACAF,2003-12,0.009229932071277633,-0.03375169654941708,0.055263120815486164,12.951825533912743,-48.57739875948815,77.73906875825517
UEFA vs CONCACAF,UEFA,CONCACAF,2004-01,0.009489966624745777,-0.03355686580258821,0.05557519255650533,13.32748863239551,-48.34750625221292,78.07044640000824
UEFA vs CONCACAF,UEFA,CONCACAF,2004-02,0.009750321299217523,-0.03332520318887937,0.055884696661867614,13.703629684978816,-48.104466046687364,78.40022724056807
UEFA vs CONCACAF,UEFA,CONCACAF,2004-03,0.01001067345657217,-0.03305584982266727,0.05619185162138631,14.079782487406462,-47.85751631912424,78.728010151092
UEFA vs CONCACAF,UEFA,CONCACAF,2004-04,0.01027070045868673,-0.032779551125637726,0.05645472668907256,14.455480876860019,-47.419011785545294,79.0533940172263
UEFA vs CONCACAF,UEFA,CONCACAF,2004-05,0.010530079667440522,-0.03243754302146664,0.05670365599436157,14.830258742807642,-46.86243523901269,79.46565080247402
UEFA vs CONCACAF,UEFA,CONCACAF,2004-06,0.010788488444712821,-0.03209138678309129,0.056950880354009255,15.203650036775798,-46.304622301896025,79.93385729118336
UEFA vs CONCACAF,UEFA,CONCACAF,2004-07,0.011045604152380768,-0.031746542795840195,0.05719603501431826,15.575188781054763,-45.94757127200852,80.39831087468554
UEFA vs CONCACAF,UEFA,CONCACAF,2004-08,0.011301104152323514,-0.03140349351077343,0.05743875522159544,15.944409076347158,-45.64918051342606,80.85846974349452
UEFA vs CONCACAF,UEFA,CONCACAF,2004-09,0.011554665806420372,-0.031204540223770304,0.05767867622214603,16.31084510834238,-45.15921372633685,81.3137923422319
UEFA vs CONCACAF,UEFA,CONCACAF,2004-10,0.011805966476548453,-0.031029376210604642,0.05791507160666603,16.67403115322555,-44.673190592989506,81.66951165536881
UEFA vs CONCACAF,UEFA,CONCACAF,2004-11,0.012054683524587073,-0.030853465429232684,0.058147615985117154,17.033501582132118,-44.28199289846792,82.00207383998648
UEFA vs CONCACAF,UEFA,CONCACAF,2004-12,0.012300494312415327,-0.03061853036247748,0.05837626610098392,17.388790864529074,-43.90718397147945,82.32913772799975
UEFA vs CONCACAF,UEFA,CONCACAF,2005-01,0.012543076201910523,-0.03035970103384984,0.05860065553271447,17.739433570534555,-43.57128197748785,82.65020050480788
UEFA vs CONCACAF,UEFA,CONCACAF,2005-02,0.012782106554951808,-0.03010347127091819,0.05882041785876051,18.084964372182643,-43.261475848501284,82.96475955298816
UEFA vs CONCACAF,UEFA,CONCACAF,2005-03,0.01301726273341839,-0.029850184980680216,0.0590351866575735,18.424918043618742,-42.95505558168636,83.2833698785545
UEFA vs CONCACAF,UEFA,CONCACAF,2005-04,0.01324822209918754,-0.029594005349365026,0.059244595507603366,18.758829460233468,-42.65243980283814,83.70718629695672
UEFA vs CONCACAF,UEFA,CONCACAF,2005-05,0.013474662014138432,-0.029341781899667695,0.05944827798730176,19.086233596744364,-42.35135352420361,84.11601447467449
UEFA vs CONCACAF,UEFA,CONCACAF,2005-06,0.013696259840150181,-0.02909390493048689,0.05964586767511767,19.406665524208943,-42.054717026570984,84.50913695674932
UEFA vs CONCACAF,UEFA,CONCACAF,2005-07,0.013912692939100189,-0.02885072989998236,0.05983699814950346,19.719660405978427,-41.76328081712567,84.88583641692831
UEFA vs CONCACAF,UEFA,CONCACAF,2005-08,0.014123638672867528,-0.02861952912474819,0.060062772567876455,20.024753492599196,-41.477470572983975,85.24410019213192
UEFA vs CONCACAF,UEFA,CONCACAF,2005-09,0.014328774403331357,-0.02842306351436874,0.06029237519802157,20.321480115647624,-41.146105797600455,85.58373558511425
UEFA vs CONCACAF,UEFA,CONCACAF,2005-10,0.014527777492369054,-0.02823261094753491,0.06051518143117579,20.60937568050533,-40.815545055087014,85.90534580544542
UEFA vs CONCACAF,UEFA,CONCACAF,2005-11,0.014720325301859771,-0.028032879497199747,0.06073083395162972,20.88797565808296,-40.55727325296689,86.20822751699359
UEFA vs CONCACAF,UEFA,CONCACAF,2005-12,0.01490617167276239,-0.027833995718439208,0.06093905888872932,21.156925583531937,-40.34410826463363,86.49186235880056
UEFA vs CONCACAF,UEFA,CONCACAF,2006-01,0.015085376362353867,-0.027660839077456645,0.061139916152055405,21.416311075118255,-40.13567846148074,86.75647194564189
UEFA vs CONCACAF,UEFA,CONCACAF,2006-02,0.015258075606992558,-0.027492258073616372,0.06133354909624608,21.666327812297986,-39.92157286866933,86.9988631154715
UEFA vs CONCACAF,UEFA,CONCACAF,2006-03,0.015424405643036767,-0.027328139846225997,0.061520101075940414,21.9071715270474,-39.68728530750387,87.27001579118254
UEFA vs CONCACAF,UEFA,CONCACAF,2006-04,0.015584502706843341,-0.0271683715345973,0.0616997154457754,22.139038002515345,-39.4578903540733,87.53959629821607
UEFA vs CONCACAF,UEFA,CONCACAF,2006-05,0.015738503034770635,-0.02701284027804034,0.06187253556039088,22.36212307173555,-39.233921755162804,87.79593249240942
UEFA vs CONCACAF,UEFA,CONCACAF,2006-06,0.015886542863176888,-0.02686143321586596,0.06203870477442657,22.576622616386576,-39.01610125206256,88.03932695800245
UEFA vs CONCACAF,UEFA,CONCACAF,2006-07,0.016028758428419065,-0.0267140374873835,0.06219836644251802,22.782732565607194,-38.80426183864554,88.27008235337536
UEFA vs CONCACAF,UEFA,CONCACAF,2006-08,0.016165285966855465,-0.02657025989116444,0.06235166391930499,22.980648894872683,-38.5982365430954,88.48850140892438
UEFA vs CONCACAF,UEFA,CONCACAF,2006-09,0.01629626171484427,-0.026428968547911325,0.06249874055942802,23.170567624920913,-38.41920677866316,88.69488692502843
UEFA vs CONCACAF,UEFA,CONCACAF,2006-10,0.01642182190874259,-0.026291448609103308,0.06263973971752267,23.352684820735593,-38.24941825840242,88.88954177011806
UEFA vs CONCACAF,UEFA,CONCACAF,2006-11,0.01654210278490861,-0.026157584793918876,0.06277480474822869,23.527196590590844,-38.085986154143754,89.07276887882674
UEFA vs CONCACAF,UEFA,CONCACAF,2006-12,0.01665724057970046,-0.02602726182153501,0.06290407900618583,23.6942990851481,-37.91762581498508,89.2448712502577
UEFA vs CONCACAF,UEFA,CONCACAF,2007-01,0.01676737152947534,-0.025900364411131128,0.06302770584602953,23.85418849661114,-37.69801893276748,89.4061519463275
UEFA vs CONCACAF,UEFA,CONCACAF,2007-02,0.01687263187059147,-0.025776777281887497,0.06314445362286225,24.00706105794313,-37.48391325688101,89.5569140902281
UEFA vs CONCACAF,UEFA,CONCACAF,2007-03,0.016973157839406873,-0.02565638515298274,0.0632084102283172,24.153113042137598,-37.29970347355213,89.69746086497317
UEFA vs CONCACAF,UEFA,CONCACAF,2007-04,0.01706908567227889,-0.025554546087394492,0.0633233406342347,24.292540761548963,-37.133638666918536,89.78877775022185
UEFA vs CONCACAF,UEFA,CONCACAF,2007-05,0.01716055160556562,-0.025464076438183714,0.0634790665324021,24.425540567285132,-36.97177629198041,89.8655515693278
UEFA vs CONCACAF,UEFA,CONCACAF,2007-06,0.017247691875625134,-0.025396128068490276,0.06358429965443228,24.552308848656086,-36.813951631519906,89.93393715221256
UEFA vs CONCACAF,UEFA,CONCACAF,2007-07,0.017330642718814727,-0.02533467851807174,0.06368497899252848,24.673042032682154,-36.659999959796274,89.99421755779052
UEFA vs CONCACAF,UEFA,CONCACAF,2007-08,0.017409540371492605,-0.02525667224248416,0.06377744809934746,24.787936583665754,-36.5455426087272,90.04667589837985
UEFA vs CONCACAF,UEFA,CONCACAF,2007-09,0.01748452107001662,-0.025176547242526624,0.06386216355020004,24.897189002818976,-36.47852343735028,90.09159533958078
UEFA vs CONCACAF,UEFA,CONCACAF,2007-10,0.017555721050744374,-0.025101338243384008,0.06394252793761938,25.000995827953453,-36.419910322483666,90.12925910020986
UEFA vs CONCACAF,UEFA,CONCACAF,2007-11,0.017623276550033783,-0.025026597114715398,0.06401868395051186,25.09955363323154,-36.368978432961875,90.15995045230018
UEFA vs CONCACAF,UEFA,CONCACAF,2007-12,0.017687323804242934,-0.02495095923072599,0.06409077427778653,25.193059028977203,-36.32453025878054,90.18395272115683
UEFA vs CONCACAF,UEFA,CONCACAF,2008-01,0.017747999049729263,-0.02483641435566697,0.06415894160834802,25.281708661546855,-36.2874502407123,90.20154928546349
UEFA vs CONCACAF,UEFA,CONCACAF,2008-02,0.017805438522850783,-0.02472472853698444,0.06422332863110278,25.365699213264335,-36.257425734607565,90.21302357746517
UEFA vs CONCACAF,UEFA,CONCACAF,2008-03,0.01785977845996553,-0.024615809037912495,0.06427314225119565,25.445227402414456,-36.1512961268402,90.21865908319865
UEFA vs CONCACAF,UEFA,CONCACAF,2008-04,0.017911155097430954,-0.024524210196796712,0.06429290435298553,25.52048998329787,-36.04544586569146,90.21873934278369
UEFA vs CONCACAF,UEFA,CONCACAF,2008-05,0.017959704671605098,-0.024448274662833745,0.06438602954014519,25.591683746350245,-35.938025374814984,90.2135479507833
UEFA vs CONCACAF,UEFA,CONCACAF,2008-06,0.01800556341884589,-0.0243732943762498,0.06445639838674233,25.659005518320022,-35.83317728000377,90.22333576428535
UEFA vs CONCACAF,UEFA,CONCACAF,2008-07,0.018048867575510948,-0.024299852113069287,0.06451053029334694,25.72265216250883,-35.730821727993295,90.40852656676782
UEFA vs CONCACAF,UEFA,CONCACAF,2008-08,0.01808975337795818,-0.024227894654753657,0.06456180584612511,25.78282057907485,-35.63087883993775,90.59150810349595
UEFA vs CONCACAF,UEFA,CONCACAF,2008-09,0.018128357062545584,-0.024131156001654785,0.0646045712363556,25.839707705396886,-35.533268712111955,90.7723673761592
UEFA vs CONCACAF,UEFA,CONCACAF,2008-10,0.018164814865630728,-0.02401368124693488,0.06464475550977576,25.893510516499862,-35.43791141652946,90.87439397496719
UEFA vs CONCACAF,UEFA,CONCACAF,2008-11,0.018199263023571572,-0.023896731701704522,0.06468249865356047,25.944426025544427,-35.344727001488884,90.88531899932141
UEFA vs CONCACAF,UEFA,CONCACAF,2008-12,0.018231837772726054,-0.023780263402015354,0.06471794065488572,25.992651284376706,-35.24971189252504,90.89248276790454
UEFA vs CONCACAF,UEFA,CONCACAF,2009-01,0.01826267534945178,-0.02368585146246094,0.0647512215009299,26.038383384140424,-35.15496659342521,90.89617925533129
UEFA vs CONCACAF,UEFA,CONCACAF,2009-02,0.018291911990106765,-0.023735276231486545,0.06478248117886633,26.0818194559526,-35.061950038070314,90.89670248951121
UEFA vs CONCACAF,UEFA,CONCACAF,2009-03,0.01831968393104882,-0.023779863933543765,0.06481185967587426,26.123156671639514,-34.93129171885105,90.89434655261722
UEFA vs CONCACAF,UEFA,CONCACAF,2009-04,0.01834612740863568,-0.023726654910394405,0.06483949697912794,26.162592244535958,-34.76138947709169,90.88940558215194
UEFA vs CONCACAF,UEFA,CONCACAF,2009-05,0.018371378659225224,-0.023674485061339335,0.06486553307580571,26.2003234303469,-34.70626254660912,90.8821737721307
UEFA vs CONCACAF,UEFA,CONCACAF,2009-06,0.018395573919175397,-0.02362329060349877,0.06489010795308099,26.236547528070822,-34.72483358709392,90.87294537435832
UEFA vs CONCACAF,UEFA,CONCACAF,2009-07,0.018418849424843856,-0.023668034964511173,0.0649133615981338,26.271461880985076,-34.65250507012187,90.8816753321396
UEFA vs CONCACAF,UEFA,CONCACAF,2009-08,0.018441341412588533,-0.02371562851854816,0.06493543399813673,26.305263877694735,-34.58144868792806,90.91922445560277
UEFA vs CONCACAF,UEFA,CONCACAF,2009-09,0.018463186118767298,-0.023762968245752435,0.0649455846068819,26.33815095324242,-34.60655179433173,90.95531794426434
UEFA vs CONCACAF,UEFA,CONCACAF,2009-10,0.018484519779737852,-0.023809823703104492,0.06495382830234302,26.370320590280862,-34.67414446599333,90.99015355619873
UEFA vs CONCACAF,UEFA,CONCACAF,2009-11,0.01850547863185813,-0.023853665117213384,0.06496214139264174,26.401970320308365,-34.73773124814244,91.0231496937245
UEFA vs CONCACAF,UEFA,CONCACAF,2009-12,0.01852619891148598,-0.023895209598319277,0.06497065590916429,26.433297724965573,-34.80020181548202,91.05108617609201
UEFA vs CONCACAF,UEFA,CONCACAF,2010-01,0.01854681685497915,-0.023935630137504927,0.06497950388329551,26.464500437394964,-34.86123233473016,91.07846061416491
UEFA vs CONCACAF,UEFA,CONCACAF,2010-02,0.018567468698695504,-0.023974699800716513,0.06498881734641739,26.49577614366309,-34.92049889468755,91.10547282982434
UEFA vs CONCACAF,UEFA,CONCACAF,2010-03,0.018588290678992977,-0.024012191653901026,0.06499872832991649,26.527322584244615,-34.97767750388092,91.1323227084726
UEFA vs CONCACAF,UEFA,CONCACAF,2010-04,0.018609419032229246,-0.02400972930590748,0.06500936886517569,26.55933755556842,-35.01469201137153,91.15921020016529
UEFA vs CONCACAF,UEFA,CONCACAF,2010-05,0.01863098999476222,-0.023867686874059445,0.06502087098358057,26.592018911627136,-35.01314684191914,91.18633532071571
UEFA vs CONCACAF,UEFA,CONCACAF,2010-06,0.018653139802949806,-0.023725628025904076,0.06503336671651505,26.62556456564812,-35.01120140127858,91.21389815272937
UEFA vs CONCACAF,UEFA,CONCACAF,2010-07,0.018676004693149686,-0.02358260147895561,0.06504698809536448,26.660172491826724,-34.87488964272569,91.2420988465742
UEFA vs CONCACAF,UEFA,CONCACAF,2010-08,0.0186997209017198,-0.02358139024373238,0.0651330171115195,26.696040727123155,-34.66558930066228,91.27113762131502
UEFA vs CONCACAF,UEFA,CONCACAF,2010-09,0.018724424665017933,-0.02358204961184582,0.06518652143162881,26.73336737312041,-34.53200368717755,91.36443245539856
UEFA vs CONCACAF,UEFA,CONCACAF,2010-10,0.018750252219401947,-0.02358120831729451,0.06520969829133033,26.77235059794567,-34.55644573116284,91.49864533694495
UEFA vs CONCACAF,UEFA,CONCACAF,2010-11,0.01877733980122964,-0.02357870734198668,0.06522728589508393,26.813188638253806,-34.57440930296949,91.48850132562688
UEFA vs CONCACAF,UEFA,CONCACAF,2010-12,0.018805823646858927,-0.023574387667833905,0.0652095830058942,26.856079801273832,-34.58554544320448,91.43793800746106
UEFA vs CONCACAF,UEFA,CONCACAF,2011-01,0.0188358399926475,-0.023568090276746112,0.0651681828273468,26.901222466917453,-34.5455027713453,91.46530233870033
UEFA vs CONCACAF,UEFA,CONCACAF,2011-02,0.01886752507495331,-0.023577989568758496,0.06518494646918573,26.948815089951466,-34.45967724098614,91.51404408090951
UEFA vs CONCACAF,UEFA,CONCACAF,2011-03,0.018901015130134206,-0.023606827296431685,0.06521232614518455,26.999056202231817,-34.37183865325936,91.56493357210674
UEFA vs CONCACAF,UEFA,CONCACAF,2011-04,0.01893644639454791,-0.023632630669563958,0.06524201974955646,27.052144415001177,-34.28185414864798,91.61816514059161
UEFA vs CONCACAF,UEFA,CONCACAF,2011-05,0.018973955104552295,-0.023655180318992875,0.06527415931368785,27.108278421249885,-34.18959080941617,91.67393319339926
UEFA vs CONCACAF,UEFA,CONCACAF,2011-06,0.019013677496505302,-0.02367425687554996,0.06530887686896086,27.16765699813977,-34.164686856748865,91.72781606373033
UEFA vs CONCACAF,UEFA,CONCACAF,2011-07,0.019055749806764614,-0.02367589047843217,0.06534630444676028,27.230479009490697,-34.189986520639515,91.78203203342363
UEFA vs CONCACAF,UEFA,CONCACAF,2011-08,0.019100308271688123,-0.02362569523588127,0.06538657407847065,27.296943408331934,-34.20975806363242,91.8393575227135
UEFA vs CONCACAF,UEFA,CONCACAF,2011-09,0.019147489127633775,-0.023569135210302107,0.06542981779547764,27.367249239516195,-34.223687403512805,91.89999188178209
UEFA vs CONCACAF,UEFA,CONCACAF,2011-10,0.019197428610959195,-0.02350862807230949,0.06547616762916424,27.441595642397143,-34.16986217602356,91.96413453607906
UEFA vs CONCACAF,UEFA,CONCACAF,2011-11,0.01925026295802227,-0.023443991684678832,0.06552575561091509,27.520181853572367,-34.082477246644466,92.03198498626713
UEFA vs CONCACAF,UEFA,CONCACAF,2011-12,0.01930612840518105,-0.023375043910188343,0.065578713772114,27.603207209689554,-33.98796522189723,92.10374280809548
UEFA vs CONCACAF,UEFA,CONCACAF,2012-01,0.019365161188793036,-0.023301602611620266,0.06563517414414667,27.690871150316205,-33.88814511874093,92.17960765221248
UEFA vs CONCACAF,UEFA,CONCACAF,2012-02,0.019427497545216266,-0.02323757418333039,0.0656952687583976,27.783373220876737,-33.78281064727273,92.25977924388826
UEFA vs CONCACAF,UEFA,CONCACAF,2012-03,0.019493273710808688,-0.023186775170900953,0.0657591296462491,27.88091307565196,-33.67175535012018,92.3444573827082
UEFA vs CONCACAF,UEFA,CONCACAF,2012-04,0.019562625921927795,-0.023118851657268503,0.06582688883908835,27.983690480844267,-33.55477259557504,92.4338419421583
UEFA vs CONCACAF,UEFA,CONCACAF,2012-05,0.019635690414931573,-0.023027197889385766,0.06589867836829755,28.091905317710246,-33.42188037696701,92.52813286917143
UEFA vs CONCACAF,UEFA,CONCACAF,2012-06,0.01971260342617815,-0.022932930979336418,0.06597463026526129,28.205757585757283,-33.25057071225492,92.62753018359116
UEFA vs CONCACAF,UEFA,CONCACAF,2012-07,0.019793501192024845,-0.022836012478483304,0.06605148397822438,28.325447406005534,-33.065658317348095,92.73223397758012
UEFA vs CONCACAF,UEFA,CONCACAF,2012-08,0.019878519948829724,-0.022736354702947548,0.06612426301594487,28.451175024320026,-32.93077960933609,92.84244441494639
UEFA vs CONCACAF,UEFA,CONCACAF,2012-09,0.0199677959329509,-0.022633869968853748,0.06620104033414327,28.58314081480674,-32.82051732163528,92.95836173042078
UEFA vs CONCACAF,UEFA,CONCACAF,2012-10,0.020061465380745717,-0.02252847059232397,0.06628195591999457,28.721545283275464,-32.702665903128846,93.08018622884462
UEFA vs CONCACAF,UEFA,CONCACAF,2012-11,0.020159633567791383,-0.022420085402510902,0.0663671202746396,28.86654361252333,-32.57331960837287,93.20807539370445
UEFA vs CONCACAF,UEFA,CONCACAF,2012-12,0.020262281926541784,-0.02230870928067752,0.06645652595508071,29.018109233414844,-32.40835724662914,93.34201517538402
UEFA vs CONCACAF,UEFA,CONCACAF,2013-01,0.020369360928669054,-0.02219435362111737,0.06655013603228171,29.176170097740478,-32.236587855550646,93.4819485926848
UEFA vs CONCACAF,UEFA,CONCACAF,2013-02,0.0204808210458462,-0.02207329330805776,0.06664791357720823,29.340654116348233,-32.058108096232594,93.62781861046226
UEFA vs CONCACAF,UEFA,CONCACAF,2013-03,0.020596612749746352,-0.021942428561518977,0.06674982166082666,29.511489153071835,-31.873014685999134,93.86154309126373
UEFA vs CONCACAF,UEFA,CONCACAF,2013-04,0.020716686512041584,-0.02180717617608745,0.0668558233541025,29.68860301876589,-31.6814044099773,94.13093082787815
UEFA vs CONCACAF,UEFA,CONCACAF,2013-05,0.020840992804404882,-0.021667605873689943,0.06696588172800134,29.871923465453328,-31.483374132404766,94.40854168780389
UEFA vs CONCACAF,UEFA,CONCACAF,2013-06,0.020969482098509434,-0.021523787376250512,0.06707995985348796,30.061378180576295,-31.279020807649783,94.69420981097286
UEFA vs CONCACAF,UEFA,CONCACAF,2013-07,0.02110210486602721,-0.02137579040569846,0.06719802080152787,30.25689478135368,-31.06844149096952,94.98776920761642
UEFA vs CONCACAF,UEFA,CONCACAF,2013-08,0.021238811578631313,-0.021223684683958056,0.06732002764308745,30.45840080925158,-30.85134202660007,95.28905374610258
UEFA vs CONCACAF,UEFA,CONCACAF,2013-09,0.021379552707994843,-0.021067539932955005,0.06744594344913155,30.665823724556002,-30.66531335880352,95.59789714116374
UEFA vs CONCACAF,UEFA,CONCACAF,2013-10,0.02152427872578982,-0.02090742587461696,0.06757573129062638,30.879090901053527,-30.54079073534466,95.91413294249661
UEFA vs CONCACAF,UEFA,CONCACAF,2013-11,0.021672940103689323,-0.020740037883092866,0.06770935423853681,31.098129620823943,-30.41262527256638,96.23759452377848
UEFA vs CONCACAF,UEFA,CONCACAF,2013-12,0.021825487313366497,-0.020567783518858063,0.0678467753638284,31.322867069136308,-30.235340118393662,96.55758515953251
UEFA vs CONCACAF,UEFA,CONCACAF,2014-01,0.02198187082649332,-0.02039419833113141,0.06798795773746659,31.553230329452134,-30.068619734712218,96.80318038954582
UEFA vs CONCACAF,UEFA,CONCACAF,2014-02,0.02214204111474281,-0.020221887520049144,0.06813286443041788,31.78914637854187,-29.84294764251904,97.05518710693453
UEFA vs CONCACAF,UEFA,CONCACAF,2014-03,0.022305948649788264,-0.02008530714022485,0.06828145851364786,32.03054208170488,-29.610220896253065,97.31347332695678
UEFA vs CONCACAF,UEFA,CONCACAF,2014-04,0.022473543903301477,-0.019999656246828666,0.06843370305812034,32.27734418809632,-29.358102067282946,97.57790695199272
UEFA vs CONCACAF,UEFA,CONCACAF,2014-05,0.02264477734695567,-0.01990458263219197,0.06858956113480177,32.52947932616929,-29.076596253315074,97.84835577043023
UEFA vs CONCACAF,UEFA,CONCACAF,2014-06,0.022819599452423976,-0.01963089700482463,0.06874899581465853,32.786873999219196,-28.66829395752561,98.12468745565808
UEFA vs CONCACAF,UEFA,CONCACAF,2014-07,0.022997960691378307,-0.0194653280676949,0.06891197016865529,33.04945458103754,-28.25092603683829,98.40676956515986
UEFA vs CONCACAF,UEFA,CONCACAF,2014-08,0.02317981153549176,-0.019343367675489453,0.06911009951774434,33.31714731168003,-27.88543684417358,98.69446953971429
UEFA vs CONCACAF,UEFA,CONCACAF,2014-09,0.02336510245643761,-0.019217090316908304,0.06934525515574792,33.589878293339076,-27.643663814841066,98.98765470269305
UEFA vs CONCACAF,UEFA,CONCACAF,2014-10,0.023553783925887573,-0.019086484539853732,0.06958360331928691,33.867573486325036,-27.397847706635627,99.28619225947098
UEFA vs CONCACAF,UEFA,CONCACAF,2014-11,0.023745806415514947,-0.018951538892224562,0.06982726343182302,34.150158705164365,-27.148000670572753,99.58994929692729
UEFA vs CONCACAF,UEFA,CONCACAF,2014-12,0.02394112039699295,-0.018795614535175264,0.06998772690918624,34.43755961480124,-26.894134949670534,99.89879278306543
UEFA vs CONCACAF,UEFA,CONCACAF,2015-01,0.024139676341993273,-0.018614670007622937,0.07026371242004008,34.729701726910115,-26.63626288200777,100.20345887356716
UEFA vs CONCACAF,UEFA,CONCACAF,2015-02,0.024341424722189153,-0.018419127612892616,0.07054302252121074,35.026510396325776,-26.374396903763657,100.51001184340372
UEFA vs CONCACAF,UEFA,CONCACAF,2015-03,0.024546316009253912,-0.018205075586606688,0.07082554570330864,35.32791081757819,-26.108549552239626,100.82117312015032
UEFA vs CONCACAF,UEFA,CONCACAF,2015-04,0.02475430067485916,-0.017987389559729516,0.07110858275668686,35.633828021538605,-25.838733468878083,101.13681843930127
UEFA vs CONCACAF,UEFA,CONCACAF,2015-05,0.02496532919067822,-0.01776612704152125,0.07131856457362509,35.944186872185306,-25.564961402246446,101.45682343128546
UEFA vs CONCACAF,UEFA,CONCACAF,2015-06,0.025179352028384342,-0.017541345541240226,0.07142702362824713,36.25891206347441,-25.303810124325558,101.7810636218596
UEFA vs CONCACAF,UEFA,CONCACAF,2015-07,0.025396319659649204,-0.01731979609419718,0.07153942915242774,36.577928116323854,-25.010866528139378,102.10941443254022
UEFA vs CONCACAF,UEFA,CONCACAF,2015-08,0.025616182556146075,-0.017149220091091075,0.07165590562408151,36.90115937571767,-24.729968630370536,102.4417511811527
UEFA vs CONCACAF,UEFA,CONCACAF,2015-09,0.025838891189548206,-0.01697541542773946,0.07177657752112039,37.22853000791705,-24.445172345100435,102.77794908245224
UEFA vs CONCACAF,UEFA,CONCACAF,2015-10,0.026064396031527232,-0.016798366689823752,0.07190156932145639,37.55996399778557,-24.156485330918542,103.12717233167075
UEFA vs CONCACAF,UEFA,CONCACAF,2015-11,0.02629264755375649,-0.016617244554268627,0.07203100550300322,37.89538514623647,-23.863915376458202,103.48259385940469
UEFA vs CONCACAF,UEFA,CONCACAF,2015-12,0.0265235962279093,-0.016366133699446107,0.07224488047171405,38.23471706778758,-23.564543528131935,103.83537819258146
UEFA vs CONCACAF,UEFA,CONCACAF,2016-01,0.026757192525657128,-0.016084969685588212,0.072649373522513,38.57788318823175,-23.25704025236356,104.1889113456818
UEFA vs CONCACAF,UEFA,CONCACAF,2016-02,0.02699338691867343,-0.015795099192005724,0.07305467993658706,38.924806742431784,-22.93405064820096,104.56227313695241
UEFA vs CONCACAF,UEFA,CONCACAF,2016-03,0.02723212987863149,-0.015501345165664525,0.07346058655324605,39.27541077222306,-22.601772301288417,104.93862313742393
UEFA vs CONCACAF,UEFA,CONCACAF,2016-04,0.0274733718772028,-0.015203792318993825,0.07383285876000598,39.62961812443418,-22.2224522820154,105.34342099328138
UEFA vs CONCACAF,UEFA,CONCACAF,2016-05,0.02771706338606074,-0.01491030759863654,0.07408266866262467,39.98735144903289,-21.750079043081232,105.80968444241107
UEFA vs CONCACAF,UEFA,CONCACAF,2016-06,0.027963154876878706,-0.01460722565578436,0.0743342690589419,40.34853319738212,-21.273544628678973,106.2760965186171
UEFA vs CONCACAF,UEFA,CONCACAF,2016-07,0.02821159682132811,-0.014311201435822117,0.07457645000347449,40.71308562061421,-20.79590726167963,106.7397108436471
UEFA vs CONCACAF,UEFA,CONCACAF,2016-08,0.028462339691082333,-0.01404750856100474,0.07481874376409205,41.080930768133406,-20.352322519494702,107.20749364369921
UEFA vs CONCACAF,UEFA,CONCACAF,2016-09,0.0287153339578148,-0.013781166267975962,0.07506275614661248,41.45199048622901,-19.945374806999755,107.54670534497308
UEFA vs CONCACAF,UEFA,CONCACAF,2016-10,0.028970530093196903,-0.013518102625428694,0.07530842226532206,41.82618641680884,-19.758920965048354,107.83589088865213
UEFA vs CONCACAF,UEFA,CONCACAF,2016-11,0.029227878568902046,-0.013387106115471068,0.07554913154190901,42.20343999626218,-19.569486840846253,108.13361355759582
UEFA vs CONCACAF,UEFA,CONCACAF,2016-12,0.029487329856603656,-0.013253180016091503,0.07572362592255967,42.58367245443527,-19.377027502576208,108.4298400283221
UEFA vs CONCACAF,UEFA,CONCACAF,2017-01,0.029748834427973082,-0.013117255760093725,0.07590045943350673,42.966804813728366,-19.181498227653456,108.73271720401169
UEFA vs CONCACAF,UEFA,CONCACAF,2017-02,0.03001234275468379,-0.012979304953059545,0.07618529544783094,43.352757888324376,-18.98285451117537,109.10439558404761
UEFA vs CONCACAF,UEFA,CONCACAF,2017-03,0.03027780530840913,-0.012839299200571785,0.07652180356361357,43.74145228353098,-18.636743155662305,109.48913861558563
UEFA vs CONCACAF,UEFA,CONCACAF,2017-04,0.030545172560820538,-0.01269721010821323,0.07683535855608695,44.13280839524674,-18.28683424572763,109.87558573992777
UEFA vs CONCACAF,UEFA,CONCACAF,2017-05,0.030814394983591387,-0.012492896078309812,0.07709887605957796,44.52674640955942,-17.933313498233076,110.26361595447052
UEFA vs CONCACAF,UEFA,CONCACAF,2017-06,0.031085423048395185,-0.01224321425274475,0.0773634874909784,44.92318630246051,-17.57619052953489,110.5574723550776
UEFA vs CONCACAF,UEFA,CONCACAF,2017-07,0.031358207226903155,-0.01199109782848593,0.077629122364491,45.32204783968379,-17.210378551425183,110.85754963136262
UEFA vs CONCACAF,UEFA,CONCACAF,2017-08,0.03163269799078879,-0.011730303492658044,0.07789571019431943,45.72325057667972,-16.83832961099158,111.16561706449876
UEFA vs CONCACAF,UEFA,CONCACAF,2017-09,0.03190884581172556,-0.011466158480842736,0.07816318049466908,46.12671385870569,-16.462608277917635,111.52398500001819
UEFA vs CONCACAF,UEFA,CONCACAF,2017-10,0.03218660116138475,-0.011199466667066149,0.07843146277974278,46.532356821043216,-16.08322618063465,111.92067181000678
UEFA vs CONCACAF,UEFA,CONCACAF,2017-11,0.032465914511439806,-0.010930235173304092,0.07870048656374407,46.94009838935146,-15.700195149634258,112.32783261212838
UEFA vs CONCACAF,UEFA,CONCACAF,2017-12,0.03274673633356425,-0.010658471121531886,0.0789701813608784,47.34985728013924,-15.313527220225646,112.74563247069834
UEFA vs CONCACAF,UEFA,CONCACAF,2018-01,0.033029017099429264,-0.010384181633725342,0.0792380943092948,47.76155200136431,-14.92323463527134,113.17423603794337
UEFA vs CONCACAF,UEFA,CONCACAF,2018-02,0.03331270728070836,-0.010107373831858312,0.07958927581954815,48.17510085317174,-14.52932984789794,113.61380753373803
UEFA vs CONCACAF,UEFA,CONCACAF,2018-03,0.03359775734907509,-0.00982805483790714,0.07994698946379228,48.59042192875124,-14.131825524191285,114.06451072493182
UEFA vs CONCACAF,UEFA,CONCACAF,2018-04,0.03388411777620054,-0.009540808405453127,0.08030596870502446,49.007433115323565,-13.730305423199363,114.52650890426833
UEFA vs CONCACAF,UEFA,CONCACAF,2018-05,0.03417173903375835,-0.009213246947172005,0.08066613026561831,49.42605209526782,-13.398296346503274,114.99996486891588
UEFA vs CONCACAF,UEFA,CONCACAF,2018-06,0.034460571593421904,-0.008982318155110702,0.0810273908679491,49.84619634736815,-13.112490837037443,115.44879154339267
UEFA vs CONCACAF,UEFA,CONCACAF,2018-07,0.0347505659268625,-0.008700216479094757,0.0813896672343854,50.26778314819235,-12.816189692193927,115.9633488689025
UEFA vs CONCACAF,UEFA,CONCACAF,2018-08,0.03504167250575357,-0.008415518549483724,0.08175287608730164,50.69072957361097,-12.36065803717754,116.47873853064964
UEFA vs CONCACAF,UEFA,CONCACAF,2018-09,0.03533384180176871,-0.008128225175112956,0.08211693414907151,51.114952500438925,-11.843853019950677,116.9948282821621
UEFA vs CONCACAF,UEFA,CONCACAF,2018-10,0.035627024286578976,-0.00783633292232051,0.08248175814206427,51.540368608208354,-11.315889999151704,117.42672882955722
UEFA vs CONCACAF,UEFA,CONCACAF,2018-11,0.03592117043185797,-0.007539749800793948,0.08281596873414339,51.966894381085474,-10.82379992021207,117.77745114832484
UEFA vs CONCACAF,UEFA,CONCACAF,2018-12,0.03621623070927923,-0.00724077596415853,0.08314462704122091,52.39444610990895,-10.39450618072858,118.1289629185062
UEFA vs CONCACAF,UEFA,CONCACAF,2019-01,0.03651215559051385,-0.0069394183258546065,0.0834808065078484,52.8229398943622,-9.961751852353267,118.48120714869
UEFA vs CONCACAF,UEFA,CONCACAF,2019-02,0.03680889554723541,-0.006635683799317426,0.08382459492153188,53.25229164528989,-9.525552114043034,118.83412674296729
UEFA vs CONCACAF,UEFA,CONCACAF,2019-03,0.03710640105111742,-0.0063295792979845885,0.08417608006978154,53.682417087137594,-9.085922387999833,119.18463397961939
UEFA vs CONCACAF,UEFA,CONCACAF,2019-04,0.037404622573831016,-0.00601684512208247,0.08452941440705626,54.11323176052637,-8.642878342016216,119.53143694908476
UEFA vs CONCACAF,UEFA,CONCACAF,2019-05,0.03770351058704976,-0.0057014320509914725,0.08482462725488168,54.54465102497197,-8.193945900809307,119.87893435035329
UEFA vs CONCACAF,UEFA,CONCACAF,2019-06,0.03800301556244717,-0.005303290393971016,0.08508107221610381,54.976590061728785,-7.736410339206497,120.22992605756733
UEFA vs CONCACAF,UEFA,CONCACAF,2019-07,0.038303087971694336,-0.00486934550010698,0.08533263572045667,55.408963876769064,-7.222078789893737,120.74814619413907
UEFA vs CONCACAF,UEFA,CONCACAF,2019-08,0.038603678286464854,-0.00442636205932687,0.08558396558185936,55.84168730390811,-6.565769125739461,121.27359598294053
UEFA vs CONCACAF,UEFA,CONCACAF,2019-09,0.038904736978432296,-0.0039705910515928965,0.08583618513002687,56.2746750080545,-5.897624721157238,121.80942202342237
UEFA vs CONCACAF,UEFA,CONCACAF,2019-10,0.03920618796109108,-0.003506585408046491,0.08608925933209978,56.70780686202399,-5.209968556735178,122.21321014531924
UEFA vs CONCACAF,UEFA,CONCACAF,2019-11,0.039507848915231444,-0.003186456076083032,0.08634310813068019,57.14082435580862,-4.657409750780038,122.46961978792989
UEFA vs CONCACAF,UEFA,CONCACAF,2019-12,0.039809510963467035,-0.002919435292943717,0.0865934559626337,57.57343498659988,-4.266177772483661,122.71560352069058
UEFA vs CONCACAF,UEFA,CONCACAF,2020-01,0.04011096522840903,-0.0024941210178154975,0.08689210603047907,58.005346974279426,-3.7146565760378842,122.9524934534742
UEFA vs CONCACAF,UEFA,CONCACAF,2020-02,0.040412002832671066,-0.0022312929771958418,0.08710838897014178,58.43626927766926,-3.344627750299514,123.18485012222278
UEFA vs CONCACAF,UEFA,CONCACAF,2020-03,0.04071241489886672,-0.002073550252846523,0.08736442301943032,58.865911608594125,-3.107979457224167,123.49125342955608
UEFA vs CONCACAF,UEFA,CONCACAF,2020-04,0.041011992549607135,-0.0019046251589670325,0.08762077509756336,59.2939844437727,-2.782268891255046,123.84579676626763
UEFA vs CONCACAF,UEFA,CONCACAF,2020-05,0.041310526907506036,-0.0016435595144231208,0.0878773538910121,59.72019903455471,-2.3796535522376643,124.19691147754668
UEFA vs CONCACAF,UEFA,CONCACAF,2020-06,0.041607809095176924,-0.0012806650914051418,0.08813406808624474,60.14426741448844,-1.8539453164795412,124.54445024056858
UEFA vs CONCACAF,UEFA,CONCACAF,2020-07,0.04190363023523107,-0.0009177965873339737,0.08839082636972727,60.5659024047379,-1.3284692262956117,124.88826617864932
UEFA vs CONCACAF,UEFA,CONCACAF,2020-08,0.04219778145028198,-0.0005525186535941798,0.08864753742792775,60.98481761736492,-0.8050248846369514,125.24747744155309
UEFA vs CONCACAF,UEFA,CONCACAF,2020-09,0.042490053862943356,-0.0003710043502854527,0.08890410994731573,61.400727456464665,-0.5531439617016866,125.7622209413991
UEFA vs CONCACAF,UEFA,CONCACAF,2020-10,0.04278023859582637,-0.0002043615535213483,0.08916045261435744,61.813347117170615,-0.30221120797066303,126.27541700131711
UEFA vs CONCACAF,UEFA,CONCACAF,2020-11,0.04306812677154457,0.00010180758913964683,0.08941647411552081,62.22239258254812,0.14571641946528255,126.78639291490121
UEFA vs CONCACAF,UEFA,CONCACAF,2020-12,0.043353509512711594,0.00041995300832464765,0.08967208313727634,62.62758061836296,0.6018068341555028,127.29447755165472
UEFA vs CONCACAF,UEFA,CONCACAF,2021-01,0.04363617794193872,0.0007396704291485981,0.08992718836608848,63.02862876574254,1.0599836474987914,127.79900136626469
UEFA vs CONCACAF,UEFA,CONCACAF,2021-02,0.04391592318183944,0.0010658439813516108,0.09018169848842696,63.42525533174756,1.5393541535383521,128.29929640157138
UEFA vs CONCACAF,UEFA,CONCACAF,2021-03,0.04419253635502736,0.0014606848423452947,0.09043552219076136,63.81717937784209,2.109119401747035,128.79469628524387
UEFA vs CONCACAF,UEFA,CONCACAF,2021-04,0.04446580858411377,0.0018551641670674806,0.09068856815955614,64.2041207062784,2.6780712579907466,129.2845362201901
UEFA vs CONCACAF,UEFA,CONCACAF,2021-05,0.04473553099171219,0.0022487625592973355,0.09094074508128097,64.58579984441438,3.245461596794588,129.76815296872405
UEFA vs CONCACAF,UEFA,CONCACAF,2021-06,0.04500149470043621,0.002640960622814782,0.09118626563078946,64.96193802695086,3.810544407041677,130.23271353058573
UEFA vs CONCACAF,UEFA,CONCACAF,2021-07,0.045263490832897116,0.0030312389613965443,0.0914274122858841,65.33225717610514,4.37257577727345,130.58195998672554
UEFA vs CONCACAF,UEFA,CONCACAF,2021-08,0.04552131051170852,0.0034190781788225005,0.09166735152155464,65.69647987973755,4.93081387216437,130.92210804999903
UEFA vs CONCACAF,UEFA,CONCACAF,2021-09,0.04577474485948379,0.003803958878872706,0.09190601973387454,66.05432936741703,5.484518900183073,131.25607175275942
UEFA vs CONCACAF,UEFA,CONCACAF,2021-10,0.046023584998834494,0.004185361665322864,0.09203477188644976,66.40552948444326,6.032953072477077,131.58348061892053
UEFA vs CONCACAF,UEFA,CONCACAF,2021-11,0.04626762205237396,0.004562767141953031,0.0921206472788635,66.74980466383735,6.575380553034237,131.79488735031566
UEFA vs CONCACAF,UEFA,CONCACAF,2021-12,0.046506647142715775,0.004894561616974616,0.09220350747456967,67.08687989629063,7.055342590210732,131.8906061242035
UEFA vs CONCACAF,UEFA,CONCACAF,2022-01,0.046740451392471384,0.005186552171664441,0.09235751462094928,67.4164806980835,7.474930977143588,131.98238198861029
UEFA vs CONCACAF,UEFA,CONCACAF,2022-02,0.04696882592425426,0.005470201352031137,0.09256088989550781,67.73833307698824,7.882395337490043,132.0705559698468
UEFA vs CONCACAF,UEFA,CONCACAF,2022-03,0.04719156186067778,0.005745068967492276,0.09275528683047113,68.05216349614129,8.2771176013427,132.15546896115913
UEFA vs CONCACAF,UEFA,CONCACAF,2022-04,0.04740845032435355,0.006010714827470624,0.09294035134698381,68.3576988358983,8.658480414562261,132.355349031386
UEFA vs CONCACAF,UEFA,CONCACAF,2022-05,0.04761928243789497,0.006123321259614215,0.09317859028616013,68.65466635368048,9.030338683594646,132.7321551967899
UEFA vs CONCACAF,UEFA,CONCACAF,2022-06,0.04782384932391543,0.006132856040957793,0.09343004033496986,68.9427936417996,9.134750952566769,133.09090709376173
UEFA vs CONCACAF,UEFA,CONCACAF,2022-07,0.04802194210502659,0.006140914847989311,0.09366671778890344,69.22180858327032,9.150959686529372,133.4308681724554
UEFA vs CONCACAF,UEFA,CONCACAF,2022-08,0.048213351903841815,0.006150239025862049,0.09389164091061013,69.49143930561775,9.164670837223891,133.75130198003058
UEFA vs CONCACAF,UEFA,CONCACAF,2022-09,0.048397869842974374,0.006158269654590542,0.09405993837097144,69.75141413266462,9.176208132877367,134.05147212888025
UEFA vs CONCACAF,UEFA,CONCACAF,2022-10,0.048575287045036115,0.006318400124575608,0.094156573576667,70.00146153430603,9.392929525775116,134.33064226320687
UEFA vs CONCACAF,UEFA,CONCACAF,2022-11,0.04874539463264034,0.006520205632386711,0.09434176582380188,70.2413100742743,9.694129760375802,134.58807602397462
UEFA vs CONCACAF,UEFA,CONCACAF,2022-12,0.04890798372840024,0.0067126852945720294,0.09451077883718212,70.47068835587918,9.976900613081773,134.82303701219524
UEFA vs CONCACAF,UEFA,CONCACAF,2023-01,0.049062845454927805,0.006969434835893873,0.09466307264510652,70.68932496572677,10.357976558452924,135.0295965330791
UEFA vs CONCACAF,UEFA,CONCACAF,2023-02,0.049209770934836194,0.007207767144191291,0.09479810727587185,70.89694841541672,10.711736393189177,135.25914331942772
UEFA vs CONCACAF,UEFA,CONCACAF,2023-03,0.049348551290738694,0.007426963339664151,0.09491534275777286,71.09328708120195,10.945392982559577,135.38290382761397
UEFA vs CONCACAF,UEFA,CONCACAF,2023-04,0.04947897764524724,0.00758874894740922,0.09501423911910781,71.27806914160924,11.066710928454984,135.52342166769446
UEFA vs CONCACAF,UEFA,CONCACAF,2023-05,0.049600841120975084,0.007668182832510963,0.09509425638817322,71.45102251301833,11.181497455340935,135.6882039556915
UEFA vs CONCACAF,UEFA,CONCACAF,2023-06,0.04971393284053528,0.007744015022541852,0.09515485459326574,71.61187478318014,11.28971363195408,135.9605105723792
UEFA vs CONCACAF,UEFA,CONCACAF,2023-07,0.049818043926540094,0.007783820816665267,0.09531336480463487,71.76035314267003,11.35196572038657,136.21403169640502
UEFA vs CONCACAF,UEFA,CONCACAF,2023-08,0.04991296550160259,0.00780449471152549,0.09550196495622178,71.89618431426801,11.37512069471111,136.304198478523
UEFA vs CONCACAF,UEFA,CONCACAF,2023-09,0.049998488688335806,0.00781999445021353,0.09563838128001131,72.01909448024587,11.38981314782375,136.37928081877928
UEFA vs CONCACAF,UEFA,CONCACAF,2023-10,0.050074404609352016,0.007830323636819259,0.09566381911442251,72.12880920755173,11.404658922501872,136.43890565376427
UEFA vs CONCACAF,UEFA,CONCACAF,2023-11,0.05014050438726435,0.007835485875435212,0.09566846761917217,72.22505337088006,11.412074797565175,136.48269940142302
UEFA vs CONCACAF,UEFA,CONCACAF,2023-12,0.05019657914468573,0.007835484770153833,0.09591212817429833,72.30755107360379,11.41933251368065,136.51028789875514
UEFA vs CONCACAF,UEFA,CONCACAF,2024-01,0.050242420004228606,0.00783032392506331,0.09611517383176049,72.37602556655528,11.420400717921645,136.50937492427423
UEFA vs CONCACAF,UEFA,CONCACAF,2024-02,0.05027781808850604,0.007822994211328772,0.09621472479481476,72.43019916463818,11.414216860540865,136.48417375844275
UEFA vs CONCACAF,UEFA,CONCACAF,2024-03,0.05030256452013077,0.007813532899772203,0.09628996995819476,72.46979316124485,11.536584358547634,136.44070920430596
UEFA vs CONCACAF,UEFA,CONCACAF,2024-04,0.05031645042171551,0.007875603882322047,0.09619260429286898,72.49452774046077,11.6691529731611,136.80574801240164
UEFA vs CONCACAF,UEFA,CONCACAF,2024-05,0.05031926691587319,0.008169311169477745,0.096200494593198,72.50412188703177,11.926020189507756,136.93458478900592
UEFA vs CONCACAF,UEFA,CONCACAF,2024-06,0.050310805125216546,0.008057595630705761,0.0961937781399392,72.49829329406661,11.85874036095837,136.72574255291747
UEFA vs CONCACAF,UEFA,CONCACAF,2024-07,0.050290856172358414,0.008045422469930053,0.09623295590999845,72.47675826845023,11.704586820799317,136.47681741014722
UEFA vs CONCACAF,UEFA,CONCACAF,2024-08,0.05025921117991158,0.00795422367233698,0.09617482406885706,72.43923163393715,11.472053416583389,136.2029154804094
UEFA vs CONCACAF,UEFA,CONCACAF,2024-09,0.05021566127048874,0.00781656358660472,0.09615041035279,72.38542663189548,11.46463706163271,136.36774780625723
UEFA vs CONCACAF,UEFA,CONCACAF,2024-10,0.0501599975667029,0.00792527672070511,0.0961168965875305,72.31505481966899,11.606760433130388,136.3924104335003
UEFA vs CONCACAF,UEFA,CONCACAF,2024-11,0.05009201119116677,0.007751580013828098,0.0960747532023168,72.22782596652135,11.275517283194052,136.53241860315762
UEFA vs CONCACAF,UEFA,CONCACAF,2024-12,0.05001149326649291,0.00750635729492557,0.09608911771050276,72.12344794712894,10.919657546910878,136.2066322864289
UEFA vs CONCACAF,UEFA,CONCACAF,2025-01,0.04991823491529461,0.007404122601157682,0.09621771230729079,72.00162663258332,10.801496103496618,135.70100616466098
UEFA vs CONCACAF,UEFA,CONCACAF,2025-02,0.04981202726018442,0.007330032687240619,0.09610559886418821,71.86206577885949,10.70837413277303,135.9131322359012
UEFA vs CONCACAF,UEFA,CONCACAF,2025-03,0.04969266142377478,0.007269437627408727,0.09590737959778758,71.70446691271343,10.621700878453419,136.25154313004222
UEFA vs CONCACAF,UEFA,CONCACAF,2025-04,0.04955992852867918,0.00720507351430455,0.09573052256385749,71.52852921496213,10.740073810727598,136.59729469266043
UEFA vs CONCACAF,UEFA,CONCACAF,2025-05,0.04941361969751009,0.007210100448795354,0.09562862627522298,71.33394940109443,10.427608393170157,136.84219047705025
UEFA vs CONCACAF,UEFA,CONCACAF,2025-06,0.049253526052879915,0.00703121042859416,0.09552833695587697,71.12042159917218,10.262232386581708,136.7326349545557
UEFA vs CONCACAF,UEFA,CONCACAF,2025-07,0.04907943871740225,0.006925165953922543,0.0956638303283269,70.88763722496627,10.109753521565919,136.95581610292476
UEFA vs CONCACAF,UEFA,CONCACAF,2025-08,0.048891148813689514,0.0066211172543769094,0.09566859791865698,70.63528485426892,9.88283743347269,136.70387964282259
UEFA vs CONCACAF,UEFA,CONCACAF,2025-09,0.048688447464353975,0.00606020241856742,0.09542474161952016,70.36305009233502,9.049821065708652,136.43870664748414
UEFA vs CONCACAF,UEFA,CONCACAF,2025-10,0.04847112579200946,0.005471419813655179,0.09515238572012215,70.07061544039016,8.174571351218928,136.16013155232469
UEFA vs CONCACAF,UEFA,CONCACAF,2025-11,0.04823897491926829,0.0048543505897255665,0.09491584134707629,69.75766015913653,7.25635114212968,136.50442687553266
UEFA vs CONCACAF,UEFA,CONCACAF,2025-12,0.04799178596874259,0.00421352974664231,0.09506933129759,69.4238601292049,6.300019161936351,136.90114615696422
UEFA vs CONCACAF,UEFA,CONCACAF,2026-01,0.04772935006304644,0.003548126635594163,0.09507643368290529,69.06888770848037,5.3074567551166085,136.6908641705418
UEFA vs CONCACAF,UEFA,CONCACAF,2026-02,0.047451458324792084,0.002757093412979428,0.09520374444598616,68.69241158622398,4.089024472687175,136.52705312263654
UEFA vs CONCACAF,UEFA,CONCACAF,2026-03,0.0471579018765914,0.0021080745964025655,0.09548576372461537,68.29409663393142,3.162565538283151,135.7474148763645
UEFA vs CONCACAF,UEFA,CONCACAF,2026-04,0.04684847184105886,0.0013483250842799336,0.0947355973353516,67.87360375284828,2.019733648206739,135.2225740757155
UEFA vs CONCACAF,UEFA,CONCACAF,2026-05,0.04652295934080648,0.0009922592355787081,0.09464648733624038,67.43058971805048,1.4421154345524894,135.30686637195316
UEFA vs CONCACAF,UEFA,CONCACAF,2026-06,0.04618115549844604,0.00022462412859698417,0.09404009321016606,66.96470701902757,0.33462023294742965,135.20725686534956
UEFA vs CONCACAF,UEFA,CONCACAF,2026-07,0.04582285143659229,0.0001480040968370415,0.09415131279941218,66.47560369667548,0.21344375157778128,135.0113994534745
UEFA vs CONCACAF,UEFA,CONCACAF,2026-08,0.04544783827785709,-0.00043514829297790333,0.09386815587977647,65.96292317659587,-0.6270980459726139,134.0167373443222
UEFA vs OFC,UEFA,OFC,1992-01,-0.05479391084449008,-0.08745793762152018,-0.023608928741657834,-79.54873174437533,-127.1192471282488,-33.916485598502604
UEFA vs OFC,UEFA,OFC,1992-02,-0.05638615984051626,-0.08811903910275296,-0.025949329825460242,-81.90407301133614,-127.85229156496251,-36.500589161295245
UEFA vs OFC,UEFA,OFC,1992-03,-0.057933029636500474,-0.0886143231689415,-0.027950195734068966,-84.19686135049764,-128.99814715137182,-40.08469145570987
UEFA vs OFC,UEFA,OFC,1992-04,-0.059435038448487756,-0.08908889096135537,-0.02993236056716331,-86.42753820967279,-130.31449842621464,-43.00940726357198
UEFA vs OFC,UEFA,OFC,1992-05,-0.06089270449253574,-0.09015607392350371,-0.03179222265148409,-88.59655789274778,-131.64065461423576,-46.17537044785274
UEFA vs OFC,UEFA,OFC,1992-06,-0.062306545984701735,-0.09084122701495798,-0.03390552874430877,-90.70438730735788,-132.97887561613214,-49.38192793564924
UEFA vs OFC,UEFA,OFC,1992-07,-0.06367708114103142,-0.0915112048888866,-0.0359379843130292,-92.7515057102458,-134.03101869329953,-52.212987391211634
UEFA vs OFC,UEFA,OFC,1992-08,-0.06500482817758217,-0.09234142497174465,-0.037971825111104536,-94.73840445061575,-135.25233763820614,-54.724916252649706
UEFA vs OFC,UEFA,OFC,1992-09,-0.06629030531041077,-0.09357089038790738,-0.039849205414447045,-96.66558671163854,-136.9753738888868,-57.52125441471503
UEFA vs OFC,UEFA,OFC,1992-10,-0.06753403075556372,-0.09465267689360926,-0.041367582266583325,-98.53356725042133,-138.935044107411,-59.45828098720297
UEFA vs OFC,UEFA,OFC,1992-11,-0.06873652272909797,-0.09570051250587426,-0.04278812485153458,-100.34287213673703,-140.61828633194693,-61.909632950393146
UEFA vs OFC,UEFA,OFC,1992-12,-0.0698982994470701,-0.09656991423519812,-0.04434862560198086,-102.09403849066908,-143.1893975876623,-63.69515948814595
UEFA vs OFC,UEFA,OFC,1993-01,-0.07101987912552708,-0.09769589521516826,-0.045866241425635765,-103.78761421946666,-143.90276036010832,-65.81351770824368
UEFA vs OFC,UEFA,OFC,1993-02,-0.07210177998052573,-0.09869559869094587,-0.04723510697660234,-105.42415775389178,-145.2333553645807,-68.05885592266962
UEFA vs OFC,UEFA,OFC,1993-03,-0.07314452022812218,-0.09956016684593827,-0.04806519386284985,-107.00423778420611,-146.00269592184762,-69.71336120312655
UEFA vs OFC,UEFA,OFC,1993-04,-0.07414861808436415,-0.1005451226146441,-0.0490349275705106,-108.52843299607946,-147.18972143253444,-70.80706700950257
UEFA vs OFC,UEFA,OFC,1993-05,-0.07511459176530794,-0.1012964557283352,-0.04987935048802226,-109.99733180667937,-148.55391815589041,-72.49986076961817
UEFA vs OFC,UEFA,OFC,1993-06,-0.07604295948700955,-0.10226226930329459,-0.051178113056905075,-111.41153210108867,-149.94483238395537,-74.05586286496654
UEFA vs OFC,UEFA,OFC,1993-07,-0.07693423946551729,-0.10295837428145997,-0.05199343057216513,-112.77164096930952,-151.32347624527182,-75.59980438222874
UEFA vs OFC,UEFA,OFC,1993-08,-0.07778894991688716,-0.10358562981475665,-0.05283081958696672,-114.0782744440992,-152.52455855910412,-77.08368304722445
UEFA vs OFC,UEFA,OFC,1993-09,-0.07860760905717477,-0.10416426668185866,-0.0539244847858138,-115.3320572397748,-153.52452938741567,-78.03100105917855
UEFA vs OFC,UEFA,OFC,1993-10,-0.07939073510242907,-0.10467698089922024,-0.05480432077794846,-116.53362249222806,-154.5054770826078,-78.94996190506626
UEFA vs OFC,UEFA,OFC,1993-11,-0.08013884626870584,-0.10511385201734832,-0.05517234933888067,-117.68361150037494,-155.68586551651094,-80.2656488180813
UEFA vs OFC,UEFA,OFC,1993-12,-0.08085246077206029,-0.10558853444537113,-0.0555824305111131,-118.78267346916978,-156.9123337286673,-80.97055758502383
UEFA vs OFC,UEFA,OFC,1994-01,-0.08153209682854211,-0.10616725741608066,-0.056521455958896835,-119.83146525440655,-157.53967636114032,-81.67096217569505
UEFA vs OFC,UEFA,OFC,1994-02,-0.08217827265420649,-0.1069618223651653,-0.05712357437949517,-120.83065110950992,-158.7314304753225,-82.53635537846664
UEFA vs OFC,UEFA,OFC,1994-03,-0.08279150646510867,-0.10798433387817763,-0.05758811423389148,-121.7809024344413,-159.8527845617364,-83.47011607422615
UEFA vs OFC,UEFA,OFC,1994-04,-0.08337231647729873,-0.10865889609904049,-0.058033494978332906,-122.68289752691727,-161.3194474064154,-84.52663657674249
UEFA vs OFC,UEFA,OFC,1994-05,-0.0839212209068317,-0.10936768372689443,-0.05847333865294756,-123.5373213361284,-162.27076167163833,-85.14557811121824
UEFA vs OFC,UEFA,OFC,1994-06,-0.08443873796976244,-0.10980430320139778,-0.05879625918735778,-124.34486521907084,-163.02500847860966,-85.66034029815044
UEFA vs OFC,UEFA,OFC,1994-07,-0.08492538588214156,-0.11010019966945346,-0.059250952274727986,-125.10622669967097,-163.86042707950295,-86.14583469870114
UEFA vs OFC,UEFA,OFC,1994-08,-0.0853816828600239,-0.1106424376538703,-0.059549371672780634,-125.82210923086943,-164.72661615543234,-86.6915696646226
UEFA vs OFC,UEFA,OFC,1994-09,-0.08580814711946406,-0.1112663824615372,-0.05982693346904013,-126.49322195976842,-165.67959340463574,-87.1912755963245
UEFA vs OFC,UEFA,OFC,1994-10,-0.0862052968765131,-0.11192922493732996,-0.06005547730659955,-127.12027949600281,-166.56995717665455,-87.6589182337083
UEFA vs OFC,UEFA,OFC,1994-11,-0.08657365034722565,-0.11253953991256518,-0.060355282156988245,-127.70400168348195,-167.19475826323097,-88.10160084477262
UEFA vs OFC,UEFA,OFC,1994-12,-0.08691372574765603,-0.11294923701285695,-0.06083096678790249,-128.24511337559687,-167.90144707905424,-88.59894209456736
UEFA vs OFC,UEFA,OFC,1995-01,-0.08722604129385589,-0.11336013024356668,-0.06091227773737914,-128.7443442140336,-168.71555903920182,-89.17125479487558
UEFA vs OFC,UEFA,OFC,1995-02,-0.08751111520187944,-0.11361925272172627,-0.06100614548378332,-129.2024284113205,-169.19067569142683,-89.71560552668171
UEFA vs OFC,UEFA,OFC,1995-03,-0.08776946568778098,-0.11391094412517702,-0.06132224446620014,-129.62010453719648,-169.5686297807138,-90.23124229342406
UEFA vs OFC,UEFA,OFC,1995-04,-0.08800161096761236,-0.11428857451568737,-0.06166333288415601,-129.99811530891947,-169.91121390624124,-90.71465450798219
UEFA vs OFC,UEFA,OFC,1995-05,-0.08820806925742784,-0.11465415996535473,-0.061993725956446984,-130.33720738562758,-170.27010101124347,-91.00502671542999
UEFA vs OFC,UEFA,OFC,1995-06,-0.08838935877328126,-0.11470316991500673,-0.062313365960015445,-130.63813116682775,-170.342177236361,-91.00828054724394
UEFA vs OFC,UEFA,OFC,1995-07,-0.08854599773122512,-0.11477039158897293,-0.06262219517180226,-130.90164059511665,-170.56400090059964,-91.03111603965722
UEFA vs OFC,UEFA,OFC,1995-08,-0.08867850434731332,-0.11482699421740779,-0.06269505189504254,-131.1284929632258,-170.77578587463432,-91.31181810549897
UEFA vs OFC,UEFA,OFC,1995-09,-0.08878739683759954,-0.11471792123125475,-0.06263951966600391,-131.31944872545841,-171.23048860221917,-91.5817049597399
UEFA vs OFC,UEFA,OFC,1995-10,-0.08887319341813665,-0.11484243118728141,-0.06258039505740447,-131.4752713136056,-171.6228371386273,-91.80364713273568
UEFA vs OFC,UEFA,OFC,1995-11,-0.08893641230497838,-0.11500680997455222,-0.06265314504569736,-131.59672695741668,-171.94817072988454,-91.86304445078454
UEFA vs OFC,UEFA,OFC,1995-12,-0.08897757171417822,-0.1150488935691683,-0.06247409762159531,-131.68458450968376,-171.63023231865702,-91.79756830010456
UEFA vs OFC,UEFA,OFC,1996-01,-0.08899718986178944,-0.11501828805049366,-0.06250092218622792,-131.73961527601116,-171.35997688146514,-91.65670798778937
UEFA vs OFC,UEFA,OFC,1996-02,-0.08899578496386551,-0.11496993129015971,-0.06263901138967713,-131.76259284932956,-170.99387173503447,-91.51610669908122
UEFA vs OFC,UEFA,OFC,1996-03,-0.08897387523645989,-0.11492367363551108,-0.06268709898174905,-131.75429294920718,-171.04645741605734,-91.34440155476584
UEFA vs OFC,UEFA,OFC,1996-04,-0.088931978895626,-0.1148270330750603,-0.06288482202390595,-131.7154932660131,-171.19431726115408,-91.26861730778907
UEFA vs OFC,UEFA,OFC,1996-05,-0.08887061415741733,-0.11466875319640617,-0.06298776033463148,-131.6469733099793,-171.3051641825357,-91.36100197551734
UEFA vs OFC,UEFA,OFC,1996-06,-0.08879029923788702,-0.11472913767011228,-0.0629608931539273,-131.5495142652054,-171.4103389318231,-91.45571543563256
UEFA vs OFC,UEFA,OFC,1996-07,-0.08869155235308888,-0.114815665150704,-0.06300283890413774,-131.42389884864818,-171.46796230382483,-91.51495058166158
UEFA vs OFC,UEFA,OFC,1996-08,-0.08857489171907623,-0.11472168277741304,-0.06288299606036957,-131.27091117412934,-171.02572530473208,-91.54251048156853
UEFA vs OFC,UEFA,OFC,1996-09,-0.0884408355519021,-0.11460043645819185,-0.06264770049551675,-131.09133662139845,-170.54696166308784,-91.54669513166978
UEFA vs OFC,UEFA,OFC,1996-10,-0.08828990206762061,-0.11445364320884019,-0.06239702128199452,-130.8859617102814,-170.45567339947365,-91.52778784575636
UEFA vs OFC,UEFA,OFC,1996-11,-0.08812260948228481,-0.11425660404128704,-0.06224240072179424,-130.6555739799353,-170.54291199560816,-91.4700599720126
UEFA vs OFC,UEFA,OFC,1996-12,-0.08793947601194768,-0.11389873649104372,-0.06218048349493237,-130.40096187324178,-170.61156471724726,-91.0903108943797
UEFA vs OFC,UEFA,OFC,1997-01,-0.08774101987266361,-0.11365200655646653,-0.06199740820472469,-130.1229146263574,-170.44309343989278,-90.72184570028023
UEFA vs OFC,UEFA,OFC,1997-02,-0.08752775928048556,-0.11330700508374184,-0.061712559262482,-129.82222216343126,-169.70399007958224,-90.60029499875014
UEFA vs OFC,UEFA,OFC,1997-03,-0.08730021245146632,-0.11316420283359344,-0.06150719290388516,-129.49967499651748,-169.27095951642818,-90.53555347794737
UEFA vs OFC,UEFA,OFC,1997-04,-0.08705889760166052,-0.11289490439890341,-0.061208603054574436,-129.15606413069145,-168.94826758455991,-90.29279933749635
UEFA vs OFC,UEFA,OFC,1997-05,-0.08680433294712099,-0.11262126173299439,-0.060925306918728064,-128.79218097436984,-168.36429261311056,-89.82817972361467
UEFA vs OFC,UEFA,OFC,1997-06,-0.08653703670390044,-0.11222719071952456,-0.06058609240659805,-128.40881725485963,-168.10166723106758,-89.36866522864835
UEFA vs OFC,UEFA,OFC,1997-07,-0.08625752708805373,-0.11191792310529873,-0.06052963177378247,-128.0067649391345,-167.74602884357765,-89.06156025369955
UEFA vs OFC,UEFA,OFC,1997-08,-0.08596632231563361,-0.11163003885033347,-0.060537791836075015,-127.58681615983264,-167.4580240873408,-88.97116302495667
UEFA vs OFC,UEFA,OFC,1997-09,-0.08566394060269264,-0.1114258645932765,-0.06053130851189857,-127.1497631464967,-166.8250845088875,-88.40924492079097
UEFA vs OFC,UEFA,OFC,1997-10,-0.08535090016528589,-0.11121385347510904,-0.060012826046834854,-126.69639816204814,-166.25803671999756,-88.22057460266842
UEFA vs OFC,UEFA,OFC,1997-11,-0.08502771921946599,-0.11093826122133228,-0.05973279772454175,-126.22751344448295,-165.66779220944466,-88.1162314932635
UEFA vs OFC,UEFA,OFC,1997-12,-0.0846949159812854,-0.11076792090620854,-0.0594625710133271,-125.74390115380713,-165.232792158186,-87.87361668363296
UEFA vs OFC,UEFA,OFC,1998-01,-0.0843530086667994,-0.11043095965840136,-0.05927774599643777,-125.24635332419912,-164.50589784083252,-86.96859224388285
UEFA vs OFC,UEFA,OFC,1998-02,-0.0840025154920605,-0.11017989211636507,-0.059121713176326585,-124.73566182137976,-164.0756285154617,-86.17652650894995
UEFA vs OFC,UEFA,OFC,1998-03,-0.08364395467312115,-0.10973198708892191,-0.058966757546555955,-124.21261830520892,-163.90987830841664,-85.9988027231131
UEFA vs OFC,UEFA,OFC,1998-04,-0.08327784442603678,-0.10940986776535264,-0.058783220561258745,-123.67801419748895,-163.36506555778774,-85.84673364572403
UEFA vs OFC,UEFA,OFC,1998-05,-0.08290470296685981,-0.10907744013579701,-0.058443469713340766,-123.13264065495417,-162.69904935381118,-85.46117063167564
UEFA vs OFC,UEFA,OFC,1998-06,-0.08252504851164258,-0.10880796667771384,-0.057941792912787594,-122.5772885474633,-162.16138781742882,-85.29977752754728
UEFA vs OFC,UEFA,OFC,1998-07,-0.0821393992764406,-0.1083838579093848,-0.057530155127169594,-122.0127484413734,-161.64621924993352,-84.68717821410519
UEFA vs OFC,UEFA,OFC,1998-08,-0.08174827347730636,-0.10814734581097762,-0.057306014928933065,-121.43981058807141,-161.0124547544358,-84.08695787540154
UEFA vs OFC,UEFA,OFC,1998-09,-0.08135218933029208,-0.10790768952805321,-0.05699486881473917,-120.8592649176798,-160.512933467789,-83.43398177372872
UEFA vs OFC,UEFA,OFC,1998-10,-0.0809516650514534,-0.10764773162890062,-0.05664564600605099,-120.27190103791546,-159.95511171098744,-82.75691528965285
UEFA vs OFC,UEFA,OFC,1998-11,-0.08054721885684263,-0.10736007206951204,-0.0559549614416738,-119.67850823807417,-159.49337088117608,-82.10373017105209
UEFA vs OFC,UEFA,OFC,1998-12,-0.08013936896251217,-0.1070508082484225,-0.055411497501887126,-119.07987549816164,-158.96365290895403,-81.31015115258084
UEFA vs OFC,UEFA,OFC,1999-01,-0.07972856377231702,-0.10670182826039935,-0.054910787520753304,-118.47668444438463,-158.39849336187274,-80.5296359348698
UEFA vs OFC,UEFA,OFC,1999-02,-0.07931497244130653,-0.1063014171922203,-0.05441894310683046,-117.86918838894832,-157.9860916085381,-79.75453031622126
UEFA vs OFC,UEFA,OFC,1999-03,-0.07889869431232943,-0.10601052805162495,-0.05393744281198198,-117.25753385585811,-157.66409327526654,-79.0457416111098
UEFA vs OFC,UEFA,OFC,1999-04,-0.07847982872823792,-0.10562298114523494,-0.0534608611002069,-116.64186767527704,-157.24842601336977,-78.34751628759125
UEFA vs OFC,UEFA,OFC,1999-05,-0.07805847503188063,-0.10515874379635673,-0.05307383342463554,-116.02233696824625,-156.6623697217613,-77.68133395971259
UEFA vs OFC,UEFA,OFC,1999-06,-0.07763473256610642,-0.1046493939524368,-0.05263268710582048,-115.39908913172133,-156.0692238793636,-77.02301956644463
UEFA vs OFC,UEFA,OFC,1999-07,-0.07720870067376738,-0.10413810669569834,-0.052114907915251245,-114.77227182390871,-155.45910685969497,-76.31699632927378
UEFA vs OFC,UEFA,OFC,1999-08,-0.07678047869771223,-0.10366310357033379,-0.051603034999702535,-114.1420329498892,-154.84301632744834,-75.61751992849528
UEFA vs OFC,UEFA,OFC,1999-09,-0.07635016598078974,-0.10329288185066762,-0.05109798344899193,-113.50852064755833,-154.30672392379805,-75.03248438123788
UEFA vs OFC,UEFA,OFC,1999-10,-0.07591786186585205,-0.10291465734894123,-0.050637283227302855,-112.87188327386913,-153.9813466019462,-74.43712019095936
UEFA vs OFC,UEFA,OFC,1999-11,-0.07548366569574794,-0.10241398982396133,-0.05019338279738253,-112.23226939136326,-153.34137721964868,-73.83170873222511
UEFA vs OFC,UEFA,OFC,1999-12,-0.07504767681332598,-0.10189030064219207,-0.04974720645774822,-111.58982775502024,-152.768729809177,-73.21468732564712
UEFA vs OFC,UEFA,OFC,2000-01,-0.07460999456143856,-0.10134751987961876,-0.049298064849982746,-110.9447072994116,-152.0953753552314,-72.55545859968169
UEFA vs OFC,UEFA,OFC,2000-02,-0.07417071828293427,-0.10082049613093096,-0.048846114924075895,-110.2970571261422,-151.33745738729368,-71.89182915783556
UEFA vs OFC,UEFA,OFC,2000-03,-0.0737299473206618,-0.10037836463457298,-0.048391513630016425,-109.64702649161292,-150.65385152264847,-71.2260820894847
UEFA vs OFC,UEFA,OFC,2000-04,-0.07328778101747346,-0.09990585165980762,-0.04793441791779776,-108.99476479508704,-149.96117857532022,-70.55710377147655
UEFA vs OFC,UEFA,OFC,2000-05,-0.0728443187162179,-0.09950513979035783,-0.04747498473740773,-108.34042156704567,-149.2636401761913,-69.88670618376517
UEFA vs OFC,UEFA,OFC,2000-06,-0.07239965975974377,-0.0990660095590894,-0.047013371038837015,-107.684146457864,-148.41255108272182,-69.22027551174467
UEFA vs OFC,UEFA,OFC,2000-07,-0.0719539034909034,-0.09871834688647393,-0.04654973377207879,-107.02608922679232,-147.74644706632785,-68.68568558465039
UEFA vs OFC,UEFA,OFC,2000-08,-0.0715071492525454,-0.09821969760119047,-0.0460842298871203,-106.36639973122521,-147.18997199148149,-68.00193180834064
UEFA vs OFC,UEFA,OFC,2000-09,-0.07105949638751852,-0.09771115879454442,-0.04563599711130158,-105.70522791629264,-146.6968868293801,-67.31587318480395
UEFA vs OFC,UEFA,OFC,2000-10,-0.07061104423867497,-0.09725433109373789,-0.0454261470021697,-105.04272380475396,-146.19581496184094,-66.86785839549597
UEFA vs OFC,UEFA,OFC,2000-11,-0.07016189214886341,-0.09679535429476056,-0.045131292873843404,-104.37903748718189,-145.6124851726647,-66.44691648850852
UEFA vs OFC,UEFA,OFC,2000-12,-0.06971213946093259,-0.09633435799818271,-0.04458137270296968,-103.71431911246569,-144.7107283116116,-66.01866799124365
UEFA vs OFC,UEFA,OFC,2001-01,-0.06926188551773477,-0.09583392156375248,-0.044137362880926026,-103.04871887861854,-143.77853351458228,-65.39156279594653
UEFA vs OFC,UEFA,OFC,2001-02,-0.06881122966211858,-0.09541302128054659,-0.043760617475658584,-102.38238702387251,-143.01359754749717,-64.40138252455937
UEFA vs OFC,UEFA,OFC,2001-03,-0.06836027123693271,-0.09495353249989642,-0.04341915592676547,-101.71547381809295,-142.3211461462587,-63.65781354091388
UEFA vs OFC,UEFA,OFC,2001-04,-0.0679091095850294,-0.0944881880695367,-0.04298599632740398,-101.04812955449593,-141.62561924905205,-63.08099865936474
UEFA vs OFC,UEFA,OFC,2001-05,-0.06745784404925743,-0.09401949332909373,-0.04253520588102596,-100.38050454165212,-140.92979969103783,-62.31448054468139
UEFA vs OFC,UEFA,OFC,2001-06,-0.06700657397246534,-0.09355612444035133,-0.04208656378863252,-99.7127490958081,-140.14511538072807,-61.51489825271297
UEFA vs OFC,UEFA,OFC,2001-07,-0.0665553986975055,-0.09319234263306049,-0.04164011087750974,-99.04501353351105,-139.38260987030972,-60.91512051386409
UEFA vs OFC,UEFA,OFC,2001-08,-0.06610441756722658,-0.09271122710283372,-0.04118848935477924,-98.37744816451675,-138.66758931258644,-60.05439641007442
UEFA vs OFC,UEFA,OFC,2001-09,-0.06565372992447718,-0.09221987871905961,-0.04065700458730977,-97.71020328501508,-138.0522418306222,-59.50042451036862
UEFA vs OFC,UEFA,OFC,2001-10,-0.06520343511210969,-0.09172943501412142,-0.04016173374355327,-97.04342917115613,-137.46311416131346,-58.851753875250395
UEFA vs OFC,UEFA,OFC,2001-11,-0.06475363247297267,-0.09123975631822971,-0.03978655672731035,-96.37727607285844,-136.76932448657413,-58.22164650062318
UEFA vs OFC,UEFA,OFC,2001-12,-0.06430442134991482,-0.09073213119068649,-0.03942133101864269,-95.71189420793358,-136.08878852189946,-57.64247289443476
UEFA vs OFC,UEFA,OFC,2002-01,-0.06385590108578848,-0.09025997094639471,-0.038982911840922306,-95.0474337565082,-135.39180590629562,-57.22128069603374
UEFA vs OFC,UEFA,OFC,2002-02,-0.06340817102344229,-0.08979257535525949,-0.038587753078410406,-94.38404485572784,-134.85968100380117,-57.01999528875123
UEFA vs OFC,UEFA,OFC,2002-03,-0.06296133050572485,-0.08934654103682753,-0.03816073821562371,-93.72187759477397,-134.42095141362765,-56.268217330510836
UEFA vs OFC,UEFA,OFC,2002-04,-0.06251547887548856,-0.08890985000816376,-0.03776422811237024,-93.0610820101775,-133.77038176065528,-55.413064030058514
UEFA vs OFC,UEFA,OFC,2002-05,-0.062070715475582044,-0.08847444898262795,-0.037368320457766176,-92.40180808141113,-132.88780879177835,-54.763418223429746
UEFA vs OFC,UEFA,OFC,2002-06,-0.06162713964885392,-0.08803155114524244,-0.03697307422727168,-91.74420572679351,-132.35143118314716,-54.14610554422033
UEFA vs OFC,UEFA,OFC,2002-07,-0.06118485073815656,-0.08757292387076512,-0.03657854839635052,-91.08842479968742,-131.73190060034383,-53.25092862453529
UEFA vs OFC,UEFA,OFC,2002-08,-0.06074394808633851,-0.08714928548749183,-0.03621643272732782,-90.43461508497465,-131.07466976245047,-52.45782479031573
UEFA vs OFC,UEFA,OFC,2002-09,-0.06030453103624857,-0.08674482184152801,-0.035885599139239416,-89.78292629584122,-130.41244239394132,-52.310607443572096
UEFA vs OFC,UEFA,OFC,2002-10,-0.05986669893073897,-0.08621424997620966,-0.03548731049681684,-89.13350807085283,-129.76339651409015,-51.875254569492924
UEFA vs OFC,UEFA,OFC,2002-11,-0.05943055111265835,-0.08573071207655207,-0.03494048329693458,-88.48650997130659,-129.1169324046432,-51.31736002327545
UEFA vs OFC,UEFA,OFC,2002-12,-0.05899618692485548,-0.0852755131410381,-0.034484302888234813,-87.84208147888945,-128.26761650443498,-50.75320773473226
UEFA vs OFC,UEFA,OFC,2003-01,-0.0585637057101825,-0.08482103321817887,-0.03422982442757158,-87.20037199362518,-127.84950180675017,-50.16031870624775
UEFA vs OFC,UEFA,OFC,2003-02,-0.05813320681148817,-0.08431003995552411,-0.03368137659314364,-86.561530832096,-126.8234110532409,-49.53639435401235
UEFA vs OFC,UEFA,OFC,2003-03,-0.05770478957162117,-0.08382852389206588,-0.033136083353409965,-85.92570722596695,-126.29866650241225,-48.916262004503096
UEFA vs OFC,UEFA,OFC,2003-04,-0.05727855333343371,-0.0833549684129958,-0.032731411982585765,-85.2930503207985,-125.9689392537143,-48.30766221699159
UEFA vs OFC,UEFA,OFC,2003-05,-0.0568545974397745,-0.08288145761109603,-0.03233297427878098,-84.66370917512988,-125.44421667639514,-47.58983526802798
UEFA vs OFC,UEFA,OFC,2003-06,-0.056433021233492295,-0.08262797447752379,-0.03194448233743065,-84.03783275986423,-124.62302860140069,-46.77194415663362
UEFA vs OFC,UEFA,OFC,2003-07,-0.05601392405743924,-0.08235461757939522,-0.03139987298770622,-83.41556995793853,-123.80705996944478,-45.95814886463502
UEFA vs OFC,UEFA,OFC,2003-08,-0.055597405254464036,-0.0821471597330782,-0.03099139511434875,-82.79706956426318,-123.3957816937417,-45.45331551671955
UEFA vs OFC,UEFA,OFC,2003-09,-0.05518356416741544,-0.08194004862353879,-0.03064613526353291,-82.18248028596054,-122.98519076954196,-44.81524538424178
UEFA vs OFC,UEFA,OFC,2003-10,-0.054772500139145634,-0.08173316080501887,-0.030310426443677763,-81.57195074288622,-122.62245649314697,-44.31494965867104
UEFA vs OFC,UEFA,OFC,2003-11,-0.05436431251250334,-0.08142076013978694,-0.030050225751966725,-80.96562946841789,-122.17601091615542,-43.96351583736154
UEFA vs OFC,UEFA,OFC,2003-12,-0.0539591006303373,-0.08076972515047522,-0.02968518735364296,-80.3636649105409,-121.56860299035246,-43.31643152812338
UEFA vs OFC,UEFA,OFC,2004-01,-0.0535569638354996,-0.0805101889816465,-0.029297914117648326,-79.76620543321489,-120.79734951385225,-42.67167382216359
UEFA vs OFC,UEFA,OFC,2004-02,-0.05315800147083904,-0.08025071881375116,-0.028918603791420954,-79.17339931800569,-120.06630323293446,-41.864555126284905
UEFA vs OFC,UEFA,OFC,2004-03,-0.05276231287920433,-0.07991238030857839,-0.028320174217528575,-78.58539476601214,-119.33643392748948,-41.304710276179385
UEFA vs OFC,UEFA,OFC,2004-04,-0.05236999740344765,-0.07933190551025579,-0.027838107259831806,-78.00233990007186,-118.7501565580237,-40.794661436353174
UEFA vs OFC,UEFA,OFC,2004-05,-0.051981154386417684,-0.0788752587777894,-0.027358490435165493,-77.42438276723084,-118.34899701557579,-40.32308476857826
UEFA vs OFC,UEFA,OFC,2004-06,-0.05159588317096328,-0.07860428210731722,-0.026931414776598973,-76.85167134150588,-117.95073679914958,-39.71598894532107
UEFA vs OFC,UEFA,OFC,2004-07,-0.05121428309993639,-0.07833513515740473,-0.026567220774637208,-76.28435352692424,-117.55545916478734,-39.05968218357747
UEFA vs OFC,UEFA,OFC,2004-08,-0.050836453516185924,-0.0780678713797339,-0.026186731656023466,-75.72257716082616,-117.163247245594,-38.40142844280543
UEFA vs OFC,UEFA,OFC,2004-09,-0.05046249376256066,-0.07764694806095251,-0.025707270798177723,-75.1664900174577,-116.7741840531693,-37.713542045818656
UEFA vs OFC,UEFA,OFC,2004-10,-0.05009250318191252,-0.07721951287021818,-0.02522906599085477,-74.61623981183998,-116.37621064536455,-37.26065490940113
UEFA vs OFC,UEFA,OFC,2004-11,-0.04972658111709038,-0.07678503253606869,-0.024748632501719575,-74.07197420389977,-115.84118783147501,-36.40398843886706
UEFA vs OFC,UEFA,OFC,2004-12,-0.04936482691094312,-0.07635290919331843,-0.02428874633452711,-73.53384080288947,-115.41820641774625,-35.5378408396816
UEFA vs OFC,UEFA,OFC,2005-01,-0.04900733990632256,-0.07602519951701207,-0.023812385686147765,-73.00198717208131,-114.91197713769822,-34.84507159157476
UEFA vs OFC,UEFA,OFC,2005-02,-0.048654219446077625,-0.07566907311448703,-0.023353004641931463,-72.47656083372338,-114.21835589690967,-34.16691645663175
UEFA vs OFC,UEFA,OFC,2005-03,-0.048305564873057226,-0.07521777128532312,-0.022936618388393983,-71.9577092742825,-113.53079916233091,-33.497156864592256
UEFA vs OFC,UEFA,OFC,2005-04,-0.047961475530113144,-0.07489568360385417,-0.02251657494074002,-71.44557994996156,-112.91814709769281,-32.83701460481563
UEFA vs OFC,UEFA,OFC,2005-05,-0.047622050760094285,-0.07465427177670443,-0.022019611443420486,-70.9403202924773,-112.54897234109714,-32.188125187674466
UEFA vs OFC,UEFA,OFC,2005-06,-0.047287389905849624,-0.07441317085607232,-0.02156304213701872,-70.44207771512507,-112.17981468455983,-31.640422379431257
UEFA vs OFC,UEFA,OFC,2005-07,-0.046957592310230875,-0.07415293258635813,-0.02114961734732086,-69.95099961911639,-111.65357258775909,-31.307885142197986
UEFA vs OFC,UEFA,OFC,2005-08,-0.04663275731608698,-0.0738237758918328,-0.02091697658952475,-69.46723340017789,-111.3483982570323,-30.947462447569247
UEFA vs OFC,UEFA,OFC,2005-09,-0.046312984266266906,-0.07350329829654974,-0.020623447158428176,-68.99092645543597,-110.97050088973212,-30.294417264628862
UEFA vs OFC,UEFA,OFC,2005-10,-0.04599837250362237,-0.07327451673357817,-0.020280179826525392,-68.5222261905747,-110.39267913709061,-30.03119739545284
UEFA vs OFC,UEFA,OFC,2005-11,-0.04568902137100226,-0.07295553254238803,-0.019948223833385237,-68.06128002725494,-110.02163014316342,-29.559300110499954
UEFA vs OFC,UEFA,OFC,2005-12,-0.04538498602290485,-0.07265387473233735,-0.019619199251079113,-67.60817000568228,-109.8563471306918,-29.07669921727016
UEFA vs OFC,UEFA,OFC,2006-01,-0.04508614486042731,-0.07247884488559624,-0.019304566642168508,-67.1627165880136,-109.42050519982979,-28.61539748414482
UEFA vs OFC,UEFA,OFC,2006-02,-0.044792332096313565,-0.07213514481498814,-0.019034986549327962,-66.72467489472255,-108.87906057828891,-28.174852501717588
UEFA vs OFC,UEFA,OFC,2006-03,-0.044503381943307566,-0.07179665812724653,-0.018799973533717523,-66.29380010771372,-108.34797117190942,-27.754522227643026
UEFA vs OFC,UEFA,OFC,2006-04,-0.04421912861415558,-0.07151096587419126,-0.018533600001035704,-65.8698474650854,-107.81375627489311,-27.296819787624145
UEFA vs OFC,UEFA,OFC,2006-05,-0.04393940632160152,-0.0712591678148649,-0.018206084045537186,-65.45257225607031,-107.28978882390622,-26.950129425716234
UEFA vs OFC,UEFA,OFC,2006-06,-0.04366404927838932,-0.07101160647414591,-0.017938977282851324,-65.04172981617414,-106.77579159760919,-26.593602697960105
UEFA vs OFC,UEFA,OFC,2006-07,-0.04339289169726529,-0.07077185153397739,-0.017702784945282882,-64.63707552249963,-106.27148737078039,-26.184956248237704
UEFA vs OFC,UEFA,OFC,2006-08,-0.04312576779097336,-0.0705396219606981,-0.01741456899457639,-64.23836478924524,-105.77659891789921,-25.718451296364336
UEFA vs OFC,UEFA,OFC,2006-09,-0.042862511772257486,-0.07031463672064242,-0.01714667964634429,-63.845353063398214,-105.28171230447501,-25.261802829222
UEFA vs OFC,UEFA,OFC,2006-10,-0.04260295785386387,-0.07009661478014921,-0.016924659338017106,-63.45779582061023,-104.82448153692016,-24.814685587777742
UEFA vs OFC,UEFA,OFC,2006-11,-0.04234694024853652,-0.06984552401745336,-0.016708987252031945,-63.07544856124508,-104.36749686224591,-24.378945709835307
UEFA vs OFC,UEFA,OFC,2006-12,-0.04209429316901944,-0.06955171149446171,-0.01650153579422914,-62.69806680661745,-103.91849842333647,-23.956322032007876
UEFA vs OFC,UEFA,OFC,2007-01,-0.04184485082805872,-0.06926157113901285,-0.01629976402138854,-62.32540609541175,-103.47721157690097,-23.54226871572597
UEFA vs OFC,UEFA,OFC,2007-02,-0.04159844743839838,-0.06897417574637799,-0.016103494106608243,-61.95722198027117,-103.13706980626554,-23.241696975410836
UEFA vs OFC,UEFA,OFC,2007-03,-0.04135491721278251,-0.06869189230843542,-0.015845265184403757,-61.59327002457501,-102.8898892005767,-22.961254556036486
UEFA vs OFC,UEFA,OFC,2007-04,-0.04111409436395712,-0.06841452695306649,-0.015495973591953986,-61.23330579939375,-102.64842548624215,-22.690010655909447
UEFA vs OFC,UEFA,OFC,2007-05,-0.04087581310466625,-0.06814188580815524,-0.01522841780236508,-60.87708488061309,-102.28644733425563,-22.180581418756642
UEFA vs OFC,UEFA,OFC,2007-06,-0.04063990764765404,-0.06787377500158205,-0.015003825052553536,-60.52436284624371,-101.91349939789713,-22.029228730173948
UEFA vs OFC,UEFA,OFC,2007-07,-0.040406212205666446,-0.06773403167883077,-0.014808340067868738,-60.17489527390724,-101.53891464970295,-21.66498132602253
UEFA vs OFC,UEFA,OFC,2007-08,-0.040174560991447505,-0.06762391635218137,-0.014623958984746825,-59.82843773848945,-101.1626404914954,-21.48226174065525
UEFA vs OFC,UEFA,OFC,2007-09,-0.03994478821774141,-0.06738781462652281,-0.014444386221943706,-59.48474580997812,-100.95140835895909,-21.349167611701866
UEFA vs OFC,UEFA,OFC,2007-10,-0.03971672809729405,-0.06714684759534864,-0.01438069378036904,-59.14357505147467,-100.82256250819492,-21.24326489648309
UEFA vs OFC,UEFA,OFC,2007-11,-0.03949021484284955,-0.06690331458033572,-0.01428494717851781,-58.804681017373106,-100.69640822348563,-21.017131116420856
UEFA vs OFC,UEFA,OFC,2007-12,-0.03926508266715198,-0.06657818478288217,-0.014064980745427882,-58.46781925172067,-100.46681286239371,-20.780571478830037
UEFA vs OFC,UEFA,OFC,2008-01,-0.03904116578294734,-0.06621931141483736,-0.013943381388111362,-58.13274528675287,-100.14726368415756,-20.58163285782725
UEFA vs OFC,UEFA,OFC,2008-02,-0.03881829840297967,-0.06586871607515646,-0.01382779876155672,-57.79921464159319,-99.82126902956492,-20.369188795538875
UEFA vs OFC,UEFA,OFC,2008-03,-0.03859631473999314,-0.06563265406836201,-0.013718394079125104,-57.46698282113479,-99.5001414446588,-20.18527351700131
UEFA vs OFC,UEFA,OFC,2008-04,-0.03837504900673364,-0.06539785296757787,-0.01361492921499732,-57.13580531509437,-99.06158404237209,-20.068318710297742
UEFA vs OFC,UEFA,OFC,2008-05,-0.038154335415945304,-0.0651936215912901,-0.013403026150148645,-56.80543759723114,-98.61659589592244,-19.661512019116465
UEFA vs OFC,UEFA,OFC,2008-06,-0.037934008180372236,-0.06494575207958678,-0.013133658951236134,-56.47563512474569,-98.16649072890682,-19.247567185275905
UEFA vs OFC,UEFA,OFC,2008-07,-0.03771390151276031,-0.06469605489401711,-0.012963938367973254,-56.14615333785123,-97.6995677580352,-18.871687093279697
UEFA vs OFC,UEFA,OFC,2008-08,-0.037493849625853753,-0.06447281137569502,-0.012869497443110372,-55.81674765950879,-97.21524184044759,-19.068429182020168
UEFA vs OFC,UEFA,OFC,2008-09,-0.037273686732396595,-0.06428599479704937,-0.012590779440164736,-55.487173495341295,-96.74960330527269,-18.704933258580155
UEFA vs OFC,UEFA,OFC,2008-10,-0.03705324704513477,-0.06410048968503931,-0.012344179576815112,-55.157186233719976,-96.29454615009458,-18.117650480553074
UEFA vs OFC,UEFA,OFC,2008-11,-0.036832364776812385,-0.06391465181602411,-0.011946142981564246,-54.82654124601336,-95.83361160045905,-17.72756068772754
UEFA vs OFC,UEFA,OFC,2008-12,-0.03661087414017359,-0.06373025124790774,-0.011573001348361258,-54.49499388701552,-95.52704475836636,-17.22538512547133
UEFA vs OFC,UEFA,OFC,2009-01,-0.036388609347964306,-0.0635470744807205,-0.011236667879147611,-54.16229949554477,-95.35242443796444,-16.71747860265296
UEFA vs OFC,UEFA,OFC,2009-02,-0.036165404612928595,-0.0633649080144949,-0.010923966106105134,-53.82821339520517,-95.17478312846073,-16.20371445942805
UEFA vs OFC,UEFA,OFC,2009-03,-0.03594109414781062,-0.06318353834926191,-0.010640198632652136,-53.49249089532646,-94.99372137727907,-15.68396607202192
UEFA vs OFC,UEFA,OFC,2009-04,-0.0357155121653563,-0.0629859581778442,-0.01035529717662485,-53.15488729207385,-94.8088397972757,-15.187722431159957
UEFA vs OFC,UEFA,OFC,2009-05,-0.03548849287830974,-0.06278307445071496,-0.01006915269768954,-52.815157869719734,-94.61546063746141,-14.76608861125489
UEFA vs OFC,UEFA,OFC,2009-06,-0.03525987049941501,-0.06257840054911674,-0.009781656155508066,-52.47305790209328,-94.40859520069476,-14.344207230184677
UEFA vs OFC,UEFA,OFC,2009-07,-0.03502947924141811,-0.062372112151645356,-0.009492698509747533,-52.128342654199606,-94.19652346487466,-13.920189597210333
UEFA vs OFC,UEFA,OFC,2009-08,-0.03479715331706313,-0.06216403764512664,-0.009208555162475214,-51.78076738399941,-93.77945773397752,-13.503274668329965
UEFA vs OFC,UEFA,OFC,2009-09,-0.03456272693909412,-0.061954005416385585,-0.00894893530750638,-51.43008734436626,-93.23334426370437,-13.197706088043837
UEFA vs OFC,UEFA,OFC,2009-10,-0.034326034320257125,-0.06174184385224808,-0.008710215152567136,-51.07605778521249,-92.67554283010993,-12.85491350917931
UEFA vs OFC,UEFA,OFC,2009-11,-0.034086909673296174,-0.06152182289402956,-0.00851329016473339,-50.71843395577463,-92.09087577947864,-12.602207242324205
UEFA vs OFC,UEFA,OFC,2009-12,-0.03384518721095533,-0.06127031857199565,-0.008380447289322258,-50.356971107075786,-91.3998941846072,-12.34965994410524
UEFA vs OFC,UEFA,OFC,2010-01,-0.033600701145980676,-0.06082502408522927,-0.008267334390464547,-49.99142449455554,-90.70338646381897,-12.087363952943592
UEFA vs OFC,UEFA,OFC,2010-02,-0.03335328569111622,-0.06049672515025177,-0.007984672389075123,-49.62154938085824,-90.16057716488105,-11.81328235042254
UEFA vs OFC,UEFA,OFC,2010-03,-0.03310277505910604,-0.060160861517474865,-0.007785049838165577,-49.24710103879721,-89.80386563084758,-11.372222247320238
UEFA vs OFC,UEFA,OFC,2010-04,-0.032849003462696126,-0.05979105576858253,-0.007609062645361154,-48.867834754485386,-89.29461108669317,-11.205365136832194
UEFA vs OFC,UEFA,OFC,2010-05,-0.03259180511463063,-0.05950036579581024,-0.007425635935641148,-48.48350583062314,-88.71582094089804,-10.918166554044275
UEFA vs OFC,UEFA,OFC,2010-06,-0.03233101422765348,-0.05926691113498519,-0.007130633659069786,-48.09386958996002,-88.1310804143664,-10.49402377307204
UEFA vs OFC,UEFA,OFC,2010-07,-0.03206646501451087,-0.05899468268099613,-0.0068694640195798426,-47.69868137892267,-87.56121032844707,-10.034757669642511
UEFA vs OFC,UEFA,OFC,2010-08,-0.03179799168794675,-0.058651793698089615,-0.006747723755630742,-47.29769657139667,-87.07712266007098,-9.856482321918454
UEFA vs OFC,UEFA,OFC,2010-09,-0.031525428460705156,-0.05840199598028213,-0.006615008563289379,-46.8906705726825,-86.86988624998358,-9.673973268459225
UEFA vs OFC,UEFA,OFC,2010-10,-0.031248609545532213,-0.05806409178936134,-0.00622809853960345,-46.47735882361421,-86.46324641054966,-9.202947144017841
UEFA vs OFC,UEFA,OFC,2010-11,-0.030967369155171964,-0.05765377472909141,-0.005872936308846246,-46.05751680483143,-86.23601786593221,-8.735444398120949
UEFA vs OFC,UEFA,OFC,2010-12,-0.030681541502368317,-0.05732221213721136,-0.005614585376700772,-45.630900041222205,-85.9907540222603,-8.315139330164696
UEFA vs OFC,UEFA,OFC,2011-01,-0.030390960799867563,-0.05699940276880242,-0.0054230122920874545,-45.197264106527776,-85.57801335135959,-7.816165773733296
UEFA vs OFC,UEFA,OFC,2011-02,-0.030095461260413615,-0.05670809122438736,-0.005006245711329984,-44.756364628096726,-85.0055419173688,-7.203762393290371
UEFA vs OFC,UEFA,OFC,2011-03,-0.029794877096750407,-0.05657405871594823,-0.004593456661399209,-44.307957291809,-84.4604390940619,-6.614087242171036
UEFA vs OFC,UEFA,OFC,2011-04,-0.02948904252162424,-0.0564428545714379,-0.004228381580857701,-43.85179784715839,-83.89936093166526,-6.139268227359426
UEFA vs OFC,UEFA,OFC,2011-05,-0.02917779174777909,-0.05630422986185266,-0.004126881145365344,-43.38764211248186,-83.64916506443389,-5.945462920889078
UEFA vs OFC,UEFA,OFC,2011-06,-0.028860958987958756,-0.05615724435553071,-0.0040233893161723735,-42.915245980355486,-83.39446951807898,-5.798039815223732
UEFA vs OFC,UEFA,OFC,2011-07,-0.02853837845490968,-0.05592196548085697,-0.003855689065882642,-42.4343654231465,-82.96267737556,-5.633304956889248
UEFA vs OFC,UEFA,OFC,2011-08,-0.028209884361375705,-0.055760868987319204,-0.003476086283675916,-41.94475649870788,-82.57058820705947,-5.0972775652452595
UEFA vs OFC,UEFA,OFC,2011-09,-0.0278753109201007,-0.0555940054191467,-0.0030027850809731375,-41.446175356237006,-82.28729787550297,-4.3978578973674525
UEFA vs OFC,UEFA,OFC,2011-10,-0.02753449234383114,-0.05516585592887102,-0.002512489179793511,-40.938378242286305,-81.95212636510324,-3.679335750677474
UEFA vs OFC,UEFA,OFC,2011-11,-0.027187262845310877,-0.05482017091889198,-0.0020073949734867665,-40.42112150691236,-81.5102073595485,-2.939322272507697
UEFA vs OFC,UEFA,OFC,2011-12,-0.02683345663728363,-0.05455490042185103,-0.0016919000104623635,-39.89416160998537,-81.05887769812985,-2.486236465307321
UEFA vs OFC,UEFA,OFC,2012-01,-0.026472907932496046,-0.05427869980661697,-0.0014154455432715209,-39.357255127646866,-80.58914298502555,-2.079663798888083
UEFA vs OFC,UEFA,OFC,2012-02,-0.026105450943691898,-0.05399123491680831,-0.0011378548376677648,-38.8101587589,-80.10602106377806,-1.6716963427718812
UEFA vs OFC,UEFA,OFC,2012-03,-0.025730919883614894,-0.053692171596048464,-0.0005817629054867731,-38.25262933235691,-79.60173534513076,-0.8702137077585039
UEFA vs OFC,UEFA,OFC,2012-04,-0.02534914896501173,-0.053381175687960435,-0.0003382348620264507,-37.68442381312882,-79.00322667660183,-0.5020529472437262
UEFA vs OFC,UEFA,OFC,2012-05,-0.02495997240062621,-0.053057913036166846,0.00017136365764391635,-37.10529930984351,-78.51921115466192,0.25148660838055575
UEFA vs OFC,UEFA,OFC,2012-06,-0.024563224403201866,-0.05270959051386685,0.0005276395699630631,-36.51501308181439,-78.0182493243356,0.7733896288623497
UEFA vs OFC,UEFA,OFC,2012-07,-0.0241587391854856,-0.0523290574276023,0.0008863814006881284,-35.91332254634777,-77.5313831797946,1.2993636576298617
UEFA vs OFC,UEFA,OFC,2012-08,-0.023746350960221117,-0.05194058510766912,0.001226727688327854,-35.29998528616996,-76.99200182644887,1.7661521115122434
UEFA vs OFC,UEFA,OFC,2012-09,-0.02332589394015191,-0.051544003068962896,0.0015491858593129808,-34.67475905700114,-76.42593529700333,2.25661575795546
UEFA vs OFC,UEFA,OFC,2012-10,-0.022897202338025,-0.05113485637218025,0.0020180455990591374,-34.037401795260976,-75.83563643302374,2.9626875709335634
UEFA vs OFC,UEFA,OFC,2012-11,-0.02246017299136852,-0.05066804786150878,0.0024423645292682857,-33.38776441652858,-75.24312890321667,3.6328637020865826
UEFA vs OFC,UEFA,OFC,2012-12,-0.02201495323684864,-0.05018068121789869,0.002919214343196772,-32.7260691430239,-74.63184888583766,4.340687863371202
UEFA vs OFC,UEFA,OFC,2013-01,-0.02156175303591974,-0.04968686952510497,0.003401506425429663,-32.052631040170056,-74.00229407062167,5.056521172554297
UEFA vs OFC,UEFA,OFC,2013-02,-0.021100782350032564,-0.049192022020965176,0.0038806055544367392,-31.367765204445135,-73.35496209468086,5.768427135165081
UEFA vs OFC,UEFA,OFC,2013-03,-0.020632251140637724,-0.048686612125137294,0.004355852041772263,-30.671786754344474,-72.56821643320919,6.474373307711172
UEFA vs OFC,UEFA,OFC,2013-04,-0.020156369369189707,-0.04817480121988371,0.004829676010326618,-29.96501082157629,-71.83422928677005,7.178111257874431
UEFA vs OFC,UEFA,OFC,2013-05,-0.019673346997139254,-0.0476567690842411,0.005302083137434006,-29.247752542472604,-71.30317996560686,7.87965704937188
UEFA vs OFC,UEFA,OFC,2013-06,-0.019183393985936853,-0.047132695497246364,0.005773079100425344,-28.52032704964988,-70.59781298277696,8.57902631142742
UEFA vs OFC,UEFA,OFC,2013-07,-0.018686720297037246,-0.046600845773688705,0.006366700564910132,-27.783049463904216,-69.86905729597193,9.276234244203744
UEFA vs OFC,UEFA,OFC,2013-08,-0.018183535891890958,-0.04606266109837196,0.006977327124895139,-27.036234886320525,-69.12550867383489,10.12099400088431
UEFA vs OFC,UEFA,OFC,2013-09,-0.01767405073194852,-0.04559725984728007,0.007599029413450518,-26.28019839063355,-68.4003320376963,10.87874311661907
UEFA vs OFC,UEFA,OFC,2013-10,-0.01715847477866469,-0.04531010349714411,0.008217034372448582,-25.515255015821822,-67.78709785293927,11.692168835014918
UEFA vs OFC,UEFA,OFC,2013-11,-0.01663701799349001,-0.044883680879674245,0.008713826425774849,-24.741719758915245,-67.15703650865765,12.563956325362996
UEFA vs OFC,UEFA,OFC,2013-12,-0.016109890337874987,-0.04439172768200224,0.009149361540355148,-23.959907568053467,-66.53704624778678,13.352717086871117
UEFA vs OFC,UEFA,OFC,2014-01,-0.0155773017732744,-0.04385872530298993,0.009535508803286814,-23.17013333577588,-65.90313479299559,13.961917557567578
UEFA vs OFC,UEFA,OFC,2014-02,-0.015039462261138815,-0.043356405479316115,0.010040640356317528,-22.372711892523483,-65.07421139651557,14.751073893003008
UEFA vs OFC,UEFA,OFC,2014-03,-0.014496581762918594,-0.04300591524388131,0.010584715622973029,-21.56795800038926,-64.18528393739271,15.53621381663156
UEFA vs OFC,UEFA,OFC,2014-04,-0.01394887024006875,-0.04259657646367128,0.01108394122537679,-20.756186347099064,-63.4087131844016,16.243896992448747
UEFA vs OFC,UEFA,OFC,2014-05,-0.013396537654039649,-0.04213655742171749,0.011570429040168667,-19.937711540199597,-62.37236856378604,16.955694115229562
UEFA vs OFC,UEFA,OFC,2014-06,-0.012839793966281755,-0.04161875710840719,0.012059688509832824,-19.11284810149451,-61.449541936805375,17.671446575915418
UEFA vs OFC,UEFA,OFC,2014-07,-0.012278849138249998,-0.041091045332485754,0.012579114961809867,-18.281910461705944,-60.5165760336234,18.390995743712995
UEFA vs OFC,UEFA,OFC,2014-08,-0.011713913131394882,-0.04044462273325751,0.013287952994098927,-17.445212955341262,-59.574050200256075,19.161631876548054
UEFA vs OFC,UEFA,OFC,2014-09,-0.011145195907166738,-0.039887887633881694,0.013753864560939577,-16.603069815802854,-58.62254322195006,20.206021789087288
UEFA vs OFC,UEFA,OFC,2014-10,-0.010572907427020595,-0.039208549410791924,0.014217413487230985,-15.755795170721093,-57.66263330184268,20.914826989235685
UEFA vs OFC,UEFA,OFC,2014-11,-0.00999725765240685,-0.03844078538152447,0.014919805948065157,-14.903703037487121,-56.85129874391403,21.605097292767635
UEFA vs OFC,UEFA,OFC,2014-12,-0.009418456544775909,-0.03766993259735072,0.01569622598280813,-14.047107319025642,-55.93370854056335,22.512860300015262
UEFA vs OFC,UEFA,OFC,2015-01,-0.008836714065582826,-0.03689646209650403,0.016347282231105435,-13.18632179978548,-54.892594460547436,23.8093496021544
UEFA vs OFC,UEFA,OFC,2015-02,-0.008252240176277953,-0.03629349642970898,0.01695008635795524,-12.321660141925827,-54.214853546906134,24.869047162552846
UEFA vs OFC,UEFA,OFC,2015-03,-0.007665244838311655,-0.035693201690669606,0.017544923879563388,-11.453435881737846,-53.53523353286382,25.862734208326728
UEFA vs OFC,UEFA,OFC,2015-04,-0.00707593801313903,-0.035087083554291576,0.018080324491042573,-10.581962426279151,-52.5026668163506,26.623697471547363
UEFA vs OFC,UEFA,OFC,2015-05,-0.006484529662210469,-0.0345362964576307,0.018757081707638564,-9.707553050198749,-51.352980517064985,27.519392954818862
UEFA vs OFC,UEFA,OFC,2015-06,-0.0058912297469762955,-0.033895199851866266,0.019391446508349983,-8.83052089279207,-50.20022455542602,28.435584623388056
UEFA vs OFC,UEFA,OFC,2015-07,-0.005296248228891581,-0.03329507733080628,0.020004665380511464,-7.951178955264117,-49.04503911485986,29.323861721211966
UEFA vs OFC,UEFA,OFC,2015-08,-0.004699795069406757,-0.03269531723239143,0.020615228062381277,-7.069840098177374,-48.02663871282985,30.21486535286435
UEFA vs OFC,UEFA,OFC,2015-09,-0.004102080229972122,-0.032096210443261164,0.02122760373154587,-6.186817039124377,-47.06919754011061,31.10826609224219
UEFA vs OFC,UEFA,OFC,2015-10,-0.0035033136720428247,-0.03149804785006336,0.021841569094159383,-5.302422350603069,-46.14142583514211,32.00373478948035
UEFA vs OFC,UEFA,OFC,2015-11,-0.002903705357069206,-0.030899101588076495,0.022456695426593846,-4.4169684580708966,-45.29851023072714,32.90094257372094
UEFA vs OFC,UEFA,OFC,2015-12,-0.0023034652465015737,-0.030246970504598812,0.023071612148883248,-3.53076763821859,-44.51048942820526,33.75057380805285
UEFA vs OFC,UEFA,OFC,2016-01,-0.0017028033017951205,-0.029590347626959536,0.02357934229346847,-2.644132017440656,-43.71194562800516,34.5477722620701
UEFA vs OFC,UEFA,OFC,2016-02,-0.0011019294844001294,-0.0289335673133432,0.02431925375400321,-1.7573735704787843,-42.912535997075054,35.259076578187646
UEFA vs OFC,UEFA,OFC,2016-03,-0.0005010537557669715,-0.028276963595321458,0.02494129353276593,-0.8708041192797618,-42.11345113273613,36.187249511070355
UEFA vs OFC,UEFA,OFC,2016-04,9.961392264920766e-05,-0.027620870504471862,0.025356419238955787,0.015264667956316202,-41.102476190465254,36.87943883617441
UEFA vs OFC,UEFA,OFC,2016-05,0.0006998635893980942,-0.027039307957735036,0.025757578673668777,0.9005212775598912,-40.42544743756923,37.552739739344844
UEFA vs OFC,UEFA,OFC,2016-06,0.00129948528302938,-0.026658032173152123,0.02626461662106942,1.7846543509676636,-39.77211739232713,38.520743100045664
UEFA vs OFC,UEFA,OFC,2016-07,0.0018982690420878444,-0.026064510853933687,0.026858928600429474,2.6673526851128715,-39.005830137530786,39.323185019610825
UEFA vs OFC,UEFA,OFC,2016-08,0.0024960049051231514,-0.02546984423097549,0.02742057842357809,3.548305232654032,-38.22609516782154,40.2111844118408
UEFA vs OFC,UEFA,OFC,2016-09,0.0030924829106850726,-0.025072114992040095,0.028091630904820558,4.427201102000801,-37.44563549026443,41.223181518268696
UEFA vs OFC,UEFA,OFC,2016-10,0.0036874930973183596,-0.024452013923819172,0.028770538784561494,5.303729557159463,-36.656325552648454,42.283075860848015
UEFA vs OFC,UEFA,OFC,2016-11,0.0042808255035727315,-0.023916037724127738,0.02944899571562048,6.177580017423031,-35.60361909940942,43.25980020198931
UEFA vs OFC,UEFA,OFC,2016-12,0.004872270167997821,-0.02340069872250634,0.030114989043722708,7.048442056862777,-34.90968115032574,44.08283850757261
UEFA vs OFC,UEFA,OFC,2017-01,0.005461617129138495,-0.022886852877346087,0.03077550293710378,7.916005403646125,-34.33329620997664,44.852718216890906
UEFA vs OFC,UEFA,OFC,2017-02,0.006048656425544433,-0.022355825367644,0.03135096041038298,8.779959939202495,-33.572580942716044,45.647840905797906
UEFA vs OFC,UEFA,OFC,2017-03,0.006633178095765242,-0.021824280071496904,0.031848061747603025,9.63999569719676,-32.77813651890292,46.34072263638967
UEFA vs OFC,UEFA,OFC,2017-04,0.0072149721783458555,-0.021298764634419997,0.032376826243780535,10.495802862333628,-31.98724342338636,47.083510487902565
UEFA vs OFC,UEFA,OFC,2017-05,0.007793828711835873,-0.02069550594876666,0.033139431218120755,11.347071769014144,-31.194254642085298,48.20353153698267
UEFA vs OFC,UEFA,OFC,2017-06,0.008369537734785026,-0.020042809606782886,0.033572159916150104,12.193492899805374,-29.998877050367934,49.1143204402327
UEFA vs OFC,UEFA,OFC,2017-07,0.008941889285738098,-0.019432195827074096,0.03427675317028836,13.03475688374387,-29.021197657390292,50.01372018711882
UEFA vs OFC,UEFA,OFC,2017-08,0.009510673403244841,-0.01903195534518005,0.0349630735707011,13.870554494497366,-28.095253765660072,51.00310051256593
UEFA vs OFC,UEFA,OFC,2017-09,0.01007568012585472,-0.018353390483181454,0.03563439707236519,14.700576648341318,-27.49723077201377,51.8873336858698
UEFA vs OFC,UEFA,OFC,2017-10,0.010636699492112892,-0.017677687184848564,0.03625535576974195,15.524514401976003,-26.53676227999573,52.765367979697174
UEFA vs OFC,UEFA,OFC,2017-11,0.011193521540568817,-0.017003686278331064,0.03696248309712797,16.3420589502016,-25.503515531639298,53.90769927282879
UEFA vs OFC,UEFA,OFC,2017-12,0.011745936309772107,-0.016455465294421812,0.03774518112812379,17.152901623415325,-24.58642465353605,55.064652343486514
UEFA vs OFC,UEFA,OFC,2018-01,0.012293733838267843,-0.015997686074947115,0.038378310839322874,17.956733884949294,-23.9200202905242,56.0293848558688
UEFA vs OFC,UEFA,OFC,2018-02,0.012836704164605561,-0.015532309980026238,0.0389593639184865,18.753247328271083,-23.25940764874125,56.778324792548105
UEFA vs OFC,UEFA,OFC,2018-03,0.013374637327334788,-0.0151077885026635,0.03953178069993924,19.542133674007633,-22.597828833025687,57.33436232449762
UEFA vs OFC,UEFA,OFC,2018-04,0.013907323365000647,-0.014669385302151472,0.04008800911254218,20.32308476681338,-21.925647446254718,58.046956238243204
UEFA vs OFC,UEFA,OFC,2018-05,0.014434552316152715,-0.014230439837091423,0.04064569824343667,21.095792572102173,-21.255711357975564,58.96866455789867
UEFA vs OFC,UEFA,OFC,2018-06,0.014956114219340382,-0.01378497556432512,0.041220098125412226,21.859949172604566,-20.486859443347896,59.881349699914004
UEFA vs OFC,UEFA,OFC,2018-07,0.015471799113109022,-0.013341175448532283,0.04177625401930966,22.615246764771623,-19.703574412679643,60.7845811655329
UEFA vs OFC,UEFA,OFC,2018-08,0.01598139703600794,-0.012833107956003164,0.04231724571012235,23.361377655041643,-19.018432032269345,61.67792873229109
UEFA vs OFC,UEFA,OFC,2018-09,0.016484698026586666,-0.012321061422700952,0.04284901659111203,24.098034255935644,-18.418173394765677,62.463571858245814
UEFA vs OFC,UEFA,OFC,2018-10,0.016981492123390507,-0.011924440673025583,0.04338440331927889,24.82490908199763,-17.822444016471877,62.90737205494027
UEFA vs OFC,UEFA,OFC,2018-11,0.017471569364968843,-0.011532066036934907,0.04394300137490855,25.541694745599397,-17.137734736250707,63.67529194097538
UEFA vs OFC,UEFA,OFC,2018-12,0.017954719789871135,-0.011065142292696794,0.04457802434630102,26.248083952572706,-16.41444647248404,64.45943042779321
UEFA vs OFC,UEFA,OFC,2019-01,0.01843073343664276,-0.01057859454205019,0.04494271915102703,26.94376949768678,-15.689908264800556,65.38122004630262
UEFA vs OFC,UEFA,OFC,2019-02,0.018899400343833153,-0.01009228724328537,0.04542757450913534,27.628444259988356,-14.966699768802027,66.19409706137084
UEFA vs OFC,UEFA,OFC,2019-03,0.01936051054999153,-0.009607239839948267,0.045927844791281286,28.30180119796793,-14.245490173479173,66.99803645444152
UEFA vs OFC,UEFA,OFC,2019-04,0.01981385409366353,-0.009123500759007629,0.046415941222732376,28.963533344570827,-13.526358323834584,67.78897798130058
UEFA vs OFC,UEFA,OFC,2019-05,0.02025922101339843,-0.008641118427429538,0.04689450789965596,29.613333802066276,-12.80938322594404,68.56553689599298
UEFA vs OFC,UEFA,OFC,2019-06,0.020696401347745502,-0.008160141272180165,0.04741066244191026,30.25089573674225,-12.094644041945864,69.04762911544854
UEFA vs OFC,UEFA,OFC,2019-07,0.021125185135250392,-0.007751717322806327,0.04786693143622611,30.87591237344084,-11.420505173123113,69.66206660745297
UEFA vs OFC,UEFA,OFC,2019-08,0.021545362414462386,-0.007357009787748979,0.04828496599075751,31.48807698994853,-10.837584621798781,70.30864558672477
UEFA vs OFC,UEFA,OFC,2019-09,0.021956723223930656,-0.006974909821152985,0.04869931508152927,32.08708291120806,-10.273372636321447,70.80937738932286
UEFA vs OFC,UEFA,OFC,2019-10,0.022359146905678147,-0.006605574647886846,0.04910867575901867,32.67275485675386,-9.728093827701205,71.15393691720122
UEFA vs OFC,UEFA,OFC,2019-11,0.02275287001563946,-0.0062481451637509166,0.0495108400448089,33.24544299493792,-9.20608753731169,71.85975523295318
UEFA vs OFC,UEFA,OFC,2019-12,0.023138218413226337,-0.005914707776736216,0.049909695584215,33.80562888550875,-8.882863135460001,72.3325011285521
UEFA vs OFC,UEFA,OFC,2020-01,0.02351551795784733,-0.005633085115026404,0.050299730124401164,34.353794137539495,-8.255968722368811,72.9459295789812
UEFA vs OFC,UEFA,OFC,2020-02,0.02388509450891409,-0.0051650932771310385,0.05068214043170736,34.89042042024818,-7.57794014403513,73.5558739234237
UEFA vs OFC,UEFA,OFC,2020-03,0.02424727392583832,-0.004626224794694478,0.05096305299683217,35.41598947233395,-6.7852381532244745,74.14758737738374
UEFA vs OFC,UEFA,OFC,2020-04,0.02460238206802857,-0.004082660215045042,0.05117779290095323,35.930983109851084,-5.986117848440209,74.72492954134353
UEFA vs OFC,UEFA,OFC,2020-05,0.024950744794896628,-0.003533959389609053,0.051383589124202385,36.43588323264326,-5.17955398085869,75.29159382469132
UEFA vs OFC,UEFA,OFC,2020-06,0.02529268796585396,-0.003315661545106119,0.051580920502518286,36.93117182931755,-4.921264027110601,75.84511432472927
UEFA vs OFC,UEFA,OFC,2020-07,0.02562853744030936,-0.002858730418269317,0.05177026587183866,37.41733098078134,-4.216158903015707,76.38575862623809
UEFA vs OFC,UEFA,OFC,2020-08,0.02595861907767441,-0.002379649202150746,0.05221518492491668,37.89484286235851,-3.509563686961814,76.71638268885188
UEFA vs OFC,UEFA,OFC,2020-09,0.02628325873736072,-0.0019066614834003287,0.05269823187822417,38.364189744468064,-2.8089309428321134,76.84314394407947
UEFA vs OFC,UEFA,OFC,2020-10,0.026602782278777035,-0.0014338150661486796,0.05316357429591774,38.825853991882596,-2.1130677888570393,77.22520810819573
UEFA vs OFC,UEFA,OFC,2020-11,0.026917515561334975,-0.0011632893517495187,0.053469077371802634,39.280318061584815,-1.7092685518348272,78.23516488495142
UEFA vs OFC,UEFA,OFC,2020-12,0.027227784444445968,-0.0009124506998411605,0.054048654116748855,39.728064499202375,-1.3551689993774285,78.64951360601431
UEFA vs OFC,UEFA,OFC,2021-01,0.02753391478751905,-0.0007138913070528828,0.05428938793192781,40.16957593403935,-1.0612124394510714,79.0555196666407
UEFA vs OFC,UEFA,OFC,2021-02,0.027836232449965633,-0.00028192006039056046,0.05459494811144218,40.60533507271825,-0.4189595903962286,79.45828030668089
UEFA vs OFC,UEFA,OFC,2021-03,0.028135063291197193,0.0001487793252766614,0.05501293536095052,41.03582469141642,0.22102640432073234,79.854297739104
UEFA vs OFC,UEFA,OFC,2021-04,0.0284307331706228,0.0005026391557821265,0.05541514011298635,41.46152762671109,0.7297220895065398,79.88346136140004
UEFA vs OFC,UEFA,OFC,2021-05,0.028723567947653815,0.0007923996435555756,0.05580944546399235,41.882926765047486,1.1507468062455033,80.21487626736591
UEFA vs OFC,UEFA,OFC,2021-06,0.02901389348170178,0.0010792806661245277,0.056091876640013534,42.300505030814094,1.5674216143788509,80.85615172496864
UEFA vs OFC,UEFA,OFC,2021-07,0.029302035632175656,0.0012263426006160487,0.05607575380362266,42.71474537303729,1.82225819566703,81.28800295661512
UEFA vs OFC,UEFA,OFC,2021-08,0.02958832025848695,0.0016170534049822383,0.05652156407213925,43.12613075071171,2.3902000118552906,81.92818637554718
UEFA vs OFC,UEFA,OFC,2021-09,0.029873073220047085,0.0019389933287700778,0.056927000626943024,43.5351441167475,2.786039588665358,82.57207108432709
UEFA vs OFC,UEFA,OFC,2021-10,0.030156620376265132,0.002189763255540012,0.05739232551455759,43.94226840054961,3.172854381702041,82.84780922158362
UEFA vs OFC,UEFA,OFC,2021-11,0.030439287586552483,0.002335807996130379,0.057857534585304335,44.34798648924259,3.463732707452562,83.61938707959135
UEFA vs OFC,UEFA,OFC,2021-12,0.030721400710320586,0.0024735844162007583,0.0581915422272091,44.75278120752477,3.577101021391434,84.26764220608565
UEFA vs OFC,UEFA,OFC,2022-01,0.03100328560697853,0.002677305012498544,0.05850895698067448,45.15713529616535,3.843412926141196,84.8256052277797
UEFA vs OFC,UEFA,OFC,2022-02,0.03128526813593779,0.0028980328790269914,0.058823869181105375,45.56153138915923,4.159672804060859,85.03851469188791
UEFA vs OFC,UEFA,OFC,2022-03,0.0315676741566097,0.003136880064537763,0.05916363180396899,45.96645198952283,4.501835137970365,85.24215273665452
UEFA vs OFC,UEFA,OFC,2022-04,0.03185082952840335,0.003405727433806939,0.059543222599260474,46.372379443746794,4.887794906082014,85.73559063572138
UEFA vs OFC,UEFA,OFC,2022-05,0.032135060110730265,0.0037085118048214133,0.05987147478332848,46.77979591491925,5.322703749303026,86.15374363715965
UEFA vs OFC,UEFA,OFC,2022-06,0.032420691763001754,0.004017178726503091,0.06008422732013753,47.189183354504294,5.762757892365244,86.51910214436472
UEFA vs OFC,UEFA,OFC,2022-07,0.03270805034462698,0.0043324143502440305,0.06036406226279789,47.601023472793024,6.213602271106108,86.9748559352107
UEFA vs OFC,UEFA,OFC,2022-08,0.03299746171501734,0.004671131579988955,0.0606768457136932,48.01579770804006,6.6979256172174395,87.60501392592138
UEFA vs OFC,UEFA,OFC,2022-09,0.033289251733584234,0.005037856127439657,0.060984005710674166,48.43398719427417,7.193176191862202,87.76673041012053
UEFA vs OFC,UEFA,OFC,2022-10,0.033583746259736834,0.00531640007341281,0.0612916709037151,48.85607272779787,7.591074773872642,87.91674615153632
UEFA vs OFC,UEFA,OFC,2022-11,0.03388127115288646,0.005622710593558368,0.0615841880170747,49.282534732393415,8.028322504228756,88.34163041492641
UEFA vs OFC,UEFA,OFC,2022-12,0.03418215227244459,0.005957997793502035,0.0618306244446972,49.71385322322305,8.506601205938512,88.92478724546352
UEFA vs OFC,UEFA,OFC,2023-01,0.034486715477820284,0.006272181060824434,0.062172494241230766,50.1505077694407,9.027584710803614,89.39402414244128
UEFA vs OFC,UEFA,OFC,2023-02,0.034795286628424967,0.0065679332584151155,0.06240683172041317,50.59297745553433,9.571958587058976,89.74242329560423
UEFA vs OFC,UEFA,OFC,2023-03,0.035108191583670165,0.0068556048161306565,0.06251321350950727,51.04174084138759,9.943076152633955,90.23565267961256
UEFA vs OFC,UEFA,OFC,2023-04,0.035425756202964793,0.007142034078516347,0.06272461528191833,51.49727592108002,10.329380707371445,90.5052084449556
UEFA vs OFC,UEFA,OFC,2023-05,0.035748306345720356,0.007437928803845529,0.06292791111951541,51.96006008044797,10.755943616166588,90.79658194951762
UEFA vs OFC,UEFA,OFC,2023-06,0.036076167871348354,0.007753149474076882,0.06320001771518963,52.43057005339481,11.342425618380322,91.38292882685771
UEFA vs OFC,UEFA,OFC,2023-07,0.036409666639257744,0.008262522093900415,0.06357236085307932,52.909281876973324,12.23510135511815,91.85076739177151
UEFA vs OFC,UEFA,OFC,2023-08,0.03674912850885998,0.008807952674154374,0.06394758321484266,53.39667084526355,13.024200396047322,92.32206402893462
UEFA vs OFC,UEFA,OFC,2023-09,0.03709487933956667,0.009422396669170708,0.0642773925170832,53.89321146203787,13.929764287522598,92.69547792695695
UEFA vs OFC,UEFA,OFC,2023-10,0.03744724499078655,0.009844318273312204,0.0647293615930777,54.399377392236694,14.515211619370408,93.036176794694
UEFA vs OFC,UEFA,OFC,2023-11,0.03780655132193127,0.010154512630686075,0.0649950025994423,54.91564141228351,14.917075711522024,93.31550974666686
UEFA vs OFC,UEFA,OFC,2023-12,0.03817312419241242,0.01047816296039863,0.06543063138308404,55.44247535922938,15.326252581910161,93.57646377021297
UEFA vs OFC,UEFA,OFC,2024-01,0.03854728946163865,0.010817637498602607,0.06563726223181639,55.98035007875625,15.747253915792726,93.75305770633096
UEFA vs OFC,UEFA,OFC,2024-02,0.03892937298902165,0.011250331808976144,0.06571509470391454,56.52973537206918,16.55270216811574,93.79106844300398
UEFA vs OFC,UEFA,OFC,2024-03,0.03931970063397308,0.01160366354530722,0.06594971740468666,57.09109994166956,17.307628863177673,94.27090603368197
UEFA vs OFC,UEFA,OFC,2024-04,0.03971859825590146,0.012211466165207786,0.06620756243806922,57.66491133604207,18.096743205730604,94.69220973509219
UEFA vs OFC,UEFA,OFC,2024-05,0.04012639171421852,0.012587472589852844,0.06638742978055515,58.25163589328899,18.389724873311376,95.23353346189718
UEFA vs OFC,UEFA,OFC,2024-06,0.04054340686833603,0.013158025058634993,0.06654867792543653,58.85173868370548,19.215936489161198,95.79155435084981
UEFA vs OFC,UEFA,OFC,2024-07,0.04096996957766237,0.013552438267658973,0.0667030451720408,59.46568345133162,19.87723806569527,96.45268484356659
UEFA vs OFC,UEFA,OFC,2024-08,0.04140640570160931,0.014252535013098911,0.06726438219931219,60.093932554519434,20.919593114249928,96.87137097454004
UEFA vs OFC,UEFA,OFC,2024-09,0.041853041099588734,0.01464455298626919,0.06751368562380516,60.73694690550947,21.34321873171215,97.6986441831566
UEFA vs OFC,UEFA,OFC,2024-10,0.042310201631008806,0.014973753800583989,0.06802976624611795,61.395185909056494,22.009787773075562,98.5970626092165
UEFA vs OFC,UEFA,OFC,2024-11,0.0427782131552814,0.015119796398098507,0.06883150556050599,62.06910740014693,22.181377926147036,99.2502250859794
UEFA vs OFC,UEFA,OFC,2024-12,0.04325740153181849,0.015088128905102005,0.06917260240274017,62.7591675808039,22.256165425460505,99.65181237453994
UEFA vs OFC,UEFA,OFC,2025-01,0.043748092620028156,0.015354461716249324,0.06996616103887122,63.46582095602289,22.603087271990546,100.70561274225935
UEFA vs OFC,UEFA,OFC,2025-02,0.044250612279322254,0.01601268037469912,0.07040086181492823,64.18952026888581,23.532708461658284,101.69719470115287
UEFA vs OFC,UEFA,OFC,2025-03,0.04476528636911285,0.01635021604563671,0.07072971940489932,64.93071643485,23.83400008236265,101.96398502852605
UEFA vs OFC,UEFA,OFC,2025-04,0.045292440748807825,0.01729008882898859,0.07162591499246411,65.68985847525978,25.428589316342563,102.56695465965825
UEFA vs OFC,UEFA,OFC,2025-05,0.04583240127781923,0.017658751294902776,0.07221578573621786,66.46739345013236,26.13994951982111,103.715577058909
UEFA vs OFC,UEFA,OFC,2025-06,0.04638549381555919,0.01801474908096279,0.07311702046488278,67.26376639021595,26.421504500007575,105.18523590018103
UEFA vs OFC,UEFA,OFC,2025-07,0.04695204422143531,0.018358602018539606,0.07373597835399827,68.07942022837179,26.98682422971268,106.21974580495537
UEFA vs OFC,UEFA,OFC,2025-08,0.04753237835485976,0.018701957013206406,0.07411574721916385,68.91479573033749,27.487415532193634,106.72552571677545
UEFA vs OFC,UEFA,OFC,2025-09,0.04812682207524485,0.01946656561590685,0.0748164205696135,69.77033142486873,28.539862594247165,107.99419447700211
UEFA vs OFC,UEFA,OFC,2025-10,0.04873570124199793,0.020161506260339215,0.0760371610328146,70.64646353331665,29.645622452643135,109.54645875080871
UEFA vs OFC,UEFA,OFC,2025-11,0.04935934171453127,0.020172590464427077,0.07729095696369814,71.54362589870262,29.28455268902062,111.83704192186518
UEFA vs OFC,UEFA,OFC,2025-12,0.04999806935225731,0.02051231710103125,0.07842870564816215,72.46224991428814,30.04847235565096,114.03553187530011
UEFA vs OFC,UEFA,OFC,2026-01,0.05065221001458314,0.02107081866061904,0.07953272324344535,73.40276445170122,30.366612199739563,115.38256453110391
UEFA vs OFC,UEFA,OFC,2026-02,0.05132208956092119,0.02066600382761208,0.08072256691053553,74.36559578868645,30.40143478557628,116.79015895920685
UEFA vs OFC,UEFA,OFC,2026-03,0.05200803385068393,0.02033692448728668,0.08243768319163974,75.35116753647536,29.85698065425212,119.72627254846932
UEFA vs OFC,UEFA,OFC,2026-04,0.052710368743278356,0.02049702946267038,0.08443728390053154,76.35990056684481,30.03969131613899,121.49960787175584
UEFA vs OFC,UEFA,OFC,2026-05,0.05342942009811688,0.02103965609772631,0.08558377856172728,77.39221293893239,31.035851632523237,123.012470894871
UEFA vs OFC,UEFA,OFC,2026-06,0.05416551377461218,0.021471851847712255,0.08688971151657002,78.44851982580882,30.889442658406995,125.26817112641606
UEFA vs OFC,UEFA,OFC,2026-07,0.05491897563217098,0.021968790349733695,0.08821097975692035,79.52923344087596,31.454860967268782,128.45374405458332
UEFA vs OFC,UEFA,OFC,2026-08,0.055690131530205786,0.022014738941877447,0.08959257380198758,80.6347629641662,32.207920537632084,130.84156446280014
UEFA vs AFC,UEFA,AFC,1992-01,-0.06544348479221171,-0.08992540593943285,-0.04137747248140973,-95.37148417940118,-131.6135071629614,-59.949308693227756
UEFA vs AFC,UEFA,AFC,1992-02,-0.06619328271994472,-0.0904882902365641,-0.04235575283389586,-96.49059986350221,-132.02028930399405,-61.67188181557056
UEFA vs AFC,UEFA,AFC,1992-03,-0.06692493188984681,-0.09090132093620898,-0.04355649630365517,-97.58408418876347,-132.92621621805378,-62.92759268737352
UEFA vs AFC,UEFA,AFC,1992-04,-0.06763859282388512,-0.09134553848792856,-0.044542265905538794,-98.6521192072988,-134.06925863624338,-64.53782101366123
UEFA vs AFC,UEFA,AFC,1992-05,-0.0683344260440327,-0.09166897541202412,-0.04551085455349098,-99.69488854401021,-134.46692628569957,-66.40059581118022
UEFA vs AFC,UEFA,AFC,1992-06,-0.06901259207226243,-0.09193418534422837,-0.04650482794273887,-100.71257736719366,-134.85573001423074,-67.44554412058784
UEFA vs AFC,UEFA,AFC,1992-07,-0.06967325143054164,-0.09271822694933932,-0.047077279677966204,-101.70537235907742,-135.50274217693487,-68.55923306989283
UEFA vs AFC,UEFA,AFC,1992-08,-0.07031656464084327,-0.09277641773258946,-0.04783270428689841,-102.67346168633934,-136.6846063351104,-69.66635427418605
UEFA vs AFC,UEFA,AFC,1992-09,-0.07094269222514007,-0.09301966901544723,-0.049067247097658716,-103.61703497057547,-136.76671472553497,-71.19235683636154
UEFA vs AFC,UEFA,AFC,1992-10,-0.07155179470539967,-0.09333984279193408,-0.04997501002751475,-104.53628325876798,-137.6606998626139,-72.65847045241566
UEFA vs AFC,UEFA,AFC,1992-11,-0.07214403260359478,-0.09413928843120009,-0.05080444689250614,-105.43139899379618,-138.69012914378752,-74.27369911568249
UEFA vs AFC,UEFA,AFC,1992-12,-0.07271956644169808,-0.09462310553223637,-0.05177031301889548,-106.30257598496478,-139.26787285004534,-74.8856086023669
UEFA vs AFC,UEFA,AFC,1993-01,-0.07327855674167745,-0.09521610861367957,-0.05225122232460213,-107.1500093785951,-139.66991880146378,-75.4484197554282
UEFA vs AFC,UEFA,AFC,1993-02,-0.07382116402550556,-0.09566616168363332,-0.05274272000744885,-107.9738956287187,-140.70493943027944,-76.35966163727818
UEFA vs AFC,UEFA,AFC,1993-03,-0.07434754881515483,-0.09623335200514549,-0.053414274661016316,-108.77443246785074,-141.42212092858486,-77.56334134332842
UEFA vs AFC,UEFA,AFC,1993-04,-0.07485787163259344,-0.09652428449196618,-0.05408377297935001,-109.55181887788552,-142.067092994662,-78.60800828561855
UEFA vs AFC,UEFA,AFC,1993-05,-0.07535229299979394,-0.09665833417490877,-0.054488233076262875,-110.30625506115041,-142.89947424780138,-79.3798181174166
UEFA vs AFC,UEFA,AFC,1993-06,-0.07583097343872863,-0.09700929729372376,-0.054976852965527366,-111.03794241159758,-143.39158034263212,-80.0758526518527
UEFA vs AFC,UEFA,AFC,1993-07,-0.07629407347136599,-0.09747574520549587,-0.055658016230806295,-111.74708348617327,-143.99829421468627,-80.72135375924613
UEFA vs AFC,UEFA,AFC,1993-08,-0.07674175361967833,-0.09785549687781998,-0.0563329307607072,-112.43388197639702,-144.26012641539484,-81.43118305799379
UEFA vs AFC,UEFA,AFC,1993-09,-0.0771741744056379,-0.09834556975899442,-0.05671079246037631,-113.0985426801339,-144.75256646916068,-82.0387030509928
UEFA vs AFC,UEFA,AFC,1993-10,-0.07759149635121335,-0.09885217719817171,-0.056744714732336735,-113.74127147359386,-145.32100460196853,-82.48919515392573
UEFA vs AFC,UEFA,AFC,1993-11,-0.07799387997837702,-0.09942323156600445,-0.057263674118954146,-114.36227528359082,-146.1796705050355,-83.077332133029
UEFA vs AFC,UEFA,AFC,1993-12,-0.07838148580910093,-0.09981319541523229,-0.05774811902538525,-114.96176206004327,-146.73107884320495,-83.5872891705745
UEFA vs AFC,UEFA,AFC,1994-01,-0.07875447436535402,-0.10009868422916957,-0.05790295348584356,-115.53994074875055,-147.41340641646758,-84.10005014025894
UEFA vs AFC,UEFA,AFC,1994-02,-0.0791130061691084,-0.100457300138264,-0.05808251931699653,-116.09702126447209,-148.38905812843578,-84.58828677971674
UEFA vs AFC,UEFA,AFC,1994-03,-0.07945724174233605,-0.10085989266815595,-0.05824109198757457,-116.63321446429491,-149.03790918111048,-85.07332897316336
UEFA vs AFC,UEFA,AFC,1994-04,-0.07978734160700622,-0.10122389526774418,-0.05879684741410671,-117.1487321213196,-149.45321031993512,-85.54843351984731
UEFA vs AFC,UEFA,AFC,1994-05,-0.0801034662850908,-0.10162520183169721,-0.059114081687361576,-117.64378689868941,-149.8119130166054,-86.00627028337217
UEFA vs AFC,UEFA,AFC,1994-06,-0.0804057762985617,-0.10194870119064134,-0.059422134896190484,-118.1185923239507,-150.6238770242825,-86.44702479916242
UEFA vs AFC,UEFA,AFC,1994-07,-0.0806944321693883,-0.10230702488673331,-0.059732469448512716,-118.57336276377002,-150.9651439734108,-86.8616519163573
UEFA vs AFC,UEFA,AFC,1994-08,-0.08096959441954255,-0.10275306042432471,-0.05998063251312807,-119.00831339903203,-151.50362927125914,-87.24469273714465
UEFA vs AFC,UEFA,AFC,1994-09,-0.08123142357099615,-0.10312337602955428,-0.06024152425586724,-119.42366020030587,-152.2060967352256,-87.61348630452272
UEFA vs AFC,UEFA,AFC,1994-10,-0.08148008014571874,-0.10330906789087138,-0.060535922111072574,-119.81961990370492,-152.6075339415108,-87.96060312849025
UEFA vs AFC,UEFA,AFC,1994-11,-0.08171572466568204,-0.10339496903503057,-0.060725388821067844,-120.19640998715913,-152.84035136928807,-88.2192108780433
UEFA vs AFC,UEFA,AFC,1994-12,-0.08193851765285778,-0.10352907445617068,-0.060953312137140656,-120.55424864709164,-153.31700013832904,-88.37277889243882
UEFA vs AFC,UEFA,AFC,1995-01,-0.08214861962921578,-0.10373348681529988,-0.06120963683536709,-120.89335477551934,-153.75143813333,-88.53978910489744
UEFA vs AFC,UEFA,AFC,1995-02,-0.08234619111672759,-0.10391061518765761,-0.061451302006385114,-121.21394793759609,-154.08522386903033,-88.71126955565497
UEFA vs AFC,UEFA,AFC,1995-03,-0.08253139263736493,-0.10417135083405618,-0.0615526129285787,-121.51624834959142,-154.38652198743182,-89.06038837850956
UEFA vs AFC,UEFA,AFC,1995-04,-0.08270438471309774,-0.1043625698496395,-0.06164798312483364,-121.80047685732025,-154.80125715465974,-89.14925243336353
UEFA vs AFC,UEFA,AFC,1995-05,-0.08286532786589763,-0.10441568150262093,-0.061657408090739094,-122.06685491504297,-155.1184718775253,-89.38126767621117
UEFA vs AFC,UEFA,AFC,1995-06,-0.08301438261773597,-0.10442754985425831,-0.06171889544140048,-122.31560456482595,-155.3929859816023,-89.60666277429496
UEFA vs AFC,UEFA,AFC,1995-07,-0.08315170949058306,-0.10459976643291458,-0.06184930371508233,-122.546948416381,-155.3673460700379,-89.8014058947835
UEFA vs AFC,UEFA,AFC,1995-08,-0.08327746900641038,-0.10475246955302561,-0.06200206051124333,-122.76110962739513,-155.6158035686497,-89.96677816095495
UEFA vs AFC,UEFA,AFC,1995-09,-0.08339182168718924,-0.1048848504952626,-0.06208735352760302,-122.95831188434619,-155.8266851586563,-90.22212352279216
UEFA vs AFC,UEFA,AFC,1995-10,-0.08349492805489006,-0.10492529978739555,-0.06224388640104813,-123.1387793838186,-156.00098833704118,-90.41454006702416
UEFA vs AFC,UEFA,AFC,1995-11,-0.08358694863148429,-0.10494305675003024,-0.06238472056122101,-123.30273681432898,-156.13971230781786,-90.77430922405651
UEFA vs AFC,UEFA,AFC,1995-12,-0.08366804393894307,-0.10494053108646337,-0.06241300806716748,-123.45040933865857,-156.24385793503748,-91.08878845255568
UEFA vs AFC,UEFA,AFC,1996-01,-0.08373837449923713,-0.1050017713139955,-0.06247227286513923,-123.58202257670416,-156.33880858027752,-91.3977164883946
UEFA vs AFC,UEFA,AFC,1996-02,-0.08379810083433763,-0.10514318289587474,-0.06271904426843262,-123.69780258885515,-156.57694931611456,-91.62849927312514
UEFA vs AFC,UEFA,AFC,1996-03,-0.08384738346621584,-0.10522289647851793,-0.06290290503903609,-123.79797585989593,-156.61746779203898,-91.68322959702454
UEFA vs AFC,UEFA,AFC,1996-04,-0.08388638291684249,-0.1053327878163703,-0.06293202344902041,-123.88276928344133,-156.69389115856066,-91.74725233311115
UEFA vs AFC,UEFA,AFC,1996-05,-0.08391525970818879,-0.10540935626136747,-0.06307752494814944,-123.95241014691308,-156.7521352022202,-91.75328362395304
UEFA vs AFC,UEFA,AFC,1996-06,-0.0839341743622259,-0.10535876952582938,-0.06311905939490736,-124.00712611705525,-156.9231531217714,-91.78703250593061
UEFA vs AFC,UEFA,AFC,1996-07,-0.08394328740092462,-0.10536379026184979,-0.06325664190791787,-124.04714522599669,-157.03347740054,-91.95346352773174
UEFA vs AFC,UEFA,AFC,1996-08,-0.08394275934625618,-0.1054014376265306,-0.06339971974955692,-124.07269585786518,-157.1305849290937,-92.1277014641872
UEFA vs AFC,UEFA,AFC,1996-09,-0.08393275072019155,-0.10543936987092044,-0.06334721339968051,-124.08400673595246,-157.06916487138648,-92.2885401691897
UEFA vs AFC,UEFA,AFC,1996-10,-0.08391342204470184,-0.1054697321884932,-0.06324164599561,-124.0813069104373,-157.08495309603305,-92.3359181790394
UEFA vs AFC,UEFA,AFC,1996-11,-0.08388493384175806,-0.1054160435598717,-0.06324693289075882,-124.06482574666781,-156.9326334969705,-92.28468722733969
UEFA vs AFC,UEFA,AFC,1996-12,-0.08384744663333116,-0.10541231418758698,-0.06324012895231967,-124.03479291400596,-157.1125277397285,-92.20218691596334
UEFA vs AFC,UEFA,AFC,1997-01,-0.08380112094139243,-0.10539388261195212,-0.06322356641476028,-123.99143837523668,-157.23982734217304,-92.09653956878992
UEFA vs AFC,UEFA,AFC,1997-02,-0.08374611728791281,-0.10534762636867682,-0.06334790262467337,-123.93499237654352,-157.0185253054124,-92.09299617196837
UEFA vs AFC,UEFA,AFC,1997-03,-0.08368259619486312,-0.1052882236680162,-0.06322471825586296,-123.86568543805306,-156.81311137236577,-92.19863315632334
UEFA vs AFC,UEFA,AFC,1997-04,-0.08361071818421487,-0.10518720019153882,-0.06329938379611827,-123.78374834495123,-156.7013822409564,-92.18347074844127
UEFA vs AFC,UEFA,AFC,1997-05,-0.0835306437779388,-0.10511782981069237,-0.06313066035267237,-123.68941213916872,-156.7576729938715,-92.11224096512551
UEFA vs AFC,UEFA,AFC,1997-06,-0.0834425334980058,-0.10488795073473445,-0.06292120998867877,-123.58290811164223,-156.4131464769902,-92.05525237089434
UEFA vs AFC,UEFA,AFC,1997-07,-0.08334654786638737,-0.10478386159053521,-0.06290087822934401,-123.46446779515009,-156.39470760675152,-91.96422830529808
UEFA vs AFC,UEFA,AFC,1997-08,-0.08324284740505437,-0.10471487999239812,-0.06272233554814113,-123.3343229577208,-156.43645479830835,-91.8769704423384
UEFA vs AFC,UEFA,AFC,1997-09,-0.08313159263597746,-0.1046370169249852,-0.06258837008671075,-123.19270559661949,-156.39071181649356,-91.89381564061351
UEFA vs AFC,UEFA,AFC,1997-10,-0.08301294408112836,-0.10455466610060968,-0.06235335795878965,-123.03984793291252,-156.1980144335191,-91.88785236543313
UEFA vs AFC,UEFA,AFC,1997-11,-0.08288706226247783,-0.1044576096819418,-0.06211551228652717,-122.87598240660422,-155.97035688824215,-91.9450550173554
UEFA vs AFC,UEFA,AFC,1997-12,-0.08275410770199654,-0.10430056532536609,-0.06188140104787992,-122.70134167235496,-156.04630241023958,-91.60541417870184
UEFA vs AFC,UEFA,AFC,1998-01,-0.0826142409216562,-0.10407846496912207,-0.06190934545016669,-122.51615859577643,-155.99027190478418,-91.46984669195503
UEFA vs AFC,UEFA,AFC,1998-02,-0.08246762244342758,-0.1038509557040284,-0.06199230628840985,-122.32066625030002,-155.9818886978281,-91.48537500339445
UEFA vs AFC,UEFA,AFC,1998-03,-0.08231441278928127,-0.10361557498563419,-0.06186542170102475,-122.11509791462582,-155.82278643312293,-91.14527422211144
UEFA vs AFC,UEFA,AFC,1998-04,-0.08215477248118919,-0.10348484191015009,-0.061648261437445624,-121.89968707074866,-155.47646091103297,-90.92787561520218
UEFA vs AFC,UEFA,AFC,1998-05,-0.08198886204112198,-0.10343917473071018,-0.06151879094985642,-121.6746674025551,-155.1294790493441,-90.67996358680175
UEFA vs AFC,UEFA,AFC,1998-06,-0.08181684199105012,-0.10319219990581444,-0.061358405593491976,-121.44027279500034,-154.7791125838555,-90.35078232846449
UEFA vs AFC,UEFA,AFC,1998-07,-0.08163887285294572,-0.10298288371705659,-0.06120258480409585,-121.19673733386084,-154.41275880222753,-90.03304534936761
UEFA vs AFC,UEFA,AFC,1998-08,-0.08145511514877929,-0.10288347647637601,-0.06099637388285856,-120.94429530605422,-154.01377137824383,-89.783017066985
UEFA vs AFC,UEFA,AFC,1998-09,-0.0812657294005214,-0.10271551830274954,-0.06073753946173253,-120.68318120053773,-153.59657735196697,-89.4267835540381
UEFA vs AFC,UEFA,AFC,1998-10,-0.0810708761301441,-0.1026236026173728,-0.06058990468364947,-120.41362970977946,-153.3907236000832,-89.00501710385886
UEFA vs AFC,UEFA,AFC,1998-11,-0.08087071585961798,-0.10248246812020101,-0.06033772945389107,-120.13587573179353,-153.1836246839204,-88.59641268138095
UEFA vs AFC,UEFA,AFC,1998-12,-0.08066540911091348,-0.10232717592415974,-0.060121555288161675,-119.85015437275095,-152.96151192212798,-88.51807062300844
UEFA vs AFC,UEFA,AFC,1999-01,-0.08045511166844127,-0.10211565411591632,-0.06003282903812508,-119.55669432547073,-152.72438534177672,-88.34597522829793
UEFA vs AFC,UEFA,AFC,1999-02,-0.08023996036636455,-0.10189464861786082,-0.05976644602121084,-119.25569800992098,-152.47251220757212,-88.02183616363062
UEFA vs AFC,UEFA,AFC,1999-03,-0.08002008730128474,-0.10179650787431926,-0.059594534307076515,-118.94736146504563,-152.20622676554729,-87.7252934711109
UEFA vs AFC,UEFA,AFC,1999-04,-0.07979562456980532,-0.10160383658550169,-0.05941409912640344,-118.6318809691808,-151.9258634658881,-87.4756111261977
UEFA vs AFC,UEFA,AFC,1999-05,-0.07956670426852785,-0.10137895247890927,-0.059225332642514346,-118.3094530325773,-151.63175696153013,-87.21299535784475
UEFA vs AFC,UEFA,AFC,1999-06,-0.07933345849405395,-0.10118340494905116,-0.058965194817728786,-117.98027439003822,-151.32424210672917,-86.89395874420971
UEFA vs AFC,UEFA,AFC,1999-07,-0.07909601934298692,-0.10095955641101732,-0.058639533356439184,-117.64454199366361,-151.0036539556035,-86.50153844631629
UEFA vs AFC,UEFA,AFC,1999-08,-0.0788545189119284,-0.10072701848540362,-0.058314465427326316,-117.3024530056963,-150.6703277606765,-86.10615746568736
UEFA vs AFC,UEFA,AFC,1999-09,-0.07860908929747988,-0.10048602484251364,-0.05799003448438455,-116.95420479148423,-150.29262623416338,-85.70796164683168
UEFA vs AFC,UEFA,AFC,1999-10,-0.07835986259624488,-0.10023680741644689,-0.05766628398160752,-116.59999491255276,-149.8571640581879,-85.31071655562553
UEFA vs AFC,UEFA,AFC,1999-11,-0.07810697090482488,-0.09997959814130027,-0.057346724588434934,-116.24002111977929,-149.41680289069114,-84.91580631115063
UEFA vs AFC,UEFA,AFC,1999-12,-0.0778505463198214,-0.0997146289511723,-0.05702899982488181,-115.87448134668668,-148.97145119105542,-84.51846259800853
UEFA vs AFC,UEFA,AFC,2000-01,-0.077590720937838,-0.09944213178016321,-0.05678383426005569,-115.50357370284874,-148.6468413766134,-84.1437302459481
UEFA vs AFC,UEFA,AFC,2000-02,-0.07732762685547614,-0.09916233856236914,-0.056565147378350666,-115.12749646739849,-148.3907625344537,-83.83370026320732
UEFA vs AFC,UEFA,AFC,2000-03,-0.07706139616933728,-0.0988754812318895,-0.05634431864067008,-114.74644808265795,-148.00790789695975,-83.51350785875564
UEFA vs AFC,UEFA,AFC,2000-04,-0.07679216097602509,-0.0985817917228228,-0.05612142558307227,-114.36062714788095,-147.57990595985848,-83.10238155899371
UEFA vs AFC,UEFA,AFC,2000-05,-0.07652005337214099,-0.09828150196926852,-0.05590060143499145,-113.97023241309937,-147.1388268186795,-82.63781033232416
UEFA vs AFC,UEFA,AFC,2000-06,-0.07624520545428638,-0.09805126913166248,-0.055677711911787914,-113.57546277309295,-146.69785435439584,-82.17460431359922
UEFA vs AFC,UEFA,AFC,2000-07,-0.07596774931906498,-0.09781143147023372,-0.0554526337788886,-113.1765172614728,-146.2492585947074,-81.71282975293137
UEFA vs AFC,UEFA,AFC,2000-08,-0.07568781706307823,-0.09752217580999863,-0.05522235361481489,-112.77359504486937,-145.95723154128507,-81.25255290355273
UEFA vs AFC,UEFA,AFC,2000-09,-0.07540554078292747,-0.09714124800411708,-0.05486083120400399,-112.36689541724449,-145.66090028087967,-80.82484394401928
UEFA vs AFC,UEFA,AFC,2000-10,-0.07512105257521648,-0.09688602764470051,-0.05449499607292521,-111.95661779431856,-145.2511359569289,-80.4439156356745
UEFA vs AFC,UEFA,AFC,2000-11,-0.07483448453654665,-0.09665063963217971,-0.05412509981421976,-111.54296170810223,-144.6797010382589,-80.09877611719944
UEFA vs AFC,UEFA,AFC,2000-12,-0.07454596876351938,-0.09641318368975442,-0.053858686182940124,-111.12612680155321,-144.09935891606415,-79.75278956430816
UEFA vs AFC,UEFA,AFC,2001-01,-0.07425563735273842,-0.09617491681693524,-0.05361961194729222,-110.70631282334834,-143.5077164685332,-79.40900265888128
UEFA vs AFC,UEFA,AFC,2001-02,-0.07396362240080513,-0.09588352801341818,-0.0533823878106726,-110.28371962276067,-143.12327727005663,-79.06563331973446
UEFA vs AFC,UEFA,AFC,2001-03,-0.07367005600432094,-0.0956307317852049,-0.05314651367771282,-109.85854714466218,-142.77147133637786,-78.72169075894045
UEFA vs AFC,UEFA,AFC,2001-04,-0.07337507025988954,-0.09539352259160375,-0.052895005539487096,-109.43099542464188,-142.41839476508883,-78.3773006533179
UEFA vs AFC,UEFA,AFC,2001-05,-0.07307879726411244,-0.09510688923007686,-0.05260551831187894,-109.0012645842292,-142.06505342952016,-77.92251562172954
UEFA vs AFC,UEFA,AFC,2001-06,-0.07278136911359093,-0.09480057376906474,-0.052405170894175165,-108.56955482624271,-141.712557471304,-77.51013437141624
UEFA vs AFC,UEFA,AFC,2001-07,-0.07248291790492876,-0.09448872757161167,-0.052065979722367046,-108.13606643025481,-141.36096292782545,-77.16276271274036
UEFA vs AFC,UEFA,AFC,2001-08,-0.07218357573472739,-0.09417153080963474,-0.051723676516777416,-107.70099974816141,-141.01032598849918,-76.73079827392802
UEFA vs AFC,UEFA,AFC,2001-09,-0.07188347469958817,-0.0938495008995662,-0.05137845254282661,-107.26455519987684,-140.66070299413752,-76.36721287318731
UEFA vs AFC,UEFA,AFC,2001-10,-0.07158274689611485,-0.09352328347581293,-0.0510304990659384,-106.8269332691446,-140.3121504362308,-75.93456916441704
UEFA vs AFC,UEFA,AFC,2001-11,-0.0712815244209088,-0.09319316975102768,-0.050680007351533975,-106.38833449945275,-139.90022556781958,-75.47489165125238
UEFA vs AFC,UEFA,AFC,2001-12,-0.07097993937057147,-0.09285945093786489,-0.050327168665034394,-105.94895949007477,-139.43982399327857,-75.01164403366816
UEFA vs AFC,UEFA,AFC,2002-01,-0.07067812384170657,-0.0925224182489782,-0.049972174271862714,-105.50900889222525,-138.9671566695878,-74.54514223935774
UEFA vs AFC,UEFA,AFC,2002-02,-0.07037620993091555,-0.09217810640571163,-0.04963678138135537,-105.06868340532024,-138.4214478656257,-74.07650285858148
UEFA vs AFC,UEFA,AFC,2002-03,-0.07007432973479964,-0.09183517821101175,-0.049317955089769196,-104.62818377336245,-137.83729013081057,-73.79857873927115
UEFA vs AFC,UEFA,AFC,2002-04,-0.06977261534996283,-0.09149239692895268,-0.04900606130673531,-104.18771078144157,-137.46893141047516,-73.54338854338664
UEFA vs AFC,UEFA,AFC,2002-05,-0.06947119887300633,-0.09123074730103542,-0.048747802206587254,-103.74746525233721,-137.07834813542416,-73.02703274279473
UEFA vs AFC,UEFA,AFC,2002-06,-0.06917021240053157,-0.09101714491354077,-0.04849127266520377,-103.307648043248,-136.6601962205566,-72.43030962859336
UEFA vs AFC,UEFA,AFC,2002-07,-0.06886978802914236,-0.09073489107162507,-0.04823532882934406,-102.8684600426336,-136.20010693909967,-71.85047252353652
UEFA vs AFC,UEFA,AFC,2002-08,-0.06857005785544001,-0.09042613422598249,-0.047980026540874174,-102.43010216716019,-135.74836369188148,-71.41983790131451
UEFA vs AFC,UEFA,AFC,2002-09,-0.06827115397602597,-0.09011738247392578,-0.04772686491122312,-101.99277535877027,-135.29877245180967,-70.99176904723947
UEFA vs AFC,UEFA,AFC,2002-10,-0.06797320848750399,-0.08981024574386356,-0.04743049183430378,-101.55668058186528,-134.84123924767204,-70.56126273753074
UEFA vs AFC,UEFA,AFC,2002-11,-0.06767635348647541,-0.08949740127212999,-0.047060974995910027,-101.12201882059128,-134.27981560541713,-70.13991886286904
UEFA vs AFC,UEFA,AFC,2002-12,-0.06738072106954168,-0.08917569359616469,-0.046699434642415126,-100.68899107624776,-133.67195027354305,-69.72675975314199
UEFA vs AFC,UEFA,AFC,2003-01,-0.06708644333330657,-0.08890440417006724,-0.04645110396613785,-100.25779836480888,-133.0829306366817,-69.30905665239753
UEFA vs AFC,UEFA,AFC,2003-02,-0.06679365237437138,-0.0886088350024882,-0.04616401697062927,-99.82864171454679,-132.66244381924244,-68.90756797567022
UEFA vs AFC,UEFA,AFC,2003-03,-0.06650248028933756,-0.08827588832931563,-0.04590323514476991,-99.40172216377766,-132.38402097838946,-68.50194872920304
UEFA vs AFC,UEFA,AFC,2003-04,-0.06621305917480887,-0.08789531906565533,-0.04566831561949156,-98.97724075871935,-132.11600587554994,-68.12578100788366
UEFA vs AFC,UEFA,AFC,2003-05,-0.06592552112738667,-0.08770264877085979,-0.045419486077873474,-98.55539855145024,-131.77503947518028,-67.62307110381525
UEFA vs AFC,UEFA,AFC,2003-06,-0.0656399982436724,-0.08744625712056461,-0.04517334480922162,-98.13639659799017,-131.3590767516986,-67.10817485031387
UEFA vs AFC,UEFA,AFC,2003-07,-0.06535662262026973,-0.08716694085349035,-0.04492770359258964,-97.72043595649204,-130.94695658879942,-66.59371851991406
UEFA vs AFC,UEFA,AFC,2003-08,-0.06507552635378011,-0.08688720280909963,-0.044681346791322525,-97.30771768553464,-130.53884654282635,-66.28194208666216
UEFA vs AFC,UEFA,AFC,2003-09,-0.06479684154080495,-0.08660994593619926,-0.04435053848739963,-96.89844284253591,-130.2655798267476,-65.84327826834966
UEFA vs AFC,UEFA,AFC,2003-10,-0.06452070027794794,-0.08634439201526467,-0.043979225126176046,-96.49281248227656,-129.99687690096673,-65.48726487530546
UEFA vs AFC,UEFA,AFC,2003-11,-0.06424723466181054,-0.08615792863305391,-0.04367405540988756,-96.09102765552444,-129.72904667391725,-65.07277532242914
UEFA vs AFC,UEFA,AFC,2003-12,-0.06397657678899411,-0.08583709264792816,-0.04339986729766583,-95.69328940777812,-129.46277528604372,-64.72617321016048
UEFA vs AFC,UEFA,AFC,2004-01,-0.06370885875610237,-0.08552478939416167,-0.04310836344033673,-95.29979877812097,-129.1929430596933,-64.25442384547534
UEFA vs AFC,UEFA,AFC,2004-02,-0.06344421265973674,-0.08535400324774485,-0.0428633488201315,-94.91075679817459,-128.82249076018064,-63.78276039949346
UEFA vs AFC,UEFA,AFC,2004-03,-0.06318277059649866,-0.085186470985161,-0.0426356395349627,-94.52636449117152,-128.58254408003776,-63.32286454590752
UEFA vs AFC,UEFA,AFC,2004-04,-0.06292466466299176,-0.0849970735181556,-0.04241244612762959,-94.14682287113705,-128.22072039101835,-62.87509551025085
UEFA vs AFC,UEFA,AFC,2004-05,-0.06267002695581753,-0.0847415600398819,-0.042075170014241485,-93.77233294217083,-127.85355498639066,-62.43522953239519
UEFA vs AFC,UEFA,AFC,2004-06,-0.062418989571577405,-0.08448780081642297,-0.04180383916202182,-93.40309569784651,-127.48954938606273,-62.001966078412586
UEFA vs AFC,UEFA,AFC,2004-07,-0.06217168460687494,-0.08423748734520511,-0.041536405152991535,-93.03931212072028,-127.1221527472379,-61.57557243052178
UEFA vs AFC,UEFA,AFC,2004-08,-0.06192824415831171,-0.0839907502847403,-0.041222588661289854,-92.68118318193902,-126.71166846000708,-61.15631594558246
UEFA vs AFC,UEFA,AFC,2004-09,-0.061688800322489155,-0.08375040026567238,-0.04093343324887768,-92.3289098409656,-126.30848255974,-60.74446405495618
UEFA vs AFC,UEFA,AFC,2004-10,-0.061453485196010786,-0.08355802794412659,-0.04073112263617334,-91.98269304541319,-125.91286659338266,-60.35306516265145
UEFA vs AFC,UEFA,AFC,2004-11,-0.061222430875478163,-0.08327110382385103,-0.04046804115529494,-91.64273373097862,-125.52509210878314,-59.97926899125834
UEFA vs AFC,UEFA,AFC,2004-12,-0.060995769457492764,-0.08303849833346547,-0.040230461628020596,-91.30923282149318,-125.13619431679932,-59.57657018954283
UEFA vs AFC,UEFA,AFC,2005-01,-0.060773633038658036,-0.08281009621963994,-0.03994883573623533,-90.98239122908122,-124.68098887581144,-59.18021913145952
UEFA vs AFC,UEFA,AFC,2005-02,-0.060556153715575586,-0.08257005878820936,-0.03967455398849697,-90.6624098544191,-124.17054815123291,-58.79042731284635
UEFA vs AFC,UEFA,AFC,2005-03,-0.060343463584846956,-0.08231567002195046,-0.03941254956388178,-90.34948958711021,-123.67457598943496,-58.40398838908191
UEFA vs AFC,UEFA,AFC,2005-04,-0.060135694743075535,-0.08206893997733204,-0.03923795350702926,-90.0438313061687,-123.45105054288693,-58.023518125340836
UEFA vs AFC,UEFA,AFC,2005-05,-0.05993297928686289,-0.08184995871579263,-0.03906699775366983,-89.74563588060315,-123.22979000846381,-57.650362232604344
UEFA vs AFC,UEFA,AFC,2005-06,-0.059735449312810635,-0.08166027579590925,-0.038887649382058784,-89.45510417011705,-123.01077114939088,-57.296246101815214
UEFA vs AFC,UEFA,AFC,2005-07,-0.05954323691752208,-0.0814783854376564,-0.03869715746112217,-89.17243702591722,-122.7208032263724,-57.05059256199489
UEFA vs AFC,UEFA,AFC,2005-08,-0.05935647419759886,-0.08130314023764829,-0.03858704389101179,-88.89783529162386,-122.42048965900028,-56.733609978662145
UEFA vs AFC,UEFA,AFC,2005-09,-0.059175293249642616,-0.08113140557531665,-0.03843018065716881,-88.63149980429651,-122.13055738814062,-56.427378066145906
UEFA vs AFC,UEFA,AFC,2005-10,-0.058999826170256515,-0.08096539312216974,-0.038277295006926976,-88.37363139556902,-121.84838139234783,-56.13217254132078
UEFA vs AFC,UEFA,AFC,2005-11,-0.058830205056042285,-0.08080536364106035,-0.03812847739571488,-88.12443089288703,-121.5763258292107,-55.83535146494145
UEFA vs AFC,UEFA,AFC,2005-12,-0.05866651500691091,-0.08063592150451955,-0.03789655822471765,-87.8840287416226,-121.31603051429923,-55.52522786468634
UEFA vs AFC,UEFA,AFC,2006-01,-0.05850865313601204,-0.08046433060685829,-0.037633035789345404,-87.65227384380304,-121.09306060309514,-55.247695551905615
UEFA vs AFC,UEFA,AFC,2006-02,-0.05835646955980321,-0.08027597285467603,-0.03737723223474563,-87.4289446536014,-120.88352125366897,-55.0493940717255
UEFA vs AFC,UEFA,AFC,2006-03,-0.05820981439474201,-0.08008417766528372,-0.037128978954550695,-87.21381955190444,-120.71000346905174,-54.852963309019074
UEFA vs AFC,UEFA,AFC,2006-04,-0.05806853775728726,-0.07991318575111803,-0.036889509105187616,-87.00667684786372,-120.6071749537661,-54.66999139933659
UEFA vs AFC,UEFA,AFC,2006-05,-0.05793248976389656,-0.07975229829424624,-0.03665767270808439,-86.80729478040612,-120.35989987491844,-54.405674064889595
UEFA vs AFC,UEFA,AFC,2006-06,-0.057801520531027537,-0.07958408636514962,-0.03643295052621732,-86.61545151971318,-120.20128316182003,-54.30284169508037
UEFA vs AFC,UEFA,AFC,2006-07,-0.05767548017513897,-0.07945395819870402,-0.036215172418020906,-86.43092516866332,-120.04904846047955,-54.151411259955246
UEFA vs AFC,UEFA,AFC,2006-08,-0.057554218812688414,-0.07934311581372637,-0.03600416824192721,-86.25349376423206,-119.90295022311821,-53.98800041657606
UEFA vs AFC,UEFA,AFC,2006-09,-0.057437586560133626,-0.07924668494264231,-0.035799767856370714,-86.08293527885962,-119.76274284720303,-53.82898276138286
UEFA vs AFC,UEFA,AFC,2006-10,-0.057325433533933226,-0.07914294089383507,-0.03563526187423634,-85.91902762177949,-119.62818067448507,-53.674159396983555
UEFA vs AFC,UEFA,AFC,2006-11,-0.057217609850544894,-0.07902330403250653,-0.03550559174003625,-85.76154864030477,-119.49901799008009,-53.523331393421856
UEFA vs AFC,UEFA,AFC,2006-12,-0.057113965626426386,-0.07891212378533825,-0.03546895789623981,-85.61027612107951,-119.37247541314477,-53.37629978839829
UEFA vs AFC,UEFA,AFC,2007-01,-0.05701435097803623,-0.07880861309810686,-0.03545488481286655,-85.46498779129068,-119.24156150086942,-53.16515458283795
UEFA vs AFC,UEFA,AFC,2007-02,-0.05691861602183214,-0.07871876478717277,-0.03544571976960059,-85.32546131983658,-119.0578278631888,-52.92674188867117
UEFA vs AFC,UEFA,AFC,2007-03,-0.05682661087427191,-0.0786336496076054,-0.03544122205553439,-85.19147431845948,-118.87494237187148,-52.76245253802339
UEFA vs AFC,UEFA,AFC,2007-04,-0.056738185651814065,-0.07855307062167323,-0.03544115095975877,-85.0628043428373,-118.765289266362,-52.63832046452512
UEFA vs AFC,UEFA,AFC,2007-05,-0.056653190470916256,-0.07847618524009788,-0.035446664009412945,-84.9392288936317,-118.66295649635315,-52.52134996554023
UEFA vs AFC,UEFA,AFC,2007-06,-0.05657147544803633,-0.07838432473487944,-0.03538283921093586,-84.8205254174991,-118.58924257992346,-52.4112779874118
UEFA vs AFC,UEFA,AFC,2007-07,-0.05649289069963279,-0.0782147817257202,-0.03527136461233378,-84.70647130806006,-118.51706678551264,-52.307841379377706
UEFA vs AFC,UEFA,AFC,2007-08,-0.056417286342163295,-0.07812439374719479,-0.03516449642165719,-84.59684390682445,-118.38348261746751,-52.21833794246984
UEFA vs AFC,UEFA,AFC,2007-09,-0.05634451249208576,-0.07801288342586199,-0.035062090279891996,-84.49142050407896,-118.30154717180963,-52.13579003014273
UEFA vs AFC,UEFA,AFC,2007-10,-0.05627441926585856,-0.07795476360570382,-0.034935176784261175,-84.38997833973184,-118.16847501141403,-52.05092447953892
UEFA vs AFC,UEFA,AFC,2007-11,-0.0562068567799395,-0.07787475553538852,-0.03478910264202564,-84.29229460411405,-117.97969946181459,-51.9314889227806
UEFA vs AFC,UEFA,AFC,2007-12,-0.05614167515078633,-0.07779658137298515,-0.0346979090900974,-84.19814643874079,-117.79699785944304,-51.71898218325453
UEFA vs AFC,UEFA,AFC,2008-01,-0.05607872449485754,-0.07773134029935096,-0.03467708703044346,-84.10731093703129,-117.73041645921475,-51.62247180491069
UEFA vs AFC,UEFA,AFC,2008-02,-0.05601785492861087,-0.07775347113134017,-0.034599959489773686,-84.01956514498328,-117.66098495240512,-51.57844355209332
UEFA vs AFC,UEFA,AFC,2008-03,-0.05595891656850416,-0.07768692928699412,-0.03452170286080319,-83.93468606180859,-117.57975360797639,-51.45639317248895
UEFA vs AFC,UEFA,AFC,2008-04,-0.0559017595309958,-0.07762102290932393,-0.03444698982270764,-83.85245064052556,-117.40597022918428,-51.30352628028304
UEFA vs AFC,UEFA,AFC,2008-05,-0.055846233932543565,-0.07755667027593978,-0.03443398296701186,-83.77263578850703,-117.43520576770895,-51.111003186319415
UEFA vs AFC,UEFA,AFC,2008-06,-0.05579218988960535,-0.07755544404397141,-0.034307951178556714,-83.69501836798823,-117.44077134073322,-50.925056410288306
UEFA vs AFC,UEFA,AFC,2008-07,-0.05573947751863943,-0.0774401795875026,-0.034304653063043894,-83.61937519653176,-117.3978636982116,-50.87978637064567
UEFA vs AFC,UEFA,AFC,2008-08,-0.0556879469361037,-0.07739290511838726,-0.03433418718424788,-83.54548304744797,-117.35636533172531,-50.883164079218304
UEFA vs AFC,UEFA,AFC,2008-09,-0.05563744825845598,-0.07737785793862426,-0.03436633584778847,-83.47311865017465,-117.31145635628064,-50.771177776111784
UEFA vs AFC,UEFA,AFC,2008-10,-0.05558783160215459,-0.0772486838824619,-0.0344008609699826,-83.40205869061413,-117.26791915268669,-50.6810869635411
UEFA vs AFC,UEFA,AFC,2008-11,-0.055538947083657385,-0.07718599562750428,-0.03443752446715067,-83.33207981142532,-117.29092946874846,-50.64747327440833
UEFA vs AFC,UEFA,AFC,2008-12,-0.05549064481942221,-0.07706702901452216,-0.03435584539530098,-83.2629586122754,-117.22010456440556,-50.55056911172556
UEFA vs AFC,UEFA,AFC,2009-01,-0.055442774925907365,-0.07703752608907628,-0.03427874962448582,-83.19447165004806,-117.15208856579378,-50.61055579902305
UEFA vs AFC,UEFA,AFC,2009-02,-0.05539518751957072,-0.0770149403580724,-0.03420236316905619,-83.12639543900761,-117.0897774168799,-50.648716880843175
UEFA vs AFC,UEFA,AFC,2009-03,-0.05534773271687013,-0.07695687826761488,-0.0341265944336048,-83.05850645092174,-116.96789915171823,-50.64094069620351
UEFA vs AFC,UEFA,AFC,2009-04,-0.055300260634263895,-0.07695257421865147,-0.034046533378163525,-82.99058111514145,-116.97858462096039,-50.63195691981256
UEFA vs AFC,UEFA,AFC,2009-05,-0.05525262138820988,-0.076963628772645,-0.03396491700591908,-82.92239581863632,-116.98883548273325,-50.621481273897295
UEFA vs AFC,UEFA,AFC,2009-06,-0.0552046650951659,-0.07697316686079332,-0.033955585088881524,-82.8537269059888,-116.9460024815553,-50.59117691510361
UEFA vs AFC,UEFA,AFC,2009-07,-0.055156241871590295,-0.07697722376587612,-0.03391586229942441,-82.78435067934552,-116.87328998387153,-50.438004449198374
UEFA vs AFC,UEFA,AFC,2009-08,-0.05510720183394088,-0.07696065313025682,-0.033820237829971414,-82.7140433983238,-116.78973793699961,-50.32556130470954
UEFA vs AFC,UEFA,AFC,2009-09,-0.055057395098675584,-0.0768740832172877,-0.033723326453432324,-82.64258127987726,-116.78310954591353,-50.39690329039955
UEFA vs AFC,UEFA,AFC,2009-10,-0.05500667178225264,-0.07681667090669264,-0.033625249299296334,-82.56974049811829,-116.68236852687215,-50.25648428988325
UEFA vs AFC,UEFA,AFC,2009-11,-0.054954882001129926,-0.07675731923068567,-0.033525011528624575,-82.49529718409595,-116.70050203221551,-50.19769719939207
UEFA vs AFC,UEFA,AFC,2009-12,-0.05490187587176532,-0.07669592184543253,-0.033422589552893636,-82.41902742553249,-116.6663699622338,-50.078846404526914
UEFA vs AFC,UEFA,AFC,2010-01,-0.05484750351061709,-0.07663237240710305,-0.03336514636483514,-82.3407072665173,-116.61383543349426,-49.90683108214045
UEFA vs AFC,UEFA,AFC,2010-02,-0.0547916150341431,-0.07656557703312998,-0.03332976591045807,-82.26011270715559,-116.55329076401641,-49.73395325835293
UEFA vs AFC,UEFA,AFC,2010-03,-0.05473406055880123,-0.07649321929256589,-0.033301957895587805,-82.17701970317616,-116.48566093004486,-49.56207527070694
UEFA vs AFC,UEFA,AFC,2010-04,-0.05467469020104973,-0.0764634599644376,-0.03325618695522375,-82.09120416549595,-116.33351776573355,-49.39604792141443
UEFA vs AFC,UEFA,AFC,2010-05,-0.054613354077346514,-0.07646797992436319,-0.033220629457148966,-82.00244195973984,-116.17783151032322,-49.29522463569897
UEFA vs AFC,UEFA,AFC,2010-06,-0.05454990230414939,-0.0764693550574087,-0.033184891566010365,-81.91050890571877,-116.01993642544677,-49.24736881331087
UEFA vs AFC,UEFA,AFC,2010-07,-0.05448418499791671,-0.07643217986022192,-0.033148830345565775,-81.8151807768651,-115.914959889356,-49.2359819823325
UEFA vs AFC,UEFA,AFC,2010-08,-0.054416052275106264,-0.07636469483370031,-0.03308646043579544,-81.71623329962227,-115.85353917629183,-49.294940432456904
UEFA vs AFC,UEFA,AFC,2010-09,-0.054345354252175966,-0.07638632642582736,-0.033047265425485244,-81.61344215279371,-115.77115602691254,-49.350367182911704
UEFA vs AFC,UEFA,AFC,2010-10,-0.0542719410455841,-0.0763300793051235,-0.033008228848634726,-81.5065829668474,-115.58125905129548,-49.40189351492943
UEFA vs AFC,UEFA,AFC,2010-11,-0.05419566277178852,-0.07621299532366699,-0.0329670688315475,-81.39543132317566,-115.38811432878074,-49.449150602774516
UEFA vs AFC,UEFA,AFC,2010-12,-0.05411636954724704,-0.07609395986287093,-0.0329236157240604,-81.27976275331287,-115.1905693170519,-49.49176951632344
UEFA vs AFC,UEFA,AFC,2011-01,-0.05403391148841804,-0.07597202625233726,-0.03287769987601053,-81.15935273810953,-114.98482602681639,-49.52938122389484
UEFA vs AFC,UEFA,AFC,2011-02,-0.05394813871175933,-0.07584079420059964,-0.03282915163723322,-81.03397670686022,-114.86446056891019,-49.50420947792237
UEFA vs AFC,UEFA,AFC,2011-03,-0.053858901333728726,-0.07570746075771581,-0.03277780135756788,-80.90341003638952,-114.84273443719218,-49.38739570435718
UEFA vs AFC,UEFA,AFC,2011-04,-0.05376604947078465,-0.07563639636302977,-0.032723479386850725,-80.76742805009413,-114.68847955338407,-49.262429964551224
UEFA vs AFC,UEFA,AFC,2011-05,-0.053669433239384876,-0.07560735382774367,-0.032668050996018404,-80.62580601693735,-114.54858833724623,-49.12902253310702
UEFA vs AFC,UEFA,AFC,2011-06,-0.05356890275598718,-0.07554599093944021,-0.03261186052471903,-80.47831915040223,-114.30758901087889,-48.98688364147813
UEFA vs AFC,UEFA,AFC,2011-07,-0.05346430813705002,-0.0753745343423732,-0.0325208985367889,-80.32474260739937,-114.0451446449464,-48.83572347839279
UEFA vs AFC,UEFA,AFC,2011-08,-0.05335549949903122,-0.07520071420974435,-0.0324805827231872,-80.16485148712704,-113.8164934816679,-48.58306814878158
UEFA vs AFC,UEFA,AFC,2011-09,-0.05324232695838844,-0.07502446689550801,-0.0324085544925354,-79.9984208298883,-113.56638006540882,-48.324025842784195
UEFA vs AFC,UEFA,AFC,2011-10,-0.0531246406315803,-0.07492443949380641,-0.032334591964166624,-79.82522561586364,-113.31090039825531,-48.061080604566584
UEFA vs AFC,UEFA,AFC,2011-11,-0.053002290635064536,-0.07482488983218798,-0.03225648094820329,-79.6450407638331,-113.04991849624427,-47.7941128030471
UEFA vs AFC,UEFA,AFC,2011-12,-0.0528751270852987,-0.07471755106936419,-0.032174052976879884,-79.457641129856,-112.78454272634534,-47.523002812460334
UEFA vs AFC,UEFA,AFC,2012-01,-0.05274300009874158,-0.0746039422322915,-0.03208713958243004,-79.26280150590503,-112.56659864875508,-47.24763101364657
UEFA vs AFC,UEFA,AFC,2012-02,-0.052605759791850844,-0.07448512493423784,-0.03199557229709172,-79.0602966184478,-112.45547060785226,-46.96787779538306
UEFA vs AFC,UEFA,AFC,2012-03,-0.05246325628108403,-0.07436093270059314,-0.03189918265309842,-78.84990112698603,-112.32866442569741,-46.69376588943559
UEFA vs AFC,UEFA,AFC,2012-04,-0.052315339682899954,-0.07423119905674587,-0.03179780218268561,-78.63138962254746,-112.18570699632065,-46.49583193744888
UEFA vs AFC,UEFA,AFC,2012-05,-0.05216186011375631,-0.07409575752808432,-0.03161437245117314,-78.40453662612389,-112.02612527124288,-46.338916311984185
UEFA vs AFC,UEFA,AFC,2012-06,-0.05200266769011057,-0.07395444163999602,-0.03142630190614116,-78.16911658706556,-111.84944626883194,-46.17535695313329
UEFA vs AFC,UEFA,AFC,2012-07,-0.05183761252842164,-0.07380708491787188,-0.031233579269219193,-77.92490388142734,-111.65519708379821,-46.00505000649939
UEFA vs AFC,UEFA,AFC,2012-08,-0.0516665447451471,-0.07365253713281654,-0.03103610556806511,-77.67167281025858,-111.41742839197926,-45.826647504142606
UEFA vs AFC,UEFA,AFC,2012-09,-0.05148931445674442,-0.07349046414841975,-0.030862167688644117,-77.40919759784884,-111.06045038332044,-45.61881574670849
UEFA vs AFC,UEFA,AFC,2012-10,-0.05130577177967263,-0.07332188039734869,-0.03069294932516953,-77.13725238992325,-110.68838889432178,-45.3005168879901
UEFA vs AFC,UEFA,AFC,2012-11,-0.05111582639786127,-0.07306310559159646,-0.030514910610757756,-76.85570041546806,-110.30466451058655,-44.968879544468045
UEFA vs AFC,UEFA,AFC,2012-12,-0.05091962626512798,-0.07278791569933558,-0.030328228031290747,-76.56476152081757,-109.91025985369697,-44.624262664449354
UEFA vs AFC,UEFA,AFC,2013-01,-0.05071737890276406,-0.07257732997924352,-0.030133154953047612,-76.26474475709914,-109.50558325222053,-44.28469953157255
UEFA vs AFC,UEFA,AFC,2013-02,-0.05050929183205922,-0.07228129263070078,-0.02990879540758159,-75.95595922965099,-109.09163031192818,-43.995819633398916
UEFA vs AFC,UEFA,AFC,2013-03,-0.05029557257430306,-0.07197245575686248,-0.029646694790664358,-75.63871410005308,-108.81738469670451,-43.697869533092444
UEFA vs AFC,UEFA,AFC,2013-04,-0.05007642865078696,-0.07173253034395563,-0.029377198507260664,-75.31331858810454,-108.38411971600294,-43.3949971897077
UEFA vs AFC,UEFA,AFC,2013-05,-0.0498520675828006,-0.0714820690897772,-0.02910063680519586,-74.98008197373814,-107.94101476269428,-43.084070134400505
UEFA vs AFC,UEFA,AFC,2013-06,-0.04962269689163354,-0.07122143830876046,-0.02881733993229534,-74.63931359888838,-107.47749330410922,-42.76519030480493
UEFA vs AFC,UEFA,AFC,2013-07,-0.04938852409857729,-0.07094901414025734,-0.02859162400442479,-74.2913228693059,-107.10297341369326,-42.43873339574392
UEFA vs AFC,UEFA,AFC,2013-08,-0.04914975672492138,-0.07068582458676839,-0.028306448510098916,-73.93641925630878,-106.72778862817322,-42.11080748226328
UEFA vs AFC,UEFA,AFC,2013-09,-0.04890660229195545,-0.07039142827139537,-0.028042719492992196,-73.57491229848841,-106.34537401886183,-41.77661428396403
UEFA vs AFC,UEFA,AFC,2013-10,-0.048659268320970984,-0.07008716765753734,-0.027786088693128534,-73.20711160336094,-105.95604896573589,-41.44468963411309
UEFA vs AFC,UEFA,AFC,2013-11,-0.04840796233325758,-0.06983596350447026,-0.02752686967109886,-72.83332684895574,-105.56013294099608,-41.191771087452054
UEFA vs AFC,UEFA,AFC,2013-12,-0.04815289185010477,-0.06957550157718742,-0.027265261736659694,-72.45386778535782,-105.15439035895561,-40.93581597139477
UEFA vs AFC,UEFA,AFC,2014-01,-0.047894264392804115,-0.0691990544682671,-0.02700182790890665,-72.06904423619606,-104.74160346246491,-40.66538210606107
UEFA vs AFC,UEFA,AFC,2014-02,-0.04763228748264518,-0.0689449650298252,-0.02673966113472318,-71.67916610006715,-104.32305620490189,-40.190890188826
UEFA vs AFC,UEFA,AFC,2014-03,-0.04736716864091745,-0.0686210205170065,-0.026475746316250166,-71.28454335191327,-103.90265782709676,-39.71069831225677
UEFA vs AFC,UEFA,AFC,2014-04,-0.047099115388912656,-0.06831735409504662,-0.026210282876005804,-70.88548604434526,-103.54339891851956,-39.25087347860056
UEFA vs AFC,UEFA,AFC,2014-05,-0.04682833524792013,-0.06804946673493273,-0.02594347023650126,-70.48230430889917,-103.11529427547042,-38.725399768833306
UEFA vs AFC,UEFA,AFC,2014-06,-0.04655503573922954,-0.06777948816956832,-0.02567550782025286,-70.07530835724815,-102.62212094639865,-38.219158048221395
UEFA vs AFC,UEFA,AFC,2014-07,-0.04627942438413246,-0.0675076035197685,-0.025408822235143094,-69.66480848235584,-102.2267852586421,-37.70841659492752
UEFA vs AFC,UEFA,AFC,2014-08,-0.04600170870391844,-0.06723399790634761,-0.025141801255363916,-69.25111505956502,-101.87229608125013,-37.20370875003453
UEFA vs AFC,UEFA,AFC,2014-09,-0.04572209621987694,-0.06695885645011894,-0.024854615828466157,-68.83453854763756,-101.48143268852247,-36.73942393384798
UEFA vs AFC,UEFA,AFC,2014-10,-0.045440794453299654,-0.06668052562351132,-0.02454236532202212,-68.41538948973752,-101.1131264104022,-36.42807441472362
UEFA vs AFC,UEFA,AFC,2014-11,-0.04515801092547608,-0.06639943810943275,-0.02422495792583379,-67.99397851434574,-100.7400673769196,-36.123957846889844
UEFA vs AFC,UEFA,AFC,2014-12,-0.044873953157695684,-0.06612333046951639,-0.023900890141727076,-67.57061633612614,-100.36319410380104,-35.819754182699874
UEFA vs AFC,UEFA,AFC,2015-01,-0.044588828671250164,-0.06574771922662034,-0.023678942881082014,-67.14561375673274,-99.92511481095065,-35.516480301124396
UEFA vs AFC,UEFA,AFC,2015-02,-0.04430284498742907,-0.06536115858462384,-0.02344632139842458,-66.71928166554748,-99.40950741975304,-35.10843494360744
UEFA vs AFC,UEFA,AFC,2015-03,-0.04401620962752172,-0.06505020389311893,-0.02318558228837207,-66.29193104036726,-98.90917278907172,-34.90826900459069
UEFA vs AFC,UEFA,AFC,2015-04,-0.04372913011281999,-0.06471820989267343,-0.02292516157764637,-65.8638729480317,-98.46548717882021,-34.55836977983351
UEFA vs AFC,UEFA,AFC,2015-05,-0.043441813964613295,-0.0644587456390509,-0.022647324430729966,-65.43541854497849,-98.07967570436173,-34.16851910757168
UEFA vs AFC,UEFA,AFC,2015-06,-0.04315446870419107,-0.06419942703229053,-0.02239843929812904,-65.00687907774784,-97.69424320754554,-33.779845215654184
UEFA vs AFC,UEFA,AFC,2015-07,-0.0428673018528451,-0.06394046652562987,-0.022134102938216948,-64.57856588342487,-97.30647449249138,-33.39271487137496
UEFA vs AFC,UEFA,AFC,2015-08,-0.04258052093186478,-0.06368207657230407,-0.02187113065708145,-64.15079039000877,-96.91921296410098,-33.000547989278644
UEFA vs AFC,UEFA,AFC,2015-09,-0.04229433346253966,-0.06341993396179602,-0.021609776089722848,-63.723864116729395,-96.53316582852659,-32.607986561749875
UEFA vs AFC,UEFA,AFC,2015-10,-0.04200894696616145,-0.06310498581804054,-0.02135029287114347,-63.29809867429965,-96.1486569545072,-32.21820996071825
UEFA vs AFC,UEFA,AFC,2015-11,-0.04172456896401957,-0.0627488409832182,-0.021092934636345297,-62.87380576509352,-95.76601036380698,-31.831601071971885
UEFA vs AFC,UEFA,AFC,2015-12,-0.04144140697740355,-0.06250505228320376,-0.02084164943336198,-62.4512971832699,-95.25209988754689,-31.44854288186238
UEFA vs AFC,UEFA,AFC,2016-01,-0.04115966852760507,-0.062237892333829724,-0.0205518205827105,-62.030884814830166,-94.61112398807389,-31.069418477770554
UEFA vs AFC,UEFA,AFC,2016-02,-0.040879561135913615,-0.061898613385798607,-0.02014616775188062,-61.61288063760068,-94.0801831627875,-30.696814768391416
UEFA vs AFC,UEFA,AFC,2016-03,-0.04060129232361867,-0.06155941291301401,-0.01974331771898497,-61.1975967211585,-93.67250726092566,-30.199064650730698
UEFA vs AFC,UEFA,AFC,2016-04,-0.04032506961201192,-0.06117242305346386,-0.019406614807113032,-60.785345226690076,-93.12298738686091,-29.589820874528247
UEFA vs AFC,UEFA,AFC,2016-05,-0.04005110052238285,-0.060941117075975625,-0.019248987997107662,-60.3764384067732,-92.75779768450494,-28.98733385983368
UEFA vs AFC,UEFA,AFC,2016-06,-0.039779592576020956,-0.06077997473074777,-0.01909397578475068,-59.97118860510036,-92.38377291836986,-28.614317666082698
UEFA vs AFC,UEFA,AFC,2016-07,-0.03951075329421796,-0.060620185340451146,-0.018869814056751328,-59.56990825613433,-91.87799154478144,-28.235008625190705
UEFA vs AFC,UEFA,AFC,2016-08,-0.03924479019826329,-0.060413841713420124,-0.018518689968110725,-59.17290988468481,-91.34244686582444,-27.897461207397185
UEFA vs AFC,UEFA,AFC,2016-09,-0.038981910809446484,-0.06014436472248774,-0.018293376174280247,-58.78050610542613,-90.94883011885484,-27.564759269255322
UEFA vs AFC,UEFA,AFC,2016-10,-0.038722322649059206,-0.05985952471499556,-0.018074856551048957,-58.393009622345026,-90.63198832205758,-27.23712941764443
UEFA vs AFC,UEFA,AFC,2016-11,-0.0384662332383909,-0.059576565760548886,-0.01785986494925724,-58.01073322810902,-90.31790037646074,-26.914798292018894
UEFA vs AFC,UEFA,AFC,2016-12,-0.038213850098731204,-0.059295652263620637,-0.017648551225006262,-57.63398980337452,-90.00844990810147,-26.59799256724832
UEFA vs AFC,UEFA,AFC,2017-01,-0.03796538075137161,-0.059142664682297764,-0.017441065234403905,-57.26309231602334,-89.70436371608358,-26.289073256785382
UEFA vs AFC,UEFA,AFC,2017-02,-0.037721032717601674,-0.05899663507000459,-0.01723755683355232,-56.898353820320224,-89.3693316526712,-25.989543888709644
UEFA vs AFC,UEFA,AFC,2017-03,-0.03748101351871107,-0.05880280416620378,-0.01703817587855756,-56.540087456008116,-89.10353596878475,-25.654798939845055
UEFA vs AFC,UEFA,AFC,2017-04,-0.037245530675991165,-0.05858293380011146,-0.016843072225522622,-56.188606447331075,-88.8123731929841,-25.305257082407262
UEFA vs AFC,UEFA,AFC,2017-05,-0.03701479171073165,-0.0583273030456394,-0.01660023772737441,-55.844224101978746,-88.52473607152018,-24.96541088213868
UEFA vs AFC,UEFA,AFC,2017-06,-0.03678900414422204,-0.0580954675179008,-0.01636485224512142,-55.507253809966045,-88.24077976083171,-24.635668775719957
UEFA vs AFC,UEFA,AFC,2017-07,-0.03656837549775385,-0.0579536202304237,-0.016138758857026193,-55.178009042442426,-87.96065943228766,-24.31643937954326
UEFA vs AFC,UEFA,AFC,2017-08,-0.03635311329261667,-0.05775591701097578,-0.015919852730523952,-54.85680335041998,-87.68044440792498,-24.008131482209492
UEFA vs AFC,UEFA,AFC,2017-09,-0.03614342505010022,-0.05755943420081788,-0.015708390750141108,-54.54395036343868,-87.40267399327804,-23.711154036610903
UEFA vs AFC,UEFA,AFC,2017-10,-0.035939518291495685,-0.05736685301002198,-0.015504629800406598,-54.23976378815873,-87.12944569837768,-23.415397887843973
UEFA vs AFC,UEFA,AFC,2017-11,-0.03574160053809288,-0.05717718129517881,-0.015308826765848469,-53.944557406874935,-86.85825984985952,-23.118553158993894
UEFA vs AFC,UEFA,AFC,2017-12,-0.035549879311181434,-0.056971325986733046,-0.015121238530992327,-53.658645075965175,-86.59107258469797,-22.83276301413805
UEFA vs AFC,UEFA,AFC,2018-01,-0.03536456213205264,-0.05678802980599844,-0.014942121980368801,-53.38234072426872,-86.32928413897405,-22.558379524226435
UEFA vs AFC,UEFA,AFC,2018-02,-0.03518585652199615,-0.05661856736157742,-0.014771733998502517,-53.11595835138522,-86.07307170351658,-22.295754893476733
UEFA vs AFC,UEFA,AFC,2018-03,-0.035013970002301754,-0.05644632724753027,-0.014610331469923302,-52.85981202591036,-85.82261249645883,-22.04524145326999
UEFA vs AFC,UEFA,AFC,2018-04,-0.03484911009426063,-0.05626345246854423,-0.014458171279157607,-52.614215883600025,-85.54961355007465,-21.807191655774105
UEFA vs AFC,UEFA,AFC,2018-05,-0.034691484319162476,-0.056082655993300715,-0.014315510310731795,-52.37948412545796,-85.28672363401708,-21.58195806729501
UEFA vs AFC,UEFA,AFC,2018-06,-0.03454130019829718,-0.055875261662102146,-0.014182605449175599,-52.155931015760196,-85.04081661324626,-21.369893361375325
UEFA vs AFC,UEFA,AFC,2018-07,-0.03439876525295569,-0.05568224929962984,-0.014059713579015472,-51.94387088000887,-84.7826788667716,-21.171350311620056
UEFA vs AFC,UEFA,AFC,2018-08,-0.034264087004427866,-0.05552230959549216,-0.01394709158477951,-51.74361810281286,-84.49805590274471,-20.98668178426062
UEFA vs AFC,UEFA,AFC,2018-09,-0.03413747297400362,-0.055392820190803785,-0.013844996350994914,-51.55548712570467,-84.22949421008342,-20.816240730452336
UEFA vs AFC,UEFA,AFC,2018-10,-0.03401913068297379,-0.05527570191136246,-0.01374098299077148,-51.37979244488979,-84.02922109732346,-20.660380178311257
UEFA vs AFC,UEFA,AFC,2018-11,-0.03390926765262832,-0.05517123786107083,-0.013637619567508695,-51.21684860892489,-83.87542812063298,-20.519453224684774
UEFA vs AFC,UEFA,AFC,2018-12,-0.03380809140425709,-0.05507971114383157,-0.013498692109540559,-51.06697021633412,-83.73411458403382,-20.393813026663207
UEFA vs AFC,UEFA,AFC,2019-01,-0.033715809459150925,-0.054999029001551444,-0.01337142199721597,-50.93047191316049,-83.60556466253911,-20.283812792829462
UEFA vs AFC,UEFA,AFC,2019-02,-0.03363262933859974,-0.054879805202827515,-0.013256082818689233,-50.807668390448974,-83.48143183838654,-20.157296306996358
UEFA vs AFC,UEFA,AFC,2019-03,-0.0335587585638936,-0.05480153634408906,-0.013152948162117414,-50.69887438167069,-83.31147335881118,-20.001335874744935
UEFA vs AFC,UEFA,AFC,2019-04,-0.03349440465632306,-0.05481211468999532,-0.013062291615654954,-50.60440466008411,-83.14906072368254,-19.919969826897706
UEFA vs AFC,UEFA,AFC,2019-05,-0.0334397751371782,-0.05480924168886685,-0.013084694073062814,-50.52457403603363,-82.99435982561076,-19.91460554037961
UEFA vs AFC,UEFA,AFC,2019-06,-0.03339507752774908,-0.054747615239590354,-0.01314959221515154,-50.4596973541905,-82.84371359433806,-19.849138647625136
UEFA vs AFC,UEFA,AFC,2019-07,-0.0333605193493262,-0.05469233158537943,-0.013014586188433217,-50.41008949073581,-82.85713342950476,-19.592900110387568
UEFA vs AFC,UEFA,AFC,2019-08,-0.033336308123199654,-0.05463985386590533,-0.012836522164022536,-50.37606535048492,-82.72903184928461,-19.459214813526145
UEFA vs AFC,UEFA,AFC,2019-09,-0.03332265137065955,-0.05457225862576256,-0.012764916367356799,-50.35793986395834,-82.823200206775,-19.308692018867568
UEFA vs AFC,UEFA,AFC,2019-10,-0.03331964126379697,-0.05446077999422729,-0.012743371461702156,-50.355853904901984,-82.95614501389778,-19.15366316856201
UEFA vs AFC,UEFA,AFC,2019-11,-0.033326908577905344,-0.05435597845155482,-0.01274512287213643,-50.36925197839092,-83.10589928343666,-19.025914422743494
UEFA vs AFC,UEFA,AFC,2019-12,-0.03334396873907894,-0.054257633000093675,-0.012749027362849491,-50.397404334790664,-83.14957915967321,-19.1038325870674
UEFA vs AFC,UEFA,AFC,2020-01,-0.03337033717341185,-0.05419883628358626,-0.01276519877722132,-50.43958103230407,-83.0718173990257,-19.400951518455948
UEFA vs AFC,UEFA,AFC,2020-02,-0.03340552930699839,-0.054134927496110485,-0.012793135075241017,-50.49505193808611,-83.00691062668577,-19.444260237040396
UEFA vs AFC,UEFA,AFC,2020-03,-0.033449060565932845,-0.05419680607485557,-0.012835468358544428,-50.563086729649356,-82.95441374539341,-19.46301892805439
UEFA vs AFC,UEFA,AFC,2020-04,-0.033500446376309195,-0.05427847387816302,-0.01285332858301286,-50.64295489655897,-82.91388164831871,-19.445112079732674
UEFA vs AFC,UEFA,AFC,2020-05,-0.03355920216422172,-0.05436552446754632,-0.0128545861126098,-50.733925742417625,-83.01999553386716,-19.44677692443911
UEFA vs AFC,UEFA,AFC,2020-06,-0.033624843355764884,-0.05446075072512695,-0.01282147038518824,-50.835268387136715,-83.25595482411397,-19.46269180850269
UEFA vs AFC,UEFA,AFC,2020-07,-0.03369688537703247,-0.05444239715122232,-0.012864351271064712,-50.94625176949349,-83.51630136028655,-19.487247937664236
UEFA vs AFC,UEFA,AFC,2020-08,-0.033774843654118945,-0.054537027049210485,-0.012971976850664917,-51.06614464997841,-83.79292038654187,-19.519850113645763
UEFA vs AFC,UEFA,AFC,2020-09,-0.03385823361311861,-0.054637015556632695,-0.01308223936091669,-51.19421561392621,-83.92793391723066,-19.579631850340185
UEFA vs AFC,UEFA,AFC,2020-10,-0.03394657068012538,-0.05474128420929576,-0.013196381486157862,-51.32973307493532,-84.03291729880831,-19.581974402539768
UEFA vs AFC,UEFA,AFC,2020-11,-0.03403937028123358,-0.05486240183554658,-0.013313743442316079,-51.47196527857738,-84.14460909814963,-19.624086446606693
UEFA vs AFC,UEFA,AFC,2020-12,-0.03413614784253772,-0.054987889292446246,-0.013399948963571148,-51.62018030639436,-84.25953154215937,-19.791135536477036
UEFA vs AFC,UEFA,AFC,2021-01,-0.03423641879013142,-0.05506923534139534,-0.013394878152995978,-51.77364608018504,-84.37984031748445,-19.97151100290396
UEFA vs AFC,UEFA,AFC,2021-02,-0.034339698550109245,-0.05512965417334903,-0.013392711156789366,-51.93163036658794,-84.50486254342923,-20.15372687140127
UEFA vs AFC,UEFA,AFC,2021-03,-0.03444550254856565,-0.05539303481625435,-0.013393278866386119,-52.09340078195358,-84.62903093128546,-20.159762914940078
UEFA vs AFC,UEFA,AFC,2021-04,-0.03455334621159425,-0.055573500757967895,-0.013396412173220285,-52.2582247975125,-84.71723718795084,-20.16427909892567
UEFA vs AFC,UEFA,AFC,2021-05,-0.03466274496528955,-0.05564466247027382,-0.013401941968726716,-52.42536974484422,-84.90147683423805,-20.172385709303363
UEFA vs AFC,UEFA,AFC,2021-06,-0.03477321423574603,-0.05575086677786909,-0.01340969914433857,-52.59410282164147,-85.14627672375364,-20.184045752358845
UEFA vs AFC,UEFA,AFC,2021-07,-0.03488426944905737,-0.05590284331147046,-0.013420252264375649,-52.76369109777559,-85.37849720635134,-20.416190977808853
UEFA vs AFC,UEFA,AFC,2021-08,-0.03499542603131803,-0.056013530563381056,-0.013538773895280581,-52.93340152166868,-85.6219126611799,-20.79074180795166
UEFA vs AFC,UEFA,AFC,2021-09,-0.03510619940862251,-0.0561171923376953,-0.013784177442146876,-53.10250092696723,-85.86478980220068,-21.169078174647026
UEFA vs AFC,UEFA,AFC,2021-10,-0.03521610500706441,-0.056216839976246866,-0.014031095391541843,-53.2702560395225,-86.15783666249692,-21.551813256834137
UEFA vs AFC,UEFA,AFC,2021-11,-0.0353246582527383,-0.05633289156883312,-0.01428684480574439,-53.435933484684,-86.48949855176862,-21.715835340660607
UEFA vs AFC,UEFA,AFC,2021-12,-0.035431374571738616,-0.05671141776504873,-0.014547458725133331,-53.59879979489903,-86.73123481015891,-21.86289108093133
UEFA vs AFC,UEFA,AFC,2022-01,-0.03553576939015899,-0.056781594563761216,-0.01471180036216169,-53.75812141762522,-86.94687450901883,-21.91643631672076
UEFA vs AFC,UEFA,AFC,2022-02,-0.035637358134093945,-0.05684523565048964,-0.014649407119437819,-53.9131647235603,-87.19107882835968,-21.78130668172069
UEFA vs AFC,UEFA,AFC,2022-03,-0.03573565622963791,-0.0570681962050541,-0.014601099214781277,-54.063196015182974,-87.39306904431905,-21.65881392860493
UEFA vs AFC,UEFA,AFC,2022-04,-0.035830179102884635,-0.057333914492346635,-0.014511703543095722,-54.207481535610334,-87.58523809349462,-21.891944135671885
UEFA vs AFC,UEFA,AFC,2022-05,-0.03592044217992852,-0.05754766412747059,-0.014565894278913666,-54.345287477775216,-87.84693268869569,-22.14723598398763
UEFA vs AFC,UEFA,AFC,2022-06,-0.036005960886864044,-0.05769439945787558,-0.01472900860744148,-54.47587999391824,-88.04654367397052,-22.12808138253635
UEFA vs AFC,UEFA,AFC,2022-07,-0.03608625064978493,-0.057809709697176984,-0.014860883692681286,-54.598525205397,-88.24727872359284,-22.24006151045989
UEFA vs AFC,UEFA,AFC,2022-08,-0.0361608268947856,-0.05787277193795628,-0.014798081057208305,-54.71248921281668,-88.46771083919715,-22.245751226734814
UEFA vs AFC,UEFA,AFC,2022-09,-0.03622920504796056,-0.058016596292931856,-0.014747546163593762,-54.817038106474484,-88.68293013205876,-22.24180684782696
UEFA vs AFC,UEFA,AFC,2022-10,-0.03629090053540349,-0.058149386424665474,-0.014734180958403177,-54.91143797712035,-88.87169520770354,-22.285027968017822
UEFA vs AFC,UEFA,AFC,2022-11,-0.03634542878320888,-0.058247797906925934,-0.01480667707421275,-54.99495492703629,-88.83282429213226,-22.29406416352
UEFA vs AFC,UEFA,AFC,2022-12,-0.03639230521747103,-0.058310854692997974,-0.01486647438497256,-55.06685508142571,-88.98105983464772,-22.284048414121852
UEFA vs AFC,UEFA,AFC,2023-01,-0.03643104526428389,-0.05836097781831042,-0.01481746040877173,-55.12640460011484,-89.04089742577233,-22.336002069566536
UEFA vs AFC,UEFA,AFC,2023-02,-0.03646116434974184,-0.0583536832430259,-0.014768901427282577,-55.172869689564486,-89.06510029329898,-22.28979881505549
UEFA vs AFC,UEFA,AFC,2023-03,-0.036482177899939044,-0.05839479316224257,-0.014861740218648395,-55.20551661518497,-89.08105489180454,-22.307765561285038
UEFA vs AFC,UEFA,AFC,2023-04,-0.036493601340969725,-0.05841844675803363,-0.01495307141653171,-55.22361171395387,-89.09704007215063,-22.406521739843985
UEFA vs AFC,UEFA,AFC,2023-05,-0.03649495009892806,-0.05842384082149095,-0.015027309942325711,-55.226421407330946,-89.113968275442,-22.291053201886598
UEFA vs AFC,UEFA,AFC,2023-06,-0.0364857395999083,-0.05841017214370638,-0.015010659867818578,-55.213212214465,-89.16009581627452,-22.428340082828413
UEFA vs AFC,UEFA,AFC,2023-07,-0.036465485270004566,-0.0583766375157718,-0.015004084805922437,-55.183250765687454,-89.11613556937111,-22.49922131707641
UEFA vs AFC,UEFA,AFC,2023-08,-0.03643370253531117,-0.05833695467489286,-0.015030262742314856,-55.13580381628649,-89.11070280197114,-22.38638892060482
UEFA vs AFC,UEFA,AFC,2023-09,-0.03638990682192217,-0.05838034881634955,-0.015038272970640525,-55.070138260553634,-89.10120646284712,-22.327186658747546
UEFA vs AFC,UEFA,AFC,2023-10,-0.036333613555932016,-0.058442140454332714,-0.014906823773275863,-54.98552114609724,-89.15452089722862,-22.327668838440633
UEFA vs AFC,UEFA,AFC,2023-11,-0.03626433816343476,-0.05846379128498147,-0.014910916826606354,-54.88121968841084,-89.20479686919158,-22.32650895086095
UEFA vs AFC,UEFA,AFC,2023-12,-0.036181596070524395,-0.058412484128963896,-0.014980185190404532,-54.756501285690554,-89.2463364897956,-22.298269751952905
UEFA vs AFC,UEFA,AFC,2024-01,-0.03608490270329561,-0.05832265634736058,-0.014890684439211568,-54.61063353389095,-89.09410470625745,-22.23523078595177
UEFA vs AFC,UEFA,AFC,2024-02,-0.03597377348784236,-0.05811532876373597,-0.014777052815704392,-54.44288424200353,-88.93969596154152,-22.16253526802031
UEFA vs AFC,UEFA,AFC,2024-03,-0.03584772385025854,-0.057827228263421036,-0.014609020437489397,-54.25252144755321,-88.65127536029846,-21.957324251711587
UEFA vs AFC,UEFA,AFC,2024-04,-0.035706269216639,-0.057576908632398456,-0.014375651549833585,-54.03881343229704,-88.19141292113068,-21.674060199839776
UEFA vs AFC,UEFA,AFC,2024-05,-0.03554892501307762,-0.05756279307422165,-0.014135648376177378,-53.801028738106176,-87.68716020193798,-21.300834727230193
UEFA vs AFC,UEFA,AFC,2024-06,-0.03537520666566814,-0.05754062906311526,-0.014038137506042112,-53.538436183025624,-87.13132069015624,-21.06454402909569
UEFA vs AFC,UEFA,AFC,2024-07,-0.03518462960050571,-0.05749656864551067,-0.013792378264430472,-53.2503048774924,-86.72171454320495,-20.730976550571906
UEFA vs AFC,UEFA,AFC,2024-08,-0.03497670924368407,-0.057308506765151576,-0.013751552187031644,-52.9359042406881,-86.58796398564778,-20.471543978372054
UEFA vs AFC,UEFA,AFC,2024-09,-0.034750961021296815,-0.056970942709087466,-0.013642305365822968,-52.59450401702069,-86.43022091407713,-20.308840280059123
UEFA vs AFC,UEFA,AFC,2024-10,-0.03450690035943935,-0.0564720981420292,-0.013377766315965057,-52.225374292711656,-86.25578865657029,-19.972213435374844
UEFA vs AFC,UEFA,AFC,2024-11,-0.03424404268420534,-0.05635032796989918,-0.013164726062980808,-51.8277855124591,-86.08548800296191,-19.687556281411354
UEFA vs AFC,UEFA,AFC,2024-12,-0.033961903421688144,-0.056160398731760174,-0.01314093496714632,-51.401008496171706,-85.94531802026258,-19.28589210930159
UEFA vs AFC,UEFA,AFC,2025-01,-0.033659997997983505,-0.0560572425827349,-0.012930472937746655,-50.94431445574572,-85.80462740859987,-19.2321462032586
UEFA vs AFC,UEFA,AFC,2025-02,-0.033337841839184944,-0.05580263462505477,-0.012329610214284838,-50.45697501184838,-85.59225703447115,-18.667642512348316
UEFA vs AFC,UEFA,AFC,2025-03,-0.032994950371385695,-0.055311271593456016,-0.012201077307862572,-49.93826221070451,-84.96595358615093,-18.271838562444536
UEFA vs AFC,UEFA,AFC,2025-04,-0.032630839020681784,-0.05493620625417334,-0.011947947927751487,-49.38744854085182,-84.12128381657072,-17.56713474051783
UEFA vs AFC,UEFA,AFC,2025-05,-0.03224502321316657,-0.05473440808199026,-0.011826465314977481,-48.803806949823596,-83.38795596851416,-17.397807673874265
UEFA vs AFC,UEFA,AFC,2025-06,-0.03183701837493308,-0.05446941419485744,-0.011317743298863281,-48.18661086075463,-82.62159026342938,-17.161309755658806
UEFA vs AFC,UEFA,AFC,2025-07,-0.03140633993207773,-0.05403826784267438,-0.01115578620454813,-47.535134188871545,-81.74478068328874,-16.659342341230786
UEFA vs AFC,UEFA,AFC,2025-08,-0.03095250331069372,-0.05346354582855391,-0.01085047010579957,-46.848651357818035,-80.96219298439229,-16.05735027900515
UEFA vs AFC,UEFA,AFC,2025-09,-0.030475023936873864,-0.052939745541659325,-0.010405734533531344,-46.12643731581333,-80.02120695921046,-15.552915339975943
UEFA vs AFC,UEFA,AFC,2025-10,-0.029973417236714983,-0.05243080574000243,-0.009947159038932356,-45.36776755159733,-79.4570476355942,-14.713558258052467
UEFA vs AFC,UEFA,AFC,2025-11,-0.029447198636310016,-0.05168474099936291,-0.009549937682269243,-44.571918110106935,-78.91820818226623,-14.298388223406475
UEFA vs AFC,UEFA,AFC,2025-12,-0.02889588356175163,-0.051241083030101685,-0.008912460011738442,-43.73816560788242,-78.3679266268542,-13.179624587742161
UEFA vs AFC,UEFA,AFC,2026-01,-0.028318987439137057,-0.050735314998072226,-0.007976527278562486,-42.86578724815044,-77.41063424120844,-12.068705103986808
UEFA vs AFC,UEFA,AFC,2026-02,-0.027716025694558995,-0.04991188998849076,-0.007351901915372008,-41.954060835521034,-76.09674397142435,-11.196938160230165
UEFA vs AFC,UEFA,AFC,2026-03,-0.027086513754109972,-0.0495562384018827,-0.00709592407524161,-41.00226479029887,-74.91464434028654,-10.62937523757676
UEFA vs AFC,UEFA,AFC,2026-04,-0.026429967043887573,-0.049265790276702144,-0.006188310033625227,-40.00967816234708,-74.12075324328603,-9.043644587813896
UEFA vs AFC,UEFA,AFC,2026-05,-0.02574590098998432,-0.048708861866593935,-0.004851647306888086,-38.97558064443492,-73.55646813454491,-7.2738237044977305
UEFA vs AFC,UEFA,AFC,2026-06,-0.025033831018492513,-0.048014430109241425,-0.004019024983319014,-37.899252585069306,-72.5118615099789,-6.079674784590802
UEFA vs AFC,UEFA,AFC,2026-07,-0.024293272555510125,-0.04764687134423573,-0.0031989340857700587,-36.77997500074161,-71.70017091678099,-4.775294427635004
UEFA vs AFC,UEFA,AFC,2026-08,-0.02352374102712955,-0.046935000009113104,-0.0020161639455412946,-35.61702958751333,-71.187522327657,-3.0912217402007443
CONMEBOL vs CAF,CONMEBOL,CAF,1992-01,0.07099488390229912,-0.037446613664387125,0.1988427822690584,111.6994340410749,-54.963570653678715,317.7825499937728
CONMEBOL vs CAF,CONMEBOL,CAF,1992-02,0.07279022804937814,-0.03452494101506498,0.20013783936381205,114.44229190807647,-51.126062212107996,321.2839152952243
CONMEBOL vs CAF,CONMEBOL,CAF,1992-03,0.07454721051808402,-0.032978240585054316,0.20218190743541933,117.12825826419163,-47.368347869768456,324.8185018767926
CONMEBOL vs CAF,CONMEBOL,CAF,1992-04,0.07626624052798894,-0.03046874666047174,0.20427933799255893,119.75791088254812,-43.64226619726558,328.09443986192423
CONMEBOL vs CAF,CONMEBOL,CAF,1992-05,0.07794772729867956,-0.028612545650705323,0.2057580374714717,122.33182804276753,-40.586337086076306,331.04351820978
CONMEBOL vs CAF,CONMEBOL,CAF,1992-06,0.079592080049742,-0.026836196947895716,0.20712897253401244,124.8505885545825,-38.046755876931215,334.3401303058546
CONMEBOL vs CAF,CONMEBOL,CAF,1992-07,0.08119970800074917,-0.02502662567277807,0.20847199819085746,127.31477177892975,-35.21291327155334,337.541340857983
CONMEBOL vs CAF,CONMEBOL,CAF,1992-08,0.08277102037128735,-0.023357377280895663,0.21030352220742493,129.72495764669435,-32.9195833932842,340.6434505249458
CONMEBOL vs CAF,CONMEBOL,CAF,1992-09,0.08430642638094249,-0.021668392458735485,0.21156187892898434,132.08172667509814,-30.75556603450268,343.6613197617707
CONMEBOL vs CAF,CONMEBOL,CAF,1992-10,0.08580633524928796,-0.020008397512062404,0.21324367841999614,134.38565998191055,-28.42625678059169,346.50316349789773
CONMEBOL vs CAF,CONMEBOL,CAF,1992-11,0.08727115619590982,-0.018379260194457635,0.21495284930574154,136.63733929764604,-26.27498884009303,349.1457085331257
CONMEBOL vs CAF,CONMEBOL,CAF,1992-12,0.08870129844039365,-0.01702485068156818,0.21661121281202886,138.83734697574045,-24.199196222959607,351.6830137595473
CONMEBOL vs CAF,CONMEBOL,CAF,1993-01,0.09009717120231352,-0.015703647040311398,0.218219507182426,140.98626600087303,-22.18279925449352,354.2834038259658
CONMEBOL vs CAF,CONMEBOL,CAF,1993-02,0.09145918370125511,-0.014321462491445303,0.21975790018304445,143.08467999558604,-20.224998195328563,356.78352843171854
CONMEBOL vs CAF,CONMEBOL,CAF,1993-03,0.09278774515680376,-0.012971768388666316,0.22124510027477584,145.13317322519538,-18.559698230839967,359.2324572426196
CONMEBOL vs CAF,CONMEBOL,CAF,1993-04,0.09408326478853404,-0.011951616841282231,0.22269118611666983,147.1323306011458,-17.375084576242365,361.63067718914465
CONMEBOL vs CAF,CONMEBOL,CAF,1993-05,0.09534615181603141,-0.010784126088690015,0.2242210897143807,149.08273768295285,-15.745461389990213,363.97867701927
CONMEBOL vs CAF,CONMEBOL,CAF,1993-06,0.09657681545888092,-0.009646877010134955,0.22602062744901874,150.98498067872296,-14.089602840939264,366.2769472729156
CONMEBOL vs CAF,CONMEBOL,CAF,1993-07,0.09777566493665772,-0.008526865752528676,0.22806488760540808,152.83964644439584,-12.476194386531956,368.52018052294784
CONMEBOL vs CAF,CONMEBOL,CAF,1993-08,0.09894310946894694,-0.007420101876112948,0.22972851343862377,154.64732248183856,-10.845511227207847,370.7132261846142
CONMEBOL vs CAF,CONMEBOL,CAF,1993-09,0.10007955827533337,-0.006288858212889182,0.23062254264894297,156.408596935784,-9.119683788226268,372.8574847700346
CONMEBOL vs CAF,CONMEBOL,CAF,1993-10,0.10118542057539269,-0.005294879296765086,0.23149754495703104,158.12405858974537,-7.742763084566512,374.9534719983421
CONMEBOL vs CAF,CONMEBOL,CAF,1993-11,0.10226110558870978,-0.004277614133122487,0.2326700892943452,159.7942968610261,-6.268091065889858,377.00170534422296
CONMEBOL vs CAF,CONMEBOL,CAF,1993-12,0.10330702253486924,-0.0032881393878724462,0.23388092978910582,161.41990179481803,-4.819467585582288,379.0027040088999
CONMEBOL vs CAF,CONMEBOL,CAF,1994-01,0.10432358063344718,-0.0021696244939801708,0.23502420213704336,163.00146405750746,-3.2484320037641847,380.95698889103375
CONMEBOL vs CAF,CONMEBOL,CAF,1994-02,0.10531118910402826,-0.0010771342424391584,0.23611907519917222,164.5395749292997,-1.6126349256570947,382.86508255764437
CONMEBOL vs CAF,CONMEBOL,CAF,1994-03,0.10627025716619685,-1.5580831901427956e-05,0.23716649309315152,166.03482629615297,-0.022481446891570243,384.7275092149608
CONMEBOL vs CAF,CONMEBOL,CAF,1994-04,0.10720119403952942,0.0010154591474552464,0.23816739993662916,167.48781064113217,1.486691194081155,386.46445206012663
CONMEBOL vs CAF,CONMEBOL,CAF,1994-05,0.10810440894361051,0.0018792766927477466,0.23901924294477522,168.89912103528277,2.6635399762044956,388.0303159004419
CONMEBOL vs CAF,CONMEBOL,CAF,1994-06,0.10898031109802421,0.0026763508382796194,0.23979704865236892,170.2693511280149,3.794979922454129,389.5353796281198
CONMEBOL vs CAF,CONMEBOL,CAF,1994-07,0.10982930972234754,0.003441621729233237,0.24056470437488794,171.59909513709826,4.881856623163745,390.9807817566619
CONMEBOL vs CAF,CONMEBOL,CAF,1994-08,0.11065181403616473,0.004175719125097468,0.24132212739178585,172.8889478383591,5.9250178343007995,392.3564539769336
CONMEBOL vs CAF,CONMEBOL,CAF,1994-09,0.11144823325905964,0.004879272785365442,0.2420689036588955,174.13950455506813,6.92531342091959,393.64312067281617
CONMEBOL vs CAF,CONMEBOL,CAF,1994-10,0.11221897661060976,0.0055529124695190574,0.24285895126640694,175.35136114711142,7.883595301190816,394.8804147005749
CONMEBOL vs CAF,CONMEBOL,CAF,1994-11,0.11296445331039907,0.006197267937049757,0.24352317884589383,176.52511400002493,8.800717391111688,396.1080682004976
CONMEBOL vs CAF,CONMEBOL,CAF,1994-12,0.11368507257801133,0.006812968947447919,0.2442478379922006,177.66136001388222,9.677535549837296,397.275964793495
CONMEBOL vs CAF,CONMEBOL,CAF,1995-01,0.11438124363302427,0.007337773063316045,0.24495285667276265,178.76069659211814,10.514907525712989,398.3885163442154
CONMEBOL vs CAF,CONMEBOL,CAF,1995-02,0.11505337569502178,0.007830009492568868,0.24564714632440987,179.8237216303599,11.313692903061394,399.44694956816767
CONMEBOL vs CAF,CONMEBOL,CAF,1995-03,0.11570187798358733,0.008321193796400995,0.24633062422659652,180.85103350525506,12.11184934405344,400.4524933333908
CONMEBOL vs CAF,CONMEBOL,CAF,1995-04,0.11632715971829923,0.008813411460618693,0.24689407894581236,181.84323106337044,12.951884607635543,401.396960588515
CONMEBOL vs CAF,CONMEBOL,CAF,1995-05,0.11692963011874102,0.009377931797190575,0.24737625683938946,182.80091361022443,13.691196557561012,402.2791963064556
CONMEBOL vs CAF,CONMEBOL,CAF,1995-06,0.11750969840449597,0.00994069794134229,0.2479217752996363,183.72468089944357,14.416851313490247,403.1150115731843
CONMEBOL vs CAF,CONMEBOL,CAF,1995-07,0.11806777379514287,0.010400828001165463,0.24864114299574866,184.61513312210715,15.298785065212257,403.90556673537685
CONMEBOL vs CAF,CONMEBOL,CAF,1995-08,0.11860426551026494,0.010883559233054686,0.24934049790250531,185.47287089633545,16.018424305426574,404.6520236370871
CONMEBOL vs CAF,CONMEBOL,CAF,1995-09,0.11911958276944545,0.011348754234302972,0.25002010486665127,186.2984952571126,16.709147700789515,405.35554559776415
CONMEBOL vs CAF,CONMEBOL,CAF,1995-10,0.11961413479226334,0.01179604712417901,0.2506802287349288,187.09260764639828,17.371427203100858,406.01729739003576
CONMEBOL vs CAF,CONMEBOL,CAF,1995-11,0.12008833079830179,0.012224205369456387,0.25132113435408615,187.8558099035795,18.00573600081494,406.63844521727896
CONMEBOL vs CAF,CONMEBOL,CAF,1995-12,0.12054258000714385,0.012653957387683334,0.2519411872416885,188.58870425624943,18.668527136964393,407.36372222550347
CONMEBOL vs CAF,CONMEBOL,CAF,1996-01,0.12097729163836882,0.013121103937550949,0.2523857857591016,189.29189331136405,19.360559780918244,408.3163614683001
CONMEBOL vs CAF,CONMEBOL,CAF,1996-02,0.12139287491155973,0.013584495062046377,0.2529098986272735,189.96598004681712,20.047291422954572,409.2724159325059
CONMEBOL vs CAF,CONMEBOL,CAF,1996-03,0.12178973904629947,0.014043885006629077,0.25354360206599114,190.6115678034244,20.728358238855776,409.8055274164397
CONMEBOL vs CAF,CONMEBOL,CAF,1996-04,0.12216829326216755,0.014499028016757533,0.254158108297332,191.22926027735645,21.40339585071995,410.29185880950854
CONMEBOL vs CAF,CONMEBOL,CAF,1996-05,0.12252894677874698,0.01494967833789036,0.25475361474622915,191.81966151305932,22.07203932301691,410.7598349124523
CONMEBOL vs CAF,CONMEBOL,CAF,1996-06,0.1228721088156204,0.015395590215488754,0.2552849324224803,192.38337589664832,22.733923159631004,411.18703203580156
CONMEBOL vs CAF,CONMEBOL,CAF,1996-07,0.1231981885923677,0.015836517895008666,0.2557836310092126,192.92100814981342,23.388681301883974,411.57995899557204
CONMEBOL vs CAF,CONMEBOL,CAF,1996-08,0.12350759532857167,0.016272215621910394,0.2562651602257139,193.4331633242651,23.561962254472842,411.9533795747188
CONMEBOL vs CAF,CONMEBOL,CAF,1996-09,0.12380073824381486,0.016396610184755824,0.25672980154486696,193.92044679670892,23.63494334885618,412.30789476366135
CONMEBOL vs CAF,CONMEBOL,CAF,1996-10,0.12407802655767743,0.016432949314287095,0.2571460163223622,194.38346426437988,23.685224381749094,412.6441057031176
CONMEBOL vs CAF,CONMEBOL,CAF,1996-11,0.12433986948974204,0.0164569676087877,0.2571463128041098,194.82282174116088,23.71387424515865,412.96261371244975
CONMEBOL vs CAF,CONMEBOL,CAF,1996-12,0.12458667625959109,0.016466699934218808,0.25712068909312674,195.23912555427302,23.775316970794176,413.22798292676805
CONMEBOL vs CAF,CONMEBOL,CAF,1997-01,0.124818856086805,0.016745838202508214,0.25720545566269404,195.63298234156437,24.04558228107359,413.59362361775
CONMEBOL vs CAF,CONMEBOL,CAF,1997-02,0.12503681819096626,0.01703250578145417,0.25769695138425175,196.00499904941543,24.3215023357527,413.90660004014603
CONMEBOL vs CAF,CONMEBOL,CAF,1997-03,0.12524097179165725,0.017313003357588123,0.2581814610624935,196.35578293125045,24.72940910457071,414.20473413165394
CONMEBOL vs CAF,CONMEBOL,CAF,1997-04,0.1254317261084585,0.017579886705321804,0.2586584801256464,196.68594154667554,25.11812975558037,414.48853740197774
CONMEBOL vs CAF,CONMEBOL,CAF,1997-05,0.1256094903609525,0.01783357672551889,0.2588989464196674,196.99608276125818,25.488241415789812,414.758521665104
CONMEBOL vs CAF,CONMEBOL,CAF,1997-06,0.1257746737687215,0.018074494319037942,0.25909540471655107,197.28681474693715,25.84032148500435,415.0151990661527
CONMEBOL vs CAF,CONMEBOL,CAF,1997-07,0.12592768555134626,0.018170918122634654,0.2592670974658506,197.55874598307943,26.17494768847903,415.2590821061621
CONMEBOL vs CAF,CONMEBOL,CAF,1997-08,0.12606893492840904,0.01825131046056341,0.2594279740890352,197.8124852581951,26.473473389782832,415.61269657561763
CONMEBOL vs CAF,CONMEBOL,CAF,1997-09,0.12619883111949204,0.018323282894936368,0.25944787420530174,198.04864167230045,26.581466617977163,416.22646588399675
CONMEBOL vs CAF,CONMEBOL,CAF,1997-10,0.12631778334417632,0.018387354211891353,0.2592321795579859,198.26782463994044,26.67800847821351,416.81403089551526
CONMEBOL vs CAF,CONMEBOL,CAF,1997-11,0.12642620082204398,0.01844404319756561,0.259004979188573,198.47064389387967,26.763848227653366,417.37565893574373
CONMEBOL vs CAF,CONMEBOL,CAF,1997-12,0.1265244927726771,0.018493868638100344,0.2587642632452304,198.65770948945158,26.83973557344474,417.9116181175546
CONMEBOL vs CAF,CONMEBOL,CAF,1998-01,0.12661306841565692,0.018537349319630185,0.2585139586246178,198.82963180957506,26.906420665480802,418.42217734040133
CONMEBOL vs CAF,CONMEBOL,CAF,1998-02,0.1266923369705655,0.018575004028296375,0.25825599201356414,198.98702157044391,26.96465408995505,418.8855817844179
CONMEBOL vs CAF,CONMEBOL,CAF,1998-03,0.1267627076569848,0.018607351550235143,0.2579915985479273,199.130489827879,27.01518686364181,419.3147087062173
CONMEBOL vs CAF,CONMEBOL,CAF,1998-04,0.12682458969449628,0.018634910671585295,0.25795315121228474,199.26064798435198,27.058770428968913,419.720370712722
CONMEBOL vs CAF,CONMEBOL,CAF,1998-05,0.12687839230268186,0.01865820017848479,0.258092896004993,199.37810779668035,27.096156649843458,420.1029092660565
CONMEBOL vs CAF,CONMEBOL,CAF,1998-06,0.12692452470112342,0.018677738857072294,0.25822239647945044,199.4834813843878,27.128097808248917,420.4626665989022
CONMEBOL vs CAF,CONMEBOL,CAF,1998-07,0.12696339610940255,0.018694045493485814,0.2583419701654492,199.57738123873426,27.155346601608723,420.4782909439568
CONMEBOL vs CAF,CONMEBOL,CAF,1998-08,0.1269954157471012,0.01870763887386331,0.25845193459278226,199.66042023241448,27.178656140924005,420.32299949860885
CONMEBOL vs CAF,CONMEBOL,CAF,1998-09,0.12702099283380108,0.018719037784343456,0.25855260729124274,199.7332116299209,27.19877994968123,420.17429970645196
CONMEBOL vs CAF,CONMEBOL,CAF,1998-10,0.12704053658908396,0.01872876101106509,0.2586443057906228,199.79636909857152,27.216471963532697,420.0338429998026
CONMEBOL vs CAF,CONMEBOL,CAF,1998-11,0.12705445623253167,0.01873732734016445,0.2587273476207155,199.85050672020267,27.23248653074368,419.90328153250834
CONMEBOL vs CAF,CONMEBOL,CAF,1998-12,0.127063160983726,0.018745255557781976,0.25880205031131465,199.896239003522,27.24757841343324,419.7842682131227
CONMEBOL vs CAF,CONMEBOL,CAF,1999-01,0.12706702701600714,0.018752993373477137,0.25886872437132813,199.93413439518838,27.262399407493007,420.02302739626396
CONMEBOL vs CAF,CONMEBOL,CAF,1999-02,0.12706629831774915,0.018760704190496608,0.25892765222612746,199.96457577979433,27.277188084437334,420.27082806730726
CONMEBOL vs CAF,CONMEBOL,CAF,1999-03,0.12706118583108447,0.018768480335512643,0.25897910928020373,199.98789997140074,27.292079738493744,420.5033282916843
CONMEBOL vs CAF,CONMEBOL,CAF,1999-04,0.12705190049814566,0.01877641413519609,0.2590219300462986,200.00444419725335,27.30720973987895,420.7209963195055
CONMEBOL vs CAF,CONMEBOL,CAF,1999-05,0.12703865326106517,0.018789548177259578,0.25905508943332883,200.01454608051412,27.32271353458419,420.9243012503937
CONMEBOL vs CAF,CONMEBOL,CAF,1999-06,0.12702165506197546,0.018806139792985337,0.25908182228554,200.01854362361183,27.356303431087365,421.1137129977295
CONMEBOL vs CAF,CONMEBOL,CAF,1999-07,0.12700111684300902,0.01882310179996281,0.2591024025665357,200.0167751922155,27.389755919685904,421.2897022538957
CONMEBOL vs CAF,CONMEBOL,CAF,1999-08,0.1269772495462984,0.018840522749145053,0.2591391279034343,200.0095794998325,27.42299167659367,421.45274045654065
CONMEBOL vs CAF,CONMEBOL,CAF,1999-09,0.1269502641139759,0.01885849119148873,0.25925412709668694,199.9972955930335,27.456160217039866,421.603299755839
CONMEBOL vs CAF,CONMEBOL,CAF,1999-10,0.12692037148817426,0.01887709567794698,0.25936661704711994,199.98026283730803,27.48941116061757,421.74185298278695
CONMEBOL vs CAF,CONMEBOL,CAF,1999-11,0.12688778261102582,0.018896424759474686,0.25947675037827284,199.95882090355124,27.522894230671458,421.8688736185062
CONMEBOL vs CAF,CONMEBOL,CAF,1999-12,0.12685270842466295,0.018916566987027664,0.25958467971368765,199.93330975518438,27.55675925378279,421.98483576458045
CONMEBOL vs CAF,CONMEBOL,CAF,2000-01,0.12681535987121836,0.01893761091155817,0.25969055767690385,199.90406963591207,27.591156159356345,422.09021411441154
CONMEBOL vs CAF,CONMEBOL,CAF,2000-02,0.12677594789282445,0.018959645084021884,0.2597168117383856,199.87144105811575,27.626234979323073,422.1854839256242
CONMEBOL vs CAF,CONMEBOL,CAF,2000-03,0.1267346834316136,0.018982758055373864,0.25969558242962626,199.83576479188733,27.662145847938476,422.27112099348886
CONMEBOL vs CAF,CONMEBOL,CAF,2000-04,0.1266917774297184,0.019007038376567923,0.2596847686212718,199.79738185470396,27.69903900168893,422.3476016253909
CONMEBOL vs CAF,CONMEBOL,CAF,2000-05,0.1266474408292714,0.019032574598558276,0.25979694566927775,199.7566335017434,27.737064779307232,422.41540261634276
CONMEBOL vs CAF,CONMEBOL,CAF,2000-06,0.1266018845724048,0.01905945527230051,0.25990311621695783,199.7138612168444,27.77637362189527,422.4750012255459
CONMEBOL vs CAF,CONMEBOL,CAF,2000-07,0.1265553196012514,0.019087768948748755,0.25999789936895945,199.66940670411205,27.81711607314674,422.5268751539745
CONMEBOL vs CAF,CONMEBOL,CAF,2000-08,0.1265079568579436,0.0191176041788562,0.2599339469170921,199.62361188016712,27.74719371211425,422.5715025230493
CONMEBOL vs CAF,CONMEBOL,CAF,2000-09,0.12646000728461368,0.01914904951358021,0.25986973384743334,199.57681886704435,27.641586015018863,422.6093618543185
CONMEBOL vs CAF,CONMEBOL,CAF,2000-10,0.1264116818233944,0.019105697709006678,0.2598054579422298,199.52936998573838,27.541042816662586,422.64093205023084
CONMEBOL vs CAF,CONMEBOL,CAF,2000-11,0.1263631914164182,0.019032920309679516,0.2597413169837279,199.4816077503968,27.440785950551746,422.6666923759384
CONMEBOL vs CAF,CONMEBOL,CAF,2000-12,0.12631474700581727,0.01896059262988015,0.2597112722578678,199.4338748631646,27.34111040014515,422.68712244216977
CONMEBOL vs CAF,CONMEBOL,CAF,2001-01,0.12626655953372448,0.0188889174141663,0.2597368510247118,199.38651420967923,27.24231130677647,422.70270218915357
CONMEBOL vs CAF,CONMEBOL,CAF,2001-02,0.12621883994227212,0.01881809740709604,0.2597680452115524,199.33986885521423,27.144683967268445,422.71112348379444
CONMEBOL vs CAF,CONMEBOL,CAF,2001-03,0.12617179917359259,0.018748335353228954,0.25980493761287426,199.29428204147735,27.048523831991783,422.5762046306227
CONMEBOL vs CAF,CONMEBOL,CAF,2001-04,0.1261256481698186,0.018679833997121344,0.259847611023163,199.2500971840596,26.954126503355987,422.43524535208303
CONMEBOL vs CAF,CONMEBOL,CAF,2001-05,0.12608059787308254,0.01861279608333284,0.25989466771610076,199.2076578705368,26.861787734760494,422.2888397738954
CONMEBOL vs CAF,CONMEBOL,CAF,2001-06,0.12603685922551672,0.01854742435642134,0.2599377751791749,199.16730785922505,26.771803429971705,422.13899334302613
CONMEBOL vs CAF,CONMEBOL,CAF,2001-07,0.12599464316925385,0.018483921560944784,0.2599867029268994,199.12939107859,26.684469642953754,422.41296590120385
CONMEBOL vs CAF,CONMEBOL,CAF,2001-08,0.12595416064642634,0.018422490441461117,0.2600415492039088,199.09425162730983,26.600082578141453,422.698653347594
CONMEBOL vs CAF,CONMEBOL,CAF,2001-09,0.1259156225991666,0.018363333742528368,0.2599455227759375,199.0622337749928,26.51893859115735,422.7807011382397
CONMEBOL vs CAF,CONMEBOL,CAF,2001-10,0.12587923996960723,0.01830665420870603,0.25976632704736397,199.03368196355063,26.441334189975066,422.78986325481463
CONMEBOL vs CAF,CONMEBOL,CAF,2001-11,0.1258452236998807,0.0182526545845513,0.25958752024981957,199.00894080922626,26.36756603652185,422.7862404025496
CONMEBOL vs CAF,CONMEBOL,CAF,2001-12,0.12581378473211935,0.018201537614623755,0.2594095046665387,198.98835510527772,26.297930948738962,422.78332317406364
CONMEBOL vs CAF,CONMEBOL,CAF,2002-01,0.1257851340084558,0.018153506043479695,0.25923268258075766,198.9722698253185,26.232725903072105,422.7815838215293
CONMEBOL vs CAF,CONMEBOL,CAF,2002-02,0.12575948247102256,0.018108762615677867,0.2590574562757141,198.96103012731422,26.17224803742595,422.7003480524905
CONMEBOL vs CAF,CONMEBOL,CAF,2002-03,0.12573704106195194,0.01806751007577705,0.2588842280346433,198.9549813582357,26.116794654554507,422.6045869446533
CONMEBOL vs CAF,CONMEBOL,CAF,2002-04,0.12571802072337665,0.018029951168335234,0.25875187306124475,198.95446905937035,26.114934509284467,422.5140187462775
CONMEBOL vs CAF,CONMEBOL,CAF,2002-05,0.12570263239742901,0.017996288637911164,0.2587214368737647,198.95983897229038,26.122554964094775,422.42903502660596
CONMEBOL vs CAF,CONMEBOL,CAF,2002-06,0.12569108702624146,0.017966725229062775,0.25869506134159437,198.97143704548026,26.132844193623487,422.3500275064135
CONMEBOL vs CAF,CONMEBOL,CAF,2002-07,0.12568359555194672,0.017941463686347216,0.25867294439807675,198.9896094416221,26.146107485441156,422.2773880662666
CONMEBOL vs CAF,CONMEBOL,CAF,2002-08,0.12568036891667703,0.01792070675432411,0.2586503664427571,199.0147025455403,26.16265032087665,422.404282030091
CONMEBOL vs CAF,CONMEBOL,CAF,2002-09,0.125681618062565,0.017904657177551363,0.25862139374761767,199.0470629728071,26.182778379972387,422.5924613700211
CONMEBOL vs CAF,CONMEBOL,CAF,2002-10,0.12568755393174308,0.01789492435481921,0.2585970811740777,199.08703757900705,26.20679754686529,422.78780888203204
CONMEBOL vs CAF,CONMEBOL,CAF,2002-11,0.1256983874663437,0.01797890452647586,0.2585776441667871,199.13497346966463,26.23897017577491,422.98208672317037
CONMEBOL vs CAF,CONMEBOL,CAF,2002-12,0.1257143296084995,0.01814045392311612,0.25856329817039575,199.19121801083188,26.287109687282975,423.0374457350918
CONMEBOL vs CAF,CONMEBOL,CAF,2003-01,0.12573559130034276,0.018312773044521835,0.2585542586295528,199.25611884033992,26.566646983665077,423.0996223846405
CONMEBOL vs CAF,CONMEBOL,CAF,2003-02,0.1257623834840061,0.018495116918204824,0.25855074098890807,199.33002387971436,26.88576820246634,423.16129136504003
CONMEBOL vs CAF,CONMEBOL,CAF,2003-03,0.12579491710162202,0.018682741149977655,0.2585529606931124,199.41328134675473,27.211175401697997,423.21875371449676
CONMEBOL vs CAF,CONMEBOL,CAF,2003-04,0.12583340309532282,0.01887570124496296,0.2585611331868149,199.50623976877927,27.542989710944777,423.2295417873249
CONMEBOL vs CAF,CONMEBOL,CAF,2003-05,0.12587805240724115,0.01907405270828195,0.25857547391466623,199.6092479965384,27.881332436795844,423.11583299550125
CONMEBOL vs CAF,CONMEBOL,CAF,2003-06,0.12592907597950956,0.019277851045056592,0.2585961983213147,199.72265521879442,28.226325065280765,423.01235279589656
CONMEBOL vs CAF,CONMEBOL,CAF,2003-07,0.12598668475426028,0.01948715176040703,0.2586235218514128,199.84681097757087,28.57808926432199,422.92247127438304
CONMEBOL vs CAF,CONMEBOL,CAF,2003-08,0.12605108967362597,0.019702010359456956,0.2586576599496079,199.98206518407457,28.936746886209804,422.8485359628517
CONMEBOL vs CAF,CONMEBOL,CAF,2003-09,0.12612250167973924,0.01992248234732754,0.2586988280605515,200.12876813528857,29.302419970071096,422.79125708926733
CONMEBOL vs CAF,CONMEBOL,CAF,2003-10,0.12620113171473224,0.020082296140296618,0.25874724162889284,200.2872705312383,29.67523074435101,422.7513457422797
CONMEBOL vs CAF,CONMEBOL,CAF,2003-11,0.12628719072073757,0.020324963639296947,0.2588031160992826,200.4579234929376,30.03142474359295,422.72951390660216
CONMEBOL vs CAF,CONMEBOL,CAF,2003-12,0.12638088963988806,0.020572631560006993,0.2588666669163699,200.6410785810092,30.11588522912291,422.7264744991871
CONMEBOL vs CAF,CONMEBOL,CAF,2004-01,0.12648243941431564,0.020738073144429017,0.25893810952480545,200.83708781498478,30.214108446070384,422.74294140610016
CONMEBOL vs CAF,CONMEBOL,CAF,2004-02,0.12659205098615306,0.020738134209859996,0.25901765936923676,201.0463036932918,30.472515701166845,422.77962952016344
CONMEBOL vs CAF,CONMEBOL,CAF,2004-03,0.12670993529753305,0.0207502237412021,0.259105531894317,201.26907921392106,30.708631135462486,422.8372547793526
CONMEBOL vs CAF,CONMEBOL,CAF,2004-04,0.12683630329058754,0.020774642266089008,0.2592004137697111,201.50576789578065,30.750464448566813,423.133051975994
CONMEBOL vs CAF,CONMEBOL,CAF,2004-05,0.1269713659074493,0.020811690312156152,0.25919782724560714,201.75672380074494,30.811118873563384,423.64830835067875
CONMEBOL vs CAF,CONMEBOL,CAF,2004-06,0.12711533409025125,0.020861668407040578,0.25920728770326623,202.0223015563922,30.89105299918391,424.13516993487025
CONMEBOL vs CAF,CONMEBOL,CAF,2004-07,0.12726841878112502,0.020924877078376893,0.2592292153468972,202.302856379436,31.037959501056616,424.6584148308689
CONMEBOL vs CAF,CONMEBOL,CAF,2004-08,0.12743083092220353,0.021001616853800486,0.2592640303807065,202.59874409986384,31.226413900910995,425.2070750245396
CONMEBOL vs CAF,CONMEBOL,CAF,2004-09,0.12760278145561968,0.02109218826094761,0.2593835301576524,202.91032118577039,31.43180187727138,425.7674961965754
CONMEBOL vs CAF,CONMEBOL,CAF,2004-10,0.1277844813235051,0.0211968918274537,0.2595578636834487,203.23794476889708,31.65447006788172,426.32200076060604
CONMEBOL vs CAF,CONMEBOL,CAF,2004-11,0.12797614146799266,0.02131602808095412,0.25973823911331045,203.58197267088937,31.894765889515895,426.8899598121771
CONMEBOL vs CAF,CONMEBOL,CAF,2004-12,0.12817797283121543,0.021451303167151846,0.25993037946822295,203.94276343025945,32.15303757312758,427.2958167779495
CONMEBOL vs CAF,CONMEBOL,CAF,2005-01,0.1283901863553048,0.021631665471864014,0.26013457198955964,204.3206763300673,32.42963419983452,427.6687234999529
CONMEBOL vs CAF,CONMEBOL,CAF,2005-02,0.12861299298239381,0.021824311010724705,0.26027616916246504,204.71607142633275,32.7249057377594,428.0602525396135
CONMEBOL vs CAF,CONMEBOL,CAF,2005-03,0.1288466036546155,0.022029461165476417,0.2604536042315882,205.12930957716605,33.03920307972893,428.47087926094144
CONMEBOL vs CAF,CONMEBOL,CAF,2005-04,0.12909122931410122,0.022247337317858128,0.2608418024868578,205.56075247263004,33.372878081820296,428.9010799528505
CONMEBOL vs CAF,CONMEBOL,CAF,2005-05,0.12934708090298394,0.022478160849613182,0.26116188381266914,206.01076266534858,33.72628360279555,429.3513318685131
CONMEBOL vs CAF,CONMEBOL,CAF,2005-06,0.1296143693633969,0.022722153142480783,0.2615437646292579,206.47970360184954,34.09977354438655,429.8221132658517
CONMEBOL vs CAF,CONMEBOL,CAF,2005-07,0.12989330563747126,0.022979535578201562,0.2618880409259305,206.9679396546534,34.49370289247874,430.3139034491311
CONMEBOL vs CAF,CONMEBOL,CAF,2005-08,0.13018410066734007,0.023250529538518007,0.26215902029641575,207.4758361551278,34.908427759175815,430.8271828117086
CONMEBOL vs CAF,CONMEBOL,CAF,2005-09,0.13048696539513674,0.023535356405170082,0.2624414641263651,208.00375942709172,35.34430542575,431.3624328798999
CONMEBOL vs CAF,CONMEBOL,CAF,2005-10,0.13080211076299209,0.02383423755989771,0.26273556343501125,208.5520768211846,35.80169438650463,431.92013635798196
CONMEBOL vs CAF,CONMEBOL,CAF,2005-11,0.13112974771303937,0.02414739438444329,0.2630415092415893,209.1211567500219,36.28095439354535,432.50077717437875
CONMEBOL vs CAF,CONMEBOL,CAF,2005-12,0.131470009626844,0.02447496270436802,0.26335958479384497,209.7112406554076,36.78231638440121,433.18038780135396
CONMEBOL vs CAF,CONMEBOL,CAF,2006-01,0.13182271964369646,0.024816736120516804,0.26373838999018195,210.32205841989835,37.305491731856094,433.98728165618434
CONMEBOL vs CAF,CONMEBOL,CAF,2006-02,0.1321876233423221,0.025172422677555064,0.2641280323174641,210.95321184048416,37.850061824977296,434.807961153195
CONMEBOL vs CAF,CONMEBOL,CAF,2006-03,0.1325644663014462,0.025541730420150576,0.264529762774385,211.60430255344974,38.41560802774472,435.6421024840348
CONMEBOL vs CAF,CONMEBOL,CAF,2006-04,0.1329529940997911,0.02592436739296522,0.26494553885405,212.27493199213666,39.00171162626259,436.4893813997521
CONMEBOL vs CAF,CONMEBOL,CAF,2006-05,0.1333529523160822,0.026320041640668635,0.26537502043615563,212.96470134565894,39.607953777139976,437.3494731744923
CONMEBOL vs CAF,CONMEBOL,CAF,2006-06,0.13376408652904492,0.026728461207925314,0.2658178674004022,213.67321151854048,40.23391545696292,438.22205257009136
CONMEBOL vs CAF,CONMEBOL,CAF,2006-07,0.13418614231740134,0.027149334139399663,0.26627373962648454,214.4000630912853,40.879177412922346,439.10679380155136
CONMEBOL vs CAF,CONMEBOL,CAF,2006-08,0.13461886525987693,0.027603346890722236,0.26674229699410096,215.14485628189908,41.543320114567145,440.0033705034906
CONMEBOL vs CAF,CONMEBOL,CAF,2006-09,0.1350620009351973,0.028086025881972797,0.26722319938295075,215.90719090832562,42.22592370667166,440.9114556974459
CONMEBOL vs CAF,CONMEBOL,CAF,2006-10,0.1355152949220843,0.02858340544463145,0.26771610667272966,216.68666635181376,42.92656796322836,441.83072176012143
CONMEBOL vs CAF,CONMEBOL,CAF,2006-11,0.13597849279926355,0.029095121681214666,0.2682206787431353,217.48288152123428,43.64483224258213,442.76084039254215
CONMEBOL vs CAF,CONMEBOL,CAF,2006-12,0.13645134014546062,0.029620810694237942,0.26873657547386687,218.29543481830896,44.38029544366141,443.7014825901406
CONMEBOL vs CAF,CONMEBOL,CAF,2007-01,0.13693358253939736,0.03016010858621594,0.2692304366042812,219.1239241037699,45.13253596334787,444.6523186137171
CONMEBOL vs CAF,CONMEBOL,CAF,2007-02,0.1374249655597993,0.03071265145966424,0.26973785666277267,219.96794666447,45.90113165496594,445.6130179613822
CONMEBOL vs CAF,CONMEBOL,CAF,2007-03,0.13792523478539218,0.03127807541709839,0.2702590711116092,220.8270991814066,46.72281546263272,446.58324934138
CONMEBOL vs CAF,CONMEBOL,CAF,2007-04,0.13843413579489766,0.03185601656103119,0.2707936954541457,221.70097769867598,47.60212304354004,447.56268064584197
CONMEBOL vs CAF,CONMEBOL,CAF,2007-05,0.13895141416704138,0.03244611099398087,0.2713363213784863,222.58917759338496,48.50033044455289,448.55097892547997
CONMEBOL vs CAF,CONMEBOL,CAF,2007-06,0.13947681548054916,0.03304799481846295,0.27184613843034566,223.49129354647596,49.41691452070252,449.54781036520814
CONMEBOL vs CAF,CONMEBOL,CAF,2007-07,0.14001008531414247,0.033661304136988646,0.27231642350312796,224.40691951448977,50.351351266437156,450.5528402606802
CONMEBOL vs CAF,CONMEBOL,CAF,2007-08,0.14055096924654711,0.03428567505207689,0.2727893287485686,225.33564870228992,51.30311577729395,451.5657329957928
CONMEBOL vs CAF,CONMEBOL,CAF,2007-09,0.14109921285648885,0.03485593714481099,0.27326475536486433,226.27707353670573,52.27168221277818,452.5861520211019
CONMEBOL vs CAF,CONMEBOL,CAF,2007-10,0.14165456172268914,0.035425430277424536,0.27374260455020943,227.23078564112046,53.25652376050501,453.6137598331939
CONMEBOL vs CAF,CONMEBOL,CAF,2007-11,0.14221676142387374,0.03600249326707594,0.27422277750280344,228.19637581102805,54.25711260159548,454.6482179550064
CONMEBOL vs CAF,CONMEBOL,CAF,2007-12,0.1427855575387685,0.036586836134811396,0.2747051754208407,229.17343399051686,55.27291987730928,455.68918691709274
CONMEBOL vs CAF,CONMEBOL,CAF,2008-01,0.1433606956460948,0.037178168901672005,0.275189699502518,230.1615492497058,56.3034156569256,456.91918364118067
CONMEBOL vs CAF,CONMEBOL,CAF,2008-02,0.14394192132457842,0.037776201588704074,0.27567625094603226,231.1603097631597,57.34806890690834,458.2805099037986
CONMEBOL vs CAF,CONMEBOL,CAF,2008-03,0.1445289801529454,0.038380644216955556,0.27616473094958205,232.1693027892404,58.144574793032774,459.659278546128
CONMEBOL vs CAF,CONMEBOL,CAF,2008-04,0.14512161770991674,0.03899120680746746,0.27674439229812003,233.18811465042043,58.84891732018015,461.05479738619255
CONMEBOL vs CAF,CONMEBOL,CAF,2008-05,0.14571957957421852,0.0396075993812854,0.2774476196477099,234.21633071458788,59.55840506938889,462.46637263149245
CONMEBOL vs CAF,CONMEBOL,CAF,2008-06,0.1463226113245767,0.04022953195945727,0.2781589663831222,235.2535353772968,60.27282367158712,463.7207045355878
CONMEBOL vs CAF,CONMEBOL,CAF,2008-07,0.14693045853971223,0.04085671456302409,0.2788780372595433,236.2993120449924,60.99195839098398,464.7468559844033
CONMEBOL vs CAF,CONMEBOL,CAF,2008-08,0.14754286679835127,0.041449523639293155,0.2796044370321614,237.3532431192403,61.97507459182858,465.76891865107035
CONMEBOL vs CAF,CONMEBOL,CAF,2008-09,0.1481595816792197,0.041925889167746,0.2803377704561674,238.41490998191338,63.02076284981822,466.7979207481032
CONMEBOL vs CAF,CONMEBOL,CAF,2008-10,0.14878034876103852,0.04240466960536695,0.281077161167337,239.48389298136607,64.07233172675036,467.8335790553791
CONMEBOL vs CAF,CONMEBOL,CAF,2008-11,0.14940491362253389,0.04288571869085032,0.28182129464601485,240.55977141962765,65.12938528499427,468.8756096118826
CONMEBOL vs CAF,CONMEBOL,CAF,2008-12,0.15003302184243167,0.04336889016289125,0.2825710339201007,241.6421235405647,66.19152670597506,469.92372770561104
CONMEBOL vs CAF,CONMEBOL,CAF,2009-01,0.15066441899945288,0.04399267217396683,0.2833259862101322,242.73052651904777,67.25835828426776,470.97764786404156
CONMEBOL vs CAF,CONMEBOL,CAF,2009-02,0.15129885067232357,0.0446469975366135,0.2840857587366493,243.82455645114854,68.32948142238902,472.0370838451839
CONMEBOL vs CAF,CONMEBOL,CAF,2009-03,0.15193606243976984,0.0453131369490686,0.28484995872019664,244.92378834532406,69.40449662624215,473.1017486291794
CONMEBOL vs CAF,CONMEBOL,CAF,2009-04,0.15257579988051248,0.04603388890483608,0.2856181933813086,246.02779611461688,70.48300350121534,474.17135441047026
CONMEBOL vs CAF,CONMEBOL,CAF,2009-05,0.15321780857327766,0.046818637602725664,0.2863900699405283,247.13615256990394,71.33939287830381,475.245612590568
CONMEBOL vs CAF,CONMEBOL,CAF,2009-06,0.15386183409679147,0.047603802360348495,0.28716519561839793,248.24842941414602,72.31862066740074,476.3242337713651
CONMEBOL vs CAF,CONMEBOL,CAF,2009-07,0.15450762202977464,0.04838898242960874,0.28794317763545363,249.36419723766895,73.54049657821106,477.45669721939834
CONMEBOL vs CAF,CONMEBOL,CAF,2009-08,0.1551549179509534,0.04917377706241704,0.2887236232122359,250.4830255145103,74.7649196264503,478.65416505680724
CONMEBOL vs CAF,CONMEBOL,CAF,2009-09,0.15580346743905377,0.049957785510685374,0.2895061395692895,251.60448259978156,75.65953378963002,479.8473466928007
CONMEBOL vs CAF,CONMEBOL,CAF,2009-10,0.15645301607279663,0.05069727097473331,0.29029033392714887,252.72813572807826,76.55313757086518,481.035776864692
CONMEBOL vs CAF,CONMEBOL,CAF,2009-11,0.157103309430908,0.051369016846765585,0.2910758135063571,253.85355101297205,77.44901140997645,482.2189894385884
CONMEBOL vs CAF,CONMEBOL,CAF,2009-12,0.1577540930921141,0.05204108310195976,0.2918602265159166,254.98029344753417,78.4620138454517,483.39651742106105
CONMEBOL vs CAF,CONMEBOL,CAF,2010-01,0.1584051126351356,0.05271317976135759,0.29255961934744396,256.1079269059226,79.51354300451939,484.5678929715373
CONMEBOL vs CAF,CONMEBOL,CAF,2010-02,0.15905611363869873,0.0533850168460071,0.2932107954239737,257.2360141460688,80.56562970292066,485.732647415474
CONMEBOL vs CAF,CONMEBOL,CAF,2010-03,0.15970684168152957,0.0539986849913134,0.2938470699251679,258.36411681340934,81.6178268276679,486.9865850420646
CONMEBOL vs CAF,CONMEBOL,CAF,2010-04,0.16035704234234893,0.05455484160465081,0.29447057876153593,259.4917954457004,82.66968603840364,488.24821021761164
CONMEBOL vs CAF,CONMEBOL,CAF,2010-05,0.16100646119988282,0.05510985871799168,0.2950946920866508,260.61860947894473,83.72075777215089,489.5062134801657
CONMEBOL vs CAF,CONMEBOL,CAF,2010-06,0.1616548438328575,0.05566357559988866,0.2957245089145958,261.7441172543825,84.64237995826561,490.7769148443829
CONMEBOL vs CAF,CONMEBOL,CAF,2010-07,0.16230193581999372,0.0562158315188924,0.296458291764812,262.8678760265782,85.50233132789276,492.02444480521535
CONMEBOL vs CAF,CONMEBOL,CAF,2010-08,0.16294748274001758,0.056795287418940264,0.29710124619195993,263.98944197263677,86.36100625332409,493.3672500273218
CONMEBOL vs CAF,CONMEBOL,CAF,2010-09,0.1635912301716552,0.05746994557152685,0.29773716028095326,265.1083702024987,87.21817916446196,494.8983299027813
CONMEBOL vs CAF,CONMEBOL,CAF,2010-10,0.16423292369362735,0.05814406557812775,0.2983512256935134,266.2242147703468,88.07362403292477,496.306644941822
CONMEBOL vs CAF,CONMEBOL,CAF,2010-11,0.1648723088846602,0.05870709244062415,0.29892529618148156,267.3365286871563,88.92711437672239,497.6906828711462
CONMEBOL vs CAF,CONMEBOL,CAF,2010-12,0.1655091313234798,0.05935868597388625,0.29949878116050976,268.4448639343391,89.77842326520874,499.07651533984426
CONMEBOL vs CAF,CONMEBOL,CAF,2011-01,0.166143136588807,0.060007072079280466,0.300081255065688,269.5487714785135,90.62732332435621,500.46374271515833
CONMEBOL vs CAF,CONMEBOL,CAF,2011-02,0.16677407025936794,0.06065197024357336,0.30070026933323507,270.647801287432,91.47358674234835,501.85196432777
CONMEBOL vs CAF,CONMEBOL,CAF,2011-03,0.16740167791388863,0.061293099953526435,0.3013175459881317,271.74150234701597,92.31698527546216,503.2407784729358
CONMEBOL vs CAF,CONMEBOL,CAF,2011-04,0.16802570513108997,0.061902607317570406,0.30193285082023574,272.8294226795295,93.15729025425428,504.6297824123453
CONMEBOL vs CAF,CONMEBOL,CAF,2011-05,0.1686458974896981,0.062468661545775864,0.3025459496194095,273.9111093629243,93.99427259009457,506.01857237676694
CONMEBOL vs CAF,CONMEBOL,CAF,2011-06,0.1692620005684389,0.06303417556594951,0.3031566081755151,274.98610855130244,94.82770278197344,507.4067435693958
CONMEBOL vs CAF,CONMEBOL,CAF,2011-07,0.1698737599460335,0.06359902136854485,0.30376459227840763,276.05396549653267,95.65735092362618,508.7938901699383
CONMEBOL vs CAF,CONMEBOL,CAF,2011-08,0.1704809212012078,0.06416307094402161,0.30436966771795115,277.1142245710454,96.48298671099737,510.1721984349038
CONMEBOL vs CAF,CONMEBOL,CAF,2011-09,0.1710832299126879,0.0647261962828403,0.30497160028400616,278.1664292917602,97.30437944999042,511.5433331801984
CONMEBOL vs CAF,CONMEBOL,CAF,2011-10,0.17168043165919478,0.06528826937545462,0.3055701557664304,279.2101223451742,98.12129806454001,512.9124591875724
CONMEBOL vs CAF,CONMEBOL,CAF,2011-11,0.17227227201945447,0.06584916221232669,0.30616509995508523,280.24484561363977,98.93351110500558,514.2791769895873
CONMEBOL vs CAF,CONMEBOL,CAF,2011-12,0.17285849657219285,0.06641759103879363,0.30675084178454143,281.2701402027837,99.74078675688044,515.6430861506665
CONMEBOL vs CAF,CONMEBOL,CAF,2012-01,0.1734388508961311,0.06698585714635073,0.3073007410631338,282.28554647009526,100.54289284980506,516.9792960288902
CONMEBOL vs CAF,CONMEBOL,CAF,2012-02,0.17401308056999518,0.06755226278687995,0.3078423450961144,283.2906040547113,101.33959686691966,518.1188701884752
CONMEBOL vs CAF,CONMEBOL,CAF,2012-03,0.174580931172511,0.06811666776936512,0.30837532955793656,284.28485190834925,102.13066595451559,519.2475065313658
CONMEBOL vs CAF,CONMEBOL,CAF,2012-04,0.1751421482823998,0.06867893190278895,0.30889937012304924,285.26782832741577,102.91586693200477,520.3647026484037
CONMEBOL vs CAF,CONMEBOL,CAF,2012-05,0.1756964774783874,0.06923891499613628,0.3094141424659068,286.23907098631673,103.73426129817184,521.4699552895278
CONMEBOL vs CAF,CONMEBOL,CAF,2012-06,0.17624366433919963,0.06988232730892667,0.3099131854054618,287.1981169719201,104.74422324921511,522.5627604005649
CONMEBOL vs CAF,CONMEBOL,CAF,2012-07,0.17678345444355792,0.07052658852797737,0.31040003398013666,288.14450281919903,105.73899604622716,523.6426131614094
CONMEBOL vs CAF,CONMEBOL,CAF,2012-08,0.17731559337018812,0.07104426742469698,0.3108841190392913,289.0777645480764,106.71644527998392,524.7090080255717
CONMEBOL vs CAF,CONMEBOL,CAF,2012-09,0.17783982669781598,0.07155555613347983,0.31136270026951784,289.99743770142646,107.67595954943599,525.7614387610679
CONMEBOL vs CAF,CONMEBOL,CAF,2012-10,0.1783559000051629,0.07206147336736354,0.3118301387482724,290.9030573842565,108.61692684286814,526.7962169722737
CONMEBOL vs CAF,CONMEBOL,CAF,2012-11,0.17886360189345488,0.07256185075252483,0.31228618304243105,291.79423427911365,109.53884397624628,527.7780916980679
CONMEBOL vs CAF,CONMEBOL,CAF,2012-12,0.17936289305391817,0.0730566003554137,0.3127248923300103,292.67088290015244,110.44164527028269,528.7438057068402
CONMEBOL vs CAF,CONMEBOL,CAF,2013-01,0.17985377720027512,0.07358842644885843,0.3132231397420752,293.5329941901735,111.32537535213817,529.6934296843015
CONMEBOL vs CAF,CONMEBOL,CAF,2013-02,0.18033625804625208,0.07411758282569374,0.3137266350661349,294.3805596108948,112.1900799013804,530.6270351675239
CONMEBOL vs CAF,CONMEBOL,CAF,2013-03,0.18081033930557552,0.07464341539690982,0.3142255192992132,295.2135711339268,113.03580563525786,531.2982557753857
CONMEBOL vs CAF,CONMEBOL,CAF,2013-04,0.18127602469196774,0.07516578310080738,0.31471970089679013,296.03202123191215,113.86260029397536,531.6757755477677
CONMEBOL vs CAF,CONMEBOL,CAF,2013-05,0.1817333179191552,0.0756845448756915,0.31520908831434213,296.8359028698514,114.67051262598702,532.025930230216
CONMEBOL vs CAF,CONMEBOL,CAF,2013-06,0.18218222270086415,0.07619955965986999,0.31569359000734937,297.6252094965758,115.45959237327851,532.3493435672364
CONMEBOL vs CAF,CONMEBOL,CAF,2013-07,0.18262274275081708,0.07670723442953134,0.3160688241367097,298.39993503639204,116.22989025663442,532.6466410043541
CONMEBOL vs CAF,CONMEBOL,CAF,2013-08,0.1830548817827404,0.0771334979855757,0.31641441280042437,299.160073880919,116.98145796095527,532.9184495870211
CONMEBOL vs CAF,CONMEBOL,CAF,2013-09,0.1834786435103603,0.07755092027336277,0.3167495165028827,299.90562088107947,117.7143481205406,533.1653978619297
CONMEBOL vs CAF,CONMEBOL,CAF,2013-10,0.18389403164739948,0.07795955935683359,0.3170743264704496,300.6365713392695,118.42861430441188,533.3881157807258
CONMEBOL vs CAF,CONMEBOL,CAF,2013-11,0.1843010499075842,0.07835947329993087,0.31738903392949175,301.352921001726,119.12431100163231,533.5872346061528
CONMEBOL vs CAF,CONMEBOL,CAF,2013-12,0.18469970200464053,0.07875072016660174,0.3176938301063751,302.05466605105573,119.8014936066615,533.7633868206502
CONMEBOL vs CAF,CONMEBOL,CAF,2014-01,0.18508999165229137,0.07913335802078625,0.3179889062274619,302.7418030989494,120.46021840469635,534.0664551350532
CONMEBOL vs CAF,CONMEBOL,CAF,2014-02,0.18547192256426284,0.07950744492643054,0.31827445351912226,303.4143291790964,121.10054255707269,534.9246232916479
CONMEBOL vs CAF,CONMEBOL,CAF,2014-03,0.18584549845428108,0.0798730389474775,0.31854694566358277,304.07224174026965,121.72252408666336,535.7718614187908
CONMEBOL vs CAF,CONMEBOL,CAF,2014-04,0.186210723036069,0.08023019814786973,0.3188059461854457,304.7155386395995,122.32622186329995,536.6078360355638
CONMEBOL vs CAF,CONMEBOL,CAF,2014-05,0.18656760002335276,0.08057898059155169,0.31905590273132056,305.3442181360536,122.91169558924544,537.4323757889312
CONMEBOL vs CAF,CONMEBOL,CAF,2014-06,0.1869161331298583,0.08091944434246705,0.319297016423747,305.9582788840923,123.47900578467392,538.2453095027709
CONMEBOL vs CAF,CONMEBOL,CAF,2014-07,0.18725632606930875,0.08125164746455855,0.3195294883852599,306.5577199275175,124.02821377318422,539.0464661818867
CONMEBOL vs CAF,CONMEBOL,CAF,2014-08,0.1875881825554302,0.08157207791697423,0.3197535197383972,307.14254069353245,124.55938166736377,539.8356750159896
CONMEBOL vs CAF,CONMEBOL,CAF,2014-09,0.18791170630194853,0.08187792515424985,0.31996931160569553,307.7127409869808,125.07257235437542,540.6127653835911
CONMEBOL vs CAF,CONMEBOL,CAF,2014-10,0.18822690102258705,0.08217550652306657,0.3201770651096928,308.26832098478553,125.56784948157224,541.377566855835
CONMEBOL vs CAF,CONMEBOL,CAF,2014-11,0.18853377043107158,0.08246489540729059,0.32037698137292464,308.80928123059914,126.04527744217862,542.1299092002761
CONMEBOL vs CAF,CONMEBOL,CAF,2014-12,0.18883231824112812,0.0827461651907873,0.32056926151793,309.3356226296408,126.50492136099868,542.8696223845913
CONMEBOL vs CAF,CONMEBOL,CAF,2015-01,0.18912254816648003,0.08301938925741936,0.32075410666724535,309.847346443735,126.94684708015694,543.5965365801999
CONMEBOL vs CAF,CONMEBOL,CAF,2015-02,0.1894044639208532,0.08328464099105207,0.32093171794340786,310.3444542865655,127.3484587225118,544.3104821658638
CONMEBOL vs CAF,CONMEBOL,CAF,2015-03,0.18967806921797345,0.08354199377555079,0.32110229646895405,310.82694811911904,127.52196540852478,545.0112897311938
CONMEBOL vs CAF,CONMEBOL,CAF,2015-04,0.18994336777156426,0.08379152099477825,0.321266043366422,311.29483024533533,127.68060741134315,545.6987900800775
CONMEBOL vs CAF,CONMEBOL,CAF,2015-05,0.19020036329535145,0.08403329603259975,0.3214211613234473,311.74810330797277,127.82474459137681,546.372814234084
CONMEBOL vs CAF,CONMEBOL,CAF,2015-06,0.19044905950306082,0.0842640069330821,0.3216486585037378,312.18677028466954,127.9547373690746,547.033193435763
CONMEBOL vs CAF,CONMEBOL,CAF,2015-07,0.190689460108416,0.08446976521102836,0.32189888675729655,312.61083448421135,128.07094669348422,547.6797591518965
CONMEBOL vs CAF,CONMEBOL,CAF,2015-08,0.19092156882514266,0.08466760399537461,0.322141127239692,313.0202995430183,128.2631423525618,548.3123430766852
CONMEBOL vs CAF,CONMEBOL,CAF,2015-09,0.19114538936696662,0.08485680709302627,0.32237542884986203,313.41516942182943,128.65817649495233,548.9307771348622
CONMEBOL vs CAF,CONMEBOL,CAF,2015-10,0.19136092544761155,0.08503740259024432,0.32257615238181314,313.79544840259587,129.0551102338472,549.5348934847402
CONMEBOL vs CAF,CONMEBOL,CAF,2015-11,0.1915681807808032,0.08520941857328586,0.32253243845316426,314.16114108559503,129.44330263741136,550.1245245212007
CONMEBOL vs CAF,CONMEBOL,CAF,2015-12,0.19176715908026712,0.08537288312841196,0.32277640508193234,314.5122523867434,129.81899750034881,550.6995028786074
CONMEBOL vs CAF,CONMEBOL,CAF,2016-01,0.19195786405972734,0.08552782434188133,0.32301352409118717,314.8487875351221,130.1820935018449,551.2596614336529
CONMEBOL vs CAF,CONMEBOL,CAF,2016-02,0.1921402994329094,0.08567427029995338,0.3232438150902205,315.1707520707203,130.53248959904926,551.8048333081468
CONMEBOL vs CAF,CONMEBOL,CAF,2016-03,0.19231446891353876,0.08581224908888606,0.32346729768832455,315.47815184238357,130.8700850298083,552.334851871728
CONMEBOL vs CAF,CONMEBOL,CAF,2016-04,0.19248037621533964,0.08594178879494034,0.3236839914947876,315.7709930059721,131.19477931536622,552.8495507445131
CONMEBOL vs CAF,CONMEBOL,CAF,2016-05,0.1926380250520375,0.086062917504375,0.32389391611890184,316.04928202274004,131.50647226305284,553.3487637996726
CONMEBOL vs CAF,CONMEBOL,CAF,2016-06,0.19278741913735783,0.08617566330345036,0.32409709116996077,316.3130256579184,131.80238769486135,553.8323251659493
CONMEBOL vs CAF,CONMEBOL,CAF,2016-07,0.19292856218502485,0.08628005427842331,0.324293536257252,316.56223097951084,131.9392369310797,554.3000692300944
CONMEBOL vs CAF,CONMEBOL,CAF,2016-08,0.19306145790876403,0.08637611851555423,0.32448327099006674,316.7969053573086,132.17590260948646,554.751830639246
CONMEBOL vs CAF,CONMEBOL,CAF,2016-09,0.19318611002230068,0.08646388410110264,0.3246663149776995,317.01705646211013,132.46360625249747,555.1853735501646
CONMEBOL vs CAF,CONMEBOL,CAF,2016-10,0.1933025222393593,0.08654337912132708,0.3248426878294371,317.22269226515476,132.73953873835273,555.5967151612579
CONMEBOL vs CAF,CONMEBOL,CAF,2016-11,0.19341069827366525,0.08665321914627863,0.3250124091545731,317.41382103777255,133.00362557852887,555.9917172122529
CONMEBOL vs CAF,CONMEBOL,CAF,2016-12,0.19351064183894373,0.08679236359456906,0.32517549856239697,317.59045135124114,133.25579243708808,556.3702205774573
CONMEBOL vs CAF,CONMEBOL,CAF,2017-01,0.1936023566489193,0.0868097369154949,0.32531252989959164,317.7525920768557,133.46262921598048,556.7320663990803
CONMEBOL vs CAF,CONMEBOL,CAF,2017-02,0.19368584641731743,0.08681634018524269,0.32543321110633855,317.90025238621297,133.65853207245112,557.0770960892617
CONMEBOL vs CAF,CONMEBOL,CAF,2017-03,0.1937611148578632,0.08681214451684957,0.32554644659414445,318.03344175170326,133.84011415782115,557.4051513320272
CONMEBOL vs CAF,CONMEBOL,CAF,2017-04,0.19382816568428132,0.08681808476984818,0.32565226943293923,318.1521699472134,134.00727450976586,557.7160740851667
CONMEBOL vs CAF,CONMEBOL,CAF,2017-05,0.193887002610297,0.08683278086529592,0.3257501618017484,318.25644704904346,134.15991249982375,558.0097065820727
CONMEBOL vs CAF,CONMEBOL,CAF,2017-06,0.19393762934963554,0.08684434533064525,0.32583784321068215,318.3462834370296,134.2979278358863,558.285891333463
CONMEBOL vs CAF,CONMEBOL,CAF,2017-07,0.19398004961602158,0.0870022341263081,0.32591833095588807,318.42168979587717,134.4212205646352,558.5444711290784
CONMEBOL vs CAF,CONMEBOL,CAF,2017-08,0.19401426712318035,0.08716976842649778,0.32599166169769733,318.48267711670485,134.52969107396638,558.7852890392742
CONMEBOL vs CAF,CONMEBOL,CAF,2017-09,0.19404028558483705,0.08733355244592995,0.32605787209643833,318.52925669879437,134.60838530136942,559.0081884165724
CONMEBOL vs CAF,CONMEBOL,CAF,2017-10,0.19405810871471643,0.0873351409764687,0.32611699881243783,318.5614401515483,134.6658846692663,559.2130128971086
CONMEBOL vs CAF,CONMEBOL,CAF,2017-11,0.19406774022654377,0.08725699991082983,0.3261690785060277,318.5792393966567,134.70887587488966,559.399606402041
CONMEBOL vs CAF,CONMEBOL,CAF,2017-12,0.19406918383404403,0.08716924111812116,0.32620789035649495,318.5826666704666,134.7372804307486,559.5678131388687
CONMEBOL vs CAF,CONMEBOL,CAF,2018-01,0.19406244325094227,0.08707191695823688,0.3262390205018936,318.5717345265593,134.7510201678585,559.7174776026698
CONMEBOL vs CAF,CONMEBOL,CAF,2018-02,0.19404752219096363,0.08697147042225932,0.32626654651710607,318.54645583853096,134.7500172374333,559.8484445772974
CONMEBOL vs CAF,CONMEBOL,CAF,2018-03,0.19402442436783293,0.08693045054648643,0.32629055622896236,318.5068438029764,134.75987364719586,559.9605591364611
CONMEBOL vs CAF,CONMEBOL,CAF,2018-04,0.1939931534952755,0.0870843465931285,0.3263111374642958,318.45291194267696,134.6522719878038,560.0195752085015
CONMEBOL vs CAF,CONMEBOL,CAF,2018-05,0.19395371328701613,0.08723070560487077,0.3263283780499328,318.3846741099875,134.4190184687798,560.0409388667513
CONMEBOL vs CAF,CONMEBOL,CAF,2018-06,0.19390610745678002,0.08736947615993428,0.326339399201239,318.30214449042575,134.23814640658634,560.0548310365604
CONMEBOL vs CAF,CONMEBOL,CAF,2018-07,0.1938503397182923,0.08750060683653836,0.3263364224873694,318.2053376064612,134.22485361310072,560.0540212013044
CONMEBOL vs CAF,CONMEBOL,CAF,2018-08,0.19378641378527786,0.08762480256054204,0.3263267286940457,318.0942683215004,134.01402037145292,559.8224244509727
CONMEBOL vs CAF,CONMEBOL,CAF,2018-09,0.19371433337146168,0.08774386054041616,0.326310354481598,317.96895184407106,133.82545411814345,559.5500525378112
CONMEBOL vs CAF,CONMEBOL,CAF,2018-10,0.19363410219056917,0.08782445388627313,0.3262873365103539,317.8294037322026,133.87926076762213,559.2600634838661
CONMEBOL vs CAF,CONMEBOL,CAF,2018-11,0.19354572395632508,0.08762893454775203,0.3262577114406419,317.6756398979985,134.05459504160422,558.952546105493
CONMEBOL vs CAF,CONMEBOL,CAF,2018-12,0.19344920238245428,0.08742989167310032,0.3262215159327922,317.5076766124046,134.05377716635604,558.6275892604414
CONMEBOL vs CAF,CONMEBOL,CAF,2019-01,0.19334454118268232,0.08722746414655536,0.32617878664713146,317.32553051017044,133.89098181623683,558.2847163047828
CONMEBOL vs CAF,CONMEBOL,CAF,2019-02,0.193231744070734,0.08702179085235216,0.32612956024399004,317.1292185949965,133.71282257471788,557.907037197856
CONMEBOL vs CAF,CONMEBOL,CAF,2019-03,0.1931108147603341,0.08681301067472638,0.32607387338369626,316.91875824487505,133.51923425677347,557.5121920284458
CONMEBOL vs CAF,CONMEBOL,CAF,2019-04,0.19298175696520822,0.08660126249791547,0.32601176272657784,316.69416721761945,133.31015202825535,557.1002791676033
CONMEBOL vs CAF,CONMEBOL,CAF,2019-05,0.19284457439908112,0.0863866852061535,0.32594326493296494,316.45546365657424,133.08668564822918,556.6713969232312
CONMEBOL vs CAF,CONMEBOL,CAF,2019-06,0.1926992707756775,0.08616941768367536,0.3258684166631851,316.2026660965153,132.84713218143298,556.225643523821
CONMEBOL vs CAF,CONMEBOL,CAF,2019-07,0.19254584980872314,0.08594959881472022,0.3257872545775669,315.9357934697338,132.59050255184542,555.763117102348
CONMEBOL vs CAF,CONMEBOL,CAF,2019-08,0.1923843152119427,0.08572736748352128,0.32569314779967823,315.65486511229545,132.31759970179093,555.4298646402268
CONMEBOL vs CAF,CONMEBOL,CAF,2019-09,0.1922146706990609,0.0855028625743142,0.3255872206687282,315.3599007704858,132.030087808341,555.4425964731313
CONMEBOL vs CAF,CONMEBOL,CAF,2019-10,0.19203694575952793,0.08527621868320537,0.3255067884406585,315.05097791238813,131.7267722593152,555.4477233079527
CONMEBOL vs CAF,CONMEBOL,CAF,2019-11,0.19185127298569038,0.08504755325378231,0.3253699507673598,314.72840341647236,131.40794951200468,555.4450609135824
CONMEBOL vs CAF,CONMEBOL,CAF,2019-12,0.19165781074561924,0.08481697944149964,0.32526435902702866,314.39254121790566,131.07398762546558,555.3362074222405
CONMEBOL vs CAF,CONMEBOL,CAF,2020-01,0.19145671740738696,0.08458461040181652,0.3251528916869395,314.04375487426245,130.7909066462839,554.9222494652289
CONMEBOL vs CAF,CONMEBOL,CAF,2020-02,0.19124815133906442,0.08434874630460776,0.3250355593066993,313.6824074938122,130.61978298683167,554.5064759657403
CONMEBOL vs CAF,CONMEBOL,CAF,2020-03,0.19103227090872252,0.08403632300835633,0.3249123724459166,313.3088616675135,130.4506121640765,554.0891478999893
CONMEBOL vs CAF,CONMEBOL,CAF,2020-04,0.19080923448443382,0.08371488188342302,0.32477005641234585,312.92347940470455,130.28305679645132,553.6705258742679
CONMEBOL vs CAF,CONMEBOL,CAF,2020-05,0.19057920043426915,0.08338491878326218,0.3246121814138068,312.5266220724777,130.11677942231285,553.2312676578491
CONMEBOL vs CAF,CONMEBOL,CAF,2020-06,0.19034232712629928,0.0830469295613323,0.32444821940451124,312.1186503387507,129.95144249539283,552.7426350051172
CONMEBOL vs CAF,CONMEBOL,CAF,2020-07,0.19009877292859706,0.08270141007109114,0.32427823049636,311.69992411902075,129.45422610886772,552.1328869580839
CONMEBOL vs CAF,CONMEBOL,CAF,2020-08,0.18984869620923311,0.08234885616599726,0.3241022748012484,311.27080252678405,128.93961352697542,550.7204764883998
CONMEBOL vs CAF,CONMEBOL,CAF,2020-09,0.18959225533627821,0.08198976369950231,0.3240137145239742,310.8316438276319,128.40940989286963,549.702023680086
CONMEBOL vs CAF,CONMEBOL,CAF,2020-10,0.18932960867780524,0.08162462852506916,0.3237488729314996,310.3828053970079,127.86429574608663,549.3451472078121
CONMEBOL vs CAF,CONMEBOL,CAF,2020-11,0.18906091460188493,0.08125394649615383,0.3235735578072299,309.9246436816016,127.30495022586814,548.973969280206
CONMEBOL vs CAF,CONMEBOL,CAF,2020-12,0.18878633147658788,0.08087821346621063,0.3233924767047842,309.4575141643937,126.73205102105585,548.5886522126411
CONMEBOL vs CAF,CONMEBOL,CAF,2021-01,0.18850601766998712,0.08049959287710395,0.3232056523808581,308.98177133332985,126.14627432569335,548.1893581444989
CONMEBOL vs CAF,CONMEBOL,CAF,2021-02,0.18822013155015327,0.08013000142181914,0.32299243503549385,308.4977686536001,125.54829480034486,547.7762490149734
CONMEBOL vs CAF,CONMEBOL,CAF,2021-03,0.18792883148515693,0.07998070096965519,0.3227692503633153,308.00585854353534,124.93878553913852,547.349486539301
CONMEBOL vs CAF,CONMEBOL,CAF,2021-04,0.18763227584307118,0.0798295145892097,0.3223222013842086,307.5063923540985,124.08273681978025,546.9092321853674
CONMEBOL vs CAF,CONMEBOL,CAF,2021-05,0.18733062299196668,0.07967838812268328,0.3217769750265012,306.99972035194395,123.18133295452724,546.4556471507007
CONMEBOL vs CAF,CONMEBOL,CAF,2021-06,0.18702403129991396,0.07953340643616112,0.321875741204497,306.48619170605906,122.59656893167258,545.9888923398661
CONMEBOL vs CAF,CONMEBOL,CAF,2021-07,0.18671265913498608,0.07938441771189217,0.3213593030173875,305.96615447796137,122.1988806003761,545.5091283422457
CONMEBOL vs CAF,CONMEBOL,CAF,2021-08,0.18639666486525377,0.07923151642862107,0.32125770678920107,305.4399556154282,121.70825421287813,545.0165154101967
CONMEBOL vs CAF,CONMEBOL,CAF,2021-09,0.1860762068587875,0.0788118370633856,0.3211954797312722,304.9079409497695,121.05901167641947,544.5112134376163
CONMEBOL vs CAF,CONMEBOL,CAF,2021-10,0.1857514434836605,0.0786890095203571,0.32112188346493475,304.3704551966202,120.4093559812141,543.9894955624942
CONMEBOL vs CAF,CONMEBOL,CAF,2021-11,0.1854225331079432,0.0782717213578001,0.3209300224920371,303.82784196022703,119.99781000861029,543.4378826805361
CONMEBOL vs CAF,CONMEBOL,CAF,2021-12,0.1850896340997063,0.07786503003842463,0.3206847078547689,303.28044374124335,119.63456682905357,542.8738120458144
CONMEBOL vs CAF,CONMEBOL,CAF,2022-01,0.18475290482702292,0.077478451671195,0.3204211061315092,302.7286019480088,119.24627083090222,542.2974609348315
CONMEBOL vs CAF,CONMEBOL,CAF,2022-02,0.1844125036579636,0.077100354349657,0.32015016966314563,302.172656911288,118.60980226983318,541.7090060609269
CONMEBOL vs CAF,CONMEBOL,CAF,2022-03,0.1840685889605989,0.076731428075637,0.3197692602055505,301.61294790248667,117.97891634433594,541.1086235560617
CONMEBOL vs CAF,CONMEBOL,CAF,2022-04,0.18372131910300205,0.0763723628509633,0.319349773197697,301.04981315532024,117.35446508914441,540.4964889532063
CONMEBOL vs CAF,CONMEBOL,CAF,2022-05,0.18337085245324353,0.07602384867746244,0.3189223929798669,300.48358989091446,116.73729949588315,539.8727771693522
CONMEBOL vs CAF,CONMEBOL,CAF,2022-06,0.1830173473793939,0.07568657555696082,0.31848717492807116,299.91461434635556,116.12991423544683,539.1720060842332
CONMEBOL vs CAF,CONMEBOL,CAF,2022-07,0.18266096224952644,0.07536123349128668,0.31804417441832006,299.34322180666976,115.53794258407542,538.4326356032923
CONMEBOL vs CAF,CONMEBOL,CAF,2022-08,0.18230185543171168,0.07504851248226489,0.3175934468266227,298.7697466402126,115.17163572499115,537.976728280082
CONMEBOL vs CAF,CONMEBOL,CAF,2022-09,0.18194018529401995,0.07474910253172432,0.31734831095354826,298.1945223374897,114.83367206978905,537.3471265488422
CONMEBOL vs CAF,CONMEBOL,CAF,2022-10,0.18157611020452474,0.07446369364149161,0.3172201386234981,297.6178815533924,114.50475348613148,536.7059898945938
CONMEBOL vs CAF,CONMEBOL,CAF,2022-11,0.18120978853129657,0.0741929758133932,0.3170798906914549,297.0401561528301,114.18029668852392,536.0419365942827
CONMEBOL vs CAF,CONMEBOL,CAF,2022-12,0.18084137864240563,0.07393763904925561,0.31691668061236966,296.4616772597862,113.86050676808473,535.3492264043228
CONMEBOL vs CAF,CONMEBOL,CAF,2023-01,0.18047103890592558,0.07369837335090704,0.31652422276885317,295.8827753097847,113.5455890670746,534.6461001002768
CONMEBOL vs CAF,CONMEBOL,CAF,2023-02,0.18009892768992677,0.07343307495252697,0.3160157378143025,295.30378010575345,113.09058958976564,534.4153646217578
CONMEBOL vs CAF,CONMEBOL,CAF,2023-03,0.1797252033624796,0.07299600401226738,0.31549967151413627,294.72502087731516,112.31827049407438,534.2586125603378
CONMEBOL vs CAF,CONMEBOL,CAF,2023-04,0.17935002429165756,0.07257992677770334,0.3149804277538381,294.1468263434976,111.97723857792712,534.0658181383347
CONMEBOL vs CAF,CONMEBOL,CAF,2023-05,0.17897354884553102,0.07231860225770426,0.3144599069399821,293.5695247788539,111.72867843279474,533.8355965774724
CONMEBOL vs CAF,CONMEBOL,CAF,2023-06,0.17859593539217047,0.07206192262670016,0.3139371266286308,292.9934440830304,111.39277687267573,533.5665624419843
CONMEBOL vs CAF,CONMEBOL,CAF,2023-07,0.1782173422996493,0.07181016036360935,0.3135116645768595,292.4189118537763,110.81823350381802,533.1370699966135
CONMEBOL vs CAF,CONMEBOL,CAF,2023-08,0.17783792793603795,0.07156358794735174,0.3133144330145172,291.8462554633952,110.23869755811913,532.5653542202954
CONMEBOL vs CAF,CONMEBOL,CAF,2023-09,0.17745785066940678,0.07132247785684212,0.3131057496204757,291.2758021386775,109.6550279229647,532.0003789812955
CONMEBOL vs CAF,CONMEBOL,CAF,2023-10,0.17707726886782937,0.07108710257099969,0.31288530939762604,290.7078790443188,109.06015782332209,531.4427108292555
CONMEBOL vs CAF,CONMEBOL,CAF,2023-11,0.17669634089937603,0.07085773456874343,0.3126528073488505,290.14281336982583,108.45400713457472,530.8929164832064
CONMEBOL vs CAF,CONMEBOL,CAF,2023-12,0.1763152251321172,0.0706346463289898,0.3121933234197684,289.5809324199601,107.83649425597893,530.3515629044983
CONMEBOL vs CAF,CONMEBOL,CAF,2024-01,0.1759340799341264,0.07034978018120955,0.3117241140466083,289.02256370872817,107.20753607439808,529.8192173726661
CONMEBOL vs CAF,CONMEBOL,CAF,2024-02,0.175553063673474,0.07000497991492877,0.3112611863281721,288.4680350569287,106.71943674523439,529.2964475641807
CONMEBOL vs CAF,CONMEBOL,CAF,2024-03,0.17517233471823032,0.06968091055365094,0.3107945618805701,287.9176746933138,106.43557431709709,528.7838216341859
CONMEBOL vs CAF,CONMEBOL,CAF,2024-04,0.174792051436469,0.06938209563937146,0.3103385650779257,287.3718113593801,106.17567294345535,528.2819083011325
CONMEBOL vs CAF,CONMEBOL,CAF,2024-05,0.17441237219626038,0.06911574330871298,0.30989368849765947,286.8307744178101,105.94054085264187,527.6490078113362
CONMEBOL vs CAF,CONMEBOL,CAF,2024-06,0.17403345536567483,0.06887281238085602,0.3092728806639379,286.2948939646274,105.73098978771003,526.806079926579
CONMEBOL vs CAF,CONMEBOL,CAF,2024-07,0.17365545931278586,0.06865398058429079,0.30858694287603106,285.76450094509096,105.562126597544,525.9063245978108
CONMEBOL vs CAF,CONMEBOL,CAF,2024-08,0.17327854240566387,0.0684599256475062,0.30788294301052854,285.2399272733573,104.58114599202291,525.5489941407001
CONMEBOL vs CAF,CONMEBOL,CAF,2024-09,0.1729028630123792,0.068217166437588,0.3071317801238361,284.7215059559844,102.8525671388026,525.2617249174374
CONMEBOL vs CAF,CONMEBOL,CAF,2024-10,0.17252857950100547,0.06715140995302407,0.3062603915859511,284.2095712193107,102.57152029144339,524.9798709919887
CONMEBOL vs CAF,CONMEBOL,CAF,2024-11,0.17215585023961302,0.06650581539451524,0.3055773640782178,283.7044586407493,102.38447652839608,524.7036482763348
CONMEBOL vs CAF,CONMEBOL,CAF,2024-12,0.1717848335962722,0.06640961507756966,0.3047756566550939,283.2065052840801,102.2482245208133,524.4332729173905
CONMEBOL vs CAF,CONMEBOL,CAF,2025-01,0.17141568793905657,0.06599386101766576,0.30398803614514314,282.7160498387846,102.15401442119082,524.1689613209719
CONMEBOL vs CAF,CONMEBOL,CAF,2025-02,0.17104857163603648,0.06533802250186263,0.3033355853823587,282.233432763475,101.64608198723765,523.6310441213852
CONMEBOL vs CAF,CONMEBOL,CAF,2025-03,0.17068364305528236,0.06466063828144045,0.30253209342122533,281.7589964335088,100.60858780980217,522.3426340206713
CONMEBOL vs CAF,CONMEBOL,CAF,2025-04,0.17032106056486768,0.06397241437496373,0.3017078176030347,281.2930852928496,99.53610637701851,521.0271086073542
CONMEBOL vs CAF,CONMEBOL,CAF,2025-05,0.16996098253286276,0.06326738098391314,0.3008608128711022,280.83604601023353,98.42797539433367,519.8747611291399
CONMEBOL vs CAF,CONMEBOL,CAF,2025-06,0.16960356732733828,0.06254017544573962,0.299964300547907,280.3882276397491,97.30992904508894,519.3151691378579
CONMEBOL vs CAF,CONMEBOL,CAF,2025-07,0.16924897331636743,0.062151975069892854,0.2989984656043134,279.94998178589793,96.17422275438706,518.7455712765127
CONMEBOL vs CAF,CONMEBOL,CAF,2025-08,0.1688973588680207,0.06173573557744354,0.29841307521716315,279.52166277321754,95.00298645771419,518.1401810572837
CONMEBOL vs CAF,CONMEBOL,CAF,2025-09,0.1685488823503686,0.0616200263742579,0.2980624021289283,279.10362782057945,94.08990860442552,517.500168180498
CONMEBOL vs CAF,CONMEBOL,CAF,2025-10,0.16820370213148447,0.06175832481691828,0.29773524056235123,278.69623722024954,93.72629826528456,517.1516770757939
CONMEBOL vs CAF,CONMEBOL,CAF,2025-11,0.1678619765794387,0.061748889349118666,0.2973753575398138,278.29985452180443,94.07994863936466,517.4971489096426
CONMEBOL vs CAF,CONMEBOL,CAF,2025-12,0.16752386406230194,0.061311250341521455,0.2970458868229451,277.91484672103246,93.79836564301114,516.8700545047883
CONMEBOL vs CAF,CONMEBOL,CAF,2026-01,0.16718952294814735,0.060772805916791885,0.2967263355474828,277.54158445392187,93.04739580892185,515.6257172441182
CONMEBOL vs CAF,CONMEBOL,CAF,2026-02,0.16685911160504546,0.06038022174033846,0.29658677914844317,277.1804421958467,92.76678956973136,514.4409082910913
CONMEBOL vs CAF,CONMEBOL,CAF,2026-03,0.16653278840106686,0.059869558048892914,0.2961109079624132,276.83179846609477,92.20912117382946,516.3275784043367
CONMEBOL vs CAF,CONMEBOL,CAF,2026-04,0.16621071170428475,0.05843870061345631,0.29534051012608703,276.4960360378578,92.0373475050298,515.6650590994566
CONMEBOL vs CAF,CONMEBOL,CAF,2026-05,0.1658930398827696,0.05737467481359864,0.2955010438001334,276.17354215381346,91.9264836166254,513.6295356308736
CONMEBOL vs CAF,CONMEBOL,CAF,2026-06,0.16557993130459203,0.057074909740935896,0.2944871457782859,275.86470874746,91.29664068449279,514.5946826017465
CONMEBOL vs CAF,CONMEBOL,CAF,2026-07,0.1652715443378252,0.057008954516882905,0.29416845808694314,275.5699326703436,90.67458856942831,514.490470618657
CONMEBOL vs CAF,CONMEBOL,CAF,2026-08,0.16496803735053966,0.056963663202682556,0.2932863010644011,275.289615925329,90.05651004768508,513.5130253393097
CONMEBOL vs CONCACAF,CONMEBOL,CONCACAF,1992-01,0.12277289255101966,0.0046343156857664,0.2576281452823561,185.78414706701633,6.649941493180838,399.04186713931915
CONMEBOL vs CONCACAF,CONMEBOL,CONCACAF,1992-02,0.12524538005699207,0.007459750459540171,0.25990232483205644,189.41033291651635,10.66062225040214,402.87819292809667
CONMEBOL vs CONCACAF,CONMEBOL,CONCACAF,1992-03,0.1276321025931366,0.0100045088266608,0.2630988544722672,192.9132306861132,14.089530155519052,407.37562455111123
CONMEBOL vs CONCACAF,CONMEBOL,CONCACAF,1992-04,0.12993429271396018,0.012171131075532006,0.26609378198833794,196.2948854401846,17.067046845979476,412.1502576018859
CONMEBOL vs CONCACAF,CONMEBOL,CONCACAF,1992-05,0.1321531829739895,0.014486101031574041,0.26824342898511055,199.5573165864645,20.495855767442745,415.7894805773569
CONMEBOL vs CONCACAF,CONMEBOL,CONCACAF,1992-06,0.13429000592775028,0.016272235464219832,0.2701750522569912,202.7025190267825,23.123728021463876,419.2979299915011
CONMEBOL vs CONCACAF,CONMEBOL,CONCACAF,1992-07,0.1363459941297509,0.018697268561848012,0.27303405916066537,205.73246427349542,26.319039666123036,422.58311758405193
CONMEBOL vs CONCACAF,CONMEBOL,CONCACAF,1992-08,0.13832238013451734,0.020781349484437283,0.27523918107001205,208.649101532841,29.43751878159827,425.7515170079271
CONMEBOL vs CONCACAF,CONMEBOL,CONCACAF,1992-09,0.14022039649657464,0.022883679094790745,0.278133469258159,211.45435875617338,32.046121939864214,428.8068653550169
CONMEBOL vs CONCACAF,CONMEBOL,CONCACAF,1992-10,0.1420412757704325,0.02425860249800307,0.28084064565068223,214.15014366022734,34.66816832107651,431.7510900648905
CONMEBOL vs CONCACAF,CONMEBOL,CONCACAF,1992-11,0.1437862505106163,0.025832347997064575,0.282739101797986,216.73834471749157,37.165719867213205,435.4079022298475
CONMEBOL vs CONCACAF,CONMEBOL,CONCACAF,1992-12,0.1454565532716504,0.027683846412780214,0.2845333326543876,219.2208321175262,39.59749170238313,438.94207802561886
CONMEBOL vs CONCACAF,CONMEBOL,CONCACAF,1993-01,0.1470534166080458,0.02947175532410258,0.28620547480221503,221.59945870023137,41.927217337687644,442.34767201044065
CONMEBOL vs CONCACAF,CONMEBOL,CONCACAF,1993-02,0.14857807307432713,0.031148023852496112,0.2877594896014233,223.876060862008,44.166864406917206,445.6267922497211
CONMEBOL vs CONCACAF,CONMEBOL,CONCACAF,1993-03,0.1500317552250183,0.03189441606850916,0.2888636814354117,226.05245943553916,46.11469098398634,448.1646436614621
CONMEBOL vs CONCACAF,CONMEBOL,CONCACAF,1993-04,0.15141569561463142,0.03347265617980977,0.2896745335791551,228.1304605440684,47.23374813756449,449.9604340665868
CONMEBOL vs CONCACAF,CONMEBOL,CONCACAF,1993-05,0.15273112679769063,0.03497627493960023,0.2908865061127366,230.1118564309935,49.35910558529017,451.4223228628062
CONMEBOL vs CONCACAF,CONMEBOL,CONCACAF,1993-06,0.15397928132871908,0.036445250459081854,0.2916606449789217,231.99842626540558,51.408170817504974,453.0418097617285
CONMEBOL vs CONCACAF,CONMEBOL,CONCACAF,1993-07,0.15516139176223023,0.03750631497362247,0.29239832789777537,233.7919369243343,53.060930535647415,455.30165911242005
CONMEBOL vs CONCACAF,CONMEBOL,CONCACAF,1993-08,0.15627869065274747,0.03830180928257892,0.2935345592546315,235.4941437524041,53.95024317539169,457.43689144761936
CONMEBOL vs CONCACAF,CONMEBOL,CONCACAF,1993-09,0.1573324105547935,0.039896851970130646,0.2949832031212679,237.10679129944597,56.205891114618915,459.45013468630367
CONMEBOL vs CONCACAF,CONMEBOL,CONCACAF,1993-10,0.15832378402288283,0.04141437529099426,0.29595359783881675,238.6316140367167,58.36909993307065,461.30688770284866
CONMEBOL vs CONCACAF,CONMEBOL,CONCACAF,1993-11,0.15925404361153833,0.04232223504765678,0.29633073729098464,240.0703370523315,60.201105625237844,462.9209273873586
CONMEBOL vs CONCACAF,CONMEBOL,CONCACAF,1993-12,0.1601244218752823,0.04271064911441793,0.29690663896758,241.4246767263734,60.89840627196771,464.1499548850192
CONMEBOL vs CONCACAF,CONMEBOL,CONCACAF,1994-01,0.16093615136863007,0.043123753801146324,0.2977940867490533,242.69634138623704,61.40912799362684,465.0362950687741
CONMEBOL vs CONCACAF,CONMEBOL,CONCACAF,1994-02,0.1616904646461041,0.044042924661787324,0.2986244300705143,243.88703194271847,62.26020414466971,465.8807955837248
CONMEBOL vs CONCACAF,CONMEBOL,CONCACAF,1994-03,0.16238859426222618,0.04491244430337469,0.2993988663756014,244.99844250724453,63.606868197926715,466.6842686125999
CONMEBOL vs CONCACAF,CONMEBOL,CONCACAF,1994-04,0.16303177277151262,0.04568804532805335,0.3001185931079469,246.03226099071063,64.85197688172197,467.8366546606296
CONMEBOL vs CONCACAF,CONMEBOL,CONCACAF,1994-05,0.16362123272848536,0.0463216031056791,0.30078480771119004,246.99016968435535,65.99776605897566,469.01347605318847
CONMEBOL vs CONCACAF,CONMEBOL,CONCACAF,1994-06,0.1641582066876659,0.04702472365203723,0.30139870762896914,247.87384582300052,66.6093287914654,470.1046202875091
CONMEBOL vs CONCACAF,CONMEBOL,CONCACAF,1994-07,0.16464392720357124,0.04766100194819774,0.30196149030491726,248.68496213104555,67.35022028086709,471.04392109953113
CONMEBOL vs CONCACAF,CONMEBOL,CONCACAF,1994-08,0.165079626830723,0.048034030635393556,0.30247435318267213,249.42518735156864,68.04853270467086,471.3082345818362
CONMEBOL vs CONCACAF,CONMEBOL,CONCACAF,1994-09,0.16546653812364215,0.048356293727728115,0.30293849370587284,250.09618675880483,68.5040619167213,471.548477347903
CONMEBOL vs CONCACAF,CONMEBOL,CONCACAF,1994-10,0.1658058936368467,0.048885557563161576,0.30322433463549997,250.69962265431647,68.9173010261899,471.76516072989006
CONMEBOL vs CONCACAF,CONMEBOL,CONCACAF,1994-11,0.16609892592485764,0.04907814458271886,0.30345499073458887,251.23715484714026,69.47627235803056,472.0410042403349
CONMEBOL vs CONCACAF,CONMEBOL,CONCACAF,1994-12,0.1663468675421958,0.049256599137840376,0.3036516414027381,251.71044111812668,69.592529150237,472.63607170714687
CONMEBOL vs CONCACAF,CONMEBOL,CONCACAF,1995-01,0.16655095104337966,0.049238039286543425,0.3038151776429967,252.12113766872332,70.16978262447637,473.1530320037656
CONMEBOL vs CONCACAF,CONMEBOL,CONCACAF,1995-02,0.16671240898293008,0.04938343770528468,0.30394426641744515,252.4708995544209,70.81672575040109,473.5949461366791
CONMEBOL vs CONCACAF,CONMEBOL,CONCACAF,1995-03,0.16683247391536737,0.04965323436913329,0.30403262825586896,252.76138110303162,71.11017435881529,473.9638252872829
CONMEBOL vs CONCACAF,CONMEBOL,CONCACAF,1995-04,0.16691237839521095,0.049834360158801654,0.3040903296988528,252.99423631799124,71.33440478350649,474.26168140631347
CONMEBOL vs CONCACAF,CONMEBOL,CONCACAF,1995-05,0.1669533549769811,0.0499461029753673,0.3041182771981844,253.1711192668458,71.53896902436661,474.49052755197283
CONMEBOL vs CONCACAF,CONMEBOL,CONCACAF,1995-06,0.16695663621519782,0.05004529356094607,0.3041173772056541,253.2936844550512,71.72424097854795,474.65237821500443
CONMEBOL vs CONCACAF,CONMEBOL,CONCACAF,1995-07,0.16692345466438124,0.05013219528777855,0.30397891720122205,253.3635871852217,71.80239509487102,474.7492496308101
CONMEBOL vs CONCACAF,CONMEBOL,CONCACAF,1995-08,0.1668550428790513,0.05020707152810631,0.3037475230290905,253.38248390193695,71.81921110541008,474.8332727705782
CONMEBOL vs CONCACAF,CONMEBOL,CONCACAF,1995-09,0.16675263341372776,0.0502701856541715,0.30347908289891934,253.35203252219853,71.77916410559138,475.0328264761074
CONMEBOL vs CONCACAF,CONMEBOL,CONCACAF,1995-10,0.1666174588229313,0.050308617004273824,0.3031750877803963,253.2738927516224,71.68404305544001,475.20616206863684
CONMEBOL vs CONCACAF,CONMEBOL,CONCACAF,1995-11,0.1664507516611815,0.0502119149506024,0.3028370286432049,253.1497263864313,71.53563909265606,475.3533081259129
CONMEBOL vs CONCACAF,CONMEBOL,CONCACAF,1995-12,0.16625374448299798,0.04997581051902609,0.3024663964570278,252.98119760130422,71.34887277307259,475.47422287593974
CONMEBOL vs CONCACAF,CONMEBOL,CONCACAF,1996-01,0.16602766984290176,0.04969621776927946,0.3020646821915502,252.76997322312664,71.13021417749106,475.57161711814905
CONMEBOL vs CONCACAF,CONMEBOL,CONCACAF,1996-02,0.16577376029541246,0.049380916394107424,0.3016333768164582,252.5177229906636,70.8537737706489,475.646254072728
CONMEBOL vs CONCACAF,CONMEBOL,CONCACAF,1996-03,0.1654932483950492,0.04913030500281397,0.30117397130143186,252.22611980018468,70.5217030855692,475.4505980171043
CONMEBOL vs CONCACAF,CONMEBOL,CONCACAF,1996-04,0.16518736669633355,0.04896221261091665,0.30068795661616066,251.89683993704523,70.06590770961517,474.9015411776489
CONMEBOL vs CONCACAF,CONMEBOL,CONCACAF,1996-05,0.16485734775378486,0.048757970180793773,0.3001768237303256,251.53156329321237,69.69930699393552,474.3083772072472
CONMEBOL vs CONCACAF,CONMEBOL,CONCACAF,1996-06,0.1645044241219221,0.04838140194405018,0.29991893681854387,251.1319735707366,69.21331555570607,473.6734824851018
CONMEBOL vs CONCACAF,CONMEBOL,CONCACAF,1996-07,0.16412982835526727,0.04797239867337471,0.29976090930090415,250.69975847114344,68.68036233817844,472.9992379765302
CONMEBOL vs CONCACAF,CONMEBOL,CONCACAF,1996-08,0.16373479300833943,0.047532589477834855,0.29958702521200986,250.23660987070144,68.1026314633825,472.3842900141404
CONMEBOL vs CONCACAF,CONMEBOL,CONCACAF,1996-09,0.16332055063565754,0.046921982557839796,0.29940126527230093,249.74422398154758,67.46379001481681,472.0176068687001
CONMEBOL vs CONCACAF,CONMEBOL,CONCACAF,1996-10,0.1628883337917437,0.04618592120918561,0.299204285473646,249.22430149861535,66.78148428374685,471.6192740222934
CONMEBOL vs CONCACAF,CONMEBOL,CONCACAF,1996-11,0.16243937503111702,0.04542980080437942,0.29899674180791525,248.67854773229882,66.06696161999285,471.1910403795312
CONMEBOL vs CONCACAF,CONMEBOL,CONCACAF,1996-12,0.16197490690829613,0.04474947314351248,0.2987792902669769,248.1086727268144,65.32393946466595,470.7346593848763
CONMEBOL vs CONCACAF,CONMEBOL,CONCACAF,1997-01,0.16149616197780362,0.04424689637529493,0.2983299229958041,247.51639136418532,64.5579225096868,470.24945969243
CONMEBOL vs CONCACAF,CONMEBOL,CONCACAF,1997-02,0.16100437279415827,0.043737576055360036,0.29771482459700355,246.90342345376106,63.766411411636305,469.98489201704257
CONMEBOL vs CONCACAF,CONMEBOL,CONCACAF,1997-03,0.16050077191187867,0.043317507629996664,0.2970907150898888,246.27149380722108,62.94593798631126,469.39688408739977
CONMEBOL vs CONCACAF,CONMEBOL,CONCACAF,1997-04,0.15998659188548767,0.04288659080623782,0.29645901277513526,245.62233229897177,62.098735968068965,468.6985880680676
CONMEBOL vs CONCACAF,CONMEBOL,CONCACAF,1997-05,0.1594630652695039,0.04244595555863025,0.29582113595341036,244.95767391183176,61.24340859323811,468.09224335129466
CONMEBOL vs CONCACAF,CONMEBOL,CONCACAF,1997-06,0.15893142461844595,0.04185767185316096,0.29517850292538433,244.2792587679509,60.30662675328133,467.50406508619807
CONMEBOL vs CONCACAF,CONMEBOL,CONCACAF,1997-07,0.15839290248683668,0.041370582847437956,0.29453253199172913,243.58883214485496,59.37067748614674,466.9001469483589
CONMEBOL vs CONCACAF,CONMEBOL,CONCACAF,1997-08,0.15784873142919473,0.04101141522931622,0.29388464145311494,242.8881444765076,58.63983231041116,466.28228095165764
CONMEBOL vs CONCACAF,CONMEBOL,CONCACAF,1997-09,0.1573001440000386,0.04041315281287133,0.2932362496102092,242.1789513393265,58.15499415567259,465.6509921203056
CONMEBOL vs CONCACAF,CONMEBOL,CONCACAF,1997-10,0.1567483727538913,0.03960347432046714,0.29258877476368583,241.46301342304278,57.59084420535297,464.9787262259719
CONMEBOL vs CONCACAF,CONMEBOL,CONCACAF,1997-11,0.1561946502452714,0.03879236884864761,0.2919374925721754,240.7420964862904,56.71126769274608,464.3043393893501
CONMEBOL vs CONCACAF,CONMEBOL,CONCACAF,1997-12,0.15564020902869746,0.03797750388871668,0.29128785782799155,240.01797129686258,55.824598956478276,463.7119255256263
CONMEBOL vs CONCACAF,CONMEBOL,CONCACAF,1998-01,0.15508628165869237,0.037271339162694025,0.2906434296713703,239.29241355652658,54.93275730536329,463.06884960586365
CONMEBOL vs CONCACAF,CONMEBOL,CONCACAF,1998-02,0.15453410068977477,0.036640288884462094,0.2900056394198431,238.5672038102826,54.046876457269896,462.4224355252524
CONMEBOL vs CONCACAF,CONMEBOL,CONCACAF,1998-03,0.15398489867646312,0.0360217313175736,0.2893759183909355,237.84412734001162,53.16810958804347,461.84609373439514
CONMEBOL vs CONCACAF,CONMEBOL,CONCACAF,1998-04,0.15343990817328051,0.035487959607535965,0.2887520859143657,237.12497404240813,52.29447094767082,461.40073368016874
CONMEBOL vs CONCACAF,CONMEBOL,CONCACAF,1998-05,0.15290036173474544,0.03520846117688588,0.2881392553108991,236.41153829109095,51.4338041184771,460.9552599389899
CONMEBOL vs CONCACAF,CONMEBOL,CONCACAF,1998-06,0.15236749191537652,0.03486395936506792,0.2875388848777478,235.70561878284983,50.74438672517715,460.50967531078777
CONMEBOL vs CONCACAF,CONMEBOL,CONCACAF,1998-07,0.15184253126969657,0.03423615896510022,0.28695242295692386,235.0090183679307,50.101594526508414,460.04503237161293
CONMEBOL vs CONCACAF,CONMEBOL,CONCACAF,1998-08,0.15132671235222425,0.03361707291651785,0.28637731531238203,234.3235438642723,49.19838346239243,459.584404181787
CONMEBOL vs CONCACAF,CONMEBOL,CONCACAF,1998-09,0.15082126771747822,0.03322683854783306,0.2858193329416356,233.6510058556625,48.32034792207956,459.12898022546324
CONMEBOL vs CONCACAF,CONMEBOL,CONCACAF,1998-10,0.1503274299199812,0.03286330745955697,0.2852800011280975,232.99321847373685,47.65224840723223,458.6799531614597
CONMEBOL vs CONCACAF,CONMEBOL,CONCACAF,1998-11,0.14984643151425192,0.03250397115703261,0.28485104784225057,232.35199916375245,47.06602321824768,458.1368213702743
CONMEBOL vs CONCACAF,CONMEBOL,CONCACAF,1998-12,0.14937950505480901,0.03215108644846487,0.28449390147843445,231.72916843412415,46.49782689746461,457.50615532787197
CONMEBOL vs CONCACAF,CONMEBOL,CONCACAF,1999-01,0.14892766184543993,0.031812841349521254,0.284144362741603,231.12623751999763,45.94903777198279,456.90645322168086
CONMEBOL vs CONCACAF,CONMEBOL,CONCACAF,1999-02,0.148491028186987,0.03148084178109176,0.2838025688756169,230.54347042048386,45.41987030427886,456.3379265627327
CONMEBOL vs CONCACAF,CONMEBOL,CONCACAF,1999-03,0.14806950912955763,0.031155150504762832,0.28346855910221863,229.98081739573496,44.91024563203685,455.80033207245737
CONMEBOL vs CONCACAF,CONMEBOL,CONCACAF,1999-04,0.1476630097232625,0.03080973711385804,0.2831423726431532,229.43822670204042,44.41565713587569,455.2934235560489
CONMEBOL vs CONCACAF,CONMEBOL,CONCACAF,1999-05,0.14727143501820894,0.030453698697600954,0.28282404872016453,228.91564464223484,43.83917636170551,454.8169519919897
CONMEBOL vs CONCACAF,CONMEBOL,CONCACAF,1999-06,0.1468946900645044,0.030074165372241838,0.2825136265549952,228.41301561607972,43.285994044557505,454.370665620827
CONMEBOL vs CONCACAF,CONMEBOL,CONCACAF,1999-07,0.14653267991225935,0.02969591381304868,0.2822111453693917,227.93028217058915,42.75504880138515,453.9543100331672
CONMEBOL vs CONCACAF,CONMEBOL,CONCACAF,1999-08,0.14618530961158124,0.029333718003236742,0.28191664438509556,227.46738505027025,42.24642409663336,453.5676282568476
CONMEBOL vs CONCACAF,CONMEBOL,CONCACAF,1999-09,0.14585248421257763,0.02894918579653223,0.28163016282385167,227.0242632472886,41.761087076023195,453.2103608432971
CONMEBOL vs CONCACAF,CONMEBOL,CONCACAF,1999-10,0.1455341087653588,0.028523953364618573,0.281351739907405,226.60085405152998,41.29746345195836,452.8822459530199
CONMEBOL vs CONCACAF,CONMEBOL,CONCACAF,1999-11,0.14523008832003217,0.028111778426558275,0.281081414857498,226.1970931005323,40.85539319889955,452.583019440204
CONMEBOL vs CONCACAF,CONMEBOL,CONCACAF,1999-12,0.14494032792670564,0.027712636557640558,0.28081922689587463,225.8129144292968,40.434715367854295,452.31241493643256
CONMEBOL vs CONCACAF,CONMEBOL,CONCACAF,2000-01,0.14466473263548907,0.02743418165382012,0.28056521524427985,225.44825051995045,40.0352681097039,452.0701639334559
CONMEBOL vs CONCACAF,CONMEBOL,CONCACAF,2000-02,0.1444032074964902,0.02722507355427801,0.2803194191244578,225.1030323512396,39.65688869838723,451.8559958650302
CONMEBOL vs CONCACAF,CONMEBOL,CONCACAF,2000-03,0.14415565755981674,0.02702857514771231,0.2800818777581507,224.7771894478576,39.299413553943204,451.6696381877755
CONMEBOL vs CONCACAF,CONMEBOL,CONCACAF,2000-04,0.14392198787557853,0.026844594270150294,0.27985263036710367,224.470649929586,38.96267826540711,451.5108164610554
CONMEBOL vs CONCACAF,CONMEBOL,CONCACAF,2000-05,0.14370210349388346,0.026673038757617288,0.27963171617306065,224.18334056022738,38.48253173891137,451.37925442583696
CONMEBOL vs CONCACAF,CONMEBOL,CONCACAF,2000-06,0.14349590946483926,0.026512283593536214,0.279419174397765,223.9151867963343,38.008565672603524,451.274674082541
CONMEBOL vs CONCACAF,CONMEBOL,CONCACAF,2000-07,0.14330331083855558,0.026314698112472182,0.2792150442629614,223.66611283571467,37.55794514561067,451.19679576783113
CONMEBOL vs CONCACAF,CONMEBOL,CONCACAF,2000-08,0.14312421266514033,0.02613139471907995,0.27901936499039415,223.43604166569435,37.288317032802354,451.14533823035384
CONMEBOL vs CONCACAF,CONMEBOL,CONCACAF,2000-09,0.14295851999470144,0.02596203813794578,0.2788321758018047,223.22489511114108,37.02860577344101,451.1200187053963
CONMEBOL vs CONCACAF,CONMEBOL,CONCACAF,2000-10,0.14280613787734836,0.02580649644527693,0.27865351591893966,223.03259388223103,36.78541816522443,451.03333097605577
CONMEBOL vs CONCACAF,CONMEBOL,CONCACAF,2000-11,0.1426669713631891,0.025664637717276454,0.2785061707209364,222.85905762194218,36.55267096987787,450.8614208502982
CONMEBOL vs CONCACAF,CONMEBOL,CONCACAF,2000-12,0.14254092550233172,0.02553633003014735,0.2784831097200014,222.7042049532772,36.32991775338342,450.70223386816775
CONMEBOL vs CONCACAF,CONMEBOL,CONCACAF,2001-01,0.14242790534488534,0.025421441460095288,0.2784768776842302,222.5679535261987,36.117335078331806,450.5558775275632
CONMEBOL vs CONCACAF,CONMEBOL,CONCACAF,2001-02,0.1423278159409581,0.025319840083324156,0.2784872242746864,222.45022006426478,35.915098617609594,450.4224586101523
CONMEBOL vs CONCACAF,CONMEBOL,CONCACAF,2001-03,0.14224056234065827,0.02523139397603607,0.278513899152433,222.35092041096544,35.724678706645896,450.3020832101646
CONMEBOL vs CONCACAF,CONMEBOL,CONCACAF,2001-04,0.14216604959409473,0.02515597121443674,0.27855665197853774,222.26996957574417,35.55426243931009,450.1948567634814
CONMEBOL vs CONCACAF,CONMEBOL,CONCACAF,2001-05,0.1421041827513757,0.02501531677451108,0.2786152324140619,222.20728177969795,35.395149811856946,450.1008840770283
CONMEBOL vs CONCACAF,CONMEBOL,CONCACAF,2001-06,0.1420548668626095,0.02488407991570614,0.278689390120074,222.1627705009506,35.29786384363166,450.0202693584536
CONMEBOL vs CONCACAF,CONMEBOL,CONCACAF,2001-07,0.14201800697790487,0.0247623001000203,0.2787788747576353,222.13634851969056,35.348765896625366,450.05002871860114
CONMEBOL vs CONCACAF,CONMEBOL,CONCACAF,2001-08,0.14199350814737013,0.024648733974129745,0.27888343598781196,222.1279279628655,35.417923726410585,450.17737799157834
CONMEBOL vs CONCACAF,CONMEBOL,CONCACAF,2001-09,0.1419812754211137,0.024543441943597744,0.2790028234716694,222.13742034852868,35.505160429538115,450.32350600310383
CONMEBOL vs CONCACAF,CONMEBOL,CONCACAF,2001-10,0.14198121384924406,0.02444648441398836,0.27913678687026944,222.16473662983014,35.6197430681295,450.48826027084465
CONMEBOL vs CONCACAF,CONMEBOL,CONCACAF,2001-11,0.1419932284818697,0.02435792179086489,0.27928507584468015,222.20978723864783,35.75720114200057,450.6714878162953
CONMEBOL vs CONCACAF,CONMEBOL,CONCACAF,2001-12,0.14201722436909917,0.02427781447979136,0.2794474400559651,222.27248212885132,35.91245446344916,450.8730352264452
CONMEBOL vs CONCACAF,CONMEBOL,CONCACAF,2002-01,0.14205310656104067,0.02437229927153526,0.2796236291651871,222.3527308191949,36.08530897033443,451.0927487143769
CONMEBOL vs CONCACAF,CONMEBOL,CONCACAF,2002-02,0.1421007801078028,0.024485706104092134,0.27981339283341244,222.4504424358355,36.27557025190166,451.3304741787573
CONMEBOL vs CONCACAF,CONMEBOL,CONCACAF,2002-03,0.14216015005949423,0.024621832639685294,0.28001648072170626,222.56552575446912,36.48304359033807,451.5860572622157
CONMEBOL vs CONCACAF,CONMEBOL,CONCACAF,2002-04,0.142231121466223,0.02476946393621815,0.28023264249113244,222.69788924208217,36.70753400152788,451.8449485658842
CONMEBOL vs CONCACAF,CONMEBOL,CONCACAF,2002-05,0.1423135993780977,0.02492845906883252,0.28046162780275535,222.84744109831726,36.90578886007186,452.1180480110696
CONMEBOL vs CONCACAF,CONMEBOL,CONCACAF,2002-06,0.14240748884522714,0.02509867711267342,0.2807031863176404,223.01408929644558,37.06440528584731,452.4067741567663
CONMEBOL vs CONCACAF,CONMEBOL,CONCACAF,2002-07,0.14251269491771923,0.025279977142879995,0.28095706769685214,223.19774162394316,37.25044918227296,452.7083388309525
CONMEBOL vs CONCACAF,CONMEBOL,CONCACAF,2002-08,0.14262912264568267,0.025472218234596555,0.28112456841157185,223.3983057226743,37.58375517995474,453.026683407839
CONMEBOL vs CONCACAF,CONMEBOL,CONCACAF,2002-09,0.14275667707922632,0.025675259462963985,0.2812695514281242,223.61568912867176,37.70532370493388,453.3616818263676
CONMEBOL vs CONCACAF,CONMEBOL,CONCACAF,2002-10,0.1428952632684578,0.025808976702238917,0.2814271409689234,223.84979931151372,37.827192382694456,453.7132081384722
CONMEBOL vs CONCACAF,CONMEBOL,CONCACAF,2002-11,0.1430447862634861,0.026053714969647947,0.2815972003302456,224.10054371330364,38.04496816023307,454.08113655885165
CONMEBOL vs CONCACAF,CONMEBOL,CONCACAF,2002-12,0.14320515111441995,0.026302784036343542,0.28177959280836623,224.36782978723852,38.27790301971756,454.46534151373874
CONMEBOL vs CONCACAF,CONMEBOL,CONCACAF,2003-01,0.14337626287136707,0.02646808543118038,0.2819741816995606,224.6515650357718,38.525821680597666,454.8656976886593
CONMEBOL vs CONCACAF,CONMEBOL,CONCACAF,2003-02,0.14355802658443623,0.02664351387076596,0.282180830300104,224.95165704837433,38.78854869642702,455.2820800752104
CONMEBOL vs CONCACAF,CONMEBOL,CONCACAF,2003-03,0.14375034730373643,0.026828940830110472,0.28239940190627194,225.26801353888254,39.06590847018818,455.7143640168311
CONMEBOL vs CONCACAF,CONMEBOL,CONCACAF,2003-04,0.1439531300793752,0.027024237784222964,0.2826270885168461,225.60054238243742,39.35772526939353,456.16242525356023
CONMEBOL vs CONCACAF,CONMEBOL,CONCACAF,2003-05,0.1441662799614614,0.027229276208114286,0.2828569454578424,225.94915165202318,39.6638232409738,456.41649341279725
CONMEBOL vs CONCACAF,CONMEBOL,CONCACAF,2003-06,0.1443897020001041,0.02744392757679464,0.2830983377859173,226.31374965459136,39.98402642593807,456.6136827474382
CONMEBOL vs CONCACAF,CONMEBOL,CONCACAF,2003-07,0.14462330124541056,0.02766806336527386,0.2833511420765946,226.69424496677675,40.318158773815405,456.82713456528415
CONMEBOL vs CONCACAF,CONMEBOL,CONCACAF,2003-08,0.1448669827474899,0.027901555048562936,0.28361523490540147,227.09054647021617,40.666044156877724,457.0570814416292
CONMEBOL vs CONCACAF,CONMEBOL,CONCACAF,2003-09,0.1451206515564512,0.028144274101670957,0.2838904928478633,227.5025633864534,41.02750638413265,457.3033331848378
CONMEBOL vs CONCACAF,CONMEBOL,CONCACAF,2003-10,0.14538421272240154,0.028402558566590536,0.28417679247950817,227.93020531143986,41.402947859209036,457.5554763173446
CONMEBOL vs CONCACAF,CONMEBOL,CONCACAF,2003-11,0.1456575712954501,0.028682288926779136,0.28447401037586073,228.3733822496431,41.81892952617479,457.82478364005846
CONMEBOL vs CONCACAF,CONMEBOL,CONCACAF,2003-12,0.14594063232570606,0.028970665740982376,0.28478202311244827,228.83200464774563,42.24767985124268,458.11150250585126
CONMEBOL vs CONCACAF,CONMEBOL,CONCACAF,2004-01,0.14623330086327635,0.029267531588036504,0.285100707264796,229.30598342794437,42.68898018610477,458.415880954782
CONMEBOL vs CONCACAF,CONMEBOL,CONCACAF,2004-02,0.14653548195827024,0.029572729046780568,0.2854299394084322,229.79523002086668,43.142611852828104,458.7381677824056
CONMEBOL vs CONCACAF,CONMEBOL,CONCACAF,2004-03,0.146847080660797,0.02988610069605429,0.28571188728699154,230.2996563980812,43.608356153343976,459.0786126093197
CONMEBOL vs CONCACAF,CONMEBOL,CONCACAF,2004-04,0.14716800202096336,0.030207489114693068,0.28595443755951744,230.8191751042192,44.08599437856473,459.4374659519515
CONMEBOL vs CONCACAF,CONMEBOL,CONCACAF,2004-05,0.14749815108887865,0.030536736881535954,0.28620700596314685,231.35369928872012,44.57530781715371,459.8149792946026
CONMEBOL vs CONCACAF,CONMEBOL,CONCACAF,2004-06,0.1478374329146523,0.030873686575422665,0.286469594464714,231.90314273718258,45.076077763908295,460.21140516276347
CONMEBOL vs CONCACAF,CONMEBOL,CONCACAF,2004-07,0.14818575254839086,0.031218180775189452,0.2867422050310486,232.46741990233332,45.58808552777663,460.626997197677
CONMEBOL vs CONCACAF,CONMEBOL,CONCACAF,2004-08,0.14854301504020373,0.031694183219926765,0.28702483962898734,233.04644593463453,46.31453866343834,461.30407265717827
CONMEBOL vs CONCACAF,CONMEBOL,CONCACAF,2004-09,0.14890912544020032,0.03223991970024436,0.2873175002253619,233.64013671250518,47.12116626632153,462.17659372254155
CONMEBOL vs CONCACAF,CONMEBOL,CONCACAF,2004-10,0.14928398879848717,0.03278947968744999,0.2876201887870063,234.24840887217374,47.9338014642613,463.06039063684693
CONMEBOL vs CONCACAF,CONMEBOL,CONCACAF,2004-11,0.1496675101651737,0.033342470588379136,0.2879329072807522,234.8711798371822,48.751883816754344,463.95511955893187
CONMEBOL vs CONCACAF,CONMEBOL,CONCACAF,2004-12,0.15005959459036938,0.03387962557762943,0.28825565767343453,235.50836784751647,49.57485281589763,464.8604372436672
CONMEBOL vs CONCACAF,CONMEBOL,CONCACAF,2005-01,0.15046014712418057,0.03424704106234127,0.28858844193188404,236.15989198838278,50.40214787691487,465.68141870788685
CONMEBOL vs CONCACAF,CONMEBOL,CONCACAF,2005-02,0.15086907281671683,0.03462556888104973,0.2889312620229356,236.82567221865003,51.14683189506505,466.2667920041861
CONMEBOL vs CONCACAF,CONMEBOL,CONCACAF,2005-03,0.1512862767180877,0.03501519970419973,0.28928411991342273,237.50562939893405,51.589135397847386,466.867925636206
CONMEBOL vs CONCACAF,CONMEBOL,CONCACAF,2005-04,0.15171166387839946,0.03541592420223277,0.28964701757017847,238.1996853193421,52.051268033964,467.4849262872352
CONMEBOL vs CONCACAF,CONMEBOL,CONCACAF,2005-05,0.15214513934776155,0.03582773304559131,0.2900199569600344,238.90776272690192,52.53339730351976,468.1179021507123
CONMEBOL vs CONCACAF,CONMEBOL,CONCACAF,2005-06,0.15258660817628372,0.03625061690472027,0.29040294004982653,239.6297853526482,53.03569270476867,468.766962984144
CONMEBOL vs CONCACAF,CONMEBOL,CONCACAF,2005-07,0.15303597541407202,0.03668456645006022,0.29079596880638364,240.36567793838688,53.55832583665753,469.43222016331805
CONMEBOL vs CONCACAF,CONMEBOL,CONCACAF,2005-08,0.15349314611123607,0.03712957235205625,0.2911990451965435,241.11536626316317,54.10147050298398,470.1137867368415
CONMEBOL vs CONCACAF,CONMEBOL,CONCACAF,2005-09,0.15395802531788566,0.037573596107302355,0.2916121711871375,241.87877716940417,54.66530281817245,470.8117774809948
CONMEBOL vs CONCACAF,CONMEBOL,CONCACAF,2005-10,0.15443051808412667,0.037970524950540256,0.29203534874499815,242.65583858875914,55.25000131472024,471.52630895491654
CONMEBOL vs CONCACAF,CONMEBOL,CONCACAF,2005-11,0.1549105294600688,0.03838134457268297,0.2924685798369578,243.44647956766403,55.85574705235378,472.2574995561805
CONMEBOL vs CONCACAF,CONMEBOL,CONCACAF,2005-12,0.15539794900548956,0.038806079874591864,0.2929118290772226,244.25059139886477,56.48262446907904,473.0053940117283
CONMEBOL vs CONCACAF,CONMEBOL,CONCACAF,2006-01,0.15589260431883323,0.03924450036338874,0.2933649116694638,245.06791052621497,57.13032300797594,473.7697361374838
CONMEBOL vs CONCACAF,CONMEBOL,CONCACAF,2006-02,0.1563943075082157,0.03969631169776693,0.2938276054647289,245.89813445275504,57.79843367534659,474.55019448455863
CONMEBOL vs CONCACAF,CONMEBOL,CONCACAF,2006-03,0.15690287068175304,0.04016121953641889,0.2942996883140648,246.74096048718582,58.486548030149734,475.34643770044966
CONMEBOL vs CONCACAF,CONMEBOL,CONCACAF,2006-04,0.157418105947557,0.04063892953803441,0.2947762001313268,247.59608570390876,59.19425808130148,476.15813447101823
CONMEBOL vs CONCACAF,CONMEBOL,CONCACAF,2006-05,0.15793982541374374,0.04112914736130509,0.2952616977691565,248.46320690397653,59.92115618711335,476.9849534636321
CONMEBOL vs CONCACAF,CONMEBOL,CONCACAF,2006-06,0.15846784118842921,0.04163157866492498,0.29575601818772135,249.34202057690905,60.66683495685126,477.8265632714736
CONMEBOL vs CONCACAF,CONMEBOL,CONCACAF,2006-07,0.1590019653797251,0.0421459291075823,0.29625893975697937,250.23222286339487,61.43088715438172,478.6826323590013
CONMEBOL vs CONCACAF,CONMEBOL,CONCACAF,2006-08,0.1595420100957476,0.04267190434796939,0.29677024084689124,251.13350951889822,62.212905603944755,479.55282900857895
CONMEBOL vs CONCACAF,CONMEBOL,CONCACAF,2006-09,0.16008778744461272,0.04320921004478051,0.29728969982741676,252.04557587812866,63.01248309798976,480.43682126826667
CONMEBOL vs CONCACAF,CONMEBOL,CONCACAF,2006-10,0.1606391095344321,0.04375755185670358,0.2978170950685115,252.96811682039245,63.829212307076745,481.334276900725
CONMEBOL vs CONCACAF,CONMEBOL,CONCACAF,2006-11,0.16119578847332192,0.044287969137188736,0.29835220494013864,253.90082673584985,64.66268569187486,482.2448633333178
CONMEBOL vs CONCACAF,CONMEBOL,CONCACAF,2006-12,0.1617576363693983,0.0447989667228927,0.29889480781225636,254.84339949263267,65.51249541719231,483.16824760932235
CONMEBOL vs CONCACAF,CONMEBOL,CONCACAF,2007-01,0.16232446533077272,0.04531431463042277,0.29944468205482105,255.79552840484473,66.37823326805801,484.1040963402922
CONMEBOL vs CONCACAF,CONMEBOL,CONCACAF,2007-02,0.16289608746556147,0.04583389101642204,0.30000160603779574,256.7569062014693,67.25949056787114,485.05207565957454
CONMEBOL vs CONCACAF,CONMEBOL,CONCACAF,2007-03,0.16347231488188058,0.046357574037530914,0.30056535813113877,257.72722499613855,68.15585809857232,486.01185117695286
CONMEBOL vs CONCACAF,CONMEBOL,CONCACAF,2007-04,0.16405295968784162,0.04688524185038543,0.3011357167048064,258.7061762577883,69.06692602285528,486.9830879344315
CONMEBOL vs CONCACAF,CONMEBOL,CONCACAF,2007-05,0.1646378339915608,0.04741677261162867,0.3017124601287602,259.6934507822238,69.99228380842884,487.96545036316707
CONMEBOL vs CONCACAF,CONMEBOL,CONCACAF,2007-06,0.16522674990115427,0.047952044477900295,0.3022953667729608,260.68873866455164,70.93152015429487,488.95860224154563
CONMEBOL vs CONCACAF,CONMEBOL,CONCACAF,2007-07,0.16581951952473348,0.04849093560583793,0.3028842150073637,261.69172927250065,71.88422291906149,489.99362511412045
CONMEBOL vs CONCACAF,CONMEBOL,CONCACAF,2007-08,0.16641595497041467,0.049033324152082176,0.30347878320192967,262.70211122066235,72.84997905131335,491.15851373038964
CONMEBOL vs CONCACAF,CONMEBOL,CONCACAF,2007-09,0.167015868346314,0.04957908827327513,0.3040788497266201,263.71957234559994,73.82837452198353,492.33710624316643
CONMEBOL vs CONCACAF,CONMEBOL,CONCACAF,2007-10,0.167619071760543,0.05012810612605376,0.3046841929513915,264.7437996818576,74.81899425877776,493.5289440609356
CONMEBOL vs CONCACAF,CONMEBOL,CONCACAF,2007-11,0.1682253773212177,0.05068025586705769,0.30529459124620184,265.77447943889257,75.82142208264875,494.73356732226506
CONMEBOL vs CONCACAF,CONMEBOL,CONCACAF,2007-12,0.16883459713645455,0.051235415652929064,0.3059098229810154,266.81129697888855,76.83910743447517,495.9505148415363
CONMEBOL vs CONCACAF,CONMEBOL,CONCACAF,2008-01,0.16944654331436473,0.05179346364030569,0.30652966652578584,267.85393679547366,77.76182886146827,497.1793240565947
CONMEBOL vs CONCACAF,CONMEBOL,CONCACAF,2008-02,0.17006102796306466,0.05235427798582882,0.3071539002504746,268.90208249337456,78.65380991589633,498.4195309783454
CONMEBOL vs CONCACAF,CONMEBOL,CONCACAF,2008-03,0.17067786319067046,0.05291773684613728,0.30778230252504263,269.95541676895937,79.5566461916497,499.6706701422534
CONMEBOL vs CONCACAF,CONMEBOL,CONCACAF,2008-04,0.17129686110529352,0.05348371837787132,0.30841465171944527,271.01362139169635,80.46449258869623,500.93227456177556
CONMEBOL vs CONCACAF,CONMEBOL,CONCACAF,2008-05,0.17191783381505008,0.05405678869309023,0.3090507262036448,272.0763771865606,81.37710282807308,502.20387568376384
CONMEBOL vs CONCACAF,CONMEBOL,CONCACAF,2008-06,0.17254059342805647,0.05463741300035201,0.3096903043476004,273.1433640173393,82.2942298508468,503.4850033457902
CONMEBOL vs CONCACAF,CONMEBOL,CONCACAF,2008-07,0.1731649520524239,0.055220228749576356,0.3103331645212692,274.2142607708663,83.21562580704591,504.77518573542784
CONMEBOL vs CONCACAF,CONMEBOL,CONCACAF,2008-08,0.17379072179626875,0.055805106067610445,0.3109790850946101,275.2887453422159,84.14104204523898,506.07394935152837
CONMEBOL vs CONCACAF,CONMEBOL,CONCACAF,2008-09,0.17441771476770726,0.05639191508130162,0.31162784443758557,276.3664946208089,85.07022910274829,507.3808189674519
CONMEBOL vs CONCACAF,CONMEBOL,CONCACAF,2008-10,0.17504574307485068,0.056980525917491726,0.3122792209201511,277.44718447746004,86.00293669649977,508.6953175962722
CONMEBOL vs CONCACAF,CONMEBOL,CONCACAF,2008-11,0.17567461882581528,0.05757080870302809,0.31293299291226817,278.5304897523995,86.9389137145728,510.0169664580155
CONMEBOL vs CONCACAF,CONMEBOL,CONCACAF,2008-12,0.17630415412871747,0.058162633564758835,0.3135889387838967,279.6160842442196,87.87790820834503,511.3452849488651
CONMEBOL vs CONCACAF,CONMEBOL,CONCACAF,2009-01,0.17693416109166837,0.05875587062952508,0.3142461399563581,280.7036406997768,88.81966738533804,512.6797906123961
CONMEBOL vs CONCACAF,CONMEBOL,CONCACAF,2009-02,0.1775644518227844,0.05935039002417573,0.314900120807768,281.79283080508395,89.76393760272,514.0199991128569
CONMEBOL vs CONCACAF,CONMEBOL,CONCACAF,2009-03,0.17819483843018183,0.05994606187555633,0.3155555209483745,282.88332517713957,90.7104643614623,515.3654242104597
CONMEBOL vs CONCACAF,CONMEBOL,CONCACAF,2009-04,0.1788251330219718,0.060666209191792844,0.31621212554705064,283.9747933567309,91.59773145188225,516.7155777387173
CONMEBOL vs CONCACAF,CONMEBOL,CONCACAF,2009-05,0.17945514770627072,0.06143814165086692,0.3168697197726732,285.066903802239,92.54016795632131,518.069969583883
CONMEBOL vs CONCACAF,CONMEBOL,CONCACAF,2009-06,0.18008469459119492,0.0622215530440474,0.3175280887941189,286.1593238843992,93.52970688092925,519.4281076664188
CONMEBOL vs CONCACAF,CONMEBOL,CONCACAF,2009-07,0.18071358578485558,0.06300464855441726,0.3181870177802584,287.25171988204875,94.46992418741046,520.7894979245565
CONMEBOL vs CONCACAF,CONMEBOL,CONCACAF,2009-08,0.18134163339536896,0.06362322790757564,0.3188462918999709,288.3437569788932,95.42713624226583,522.1536442999926
CONMEBOL vs CONCACAF,CONMEBOL,CONCACAF,2009-09,0.18196864953085154,0.06422440446092965,0.31950569632213066,289.43509926124403,96.39614176972589,523.5200487256373
CONMEBOL vs CONCACAF,CONMEBOL,CONCACAF,2009-10,0.18259444629941435,0.06482344380346006,0.3201650162156116,290.52540971675904,97.59464446056253,524.888211115513
CONMEBOL vs CONCACAF,CONMEBOL,CONCACAF,2009-11,0.18321883580917386,0.0654222010698183,0.3208240367492898,291.6143502342176,98.32588454778416,526.2576293568161
CONMEBOL vs CONCACAF,CONMEBOL,CONCACAF,2009-12,0.18384163016824626,0.06602052566985038,0.32148254309204183,292.70158160428315,99.2117423691868,527.6277993040688
CONMEBOL vs CONCACAF,CONMEBOL,CONCACAF,2010-01,0.18446264148474284,0.06661826701340044,0.32214032041274004,293.78676352128423,100.14522371608385,528.9982147754548
CONMEBOL vs CONCACAF,CONMEBOL,CONCACAF,2010-02,0.18508168186677992,0.06711579214549893,0.322797153880262,294.8695545860475,101.07838565734936,530.0724742628437
CONMEBOL vs CONCACAF,CONMEBOL,CONCACAF,2010-03,0.18569856342247384,0.06757152393625883,0.3234528286634819,295.94961230973223,102.0109868856746,531.1025078770136
CONMEBOL vs CONCACAF,CONMEBOL,CONCACAF,2010-04,0.1863130982599357,0.0680272519517279,0.3241071299312747,297.02659311870116,102.94278529894969,532.1262552852078
CONMEBOL vs CONCACAF,CONMEBOL,CONCACAF,2010-05,0.18692509848728192,0.06848296732398636,0.3247598428525153,298.1001523604571,103.87353800287177,533.1434462106988
CONMEBOL vs CONCACAF,CONMEBOL,CONCACAF,2010-06,0.18753437621262883,0.0689386611851178,0.32541075259608143,299.1699443105995,104.80300131416209,534.1538096771607
CONMEBOL vs CONCACAF,CONMEBOL,CONCACAF,2010-07,0.18814074354408764,0.069424431797635,0.3260596443308452,300.2356221808295,105.74198556376838,535.1570740129017
CONMEBOL vs CONCACAF,CONMEBOL,CONCACAF,2010-08,0.18874401258977463,0.0700079960983219,0.3267063032256826,301.29683812803984,106.68570981396188,536.1529668556088
CONMEBOL vs CONCACAF,CONMEBOL,CONCACAF,2010-09,0.18934399545780603,0.07059067217979483,0.3273505144494714,302.3532432644363,107.62683473096004,537.1412151575244
CONMEBOL vs CONCACAF,CONMEBOL,CONCACAF,2010-10,0.18994050425629327,0.07117234479161097,0.3279920631710819,303.40448766872623,108.56508496157468,538.1215451911286
CONMEBOL vs CONCACAF,CONMEBOL,CONCACAF,2010-11,0.19053335109335254,0.07175289868332944,0.32855254673476836,304.4502203984034,109.5001843303116,539.0936825553109
CONMEBOL vs CONCACAF,CONMEBOL,CONCACAF,2010-12,0.19112234807710002,0.07233221860451282,0.3291018769284096,305.4900895030808,110.431855848378,540.0573521820146
CONMEBOL vs CONCACAF,CONMEBOL,CONCACAF,2011-01,0.19170730731564728,0.0729101893047174,0.32965042979442316,306.52374203890463,111.35982172343932,541.0122783433585
CONMEBOL vs CONCACAF,CONMEBOL,CONCACAF,2011-02,0.1922880409171104,0.07348669553350229,0.33019814448328777,307.55082408407685,112.28380337012759,541.95818465928
CONMEBOL vs CONCACAF,CONMEBOL,CONCACAF,2011-03,0.19286436098960563,0.07406738793147878,0.33074496014548205,308.5709807554413,113.2035214212803,542.8947941056364
CONMEBOL vs CONCACAF,CONMEBOL,CONCACAF,2011-04,0.19343607964124437,0.0746478756446551,0.3312908159314769,309.58385622616225,114.11869573993388,543.829509866373
CONMEBOL vs CONCACAF,CONMEBOL,CONCACAF,2011-05,0.19400300898014294,0.07522603681471592,0.33183565099175255,310.58909374452503,115.02904543208214,545.046868729094
CONMEBOL vs CONCACAF,CONMEBOL,CONCACAF,2011-06,0.1945649611144173,0.0758017386787274,0.3323794044767836,311.5863356538119,115.93428886017556,546.2562948772514
CONMEBOL vs CONCACAF,CONMEBOL,CONCACAF,2011-07,0.19512174815217923,0.07637484847375227,0.33292201553704587,312.57522341328286,116.8341436573621,547.4574420346098
CONMEBOL vs CONCACAF,CONMEBOL,CONCACAF,2011-08,0.1956731822015447,0.07694523343685673,0.33346342332301554,313.55539762028826,117.72832674253274,548.6499630560998
CONMEBOL vs CONCACAF,CONMEBOL,CONCACAF,2011-09,0.19621907537062996,0.07751276080510787,0.33400356698517036,314.5264980334689,118.61655433608142,549.8335099413558
CONMEBOL vs CONCACAF,CONMEBOL,CONCACAF,2011-10,0.19675923976754653,0.07807729781557012,0.33454238567398287,315.48816359706984,119.49854197645111,551.0077338490214
CONMEBOL vs CONCACAF,CONMEBOL,CONCACAF,2011-11,0.19729348750041054,0.07863871170530871,0.33507981853993274,316.440032466396,120.37400453745285,552.1722851118202
CONMEBOL vs CONCACAF,CONMEBOL,CONCACAF,2011-12,0.19782163067733805,0.07919686971139095,0.3356158047334959,317.3817420343641,121.2426562463325,553.3268132523622
CONMEBOL vs CONCACAF,CONMEBOL,CONCACAF,2012-01,0.1983434814064408,0.07975163907087937,0.3361502834051449,318.3129289591764,122.10421070261745,554.470966999703
CONMEBOL vs CONCACAF,CONMEBOL,CONCACAF,2012-02,0.19885885179583496,0.08030288702084194,0.33668319370535854,319.23322919314376,122.95838089774172,555.6043943066921
CONMEBOL vs CONCACAF,CONMEBOL,CONCACAF,2012-03,0.1993675539536364,0.08085048079834488,0.33721447478461447,320.14227801261086,123.80487923543403,556.7267423680576
CONMEBOL vs CONCACAF,CONMEBOL,CONCACAF,2012-04,0.19986939998795697,0.08139726159057631,0.33774406579338634,321.0397100490115,124.64341755287383,557.8376576392525
CONMEBOL vs CONCACAF,CONMEBOL,CONCACAF,2012-05,0.20036420200691274,0.08194184179411734,0.33827190588214995,321.9251593210754,125.4737071426486,558.9367858560909
CONMEBOL vs CONCACAF,CONMEBOL,CONCACAF,2012-06,0.20085177211861965,0.08248260257865825,0.33879793420138415,322.7982592681441,126.29545877546036,560.1469563535092
CONMEBOL vs CONCACAF,CONMEBOL,CONCACAF,2012-07,0.20133192243118955,0.08301941484422698,0.3393220899015623,323.6586427846194,127.10838272362068,561.3380332068161
CONMEBOL vs CONCACAF,CONMEBOL,CONCACAF,2012-08,0.20180446505273852,0.08355214949085332,0.33983725502047957,324.50594225556586,127.91837160663403,562.5126488293013
CONMEBOL vs CONCACAF,CONMEBOL,CONCACAF,2012-09,0.2022692120913824,0.08408067741856723,0.3403498548405174,325.3397895934245,128.72164167871406,563.6702589663274
CONMEBOL vs CONCACAF,CONMEBOL,CONCACAF,2012-10,0.20272597565523326,0.08460486952739649,0.3408605911089543,326.15981627586024,129.5156291243081,564.8103185070879
CONMEBOL vs CONCACAF,CONMEBOL,CONCACAF,2012-11,0.20317461500608366,0.08513133281577256,0.3413694022917153,326.9657353023129,130.30011207425554,565.9323713081518
CONMEBOL vs CONCACAF,CONMEBOL,CONCACAF,2012-12,0.2036151780204333,0.08565535668010998,0.3418761926515287,327.75758727683643,131.07512132131285,567.0363200485601
CONMEBOL vs CONCACAF,CONMEBOL,CONCACAF,2013-01,0.2040477597284545,0.08617506081598383,0.34238085790031336,328.5354951812989,131.84075118047912,568.1221579042622
CONMEBOL vs CONCACAF,CONMEBOL,CONCACAF,2013-02,0.20447245516032372,0.08669036830621671,0.34288329374999865,329.29958252357517,132.59709634851043,569.1898789215788
CONMEBOL vs CONCACAF,CONMEBOL,CONCACAF,2013-03,0.204889359346217,0.08720120223362762,0.3433833959125097,330.04997332830413,133.34425189922953,570.2394780135901
CONMEBOL vs CONCACAF,CONMEBOL,CONCACAF,2013-04,0.20529856731630708,0.08760161972789841,0.34375625592292514,330.78679212772727,134.08231327880304,571.2709509564537
CONMEBOL vs CONCACAF,CONMEBOL,CONCACAF,2013-05,0.2057001741007702,0.08797324451375803,0.344093882589392,331.5101639526266,134.81137630101458,572.2842943856995
CONMEBOL vs CONCACAF,CONMEBOL,CONCACAF,2013-06,0.20609427472978237,0.0883379129842472,0.3444242219216624,332.2202143233289,135.53153714249765,573.2795057924181
CONMEBOL vs CONCACAF,CONMEBOL,CONCACAF,2013-07,0.20648096423351647,0.08869571132307681,0.3447505125883025,332.9170692407964,136.24289233793485,574.2565835194183
CONMEBOL vs CONCACAF,CONMEBOL,CONCACAF,2013-08,0.2068603376421486,0.08904672571395991,0.34507283248407494,333.60085517782426,136.83797192897143,575.2155267573278
CONMEBOL vs CONCACAF,CONMEBOL,CONCACAF,2013-09,0.20723248998585475,0.08950364368735694,0.3453912595037404,334.2716990703105,137.38079226866938,576.1563355406236
CONMEBOL vs CONCACAF,CONMEBOL,CONCACAF,2013-10,0.20759751629480808,0.09005155452382105,0.345705871542058,334.92972830862,137.91274815174344,577.0790107436018
CONMEBOL vs CONCACAF,CONMEBOL,CONCACAF,2013-11,0.20795551159918446,0.09059238893924211,0.34601674649378855,335.5750707290595,138.43398380097443,577.9835540763132
CONMEBOL vs CONCACAF,CONMEBOL,CONCACAF,2013-12,0.20830657092915988,0.09112604051537136,0.34628889274388963,336.20785460543294,138.944643919415,578.8699680804311
CONMEBOL vs CONCACAF,CONMEBOL,CONCACAF,2014-01,0.2086507893149075,0.09165240283395826,0.34654698061407824,336.8282086406962,139.44487368166776,579.738256125043
CONMEBOL vs CONCACAF,CONMEBOL,CONCACAF,2014-02,0.20898826178660326,0.09217136947675574,0.34679783350954385,337.43626195872685,139.93481872517202,580.5884224024354
CONMEBOL vs CONCACAF,CONMEBOL,CONCACAF,2014-03,0.20931908337442307,0.09245261279986554,0.3470416398960389,338.03214409618204,140.41462514147642,581.1180108855369
CONMEBOL vs CONCACAF,CONMEBOL,CONCACAF,2014-04,0.20964334910854013,0.0926448113511897,0.3472785882393132,338.61598499445955,140.88443946750485,581.6263063152252
CONMEBOL vs CONCACAF,CONMEBOL,CONCACAF,2014-05,0.20996115401913046,0.09276111050871463,0.34750886700511996,339.1879149917797,141.34440867685092,582.1199264335951
CONMEBOL vs CONCACAF,CONMEBOL,CONCACAF,2014-06,0.2102725931363698,0.09287031306882869,0.3477326646592115,339.74806481535876,141.7946801710451,582.5991675101396
CONMEBOL vs CONCACAF,CONMEBOL,CONCACAF,2014-07,0.21057776149043156,0.0929727329670067,0.3479501696673377,340.2965655736925,142.2354017708361,583.0639232194641
CONMEBOL vs CONCACAF,CONMEBOL,CONCACAF,2014-08,0.21087675411149157,0.09306868413872285,0.3481615704952535,340.83354874896264,142.66672170748652,583.4948685420804
CONMEBOL vs CONCACAF,CONMEBOL,CONCACAF,2014-09,0.21116966602972567,0.09315848051945289,0.348367055608707,341.3591461895414,142.94714617602853,583.9125953559549
CONMEBOL vs CONCACAF,CONMEBOL,CONCACAF,2014-10,0.21145659227530722,0.09324243604467002,0.3485668134734522,341.8734901026084,143.08599832355634,584.4542639861924
CONMEBOL vs CONCACAF,CONMEBOL,CONCACAF,2014-11,0.21173762787841213,0.09338958642166414,0.34876103255524066,342.3767130468959,143.21556609067937,585.1110987594717
CONMEBOL vs CONCACAF,CONMEBOL,CONCACAF,2014-12,0.2120128678692161,0.09362451856383372,0.34894990131982395,342.8689479255346,143.33634585856115,585.7532087670663
CONMEBOL vs CONCACAF,CONMEBOL,CONCACAF,2015-01,0.21228240727789272,0.09385432489312513,0.3491336082329544,343.35032797901675,143.44883441009597,586.3805604611404
CONMEBOL vs CONCACAF,CONMEBOL,CONCACAF,2015-02,0.21254634113461762,0.09408525977026208,0.3493123417603827,343.82098677828924,143.5535289005043,586.8298786838308
CONMEBOL vs CONCACAF,CONMEBOL,CONCACAF,2015-03,0.21280476446956662,0.09432279936856185,0.34948629036786205,344.2810582179529,143.6509268285826,587.109640040978
CONMEBOL vs CONCACAF,CONMEBOL,CONCACAF,2015-04,0.21305777231291337,0.0944631085487159,0.34965564252114395,344.73067650958075,143.7556620944103,587.3775227410312
CONMEBOL vs CONCACAF,CONMEBOL,CONCACAF,2015-05,0.2133054596948335,0.09476975583243182,0.34982058668597915,345.16997617516887,144.14892494239604,587.633696199366
CONMEBOL vs CONCACAF,CONMEBOL,CONCACAF,2015-06,0.2135479216455027,0.09497716505321878,0.34998131132811994,345.5990920406966,144.75004970650414,587.878330232178
CONMEBOL vs CONCACAF,CONMEBOL,CONCACAF,2015-07,0.21378525319509478,0.09518003956731223,0.35013800491331865,346.01815922980967,145.15056495885472,588.1115950506764
CONMEBOL vs CONCACAF,CONMEBOL,CONCACAF,2015-08,0.21401754937378528,0.09531429224978578,0.35029085590732695,346.42731315763626,145.27657346885397,588.3336612550473
CONMEBOL vs CONCACAF,CONMEBOL,CONCACAF,2015-09,0.21424490521174988,0.0954213449733468,0.35044005277589707,346.8266895247159,145.74810814172298,588.6208433239422
CONMEBOL vs CONCACAF,CONMEBOL,CONCACAF,2015-10,0.2144674157391624,0.09552377138804169,0.3507232011470688,347.2164243110542,146.26841012357096,589.1518964074909
CONMEBOL vs CONCACAF,CONMEBOL,CONCACAF,2015-11,0.21468517598619846,0.09562182945990498,0.35101506984955216,347.5966537703106,146.6824924212576,589.668333887652
CONMEBOL vs CONCACAF,CONMEBOL,CONCACAF,2015-12,0.21489828098303362,0.0957157771549694,0.351301542822863,347.9675144241025,146.82354240687627,590.170143326973
CONMEBOL vs CONCACAF,CONMEBOL,CONCACAF,2016-01,0.21510682575984177,0.09580587243926511,0.35158268675796606,348.32914305643635,146.9629267772524,590.6573126224688
CONMEBOL vs CONCACAF,CONMEBOL,CONCACAF,2016-02,0.21531090534679856,0.09589237327882581,0.3518585683458287,348.6816767082735,147.0959035891809,591.1298300212432
CONMEBOL vs CONCACAF,CONMEBOL,CONCACAF,2016-03,0.2155106147740794,0.09597553763968505,0.352129254277418,349.02525267221375,147.22287663534806,591.5876841359378
CONMEBOL vs CONCACAF,CONMEBOL,CONCACAF,2016-04,0.2157060490718584,0.09605562348787396,0.35239481124369876,349.36000848730765,147.34424983625948,592.0308639600521
CONMEBOL vs CONCACAF,CONMEBOL,CONCACAF,2016-05,0.21589730327031098,0.09613288878942604,0.3526553059356383,349.68608193400354,147.46042721421492,592.4593588831154
CONMEBOL vs CONCACAF,CONMEBOL,CONCACAF,2016-06,0.21608447239961276,0.09620759151037328,0.3529108050442047,350.0036110292154,147.57181286821526,592.8731587057129
CONMEBOL vs CONCACAF,CONMEBOL,CONCACAF,2016-07,0.21626765148993768,0.09627998961674678,0.353161375260361,350.3127340215188,147.67881094983184,593.2722536543411
CONMEBOL vs CONCACAF,CONMEBOL,CONCACAF,2016-08,0.21644693557146133,0.09635313347263001,0.35340708327507614,350.61358938648294,147.79854808313763,593.656634396146
CONMEBOL vs CONCACAF,CONMEBOL,CONCACAF,2016-09,0.2166224196743591,0.09642691866517623,0.3536479957793157,350.9063158221241,148.0283648144988,594.026292053474
CONMEBOL vs CONCACAF,CONMEBOL,CONCACAF,2016-10,0.21679419882880524,0.09649904770208888,0.35388417946404704,351.1910522444882,148.25458854091875,594.3812182182718
CONMEBOL vs CONCACAF,CONMEBOL,CONCACAF,2016-11,0.21696236806497507,0.09656977313173983,0.35411570102023476,351.4679377833696,148.47971467884565,594.7214049663447
CONMEBOL vs CONCACAF,CONMEBOL,CONCACAF,2016-12,0.21712702241304405,0.09663934750250283,0.3543426271388479,351.7371117781515,148.7105374542324,595.0468448714332
CONMEBOL vs CONCACAF,CONMEBOL,CONCACAF,2017-01,0.21728825690318643,0.09670802336274802,0.35456502451085026,351.99871377377644,148.93878066659525,595.3575310191278
CONMEBOL vs CONCACAF,CONMEBOL,CONCACAF,2017-02,0.21744616656557766,0.09677605326085063,0.3547829598272101,352.2528835168526,149.16476475184598,595.653457020631
CONMEBOL vs CONCACAF,CONMEBOL,CONCACAF,2017-03,0.21760084643039307,0.09684368974518098,0.3549964997788937,352.49976095188146,149.38881023195677,595.9346170263397
CONMEBOL vs CONCACAF,CONMEBOL,CONCACAF,2017-04,0.21775239152780684,0.09691118536411177,0.355205711056865,352.73948621761707,149.61123769828401,596.20100573925
CONMEBOL vs CONCACAF,CONMEBOL,CONCACAF,2017-05,0.21790089688799455,0.0969787926660167,0.35541066035209384,352.97219964355895,149.88179958062176,596.4526184282091
CONMEBOL vs CONCACAF,CONMEBOL,CONCACAF,2017-06,0.21804645754113156,0.09704676419926841,0.35561141435554655,353.19804174656764,150.17676012610525,596.6894509409724
CONMEBOL vs CONCACAF,CONMEBOL,CONCACAF,2017-07,0.21818916851739203,0.09711535251223805,0.35580803975818626,353.41715322761115,150.4726513858982,596.9114997170897
CONMEBOL vs CONCACAF,CONMEBOL,CONCACAF,2017-08,0.21832912484695138,0.09718527985283928,0.3560006032509827,353.6296749686441,150.76981777137388,597.1187618006174
CONMEBOL vs CONCACAF,CONMEBOL,CONCACAF,2017-09,0.21846642155998508,0.0972973677500637,0.3561891715249007,353.8357480296103,151.06860356635434,597.31123485263
CONMEBOL vs CONCACAF,CONMEBOL,CONCACAF,2017-10,0.21860115368666733,0.09749502151892679,0.3563738112709074,354.0355136455738,151.3693529074271,597.4889171635721
CONMEBOL vs CONCACAF,CONMEBOL,CONCACAF,2017-11,0.21873341625717355,0.09769609733776141,0.3565545891799685,354.22911322398437,151.672409764198,597.6518076653953
CONMEBOL vs CONCACAF,CONMEBOL,CONCACAF,2017-12,0.21886330430167916,0.09789945846420589,0.35673157194305205,354.41668834206314,151.97811791946526,597.7999059435325
CONMEBOL vs CONCACAF,CONMEBOL,CONCACAF,2018-01,0.21899091285035838,0.09810533129154693,0.3569048262511227,354.59838074431866,152.28682094931645,597.9332122486485
CONMEBOL vs CONCACAF,CONMEBOL,CONCACAF,2018-02,0.21911633693338659,0.09831394221307739,0.3570744187951479,354.77433234019367,152.59886220318282,598.0517275082304
CONMEBOL vs CONCACAF,CONMEBOL,CONCACAF,2018-03,0.21923967158093924,0.09852551762208664,0.3572348007372642,354.9446852018336,152.9145847837946,598.1554533379532
CONMEBOL vs CONCACAF,CONMEBOL,CONCACAF,2018-04,0.21936101182319057,0.09874028391186229,0.3573899561377432,355.1095815619836,153.2343315270884,598.2443920528597
CONMEBOL vs CONCACAF,CONMEBOL,CONCACAF,2018-05,0.21948045269031596,0.09895846747569635,0.3575416520358576,355.26916381201426,153.55844498205838,598.3185466783315
CONMEBOL vs CONCACAF,CONMEBOL,CONCACAF,2018-06,0.21959808921249077,0.09918029470687806,0.35768995918443686,355.42357450007023,153.88726739052572,598.3779209608628
CONMEBOL vs CONCACAF,CONMEBOL,CONCACAF,2018-07,0.2197140164198894,0.09940599199869604,0.35783494833631146,355.5729563293438,154.1815680635721,598.4225193786227
CONMEBOL vs CONCACAF,CONMEBOL,CONCACAF,2018-08,0.21982832934268715,0.09963578574443965,0.35797669024430834,355.7174521564775,154.2303617563672,598.452347151808
CONMEBOL vs CONCACAF,CONMEBOL,CONCACAF,2018-09,0.21994112301105936,0.09986990233740248,0.3581152556612596,355.85720499008835,154.13208214811144,598.4674102527831
CONMEBOL vs CONCACAF,CONMEBOL,CONCACAF,2018-10,0.22005249245518044,0.10010856817086959,0.358250715339994,355.99235798941515,154.01279592077398,598.4677154160148
CONMEBOL vs CONCACAF,CONMEBOL,CONCACAF,2018-11,0.22016253270522568,0.10035200963813305,0.35838314003334004,356.12305446309415,153.87235159774417,598.4532701477784
CONMEBOL vs CONCACAF,CONMEBOL,CONCACAF,2018-12,0.2202713387913704,0.10060045313248293,0.35851260049413,356.2494378680539,154.0942638779496,598.4240827356523
CONMEBOL vs CONCACAF,CONMEBOL,CONCACAF,2019-01,0.22037900574378913,0.10085412504720868,0.35863916747519,356.37165180853407,154.32752620083005,598.3801622577948
CONMEBOL vs CONCACAF,CONMEBOL,CONCACAF,2019-02,0.220485628592657,0.10111325177559793,0.35876291172935204,356.4898400352282,154.56467859404074,598.4994196016179
CONMEBOL vs CONCACAF,CONMEBOL,CONCACAF,2019-03,0.2205913023681495,0.10133723348849473,0.35888390400944575,356.6041464445472,154.80601315690873,598.7652213309368
CONMEBOL vs CONCACAF,CONMEBOL,CONCACAF,2019-04,0.22069612210044098,0.10144654732819576,0.35900221506829894,356.71471507800277,155.05182178187414,598.6053464782204
CONMEBOL vs CONCACAF,CONMEBOL,CONCACAF,2019-05,0.22080018281970673,0.10155599692060183,0.35911791565874285,356.82169012171573,155.24567643623158,598.419503181283
CONMEBOL vs CONCACAF,CONMEBOL,CONCACAF,2019-06,0.22090357955612214,0.10166568475775013,0.35923107653360536,356.92521590604156,155.37436075355464,598.1686495337274
CONMEBOL vs CONCACAF,CONMEBOL,CONCACAF,2019-07,0.22100640733986146,0.10177571333167622,0.35934176844571847,357.0254369053157,155.51961334558862,597.8644646690946
CONMEBOL vs CONCACAF,CONMEBOL,CONCACAF,2019-08,0.2211087612011002,0.10188618513441652,0.35945006214790926,357.1224977377222,155.69980028831827,597.6611257343468
CONMEBOL vs CONCACAF,CONMEBOL,CONCACAF,2019-09,0.2212107361700136,0.10199720265800653,0.35955602839300815,357.2165431652767,155.8897250411751,597.4997652945045
CONMEBOL vs CONCACAF,CONMEBOL,CONCACAF,2019-10,0.22131240272229447,0.10210886328382905,0.3596597286121247,357.3077049284912,156.08961503107648,597.2729459345194
CONMEBOL vs CONCACAF,CONMEBOL,CONCACAF,2019-11,0.22141373311570978,0.10222124395065202,0.3597611869494815,357.39606228811624,156.29898862685957,597.1603312374914
CONMEBOL vs CONCACAF,CONMEBOL,CONCACAF,2019-12,0.22151467505354488,0.10233441648658807,0.35986041822758197,357.48168157381326,156.5171874558859,596.9847312910802
CONMEBOL vs CONCACAF,CONMEBOL,CONCACAF,2020-01,0.2216151762390844,0.1024484527197533,0.3599525850769543,357.564629330241,156.74355376805192,596.7985147254599
CONMEBOL vs CONCACAF,CONMEBOL,CONCACAF,2020-02,0.2217151843756136,0.10256342447826024,0.3600414490451201,357.64497228806346,156.9774304914753,596.6026287345564
CONMEBOL vs CONCACAF,CONMEBOL,CONCACAF,2020-03,0.22181464716641786,0.10267940359022418,0.36012792596587034,357.7227773363935,157.21816128351068,596.3980195901274
CONMEBOL vs CONCACAF,CONMEBOL,CONCACAF,2020-04,0.22191351231478168,0.10278322462200613,0.36021205457906247,357.7981114966822,157.4650905771084,596.3770150655739
CONMEBOL vs CONCACAF,CONMEBOL,CONCACAF,2020-05,0.22201172752399043,0.10287596920796167,0.3602938736245581,357.87104189805177,157.7175636225265,597.0296544407685
CONMEBOL vs CONCACAF,CONMEBOL,CONCACAF,2020-06,0.2221092404973295,0.1030003555549738,0.3603734218422174,357.94163575407424,157.9749265243872,597.6886729761816
CONMEBOL vs CONCACAF,CONMEBOL,CONCACAF,2020-07,0.2222059989380834,0.10312619885426262,0.36045073797189936,358.00996034099296,157.85981102261476,598.3528197167027
CONMEBOL vs CONCACAF,CONMEBOL,CONCACAF,2020-08,0.22230195054953747,0.10342661249521998,0.36052586075346577,358.07608297739455,158.023747948466,599.0208454176627
CONMEBOL vs CONCACAF,CONMEBOL,CONCACAF,2020-09,0.22239704303497698,0.10379134503104134,0.3605988289267756,358.14007100532035,158.57575950767054,599.6915025987822
CONMEBOL vs CONCACAF,CONMEBOL,CONCACAF,2020-10,0.22249122409768668,0.10416672760178206,0.36066968123168996,358.2019917728241,159.03434333327368,600.2410796448652
CONMEBOL vs CONCACAF,CONMEBOL,CONCACAF,2020-11,0.2225844414409518,0.10440884428437829,0.3607384564080678,358.2619126179712,159.34395332202757,600.5199571511719
CONMEBOL vs CONCACAF,CONMEBOL,CONCACAF,2020-12,0.22267664276805757,0.1048149736254568,0.36080519319577004,358.31990085427674,159.54734541137375,600.7979718641986
CONMEBOL vs CONCACAF,CONMEBOL,CONCACAF,2021-01,0.22276777578228873,0.10486823506222875,0.3608699303346575,358.3760237575805,159.80037932040625,601.074576616151
CONMEBOL vs CONCACAF,CONMEBOL,CONCACAF,2021-02,0.22285778818693053,0.10470514362684917,0.3609327065645885,358.4303485543588,160.05312779689513,601.3492252350787
CONMEBOL vs CONCACAF,CONMEBOL,CONCACAF,2021-03,0.2229466276852683,0.1045409130088347,0.3609935606254247,358.48294241146436,160.30500446273274,601.6213725435855
CONMEBOL vs CONCACAF,CONMEBOL,CONCACAF,2021-04,0.22303424198058663,0.104377593266241,0.36105253125702524,358.5338724272979,160.55542388693928,601.8904743535962
CONMEBOL vs CONCACAF,CONMEBOL,CONCACAF,2021-05,0.22312057877617084,0.10453627944416458,0.36117256769150036,358.58320562440235,160.803801573662,602.1559874572157
CONMEBOL vs CONCACAF,CONMEBOL,CONCACAF,2021-06,0.2232055857753063,0.10480611831892661,0.36121944759057495,358.6310089434802,160.680933854253,602.4173696136662
CONMEBOL vs CONCACAF,CONMEBOL,CONCACAF,2021-07,0.22328921068127752,0.10507827006973365,0.36124342290596445,358.6773492388276,160.68191385615597,602.6101679214502
CONMEBOL vs CONCACAF,CONMEBOL,CONCACAF,2021-08,0.2233714011973699,0.10535250334116966,0.3613064850635193,358.72229327518374,160.84481388032486,602.7949433770234
CONMEBOL vs CONCACAF,CONMEBOL,CONCACAF,2021-09,0.22345210502686869,0.10562858677781799,0.3613995724691517,358.76590772599064,161.04536824049043,602.9745772436049
CONMEBOL vs CONCACAF,CONMEBOL,CONCACAF,2021-10,0.22353126987305857,0.10591461791043853,0.3614890051702672,358.80825917305964,161.25028296898572,603.1049867357162
CONMEBOL vs CONCACAF,CONMEBOL,CONCACAF,2021-11,0.2236088434392248,0.10620426252377327,0.36157470689443477,358.8494141076426,161.45972445343116,602.4566835339673
CONMEBOL vs CONCACAF,CONMEBOL,CONCACAF,2021-12,0.22368477342865262,0.10649458283979683,0.3616566013692243,358.88943893290343,161.76589204138355,601.8111688195539
CONMEBOL vs CONCACAF,CONMEBOL,CONCACAF,2022-01,0.22375900754462685,0.10678531427027092,0.3617346123222039,358.92839996778537,162.17776785612728,601.1695644241082
CONMEBOL vs CONCACAF,CONMEBOL,CONCACAF,2022-02,0.22383149349043266,0.1070761922269591,0.3618086634809435,358.9663634522746,162.59150840764545,600.5329896082238
CONMEBOL vs CONCACAF,CONMEBOL,CONCACAF,2022-03,0.22390217896935527,0.10736695212162499,0.36187867857301215,359.0033955540543,162.86882530345073,599.9025611397353
CONMEBOL vs CONCACAF,CONMEBOL,CONCACAF,2022-04,0.22397101168467956,0.10765732936602856,0.3619344326972548,359.03956237654836,162.91795113079777,599.2793933833447
CONMEBOL vs CONCACAF,CONMEBOL,CONCACAF,2022-05,0.22403793933969054,0.10794705937193524,0.36198132241909764,359.0749299683519,163.32809703547042,598.6645984016119
CONMEBOL vs CONCACAF,CONMEBOL,CONCACAF,2022-06,0.22410290963767374,0.10823587755110756,0.3620245698033293,359.10956433404846,163.58251499940678,598.0592860672367
CONMEBOL vs CONCACAF,CONMEBOL,CONCACAF,2022-07,0.22416587028191376,0.10841476948323572,0.3620641445997567,359.1435314464095,163.74139430686415,597.4645641866387
CONMEBOL vs CONCACAF,CONMEBOL,CONCACAF,2022-08,0.2242267689756958,0.10853481676955071,0.3621000165581911,359.1768972599799,163.88955525897563,596.8815386347868
CONMEBOL vs CONCACAF,CONMEBOL,CONCACAF,2022-09,0.22428555342230516,0.10863550414708141,0.3621321554284409,359.2097277260453,163.98636999708887,596.418612846701
CONMEBOL vs CONCACAF,CONMEBOL,CONCACAF,2022-10,0.22434217132502662,0.10871760974925201,0.3621605309603165,359.2420888089834,164.00772886832573,596.6920791017274
CONMEBOL vs CONCACAF,CONMEBOL,CONCACAF,2022-11,0.22439657038714544,0.10879072232934402,0.36218504804822793,359.2740465040003,164.24872570872782,596.937764823126
CONMEBOL vs CONCACAF,CONMEBOL,CONCACAF,2022-12,0.2244486983119467,0.10885443416804912,0.3622053748227128,359.305666856252,164.33446987192661,597.1544866577075
CONMEBOL vs CONCACAF,CONMEBOL,CONCACAF,2023-01,0.22449850280271533,0.10890833754605485,0.3622799361852542,359.33701598135565,164.4067373036889,597.3410610320404
CONMEBOL vs CONCACAF,CONMEBOL,CONCACAF,2023-02,0.2245459315627365,0.10895202474405119,0.3622565987136455,359.36816008729073,164.46497341792644,597.4963040173354
CONMEBOL vs CONCACAF,CONMEBOL,CONCACAF,2023-03,0.22459093229529542,0.10899680093921633,0.36226422110984996,359.3991654976965,164.50862319088532,597.6190311891182
CONMEBOL vs CONCACAF,CONMEBOL,CONCACAF,2023-04,0.2246334527036769,0.10903390294517289,0.3622788949651514,359.4300986765674,164.53713105432917,597.7080574816962
CONMEBOL vs CONCACAF,CONMEBOL,CONCACAF,2023-05,0.2246734404911662,0.10905935299060347,0.3622872713041554,359.46102625435555,164.5499407846376,597.7621970373971
CONMEBOL vs CONCACAF,CONMEBOL,CONCACAF,2023-06,0.22471084336104852,0.10907272592639017,0.36228966435882043,359.49201505548206,164.54649538779955,597.7802630505288
CONMEBOL vs CONCACAF,CONMEBOL,CONCACAF,2023-07,0.2247456090166086,0.1090735966034098,0.3622861276749854,359.52313212726835,164.5262369802522,597.7610676060435
CONMEBOL vs CONCACAF,CONMEBOL,CONCACAF,2023-08,0.22477768516113175,0.10906153987254177,0.3622765630248101,359.5544447702936,164.48860666560228,597.7034215128913
CONMEBOL vs CONCACAF,CONMEBOL,CONCACAF,2023-09,0.22480701949790305,0.10924009594490065,0.36226087218045,359.586020570188,164.48252661727616,597.6061341319981
CONMEBOL vs CONCACAF,CONMEBOL,CONCACAF,2023-10,0.2248335597302075,0.10945828618869476,0.3622389569140632,359.61792743087136,164.59675856032317,597.4680131988389
CONMEBOL vs CONCACAF,CONMEBOL,CONCACAF,2023-11,0.2248572535613302,0.10968035669377461,0.36221071899780605,359.6502336092505,164.7249848262477,597.2878646405737
CONMEBOL vs CONCACAF,CONMEBOL,CONCACAF,2023-12,0.22487804869455627,0.1098212721870707,0.3622361356863205,359.6830077513862,164.86776497891503,597.0644923876882
CONMEBOL vs CONCACAF,CONMEBOL,CONCACAF,2024-01,0.22489589283317074,0.10992862199036534,0.3622934992967143,359.71631893014273,165.02566011192974,596.7966981800896
CONMEBOL vs CONCACAF,CONMEBOL,CONCACAF,2024-02,0.22491073368045872,0.1100445207923496,0.36236340213981283,359.7502366843392,165.19923300834745,596.4832813676023
CONMEBOL vs CONCACAF,CONMEBOL,CONCACAF,2024-03,0.22492251893970522,0.11014299115227569,0.3623821627434598,359.7848310594134,165.38904830609474,596.1197384764026
CONMEBOL vs CONCACAF,CONMEBOL,CONCACAF,2024-04,0.2249311963141954,0.10963848318885501,0.3622678526331546,359.8201726496198,165.59567266911378,595.8887844147627
CONMEBOL vs CONCACAF,CONMEBOL,CONCACAF,2024-05,0.2249367135072143,0.10910377293543401,0.3621167196477801,359.85633264178097,165.8196749642896,596.1551227148249
CONMEBOL vs CONCACAF,CONMEBOL,CONCACAF,2024-06,0.22493901822204707,0.10854146166656946,0.36212510307473283,359.8933828606099,166.06162644423685,596.4228970162721
CONMEBOL vs CONCACAF,CONMEBOL,CONCACAF,2024-07,0.2249380581619787,0.10819714955672763,0.3621336735402695,359.93139581562895,165.32686071538635,596.721255717237
CONMEBOL vs CONCACAF,CONMEBOL,CONCACAF,2024-08,0.22493378103029432,0.10838609597549924,0.3621421842912206,359.9704447497068,164.39823198361873,597.3645707899443
CONMEBOL vs CONCACAF,CONMEBOL,CONCACAF,2024-09,0.22492613453027896,0.10857821692597099,0.36214995954931917,360.0106036892411,163.4271073071587,598.0491358693325
CONMEBOL vs CONCACAF,CONMEBOL,CONCACAF,2024-10,0.22491506636521777,0.10877206913186672,0.36215469694765523,360.0519474960101,163.53878485554264,598.7759746210608
CONMEBOL vs CONCACAF,CONMEBOL,CONCACAF,2024-11,0.22490052423839577,0.10883982771833342,0.3621383365985261,360.09455192072795,163.90287331172158,599.5461211913296
CONMEBOL vs CONCACAF,CONMEBOL,CONCACAF,2024-12,0.224882455853098,0.10893575761910261,0.3621200187954774,360.13849365832823,163.4239596714036,599.0071573771419
CONMEBOL vs CONCACAF,CONMEBOL,CONCACAF,2025-01,0.22486080891260965,0.10878693283039045,0.3620997461205693,360.1838504050125,163.6984794715989,599.5747811696452
CONMEBOL vs CONCACAF,CONMEBOL,CONCACAF,2025-02,0.22483553112021581,0.1084789209895188,0.36207752115586034,360.2307009170978,163.91544573129,600.0979606958017
CONMEBOL vs CONCACAF,CONMEBOL,CONCACAF,2025-03,0.22480657017920133,0.10864212288363753,0.36205334648341325,360.2791250716982,163.42526708577876,600.5992260773093
CONMEBOL vs CONCACAF,CONMEBOL,CONCACAF,2025-04,0.22477387379285163,0.10884222293636277,0.36181771327424894,360.3292039292802,162.89673424478312,600.5123272295896
CONMEBOL vs CONCACAF,CONMEBOL,CONCACAF,2025-05,0.22473738966445153,0.108534402550753,0.36146953672960924,360.38101979813365,162.26745306306904,600.0599044547175
CONMEBOL vs CONCACAF,CONMEBOL,CONCACAF,2025-06,0.22469706549728613,0.10821656955130661,0.3610835443507024,360.43465630080084,162.11034715094337,600.1895292548747
CONMEBOL vs CONCACAF,CONMEBOL,CONCACAF,2025-07,0.22465284899464066,0.1079105222064316,0.36066168064814225,360.49019844250734,160.89049982106323,600.4792918200565
CONMEBOL vs CONCACAF,CONMEBOL,CONCACAF,2025-08,0.22460468785980012,0.1078911098929534,0.36034459659602097,360.5477326816467,160.75867377847223,599.9211995274832
CONMEBOL vs CONCACAF,CONMEBOL,CONCACAF,2025-09,0.22455252979604942,0.10736835125890658,0.35979519804998955,360.60734700236696,161.41305826528568,599.8016385445452
CONMEBOL vs CONCACAF,CONMEBOL,CONCACAF,2025-10,0.22449632250667398,0.10694203509073641,0.3593005835648741,360.66913098931064,162.04752459008185,600.9984880073607
CONMEBOL vs CONCACAF,CONMEBOL,CONCACAF,2025-11,0.2244360136949587,0.10657088201386733,0.35880961424228947,360.7331759045685,162.82142584556146,601.9212039246967
CONMEBOL vs CONCACAF,CONMEBOL,CONCACAF,2025-12,0.22437155106418846,0.10625817312734216,0.35829442647276455,360.79957476690237,163.24607250621332,602.3459896919414
CONMEBOL vs CONCACAF,CONMEBOL,CONCACAF,2026-01,0.2243028823176487,0.10641528215805295,0.3582739736935831,360.8684224332981,163.72343911763022,602.777499929656
CONMEBOL vs CONCACAF,CONMEBOL,CONCACAF,2026-02,0.2242299551586244,0.10650581587994826,0.3584995954956952,360.93981568291724,162.81176988541313,603.1719390250989
CONMEBOL vs CONCACAF,CONMEBOL,CONCACAF,2026-03,0.22415271729040037,0.10669993939008786,0.3587225469354858,361.01385330351144,161.68621802616744,603.4927382399538
CONMEBOL vs CONCACAF,CONMEBOL,CONCACAF,2026-04,0.224071116416262,0.10619402287689397,0.35893261307995605,361.09063618037095,160.85780390362783,603.9494536380311
CONMEBOL vs CONCACAF,CONMEBOL,CONCACAF,2026-05,0.22398510023949433,0.10571930441419322,0.359187329411209,361.17026738788496,162.00669404427006,604.4134076033381
CONMEBOL vs CONCACAF,CONMEBOL,CONCACAF,2026-06,0.22389461646338216,0.1058142511910674,0.3594396464002733,361.2528522837881,161.8860680134522,605.228404472708
CONMEBOL vs CONCACAF,CONMEBOL,CONCACAF,2026-07,0.22379961279121102,0.10591023192662963,0.35990194693395416,361.33849860617426,161.53290150517574,607.6515389194591
CONMEBOL vs CONCACAF,CONMEBOL,CONCACAF,2026-08,0.2237000369262657,0.10603026355932994,0.3600031770873761,361.4273165733687,161.43234743329506,610.1466038393912
CONMEBOL vs OFC,CONMEBOL,OFC,1992-01,0.05902321759617221,-0.0459181491278664,0.1875141417776144,94.01261078527489,-66.70050535340569,307.96764509348344
CONMEBOL vs OFC,CONMEBOL,OFC,1992-02,0.05847784463890072,-0.04670993007276731,0.18747177903100923,93.2943822392599,-66.90051544846874,307.5297945295249
CONMEBOL vs OFC,CONMEBOL,OFC,1992-03,0.057954857799831366,-0.04681568581938129,0.18702267046834065,92.60592158617521,-67.02931679976335,307.0865269514323
CONMEBOL vs OFC,CONMEBOL,OFC,1992-04,0.05745396199140428,-0.04712230471107972,0.1855038950085882,91.94699911869431,-68.99353450802398,306.69641166542044
CONMEBOL vs OFC,CONMEBOL,OFC,1992-05,0.05697486212605538,-0.04676762417197713,0.18507734701397502,91.31737666227367,-68.72811923785802,306.19923602717313
CONMEBOL vs OFC,CONMEBOL,OFC,1992-06,0.05651726311622056,-0.046214515161045314,0.18473728466036204,90.71680773781732,-69.22553989963396,303.9431006768222
CONMEBOL vs OFC,CONMEBOL,OFC,1992-07,0.05608086987433971,-0.04577393773939433,0.18399799247987997,90.14503772649375,-67.81417619694297,303.4848158446949
CONMEBOL vs OFC,CONMEBOL,OFC,1992-08,0.055665387312848785,-0.04532375706026537,0.18329212817375726,89.60180403649072,-67.56819431678029,303.53104533623815
CONMEBOL vs OFC,CONMEBOL,OFC,1992-09,0.05527052034418403,-0.04523009162453806,0.18260494698289986,89.0868362715442,-67.06127430732747,300.69834890794635
CONMEBOL vs OFC,CONMEBOL,OFC,1992-10,0.054895973880784876,-0.04544605078228443,0.18147013724307007,88.59985640102992,-67.61497472986285,298.29107068524536
CONMEBOL vs OFC,CONMEBOL,OFC,1992-11,0.054541452835087496,-0.04513353666029158,0.18095611498349395,88.140578931417,-67.25647177290247,297.17716546264717
CONMEBOL vs OFC,CONMEBOL,OFC,1992-12,0.05420666211952825,-0.04508792721195487,0.1803416334098558,87.7087110789202,-66.83093719220786,296.14222930378514
CONMEBOL vs OFC,CONMEBOL,OFC,1993-01,0.05389130664654633,-0.04555271995745982,0.1796310090886643,87.30395294315312,-67.21976036769145,295.1848489591469
CONMEBOL vs OFC,CONMEBOL,OFC,1993-02,0.05359509132857804,-0.04581592037499527,0.17953308029879583,86.92599768159009,-67.4628357057082,294.84602670311114
CONMEBOL vs OFC,CONMEBOL,OFC,1993-03,0.05331772107805982,-0.045822596859275276,0.17913373683652792,86.57453168468184,-67.86387493804384,295.663929917429
CONMEBOL vs OFC,CONMEBOL,OFC,1993-04,0.0530589008074306,-0.046299934691403075,0.17871997413590315,86.24923475143649,-68.5009614871976,294.9643893140856
CONMEBOL vs OFC,CONMEBOL,OFC,1993-05,0.052818335429126895,-0.04726317541639191,0.17832408286852866,85.94978026528757,-69.51024987380059,294.840924324614
CONMEBOL vs OFC,CONMEBOL,OFC,1993-06,0.052595729855585256,-0.04731718324297422,0.1780746228037972,85.67583537009918,-70.09519970602932,296.23907188965796
CONMEBOL vs OFC,CONMEBOL,OFC,1993-07,0.05239078899924429,-0.047178883591657644,0.1777142032767314,85.42706114613468,-70.62562264031733,297.5627151793615
CONMEBOL vs OFC,CONMEBOL,OFC,1993-08,0.052203217772540625,-0.04702576665747044,0.17728347091383023,85.20311278582157,-70.7486431562118,298.65561130091413
CONMEBOL vs OFC,CONMEBOL,OFC,1993-09,0.05203272108791104,-0.04691787765863142,0.1769150735217094,85.0036397691719,-70.50861188884373,298.3765513570053
CONMEBOL vs OFC,CONMEBOL,OFC,1993-10,0.05187900385779383,-0.04749601997683008,0.1766054204632215,84.82828603869635,-71.21578981179945,298.09874692220166
CONMEBOL vs OFC,CONMEBOL,OFC,1993-11,0.0517417709946257,-0.04803872825097541,0.1763123912550359,84.67669017366006,-72.09340170329764,297.824270007733
CONMEBOL vs OFC,CONMEBOL,OFC,1993-12,0.051620727410843684,-0.04852780482400369,0.1760357779666646,84.54848556354673,-72.9181165556109,297.58964799608276
CONMEBOL vs OFC,CONMEBOL,OFC,1994-01,0.051515578018885705,-0.04890758273207041,0.17577537266761475,84.44330058058291,-72.58794811319818,297.3707007448264
CONMEBOL vs OFC,CONMEBOL,OFC,1994-02,0.051426027731188755,-0.048487679322030706,0.17553096742739654,84.36075875118573,-72.40908781502769,297.137253271757
CONMEBOL vs OFC,CONMEBOL,OFC,1994-03,0.051351781460189795,-0.048566444007958155,0.17530235431551963,84.30047892620757,-73.02052959484699,295.80709449871824
CONMEBOL vs OFC,CONMEBOL,OFC,1994-04,0.05129254411832658,-0.04843013084542545,0.17508157361701288,84.26207544984618,-73.11913889155745,294.37812497368145
CONMEBOL vs OFC,CONMEBOL,OFC,1994-05,0.05124802061803616,-0.048296951944879526,0.17463837820690226,84.24515832709533,-72.95109503978867,293.06835863588765
CONMEBOL vs OFC,CONMEBOL,OFC,1994-06,0.051217915871755795,-0.04816669137731493,0.1740155552344422,84.24933338962033,-72.78591073359775,291.8753560288898
CONMEBOL vs OFC,CONMEBOL,OFC,1994-07,0.05120193479192288,-0.04803913321372519,0.17413068911448887,84.27420245993996,-72.62329744679666,290.7966620946446
CONMEBOL vs OFC,CONMEBOL,OFC,1994-08,0.0511997822909746,-0.04791406152510239,0.17425771771576495,84.31936351380529,-72.44026307665102,290.44259380839105
CONMEBOL vs OFC,CONMEBOL,OFC,1994-09,0.051211163281348275,-0.047791260382441025,0.17419805089915313,84.3844108406684,-72.25251209856128,290.7521383859549
CONMEBOL vs OFC,CONMEBOL,OFC,1994-10,0.051235782675481144,-0.04767051385673215,0.17408158748875932,84.46893520213663,-72.066757625976,291.10867158103974
CONMEBOL vs OFC,CONMEBOL,OFC,1994-11,0.051273345385810486,-0.04753419517160284,0.17397874350867998,84.57252398831726,-72.16658716756989,291.51075665089354
CONMEBOL vs OFC,CONMEBOL,OFC,1994-12,0.05132355632477379,-0.04739841493816143,0.1738893170927367,84.69476137195448,-72.26669031470507,291.9569547337026
CONMEBOL vs OFC,CONMEBOL,OFC,1995-01,0.0513861204048079,-0.04738595414417989,0.17392636721820884,84.83522846026854,-72.3507553694983,292.4458247954
CONMEBOL vs OFC,CONMEBOL,OFC,1995-02,0.0514607425383504,-0.04740564817205825,0.17419332327418924,84.99350344441656,-72.41895168664915,292.9759235803072
CONMEBOL vs OFC,CONMEBOL,OFC,1995-03,0.05154712763783872,-0.04741528294822865,0.1744834938132638,85.16916174648354,-72.47144946915078,293.54339453864816
CONMEBOL vs OFC,CONMEBOL,OFC,1995-04,0.05164498061570971,-0.04741499380847513,0.1747960245212088,85.36177616393041,-72.48333168589542,294.13857237850647
CONMEBOL vs OFC,CONMEBOL,OFC,1995-05,0.05175400638440084,-0.04740491608857904,0.1751300610838012,85.57091701142814,-72.03929306249967,294.77016307421525
CONMEBOL vs OFC,CONMEBOL,OFC,1995-06,0.05187390985634976,-0.047385185124324325,0.17548474918681808,85.79615225999922,-71.56897163769841,295.43674055248397
CONMEBOL vs OFC,CONMEBOL,OFC,1995-07,0.05200439594399303,-0.04735593625149254,0.1758592345160373,86.03704767340312,-71.07358371888995,296.1368763484124
CONMEBOL vs OFC,CONMEBOL,OFC,1995-08,0.05214516955976831,-0.04731730480586762,0.17625059102815624,86.29316694170939,-70.55434859267837,296.8691395766813
CONMEBOL vs OFC,CONMEBOL,OFC,1995-09,0.052295935616113315,-0.04712098594047651,0.17665994926804046,86.56407181198728,-70.21198169272184,297.6320969066189
CONMEBOL vs OFC,CONMEBOL,OFC,1995-10,0.05245639902546445,-0.04672621841952202,0.17708698433809378,86.84932221606141,-70.0567923200859,298.4243125411262
CONMEBOL vs OFC,CONMEBOL,OFC,1995-11,0.052626264700259426,-0.046318616554628676,0.17740255898674845,87.14847639528857,-69.90027902119539,299.2443481994939
CONMEBOL vs OFC,CONMEBOL,OFC,1995-12,0.05280523755293595,-0.04589899734108344,0.17766542817928221,87.46109102229337,-69.74209937619112,299.49297482424623
CONMEBOL vs OFC,CONMEBOL,OFC,1996-01,0.052993022495930436,-0.04578682107114522,0.1779415954714325,87.78672131962358,-69.58191060374782,299.73941601680536
CONMEBOL vs OFC,CONMEBOL,OFC,1996-02,0.0531893244416806,-0.04567383581146038,0.17817305020841406,88.12492117529035,-69.41936960274255,300.00217751268957
CONMEBOL vs OFC,CONMEBOL,OFC,1996-03,0.05339384830262423,-0.04555960644914583,0.17822539820470606,88.47524325514061,-69.25413299128189,300.2718604621858
CONMEBOL vs OFC,CONMEBOL,OFC,1996-04,0.05360629899119754,-0.04544388847863905,0.1782754986163001,88.8372391120314,-69.08585714305917,300.52544453272674
CONMEBOL vs OFC,CONMEBOL,OFC,1996-05,0.05382638141983841,-0.04532643739437922,0.17831632786202392,89.21045929178334,-68.91419822106243,300.7937076860597
CONMEBOL vs OFC,CONMEBOL,OFC,1996-06,0.054053800500984614,-0.045207008690803845,0.17836211915347358,89.59445343586503,-68.73881220859982,301.07637398549764
CONMEBOL vs OFC,CONMEBOL,OFC,1996-07,0.05428826114707233,-0.045085357862352855,0.17825132815728076,89.98877038079154,-68.55935493765803,301.3731663285951
CONMEBOL vs OFC,CONMEBOL,OFC,1996-08,0.05452946827053935,-0.04509358080558478,0.1781151484486628,90.39295825421927,-68.37548211456459,301.68380649638834
CONMEBOL vs OFC,CONMEBOL,OFC,1996-09,0.0547771267838237,-0.0452969164593608,0.17797846426847894,90.80656456770004,-68.18684934297188,302.0080152018852
CONMEBOL vs OFC,CONMEBOL,OFC,1996-10,0.055030941599361255,-0.0454948216945986,0.1778417584464569,91.22913630608136,-67.99311214414719,302.34551213782055
CONMEBOL vs OFC,CONMEBOL,OFC,1996-11,0.05529061762959,-0.04568693234428105,0.17770551381232663,91.66022001354875,-67.88027885457868,302.6960160236193
CONMEBOL vs OFC,CONMEBOL,OFC,1996-12,0.055555859786947936,-0.04583093653109995,0.1775702131958174,92.09936187627376,-68.17443406486566,303.0399257536426
CONMEBOL vs OFC,CONMEBOL,OFC,1997-01,0.05582637298387089,-0.04568934599391312,0.17743633942665593,92.54610780166648,-68.45823843821596,303.39497907748216
CONMEBOL vs OFC,CONMEBOL,OFC,1997-02,0.05610186213279686,-0.04579238809613608,0.17730437533457397,93.00000349423293,-68.7311506506653,303.69881974497713
CONMEBOL vs OFC,CONMEBOL,OFC,1997-03,0.056382032146163844,-0.04611948502602052,0.17717480374929825,93.46059452800756,-68.97876071390108,304.1825271791845
CONMEBOL vs OFC,CONMEBOL,OFC,1997-04,0.056666587936407706,-0.046035793941844316,0.17770099954172494,93.92742641556626,-69.15245593314667,304.568320679309
CONMEBOL vs OFC,CONMEBOL,OFC,1997-05,0.05695523441596638,-0.04558006789137154,0.17839270667025664,94.40004467362498,-69.47648898230503,304.1636148981238
CONMEBOL vs OFC,CONMEBOL,OFC,1997-06,0.05724767649727804,-0.045102960846986305,0.17909835907726734,94.87799488520159,-69.34362025762182,304.60675516647507
CONMEBOL vs OFC,CONMEBOL,OFC,1997-07,0.057543619092778296,-0.044620079086566906,0.1795115877936528,95.36082275834822,-69.0736902236457,305.89128072373256
CONMEBOL vs OFC,CONMEBOL,OFC,1997-08,0.05784276711490523,-0.0443994332985119,0.17965672327172683,95.84807418146829,-68.75177282221406,306.2037062630893
CONMEBOL vs OFC,CONMEBOL,OFC,1997-09,0.05814482547609692,-0.04417207334263633,0.17980458460249335,96.33929527519584,-68.4185926916799,306.46065629745453
CONMEBOL vs OFC,CONMEBOL,OFC,1997-10,0.05844949908878912,-0.04393812196651052,0.1801322340148328,96.8340324408521,-67.7772955085127,306.7212612138164
CONMEBOL vs OFC,CONMEBOL,OFC,1997-11,0.058756492865419806,-0.04369770191770113,0.18056930231066554,97.33183240549506,-67.07165565254401,306.9853068856318
CONMEBOL vs OFC,CONMEBOL,OFC,1997-12,0.05906551171842715,-0.043375404313896346,0.18052389053882553,97.8322422635444,-66.34568903856935,307.2525791688585
CONMEBOL vs OFC,CONMEBOL,OFC,1998-01,0.059376260560246745,-0.042899325806820474,0.1809066902369191,98.33480951499894,-65.61028193105358,307.5228639211169
CONMEBOL vs OFC,CONMEBOL,OFC,1998-02,0.0596884443033167,-0.04241769114592411,0.18140921730242943,98.83908210026682,-64.86640501646637,307.79594701953613
CONMEBOL vs OFC,CONMEBOL,OFC,1998-03,0.06000176786007517,-0.04193107815041843,0.18190907882271776,99.34460843159104,-64.11502794458912,308.0716143773298
CONMEBOL vs OFC,CONMEBOL,OFC,1998-04,0.060315936142957674,-0.04158436026909133,0.1824056154397592,99.85093742109125,-63.35711923786625,308.34965195905784
CONMEBOL vs OFC,CONMEBOL,OFC,1998-05,0.060630654064402385,-0.04135196278630837,0.1828981677955341,100.35761850544397,-62.833545869022814,308.6298457946005
CONMEBOL vs OFC,CONMEBOL,OFC,1998-06,0.060945626536847486,-0.04111171955073542,0.18338607653202132,100.86420166718463,-62.458939711194574,308.90939749654694
CONMEBOL vs OFC,CONMEBOL,OFC,1998-07,0.061260558472728474,-0.04086215989841748,0.18386868229119588,101.3702374526538,-62.072676293038086,309.18611474351303
CONMEBOL vs OFC,CONMEBOL,OFC,1998-08,0.061575154784483443,-0.04060250649601849,0.18434532571503823,101.87527698661098,-61.67445456776021,309.48024478062666
CONMEBOL vs OFC,CONMEBOL,OFC,1998-09,0.06188912038455064,-0.04033475904724435,0.18481534744552797,102.37887198350022,-61.263972987944555,310.2609262133259
CONMEBOL vs OFC,CONMEBOL,OFC,1998-10,0.06220216018536554,-0.040058701623089506,0.1852780881246402,102.88057475538913,-60.84092946006018,311.0350870741859
CONMEBOL vs OFC,CONMEBOL,OFC,1998-11,0.0625139790993664,-0.039774118294545115,0.18573288839435442,103.37993821660599,-60.405021296849334,311.8016694278312
CONMEBOL vs OFC,CONMEBOL,OFC,1998-12,0.06282428203899121,-0.039480793132604795,0.18617908889665033,103.87651588505683,-59.95594516760892,312.5596166927985
CONMEBOL vs OFC,CONMEBOL,OFC,1999-01,0.06313284448883269,-0.03917857044078055,0.1866069935173951,104.3699715930888,-59.61615459392077,313.30810715604355
CONMEBOL vs OFC,CONMEBOL,OFC,1999-02,0.0634397242221147,-0.03886753545265398,0.18701897288613678,104.86040848170782,-59.28340873004987,314.0472541866537
CONMEBOL vs OFC,CONMEBOL,OFC,1999-03,0.06374504958421805,-0.03854783363432683,0.18742277321829498,105.34803961334616,-58.93975170859063,314.77740518659016
CONMEBOL vs OFC,CONMEBOL,OFC,1999-04,0.0640489489205211,-0.03830508646711079,0.18775040630485654,105.83307822105613,-58.58527054689265,315.2358384025273
CONMEBOL vs OFC,CONMEBOL,OFC,1999-05,0.06435155057640478,-0.03806212485687514,0.18816406836482727,106.31573770586444,-58.220052851762645,315.55920585140717
CONMEBOL vs OFC,CONMEBOL,OFC,1999-06,0.0646529828972499,-0.03781281138769441,0.18857028866274575,106.79623163442756,-57.844186765702396,315.87201545824894
CONMEBOL vs OFC,CONMEBOL,OFC,1999-07,0.06495337422843483,-0.03755718169854925,0.18896927865098045,107.27477373700265,-57.45776091371791,316.174781969864
CONMEBOL vs OFC,CONMEBOL,OFC,1999-08,0.06525285291534054,-0.037292948872231335,0.189361249781906,107.75157790574744,-57.06086435065703,316.46801994314177
CONMEBOL vs OFC,CONMEBOL,OFC,1999-09,0.06555154730334775,-0.03712281345447201,0.18974641350789273,108.2268581933261,-56.65358650913779,316.7522437509727
CONMEBOL vs OFC,CONMEBOL,OFC,1999-10,0.06584958573783499,-0.03689087766406116,0.19011563777161147,108.70082881183721,-56.236017148040915,317.3320199097013
CONMEBOL vs OFC,CONMEBOL,OFC,1999-11,0.06614709656418301,-0.03654529357112413,0.19047175826562732,109.17370413207395,-55.80824630160445,317.95337188375044
CONMEBOL vs OFC,CONMEBOL,OFC,1999-12,0.06644420812777276,-0.036189716740092234,0.1907144090548769,109.64569868309758,-55.37036422911444,318.56493040810324
CONMEBOL vs OFC,CONMEBOL,OFC,2000-01,0.06674104877398253,-0.03589275872721651,0.19087327544197896,110.11702715213471,-55.122553756762635,319.1670588602506
CONMEBOL vs OFC,CONMEBOL,OFC,2000-02,0.06703774684819333,-0.035593913389717936,0.19102778967303463,110.58790438481428,-54.90817680077576,319.7601206777916
CONMEBOL vs OFC,CONMEBOL,OFC,2000-03,0.0673344306957859,-0.03528903694408316,0.19117825868458294,111.05854538571911,-54.518895802313445,320.3444793567177
CONMEBOL vs OFC,CONMEBOL,OFC,2000-04,0.06763122866213866,-0.03497816502929187,0.19132498941316287,111.52916531926778,-53.937298531889475,320.92049845008034
CONMEBOL vs OFC,CONMEBOL,OFC,2000-05,0.06792826909263253,-0.0348586604290269,0.1914682887953118,111.99997951093819,-53.33740868129777,321.4885415670027
CONMEBOL vs OFC,CONMEBOL,OFC,2000-06,0.06822568033264828,-0.034784864825084715,0.19160846376757135,112.47120344881044,-52.72846413879533,322.04897237203505
CONMEBOL vs OFC,CONMEBOL,OFC,2000-07,0.06852359072756438,-0.03469936780550955,0.19174333955641917,112.94305278544334,-52.288932984094856,322.60215458486834
CONMEBOL vs OFC,CONMEBOL,OFC,2000-08,0.06882212862276173,-0.03432938508409395,0.19188540317525382,113.41574334009547,-51.68603005144273,323.1387944601766
CONMEBOL vs OFC,CONMEBOL,OFC,2000-09,0.069121422363621,-0.03393313024352853,0.192164115655334,113.88949110126934,-51.088493137488285,323.66542251390376
CONMEBOL vs OFC,CONMEBOL,OFC,2000-10,0.06942160029552077,-0.033535902058993323,0.1924395227503207,114.3645122295925,-50.4960216688902,324.17594047874303
CONMEBOL vs OFC,CONMEBOL,OFC,2000-11,0.06972279076384187,-0.03314219587617817,0.19271189756734555,114.84102306104536,-49.91221381785824,324.68048727369177
CONMEBOL vs OFC,CONMEBOL,OFC,2000-12,0.07002512211396508,-0.03275215681137578,0.19298151321354187,115.31924011051598,-49.35953692597806,325.17944288098266
CONMEBOL vs OFC,CONMEBOL,OFC,2001-01,0.07032872269126889,-0.03236555219775905,0.19324864279604223,115.7993800756938,-48.79656538920664,325.67318733786027
CONMEBOL vs OFC,CONMEBOL,OFC,2001-02,0.0706337208411341,-0.03198214936849548,0.19351355942197895,116.28165984131348,-48.22526568145245,326.1621007367651
CONMEBOL vs OFC,CONMEBOL,OFC,2001-03,0.0709402449089416,-0.031601715656755174,0.19377653619848462,116.76629648372857,-47.64571054132214,326.6465632260111
CONMEBOL vs OFC,CONMEBOL,OFC,2001-04,0.07124842324006983,-0.031224018395709093,0.19403784623269002,117.25350727582561,-47.057972207770696,327.1467038951821
CONMEBOL vs OFC,CONMEBOL,OFC,2001-05,0.07155838417989953,-0.03084882491852658,0.19427235349452382,117.74350969229228,-46.46212238257502,327.69484649576924
CONMEBOL vs OFC,CONMEBOL,OFC,2001-06,0.0718702560738117,-0.03059983269965589,0.19439746942792202,118.23652141521751,-45.85823219346536,328.25996120844906
CONMEBOL vs OFC,CONMEBOL,OFC,2001-07,0.07218416726718462,-0.030441445030928046,0.1945230502226283,118.7327603400341,-45.287393976169724,328.83991933765043
CONMEBOL vs OFC,CONMEBOL,OFC,2001-08,0.0725002461053992,-0.030276901220930515,0.1946494335364904,119.23244458181924,-45.04195013799547,329.4333025978226
CONMEBOL vs OFC,CONMEBOL,OFC,2001-09,0.07281862093383636,-0.030106009548341278,0.19477695702735912,119.73579248192779,-44.78689242170706,330.0302560129491
CONMEBOL vs OFC,CONMEBOL,OFC,2001-10,0.07313942009787433,-0.02992857829184103,0.19511197780261755,120.24302261497225,-44.519037689627844,330.6310080898819
CONMEBOL vs OFC,CONMEBOL,OFC,2001-11,0.07346277194289413,-0.02974441573010957,0.1954728508946107,120.75435379616283,-44.22136917149492,331.23578765270395
CONMEBOL vs OFC,CONMEBOL,OFC,2001-12,0.07378880481427666,-0.029553173340127078,0.19583265951912823,121.27000508898259,-43.91300181936148,331.84482385161715
CONMEBOL vs OFC,CONMEBOL,OFC,2002-01,0.07411764705740011,-0.029340638625451772,0.19619161637277582,121.79019581321221,-43.593691114817574,332.45834617243764
CONMEBOL vs OFC,CONMEBOL,OFC,2002-02,0.07444942701764547,-0.029118556089700307,0.19654993415215757,122.3151455533181,-43.26319244381502,333.06279529171456
CONMEBOL vs OFC,CONMEBOL,OFC,2002-03,0.0747842730403937,-0.028888775601168825,0.1969556725979503,122.84507416717811,-42.921261085946306,333.6696039315737
CONMEBOL vs OFC,CONMEBOL,OFC,2002-04,0.075122313471023,-0.028651129092780045,0.1972805192894364,123.38020179515999,-42.64847279289772,334.2818846126597
CONMEBOL vs OFC,CONMEBOL,OFC,2002-05,0.07546367665491424,-0.02840544849745479,0.19765002388222846,123.920748869566,-42.40160804854114,334.8998644190205
CONMEBOL vs OFC,CONMEBOL,OFC,2002-06,0.07580849093744849,-0.028044965175719572,0.19820750694346187,124.46693612441925,-41.84605220792164,335.52377084682735
CONMEBOL vs OFC,CONMEBOL,OFC,2002-07,0.07615688466400393,-0.02787436249352875,0.19877083155230368,125.01898460560511,-41.48375499663583,336.1538318186538
CONMEBOL vs OFC,CONMEBOL,OFC,2002-08,0.07650898617996153,-0.027655330695220658,0.1993360445013838,125.57711568138303,-41.111015782918216,336.79027569844163
CONMEBOL vs OFC,CONMEBOL,OFC,2002-09,0.07686492383070226,-0.02753070129579429,0.1999031923743071,126.14155105324322,-41.18034276960517,337.4333313070994
CONMEBOL vs OFC,CONMEBOL,OFC,2002-10,0.07722482596160417,-0.027420401224288814,0.20047232175467647,126.71251276712246,-41.244145032291684,338.0832279387546
CONMEBOL vs OFC,CONMEBOL,OFC,2002-11,0.07758882091804838,-0.02727005458034468,0.20095208658432426,127.29022322499519,-41.01625198893306,338.7401953776831
CONMEBOL vs OFC,CONMEBOL,OFC,2002-12,0.07795703704541582,-0.02710213502849763,0.20125534528130318,127.87490519681197,-40.76229606469637,339.4044639158907
CONMEBOL vs OFC,CONMEBOL,OFC,2003-01,0.07832960268908468,-0.02692285437770976,0.20155353710754148,128.46678183280318,-40.41012072720376,340.07626437134826
CONMEBOL vs OFC,CONMEBOL,OFC,2003-02,0.07870664619443586,-0.026637975998394438,0.2018488580554658,129.06607667616098,-39.813111819723076,340.75582810690787
CONMEBOL vs OFC,CONMEBOL,OFC,2003-03,0.0790882959068505,-0.026226750335994486,0.20214786541943616,129.6730136760756,-39.204459479153364,341.4433870498748
CONMEBOL vs OFC,CONMEBOL,OFC,2003-04,0.07947468017170656,-0.02580937966706762,0.20245082146838905,130.28781720113963,-38.547240447301554,342.13917371224295
CONMEBOL vs OFC,CONMEBOL,OFC,2003-05,0.07986592733438509,-0.02525568932493565,0.20275798847126258,130.91071205313818,-37.6461606583537,342.8337366378674
CONMEBOL vs OFC,CONMEBOL,OFC,2003-06,0.0802621657402672,-0.024571023141030233,0.20306962869699657,131.54192348119744,-36.531899653207084,343.5243933614011
CONMEBOL vs OFC,CONMEBOL,OFC,2003-07,0.08066352373473082,-0.024200680998098977,0.2033860044145275,132.18167719630756,-35.95695062363627,344.22438683069214
CONMEBOL vs OFC,CONMEBOL,OFC,2003-08,0.08107012966315706,-0.02381953595561197,0.20382407512755915,132.83019938623835,-35.46130874133657,344.9339881114547
CONMEBOL vs OFC,CONMEBOL,OFC,2003-09,0.08148211187092706,-0.023427411809874333,0.20427426200445362,133.48771673081868,-35.22456434309987,345.6534689445748
CONMEBOL vs OFC,CONMEBOL,OFC,2003-10,0.08189959870341866,-0.023024132357195713,0.20470160838070478,134.1544564175979,-34.56163415822099,346.33993931357134
CONMEBOL vs OFC,CONMEBOL,OFC,2003-11,0.08232271850601293,-0.02265782900346678,0.20491935177168985,134.83064615790715,-33.86276436771204,346.7377388389488
CONMEBOL vs OFC,CONMEBOL,OFC,2003-12,0.08275159962409112,-0.022204399724269484,0.20514724774657975,135.51651420329196,-33.13641838175992,347.1569278478725
CONMEBOL vs OFC,CONMEBOL,OFC,2004-01,0.083186370403031,-0.021747973491817296,0.2053983911080098,136.21228936233402,-32.36527321475027,347.5982491248158
CONMEBOL vs OFC,CONMEBOL,OFC,2004-02,0.0836271591882137,-0.02122270089236138,0.2057552587983964,136.91820101788218,-31.682179841869104,348.0624461493711
CONMEBOL vs OFC,CONMEBOL,OFC,2004-03,0.08407409432502048,-0.020725968053594678,0.20611896013208678,137.6344791446626,-30.996655045475812,348.55026312819945
CONMEBOL vs OFC,CONMEBOL,OFC,2004-04,0.084527304158829,-0.02037525557193769,0.20650651951014404,138.3613543272873,-30.317474736191066,349.0624450275684
CONMEBOL vs OFC,CONMEBOL,OFC,2004-05,0.08498691703502045,-0.01990505458247864,0.20698190480982945,139.09905777868167,-29.619241575390475,349.8829807221145
CONMEBOL vs OFC,CONMEBOL,OFC,2004-06,0.08545306129897617,-0.019421828382941306,0.20735936702951946,139.84782135890092,-28.901660972000645,350.7658705017002
CONMEBOL vs OFC,CONMEBOL,OFC,2004-07,0.0859258652960737,-0.018925382048295435,0.2079418971863371,140.60787759435433,-28.160468707989292,351.66054529826914
CONMEBOL vs OFC,CONMEBOL,OFC,2004-08,0.08640545737169429,-0.018411795627726987,0.20850311835098945,141.37945969746121,-27.387842606653923,352.567225532076
CONMEBOL vs OFC,CONMEBOL,OFC,2004-09,0.0868919658712193,-0.01787863305585717,0.2090283097471245,142.1628015867051,-26.590170345435848,353.4861321629377
CONMEBOL vs OFC,CONMEBOL,OFC,2004-10,0.08738551914002618,-0.017330687682317554,0.20954763715625885,142.95813790710824,-25.767762421011906,354.41748670392013
CONMEBOL vs OFC,CONMEBOL,OFC,2004-11,0.08788624552349626,-0.01676369304856808,0.21006697745034292,143.76570405115035,-24.925597536727803,355.3615112351436
CONMEBOL vs OFC,CONMEBOL,OFC,2004-12,0.0883942733670109,-0.016183216454336066,0.21059283114370334,144.5857361800979,-24.063412825194558,356.3184284177241
CONMEBOL vs OFC,CONMEBOL,OFC,2005-01,0.08890973101594751,-0.015589086069850253,0.2111253192213482,145.41847124576688,-23.180944629715718,357.2884615078
CONMEBOL vs OFC,CONMEBOL,OFC,2005-02,0.08943274681568739,-0.014981130065335609,0.21164274479164416,146.26414701274405,-22.277928473870595,358.2718343707416
CONMEBOL vs OFC,CONMEBOL,OFC,2005-03,0.08996344911161208,-0.014359176611016308,0.21209257298301365,147.12300208103278,-21.35409903050144,359.26877149545027
CONMEBOL vs OFC,CONMEBOL,OFC,2005-04,0.09050196624909876,-0.013723053877119315,0.21258790807407182,147.99527590914707,-20.40919009008713,360.27949800879304
CONMEBOL vs OFC,CONMEBOL,OFC,2005-05,0.09104842657352882,-0.013072590033870443,0.21314558488726654,148.88120883768028,-19.442934528485427,361.30423969018204
CONMEBOL vs OFC,CONMEBOL,OFC,2005-06,0.0916029584302839,-0.012407613251492219,0.21371001804397396,149.7810421133142,-18.455064274048578,362.3432229862834
CONMEBOL vs OFC,CONMEBOL,OFC,2005-07,0.09216569016474095,-0.011727951700215785,0.21428131377967258,150.69501791329208,-17.445310274132048,363.39667502584393
CONMEBOL vs OFC,CONMEBOL,OFC,2005-08,0.09273675012228161,-0.011033433550264468,0.21485957832984431,151.6233793703861,-16.413402460925028,364.46482363468414
CONMEBOL vs OFC,CONMEBOL,OFC,2005-09,0.09331626664828739,-0.010323886971860749,0.2154449179299721,152.56637059832056,-15.389524919715297,365.54789735081386
CONMEBOL vs OFC,CONMEBOL,OFC,2005-10,0.09390436808813524,-0.00963132529179886,0.2160374388155327,153.52423671767912,-14.383030020634255,366.6461254396724
CONMEBOL vs OFC,CONMEBOL,OFC,2005-11,0.09450118278720679,-0.008946026036402484,0.2166372472220096,154.49722388232615,-13.360885912677743,367.75973790954805
CONMEBOL vs OFC,CONMEBOL,OFC,2005-12,0.09510679130982233,-0.008250202079484655,0.21724441287596988,155.4854958096506,-12.32295490076312,368.888879648384
CONMEBOL vs OFC,CONMEBOL,OFC,2006-01,0.09572108309605204,-0.0075440461156504905,0.21785885946832417,156.48888286308312,-11.269488851985688,370.03335235580414
CONMEBOL vs OFC,CONMEBOL,OFC,2006-02,0.09634389980490955,-0.006827816825505103,0.21848047418107414,157.5071317457345,-10.200837326736616,371.19287138698496
CONMEBOL vs OFC,CONMEBOL,OFC,2006-03,0.0969750830954087,-0.006101772889649345,0.21910914419622143,158.5399888524247,-9.117350125757998,372.36715148266234
CONMEBOL vs OFC,CONMEBOL,OFC,2006-04,0.0976144746265581,-0.005366172988693704,0.21974475669576166,159.587200236308,-8.019377356506965,373.5559067303301
CONMEBOL vs OFC,CONMEBOL,OFC,2006-05,0.09826191605737158,-0.004621275803241517,0.22038719886169644,160.64851157617068,-6.907269497941019,374.7588505263493
CONMEBOL vs OFC,CONMEBOL,OFC,2006-06,0.098917249046863,-0.0038673400138945235,0.22103635787602668,161.72366814434835,-5.781377463805933,375.97569553893817
CONMEBOL vs OFC,CONMEBOL,OFC,2006-07,0.09958031525404076,-0.003104624301262279,0.2216921209207495,162.81241477528798,-4.642052664404009,377.20615367204465
CONMEBOL vs OFC,CONMEBOL,OFC,2006-08,0.10025095633791875,-0.002333387345948209,0.2223543751778667,163.91449583478024,-3.4896470668032356,378.4499360301633
CONMEBOL vs OFC,CONMEBOL,OFC,2006-09,0.10092901395751096,-0.0015538878285548973,0.22302300782937812,165.0296551898095,-2.324513253553977,379.7895222506373
CONMEBOL vs OFC,CONMEBOL,OFC,2006-10,0.10161432977182568,-0.0008889134993129901,0.2236979060572803,166.15763617904665,-1.3066365044766095,381.1541442621928
CONMEBOL vs OFC,CONMEBOL,OFC,2006-11,0.10230674543987682,-0.00026266086128483307,0.22437895704357566,167.29818158401395,-0.38738018460370127,382.5247568804101
CONMEBOL vs OFC,CONMEBOL,OFC,2006-12,0.1030061026206784,0.0003687872065103926,0.22506604797026591,168.45103360086716,0.5398807050539892,383.90118399223337
CONMEBOL vs OFC,CONMEBOL,OFC,2007-01,0.10371224297323868,0.0010053586567398316,0.2257590660193457,169.61593381282182,1.4750642785218386,385.2832488016686
CONMEBOL vs OFC,CONMEBOL,OFC,2007-02,0.1044250081565716,0.0016469814420776456,0.2266514405525461,170.79262316325497,2.418088015885714,386.6707738167106
CONMEBOL vs OFC,CONMEBOL,OFC,2007-03,0.10514423982969118,0.0022935835151987505,0.2275791950885607,171.98084192942596,3.3688687385247036,388.06358083663383
CONMEBOL vs OFC,CONMEBOL,OFC,2007-04,0.10586977965160563,0.0029450928287686477,0.22830223311142567,173.18032969684558,4.3273225846955485,389.4614909396563
CONMEBOL vs OFC,CONMEBOL,OFC,2007-05,0.10660146928132891,0.003601437335462299,0.22900674226626322,174.39082533432563,5.353989097759893,390.8516817653669
CONMEBOL vs OFC,CONMEBOL,OFC,2007-06,0.10733915037787511,0.004407897896852653,0.22966412446252513,175.61206696965186,6.702855110932626,392.2773752324875
CONMEBOL vs OFC,CONMEBOL,OFC,2007-07,0.1080826646002523,0.005372101954002862,0.2303248334049313,176.8437919659113,8.171092242214593,393.71101166796603
CONMEBOL vs OFC,CONMEBOL,OFC,2007-08,0.10883185360747458,0.006344522334525494,0.2309888049013652,178.0857368985071,9.65253858109286,395.1327655676169
CONMEBOL vs OFC,CONMEBOL,OFC,2007-09,0.10958655905855597,0.007324806024893472,0.2316559747597096,179.33763753280277,11.14667080762205,396.54750870305924
CONMEBOL vs OFC,CONMEBOL,OFC,2007-10,0.11034662261250457,0.008312600011572614,0.23232627878784096,180.59922880242942,12.652964423015138,397.9661062639086
CONMEBOL vs OFC,CONMEBOL,OFC,2007-11,0.11111188592833438,0.00930742739761339,0.2329996527936412,181.87024478828792,13.927604723632763,399.36392302607675
CONMEBOL vs OFC,CONMEBOL,OFC,2007-12,0.11188219066505961,0.010097556837317659,0.23374118868900925,183.1504186981907,15.11488432126661,400.65412284830165
CONMEBOL vs OFC,CONMEBOL,OFC,2008-01,0.11265737848168815,0.010817227066646942,0.23449653240276808,184.4394828471739,16.271268295894483,401.9515745124148
CONMEBOL vs OFC,CONMEBOL,OFC,2008-02,0.11343729103723417,0.011451859319727788,0.23525633660491374,185.73716863851703,17.25058851067564,403.36928021714635
CONMEBOL vs OFC,CONMEBOL,OFC,2008-03,0.1142217699907118,0.012101216247277691,0.2360204884774496,187.04320654541013,18.573734438982807,404.81146043809787
CONMEBOL vs OFC,CONMEBOL,OFC,2008-04,0.1150106570011289,0.01316000471309402,0.23678887520237119,188.35732609330407,20.075020721834665,406.26301400606445
CONMEBOL vs OFC,CONMEBOL,OFC,2008-05,0.11580379372749966,0.014146625767056787,0.2375613839616784,189.67925584297922,21.22292198173891,407.7236936031452
CONMEBOL vs OFC,CONMEBOL,OFC,2008-06,0.11660102182883833,0.01496488576697992,0.23833790193737558,191.0087233742736,22.43836067736626,409.19325066121536
CONMEBOL vs OFC,CONMEBOL,OFC,2008-07,0.11740218296415267,0.01578577169874942,0.2391183163114565,192.34545527050622,23.687224499073253,410.6714353371403
CONMEBOL vs OFC,CONMEBOL,OFC,2008-08,0.1182071187924568,0.016619027399042533,0.23990251426592202,193.68917710363223,24.946742960958513,412.1579964888851
CONMEBOL vs OFC,CONMEBOL,OFC,2008-09,0.11901567097276508,0.01745699171711266,0.24069038298277637,195.0396134200707,26.214363443402217,413.6526816524194
CONMEBOL vs OFC,CONMEBOL,OFC,2008-10,0.11982768116408517,0.018242768626010843,0.24148180964401417,196.39648772724016,27.448600643811655,415.15523701944676
CONMEBOL vs OFC,CONMEBOL,OFC,2008-11,0.12064299102543136,0.01893655465725379,0.24227668143163547,197.7595224808417,28.501281614700453,416.66540741603535
CONMEBOL vs OFC,CONMEBOL,OFC,2008-12,0.12146144221581785,0.01962907932591995,0.24307488552764453,199.12843907282732,29.552708363208332,418.18293628207033
CONMEBOL vs OFC,CONMEBOL,OFC,2009-01,0.1222828763942523,0.020320303477233993,0.24392665664632174,200.5029578200916,30.602814462157063,419.6713178927078
CONMEBOL vs OFC,CONMEBOL,OFC,2009-02,0.12310713521974904,0.021010187956427596,0.24485040794486443,201.88279795392617,31.691420404274368,421.1346390102475
CONMEBOL vs OFC,CONMEBOL,OFC,2009-03,0.12393406035132237,0.02183215138617678,0.24591445260151404,203.26767761017362,32.96419184813035,422.5987265194226
CONMEBOL vs OFC,CONMEBOL,OFC,2009-04,0.12476349344797982,0.022672670830359554,0.2468286278338804,204.65731382012112,34.23786651883652,424.06338152256603
CONMEBOL vs OFC,CONMEBOL,OFC,2009-05,0.12559527616873575,0.023513356862664647,0.24764962308376143,206.05142250217236,35.51221822749281,425.528404222661
CONMEBOL vs OFC,CONMEBOL,OFC,2009-06,0.12642925017260453,0.024354053235233854,0.24854651079087484,207.44971845423512,36.78702063828978,426.99359392164865
CONMEBOL vs OFC,CONMEBOL,OFC,2009-07,0.1272652571185936,0.025194603700206212,0.24947867455626677,208.85191534686405,38.06204726214467,428.4587490191573
CONMEBOL vs OFC,CONMEBOL,OFC,2009-08,0.12810313866571732,0.025972297676980907,0.2504107305718196,210.25772571719904,39.33707145034362,429.92366701173194
CONMEBOL vs OFC,CONMEBOL,OFC,2009-09,0.12894273647299012,0.0265319334428916,0.2513423930555088,211.66686096363537,40.63223219132,431.388144492456
CONMEBOL vs OFC,CONMEBOL,OFC,2009-10,0.12978389219941938,0.02710859243479664,0.2522733762253033,213.07903134126573,41.55966398065061,432.8519771510415
CONMEBOL vs OFC,CONMEBOL,OFC,2009-11,0.13062644750401955,0.02784041798707788,0.2532033942991786,214.49394595813465,42.45872349864717,434.3149597743755
CONMEBOL vs OFC,CONMEBOL,OFC,2009-12,0.13147024404580496,0.028827170321999863,0.25411901177128793,215.91131277224179,43.877383692627255,435.77688624751937
CONMEBOL vs OFC,CONMEBOL,OFC,2010-01,0.13231512348378302,0.029812635245708655,0.2550262703512967,217.33083858933375,45.38925952188839,437.7737308213922
CONMEBOL vs OFC,CONMEBOL,OFC,2010-02,0.13316092747696817,0.03079648667855626,0.2559316761785152,218.75222906152615,46.89943546982436,439.77289339520183
CONMEBOL vs OFC,CONMEBOL,OFC,2010-03,0.13400749768437478,0.03179120493106109,0.2568349634743778,220.1751886866904,48.307139424518795,441.73514876603673
CONMEBOL vs OFC,CONMEBOL,OFC,2010-04,0.13485467576501034,0.03251462374789918,0.2577358664603109,221.59942080864732,49.59911770412576,443.36293951365866
CONMEBOL vs OFC,CONMEBOL,OFC,2010-05,0.13570230337788908,0.03312948643662699,0.25863411935774455,223.02462761820686,50.894989145152614,444.9935561905405
CONMEBOL vs OFC,CONMEBOL,OFC,2010-06,0.13655022218202553,0.033746683383438295,0.259529456388114,224.4505101549913,52.18877784140554,446.6266870229412
CONMEBOL vs OFC,CONMEBOL,OFC,2010-07,0.13739827383642708,0.034446266893858234,0.26040486480588043,225.87676831008014,53.47728452042875,448.262018521673
CONMEBOL vs OFC,CONMEBOL,OFC,2010-08,0.1382463000001081,0.03548007725276938,0.26111716051475536,227.30310082952005,54.46008976823229,449.89923548104656
CONMEBOL vs OFC,CONMEBOL,OFC,2010-09,0.13909414233208295,0.03651703630201646,0.261903797797404,228.72920531863335,55.86697324736644,451.5380209789511
CONMEBOL vs OFC,CONMEBOL,OFC,2010-10,0.13994164249135913,0.03724946203220907,0.26284220071845416,230.1547782471664,57.29096609658516,453.17805637810386
CONMEBOL vs OFC,CONMEBOL,OFC,2010-11,0.14078864213695094,0.03795278682493613,0.26387728572531416,231.57951495531816,58.56260318378588,454.8190213285183
CONMEBOL vs OFC,CONMEBOL,OFC,2010-12,0.1416349829278728,0.03865705894465572,0.2648750391035497,233.00310966058476,59.830551144923504,456.4605937711446
CONMEBOL vs OFC,CONMEBOL,OFC,2011-01,0.14248050652313224,0.03938055716618605,0.26575919937938336,234.4252554654594,61.09456005432857,458.1024499426752
CONMEBOL vs OFC,CONMEBOL,OFC,2011-02,0.14332505458174347,0.04029792480611394,0.2666381268663241,235.84564436602864,62.421775750730816,459.7442643816412
CONMEBOL vs OFC,CONMEBOL,OFC,2011-03,0.144168468762721,0.04121194584439456,0.26751153709561226,237.2639672614005,63.83997086426658,461.38522753226124
CONMEBOL vs OFC,CONMEBOL,OFC,2011-04,0.14501059072507222,0.04212235673201845,0.2683791455984802,238.6799139640027,64.9555471254798,463.0089865135047
CONMEBOL vs OFC,CONMEBOL,OFC,2011-05,0.14585126212781155,0.043030048271427736,0.2692344709570726,240.0931732107933,66.07276834908966,464.63221419421166
CONMEBOL vs OFC,CONMEBOL,OFC,2011-06,0.14669032462995327,0.043946314646314204,0.27013837359559645,241.50343267531665,67.29646392973349,466.25459596243377
CONMEBOL vs OFC,CONMEBOL,OFC,2011-07,0.14752761989050492,0.044857816406398326,0.2710487056605133,242.91037898064565,68.51606350678202,467.87581556831515
CONMEBOL vs OFC,CONMEBOL,OFC,2011-08,0.14836298956848087,0.045764272202078175,0.27195749296833904,244.3136977132485,69.73472975046217,469.4955551349753
CONMEBOL vs OFC,CONMEBOL,OFC,2011-09,0.14919627532289545,0.04666540068374752,0.27286452941223877,245.71307343771576,70.98963277474243,471.11349517053975
CONMEBOL vs OFC,CONMEBOL,OFC,2011-10,0.15002731881275616,0.04751946803006768,0.27376960888536894,247.10818971238643,72.45313393893802,472.72931458129847
CONMEBOL vs OFC,CONMEBOL,OFC,2011-11,0.15085596169707738,0.04830878192561774,0.274672525280893,248.49872910591134,73.9051976837785,474.3426906861206
CONMEBOL vs OFC,CONMEBOL,OFC,2011-12,0.1516820456348734,0.0490931425183462,0.27557307249197527,249.8843732146892,75.34522972984418,475.9532992319733
CONMEBOL vs OFC,CONMEBOL,OFC,2012-01,0.15250541228515174,0.049872376687358735,0.2764710444117713,251.26480268121338,76.77982591999113,477.5608144106447
CONMEBOL vs OFC,CONMEBOL,OFC,2012-02,0.15332590330692678,0.0506940297736409,0.2773662349334461,252.63969721336704,78.20235828538853,479.1649088766924
CONMEBOL vs OFC,CONMEBOL,OFC,2012-03,0.1541433603592128,0.051593329291487855,0.2782561383798943,254.00873560460198,79.61112891590999,480.7539707213053
CONMEBOL vs OFC,CONMEBOL,OFC,2012-04,0.15495762510101746,0.0524832709655863,0.2790747334060519,255.37159575503838,81.0055343725005,482.3282191169744
CONMEBOL vs OFC,CONMEBOL,OFC,2012-05,0.15576853919135497,0.05337510495925475,0.279819766171923,256.72795469352167,82.38714591127832,483.89760411813694
CONMEBOL vs OFC,CONMEBOL,OFC,2012-06,0.1565759442892396,0.054260857678467465,0.28056303936527316,258.0774886005724,83.76613405848093,485.4617947814616
CONMEBOL vs OFC,CONMEBOL,OFC,2012-07,0.1573796820536791,0.05524168826134188,0.2813037530117176,259.4198728322661,85.12865325137962,487.0204587982226
CONMEBOL vs OFC,CONMEBOL,OFC,2012-08,0.15817959414368768,0.05614574526969078,0.28204333558265976,260.7547819450759,86.47408059739077,488.5732625195361
CONMEBOL vs OFC,CONMEBOL,OFC,2012-09,0.15897552221827957,0.05689416159947114,0.28278169157631267,262.0818897216166,87.80179256907053,490.1198709827287
CONMEBOL vs OFC,CONMEBOL,OFC,2012-10,0.15976730793646252,0.05765223994876987,0.28351872549088575,263.40086919732386,89.26456364666116,491.65994793892
CONMEBOL vs OFC,CONMEBOL,OFC,2012-11,0.16055480844692377,0.05846071232130212,0.2842541035325547,264.711427273261,90.80182129172917,493.1931725663558
CONMEBOL vs OFC,CONMEBOL,OFC,2012-12,0.16133794285704284,0.05925774004726279,0.28498375404286874,266.01340890039774,92.25174898191709,494.4241481495569
CONMEBOL vs OFC,CONMEBOL,OFC,2013-01,0.16211664576386572,0.06004342544588406,0.28571182249060517,267.3066940433884,93.42097624586164,495.43926223819454
CONMEBOL vs OFC,CONMEBOL,OFC,2013-02,0.16289085176444495,0.06082189196442847,0.2864382442132037,268.5911632027818,94.37267596598687,496.4380131728023
CONMEBOL vs OFC,CONMEBOL,OFC,2013-03,0.16366049545583294,0.06159565418507747,0.28716295454810237,269.8666974208878,95.32205882087659,497.42065644246486
CONMEBOL vs OFC,CONMEBOL,OFC,2013-04,0.16442551143507578,0.06235813285528091,0.2878858888327348,271.1331782873851,96.47078227467593,498.3874485922471
CONMEBOL vs OFC,CONMEBOL,OFC,2013-05,0.16518583429922604,0.06310943477844715,0.2886061175954363,272.3904879447007,97.62439761315133,499.33864719195776
CONMEBOL vs OFC,CONMEBOL,OFC,2013-06,0.16594139864533605,0.06384947318998972,0.28932365867591486,273.63850909310275,98.76076030409574,500.27451080537463
CONMEBOL vs OFC,CONMEBOL,OFC,2013-07,0.166692139070452,0.06457659856837826,0.290039188880365,274.87712499553857,99.88001224006851,501.1952989599036
CONMEBOL vs OFC,CONMEBOL,OFC,2013-08,0.1674379901716263,0.06529512181091968,0.2908671418229855,276.1062194822522,100.99257014915649,502.1012721167533
CONMEBOL vs OFC,CONMEBOL,OFC,2013-09,0.16817888654591143,0.06600501106890726,0.2917591858146406,277.32567695512097,102.09138614024904,502.99269164153515
CONMEBOL vs OFC,CONMEBOL,OFC,2013-10,0.16891476279035356,0.06670203130800338,0.2926485194054458,278.5353823917446,103.17319954067885,504.38077461430555
CONMEBOL vs OFC,CONMEBOL,OFC,2013-11,0.16964555350200514,0.06738851562050736,0.2935169042501565,279.7352213493203,104.22131083739612,505.881257221085
CONMEBOL vs OFC,CONMEBOL,OFC,2013-12,0.17037119327791841,0.06806457080982904,0.29419121384238683,280.9250799682432,105.07114138940804,507.37059176369553
CONMEBOL vs OFC,CONMEBOL,OFC,2014-01,0.17109161671513978,0.0687303036793713,0.29485195328465336,282.10484497546815,106.04521135175038,508.84848106786177
CONMEBOL vs OFC,CONMEBOL,OFC,2014-02,0.17180675841072157,0.06938582103254225,0.29550693527316224,283.27440368766145,107.17570786704849,510.3146297500757
CONMEBOL vs OFC,CONMEBOL,OFC,2014-03,0.1725165529617162,0.07003122967275352,0.2961568485471725,284.43364401408786,108.29062851148005,511.76874423381855
CONMEBOL vs OFC,CONMEBOL,OFC,2014-04,0.1732209349651699,0.07069375060856889,0.29680154555382826,285.58245445926417,109.25619641007663,513.2105327642828
CONMEBOL vs OFC,CONMEBOL,OFC,2014-05,0.1739198390181351,0.07137378834760608,0.29744087874028047,286.72072412541075,110.16248404430227,514.6397054216511
CONMEBOL vs OFC,CONMEBOL,OFC,2014-06,0.17461319971766406,0.07195071941713138,0.2980747005536766,287.84834271464507,110.94919521638064,516.0559741328391
CONMEBOL vs OFC,CONMEBOL,OFC,2014-07,0.17530095166080326,0.07249273419781184,0.2987028634411633,288.96520053094895,111.71967013723417,516.9839054684793
CONMEBOL vs OFC,CONMEBOL,OFC,2014-08,0.17598302944460492,0.07307761676161491,0.29932521984988814,290.07118848194136,112.5145152929794,517.7545266837566
CONMEBOL vs OFC,CONMEBOL,OFC,2014-09,0.17665936766612134,0.07365596580770521,0.2999416222270029,291.1661980803994,113.61505887006246,519.3053397327652
CONMEBOL vs OFC,CONMEBOL,OFC,2014-10,0.17732990092239906,0.0743040553009954,0.30067564387111345,292.25012144556234,114.78216154641915,521.0018863159806
CONMEBOL vs OFC,CONMEBOL,OFC,2014-11,0.17799456381049034,0.07479754798414073,0.30140728985111853,293.3228513042445,115.63918744912188,522.6882234044364
CONMEBOL vs OFC,CONMEBOL,OFC,2014-12,0.17865329092744722,0.0753448692485382,0.3019328864539554,294.3842809917077,116.4811095857638,524.3635859823396
CONMEBOL vs OFC,CONMEBOL,OFC,2015-01,0.17930601687031658,0.07588293450620745,0.3025241901388327,295.43430445232104,117.3081050235143,525.828127712528
CONMEBOL vs OFC,CONMEBOL,OFC,2015-02,0.1799526762361505,0.076411858099185,0.30319576030796325,296.4728162400377,118.13080304257275,527.1815379905079
CONMEBOL vs OFC,CONMEBOL,OFC,2015-03,0.18059320362200107,0.07693175436950654,0.3038639897222506,297.49971151863684,118.94344670077187,528.519466660217
CONMEBOL vs OFC,CONMEBOL,OFC,2015-04,0.18122753362491514,0.07744273765920595,0.30452880929512394,298.514886061763,119.74170002698382,529.841585090003
CONMEBOL vs OFC,CONMEBOL,OFC,2015-05,0.18185560084194483,0.07795799417762646,0.30524587725962316,299.51823625278485,120.52572710216764,531.1475665801458
CONMEBOL vs OFC,CONMEBOL,OFC,2015-06,0.18247733987014209,0.07846793303472839,0.3060769630741544,300.50965908443015,121.29569260467035,532.4281937706326
CONMEBOL vs OFC,CONMEBOL,OFC,2015-07,0.18309268530655398,0.07907299211798166,0.30689571283746664,301.4890521582217,122.05176179138448,533.6724559186732
CONMEBOL vs OFC,CONMEBOL,OFC,2015-08,0.18370157174823248,0.07977829531747065,0.3077044922081186,302.4563136837412,122.79861179594458,534.8996388298411
CONMEBOL vs OFC,CONMEBOL,OFC,2015-09,0.18430393379222956,0.08044486829380158,0.3083181478699502,303.41134247767445,123.5342641733873,536.1094440764674
CONMEBOL vs OFC,CONMEBOL,OFC,2015-10,0.18489970603559236,0.08094354646470091,0.3086968528561035,304.3540379626656,124.50311437256441,537.3015750463262
CONMEBOL vs OFC,CONMEBOL,OFC,2015-11,0.1854888230753728,0.08143444056072804,0.3090720894938492,305.2843001660032,125.4737979224032,538.4757369337192
CONMEBOL vs OFC,CONMEBOL,OFC,2015-12,0.1860712195086227,0.08191759175226161,0.3096950906213277,306.2020297180963,126.43977153039832,539.6316367292083
CONMEBOL vs OFC,CONMEBOL,OFC,2016-01,0.1866468299323895,0.0823930412096792,0.3103231395491141,307.10712785076396,127.39591662920998,540.7689832080187
CONMEBOL vs OFC,CONMEBOL,OFC,2016-02,0.187215588943725,0.08286083010335946,0.31094721389947816,307.99949639536294,128.34198057511136,541.7803851122245
CONMEBOL vs OFC,CONMEBOL,OFC,2016-03,0.18777743113968096,0.0833209996036851,0.3116771916923938,308.879037780711,129.08224386579477,542.674224936927
CONMEBOL vs OFC,CONMEBOL,OFC,2016-04,0.1883322911173048,0.08377359088103038,0.3125337076999116,309.7456550308298,129.76354173951046,543.5486441891929
CONMEBOL vs OFC,CONMEBOL,OFC,2016-05,0.18888010347364834,0.0842186451057747,0.3131803129754725,310.5992517625305,130.17266809214647,544.403283817157
CONMEBOL vs OFC,CONMEBOL,OFC,2016-06,0.18942080280576346,0.08462653776699618,0.3137757798529981,311.4397321828009,130.49635871800166,545.237785076648
CONMEBOL vs OFC,CONMEBOL,OFC,2016-07,0.18995432371069745,0.08484964692000188,0.31436617048063825,312.26700108601744,131.11144240712048,546.0517895754426
CONMEBOL vs OFC,CONMEBOL,OFC,2016-08,0.19048060078550214,0.08515892308675119,0.3149433111189963,313.0809638510036,131.7932664545532,546.8449393183106
CONMEBOL vs OFC,CONMEBOL,OFC,2016-09,0.19099956862722942,0.08571252790037312,0.31551329696318287,313.8815264378959,132.47526377877347,547.6168767527832
CONMEBOL vs OFC,CONMEBOL,OFC,2016-10,0.19151116183292666,0.08625953402445595,0.3160783253877394,314.6685953848388,133.15149736163542,548.3672448156494
CONMEBOL vs OFC,CONMEBOL,OFC,2016-11,0.19201531499964575,0.08673299789086433,0.3166383488012364,315.44207780453047,133.8130974749501,549.095686980218
CONMEBOL vs OFC,CONMEBOL,OFC,2016-12,0.19251196272443824,0.08712644551801785,0.31719331961224706,316.201881380579,134.46433707918277,549.8018473042929
CONMEBOL vs OFC,CONMEBOL,OFC,2017-01,0.1930010396043519,0.08751268545560036,0.3177431902293416,316.9479143636943,135.10038409598522,550.4741226193371
CONMEBOL vs OFC,CONMEBOL,OFC,2017-02,0.1934824802364383,0.08789175887399377,0.3182879130610898,317.6800855677307,135.6616133555179,551.1172363906865
CONMEBOL vs OFC,CONMEBOL,OFC,2017-03,0.1939562192177492,0.08826370694357584,0.3189441094794295,318.39830436554723,136.31218753564013,551.7370964486806
CONMEBOL vs OFC,CONMEBOL,OFC,2017-04,0.1944221911453322,0.08863461560153665,0.31959188847412034,319.102480684704,136.8998919689268,552.3333608233338
CONMEBOL vs OFC,CONMEBOL,OFC,2017-05,0.19488033061623905,0.08900008602575747,0.3202208877824988,319.79252500301357,137.51717005023474,552.9056883417196
CONMEBOL vs OFC,CONMEBOL,OFC,2017-06,0.19533057222752143,0.08935864859229983,0.3208363068592524,320.46834834391245,138.0316687938847,553.45373868252
CONMEBOL vs OFC,CONMEBOL,OFC,2017-07,0.19577285057622695,0.08971972165693823,0.32143790612286854,321.12986227167124,138.5500338901232,553.9771724313645
CONMEBOL vs OFC,CONMEBOL,OFC,2017-08,0.19620710025940746,0.09007623608418909,0.32183666471958566,321.7769788864618,139.06770152175753,554.4756511369151
CONMEBOL vs OFC,CONMEBOL,OFC,2017-09,0.1966332558741142,0.09058891452815473,0.3222113902276731,322.40961081924587,139.57008592201365,554.9488373676683
CONMEBOL vs OFC,CONMEBOL,OFC,2017-10,0.19705125201739548,0.09124374640204472,0.3225784909959146,323.02767122650664,140.05715127794826,555.3963947695044
CONMEBOL vs OFC,CONMEBOL,OFC,2017-11,0.19746102328630258,0.09188308722781198,0.3230557919154952,323.63107378483454,140.711812127361,555.817988123954
CONMEBOL vs OFC,CONMEBOL,OFC,2017-12,0.197862504277887,0.09250659851015115,0.3235646634064104,324.2197326853392,141.6534290806387,556.2132834071753
CONMEBOL vs OFC,CONMEBOL,OFC,2018-01,0.1982556295891969,0.0931187973282742,0.3240678567235472,324.79356262790367,142.56986056926647,556.5819478496319
CONMEBOL vs OFC,CONMEBOL,OFC,2018-02,0.19864033381728383,0.09371689006440227,0.32438580031346453,325.3524788152929,143.46060585275214,556.923649996476
CONMEBOL vs OFC,CONMEBOL,OFC,2018-03,0.1990165515591989,0.09429823307402013,0.3248400347309265,325.89639694708995,144.26377366619803,557.2380597685966
CONMEBOL vs OFC,CONMEBOL,OFC,2018-04,0.19938421741199064,0.09486248222839633,0.3252917461937531,326.42523321347335,144.89161463508768,557.5248485243625
CONMEBOL vs OFC,CONMEBOL,OFC,2018-05,0.19974326597271033,0.09524333570611554,0.32566100458568326,326.9389042888486,145.4747720380003,557.7836891220061
CONMEBOL vs OFC,CONMEBOL,OFC,2018-06,0.20009363183840925,0.09558903006174094,0.32604038041803196,327.4373273253066,145.97841222318598,558.014255982686
CONMEBOL vs OFC,CONMEBOL,OFC,2018-07,0.20043524960613596,0.09593751065107328,0.3264302471900593,327.9204199459231,146.46096838635705,558.2162251541537
CONMEBOL vs OFC,CONMEBOL,OFC,2018-08,0.2007680538729415,0.09628894203211034,0.3268247504856741,328.38810023790825,146.88616463448355,558.7267008061822
CONMEBOL vs OFC,CONMEBOL,OFC,2018-09,0.2010919792358773,0.09664348876284996,0.32716664492466846,328.8402867455851,147.11012892840796,559.5016082053829
CONMEBOL vs OFC,CONMEBOL,OFC,2018-10,0.20140696029199195,0.09700131540128627,0.32731730500942513,329.2768984632044,147.3338145540767,559.6529368686581
CONMEBOL vs OFC,CONMEBOL,OFC,2018-11,0.20171293163833656,0.0973338356904602,0.3274442700886923,329.697854827608,147.5517806430673,559.7837142391185
CONMEBOL vs OFC,CONMEBOL,OFC,2018-12,0.2020098278719623,0.09747797088057322,0.32754718607655414,330.1030757107177,147.81367217241316,559.8939178671773
CONMEBOL vs OFC,CONMEBOL,OFC,2019-01,0.202297583589918,0.09761858541737793,0.32762569888709503,330.4924814118586,148.2839737800386,559.9835261567364
CONMEBOL vs OFC,CONMEBOL,OFC,2019-02,0.20257613338925476,0.09775581678466971,0.32767945443439983,330.8659926499267,148.7282777625798,560.052518372431
CONMEBOL vs OFC,CONMEBOL,OFC,2019-03,0.20284541186702362,0.09788980246624313,0.32770809863255307,331.2235305553775,149.1520095497404,560.100874646815
CONMEBOL vs OFC,CONMEBOL,OFC,2019-04,0.20310535362027346,0.09802067994589017,0.3279226027311068,331.5650166620472,149.5322671940832,560.1160211115167
CONMEBOL vs OFC,CONMEBOL,OFC,2019-05,0.2033558932460554,0.09822349772421841,0.3283741766019882,331.89037289881,149.68414028235372,560.0962607765458
CONMEBOL vs OFC,CONMEBOL,OFC,2019-06,0.2035969653414204,0.09856764154394533,0.3289003501017677,332.199521581055,149.8309241794769,560.055756924494
CONMEBOL vs OFC,CONMEBOL,OFC,2019-07,0.2038285045034175,0.09890594601395564,0.32942084715311076,332.4923854019876,149.97283401330313,559.9945043427922
CONMEBOL vs OFC,CONMEBOL,OFC,2019-08,0.20405044532909775,0.09903775824212002,0.3299330864411639,332.76888742376264,150.11498288651143,559.9124986905323
CONMEBOL vs OFC,CONMEBOL,OFC,2019-09,0.20426272241551197,0.09916602993267119,0.3304397442069467,333.02895106843033,150.37061584524443,559.8097365052873
CONMEBOL vs OFC,CONMEBOL,OFC,2019-10,0.20446536166688156,0.09929264540457164,0.3309413231604041,333.2726529232212,150.90133045339445,559.686473714849
CONMEBOL vs OFC,CONMEBOL,OFC,2019-11,0.20465875421611776,0.09942081376531862,0.3314380553833425,333.5006809272456,151.1070629106905,559.5440003812769
CONMEBOL vs OFC,CONMEBOL,OFC,2019-12,0.20484338250330425,0.09956729929376004,0.33188040712024475,333.71387547272207,151.19513806407716,559.9884380603597
CONMEBOL vs OFC,CONMEBOL,OFC,2020-01,0.2050197289685227,0.09989231179297109,0.3319642727531229,333.91307649350114,151.26302883199457,560.7738093168307
CONMEBOL vs OFC,CONMEBOL,OFC,2020-02,0.20518827605185663,0.1003005430342153,0.33203635146882843,334.09912343064235,151.29561545406705,561.5512725672464
CONMEBOL vs OFC,CONMEBOL,OFC,2020-03,0.20534950619338943,0.10000182163779896,0.3320524982908974,334.27285520013334,151.34428268836106,562.3204937033179
CONMEBOL vs OFC,CONMEBOL,OFC,2020-04,0.2055039018332031,0.10008062459102898,0.331882839109536,334.43511016276057,151.72511690884082,563.0811395167772
CONMEBOL vs OFC,CONMEBOL,OFC,2020-05,0.20565194541138104,0.1005123183575399,0.3316939647185122,334.58672609614035,152.07233981082925,563.8328776828909
CONMEBOL vs OFC,CONMEBOL,OFC,2020-06,0.20579411936800654,0.10106507409232127,0.3314874751142509,334.7285401689033,152.0776767025778,564.5753767425978
CONMEBOL vs OFC,CONMEBOL,OFC,2020-07,0.2059309061431617,0.10163349343069719,0.33126497029318197,334.86138891703644,152.0837174396072,565.3083060833211
CONMEBOL vs OFC,CONMEBOL,OFC,2020-08,0.20606278817692988,0.10192133953389364,0.33102805025172855,334.9861082223881,152.55929629149833,566.0313359184512
CONMEBOL vs OFC,CONMEBOL,OFC,2020-09,0.2061902479093944,0.10202932760730953,0.33136469709041505,335.1035332933237,153.17272294115256,566.7373050211804
CONMEBOL vs OFC,CONMEBOL,OFC,2020-10,0.2063137677806374,0.10213054467660218,0.3318245585054475,335.2144986475361,153.24815951560922,567.415326107451
CONMEBOL vs OFC,CONMEBOL,OFC,2020-11,0.2064338302307422,0.10244759953777605,0.331855771325457,335.3198380970079,153.30039715452259,567.2008442329783
CONMEBOL vs OFC,CONMEBOL,OFC,2020-12,0.20655091769979195,0.10241023990187537,0.3317662674815931,335.4203847351161,153.3752485814126,566.9462730654463
CONMEBOL vs OFC,CONMEBOL,OFC,2021-01,0.20666551262786903,0.10234948560413434,0.33166503310474377,335.5169709258774,153.45788434320067,566.6773180894254
CONMEBOL vs OFC,CONMEBOL,OFC,2021-02,0.20677809745505674,0.10246024715805299,0.3318052724898975,335.6104282953294,153.69706523151663,566.3949411572967
CONMEBOL vs OFC,CONMEBOL,OFC,2021-03,0.20688915462143811,0.10277508820452144,0.33195395228260466,335.7015877250387,154.16129732951745,566.1001030394322
CONMEBOL vs OFC,CONMEBOL,OFC,2021-04,0.2069991665670957,0.10281903129032229,0.33210337534778894,335.7912793477306,154.62433439566206,565.7648227351297
CONMEBOL vs OFC,CONMEBOL,OFC,2021-05,0.20710861573211248,0.10278160265004792,0.3322539339643726,335.8803325450354,155.08664293374375,566.0992480598998
CONMEBOL vs OFC,CONMEBOL,OFC,2021-06,0.20721798455657187,0.1027440985694302,0.33242184509623945,335.96957594734346,155.29349264925207,566.4329254510965
CONMEBOL vs OFC,CONMEBOL,OFC,2021-07,0.20732775548055607,0.10270736143902148,0.33259691740920627,336.0598374357597,155.13332638944277,566.1912091408095
CONMEBOL vs OFC,CONMEBOL,OFC,2021-08,0.20743841094414833,0.1027760672294233,0.3327736319339972,336.1519441461579,154.96951254910758,566.8579990155393
CONMEBOL vs OFC,CONMEBOL,OFC,2021-09,0.20755043338743198,0.10270383871290142,0.3330782337921,336.24672247532106,154.83748964835675,567.5194148599842
CONMEBOL vs OFC,CONMEBOL,OFC,2021-10,0.20766430525048926,0.1027322483420234,0.333516437039384,336.34499808916587,155.18765057224496,567.9611980693281
CONMEBOL vs OFC,CONMEBOL,OFC,2021-11,0.20778050897340328,0.10276252872085419,0.3339341741516546,336.44759593304786,155.57151520480383,568.3421225732243
CONMEBOL vs OFC,CONMEBOL,OFC,2021-12,0.20789952699625744,0.10288349957374518,0.33417030607885895,336.5553402441376,155.97868081104025,568.270391758623
CONMEBOL vs OFC,CONMEBOL,OFC,2022-01,0.208021841759134,0.10317512262663091,0.3340279256734138,336.6690545658671,156.41014943487966,567.9797475723417
CONMEBOL vs OFC,CONMEBOL,OFC,2022-02,0.2081479357021162,0.10348291873357929,0.3338749805602534,336.7895617644456,156.8316701882768,567.707424136988
CONMEBOL vs OFC,CONMEBOL,OFC,2022-03,0.20827829126528719,0.1038075591473636,0.3340333974130719,336.91768404743584,157.01158279487086,567.4552667859033
CONMEBOL vs OFC,CONMEBOL,OFC,2022-04,0.20841339088872932,0.10414971512075058,0.33422255996812755,337.05424298439686,157.46797877325764,567.2170634986804
CONMEBOL vs OFC,CONMEBOL,OFC,2022-05,0.20855371701252587,0.10451005790651524,0.334412547287414,337.2000595295907,157.9484021890954,566.9942876652917
CONMEBOL vs OFC,CONMEBOL,OFC,2022-06,0.20869975207676006,0.1048892587574243,0.33460443184868405,337.3559540467532,158.45909210268158,566.7982631166695
CONMEBOL vs OFC,CONMEBOL,OFC,2022-07,0.20885197852151413,0.10528798892625116,0.33480305946844163,337.5227463359322,158.8907788213564,566.8378786844344
CONMEBOL vs OFC,CONMEBOL,OFC,2022-08,0.20901087878687136,0.1055634863397203,0.334997972594968,337.70125566240216,159.19549657096593,567.4189085915561
CONMEBOL vs OFC,CONMEBOL,OFC,2022-09,0.20917693531291504,0.1058196160870209,0.3349766837123878,337.89230078765485,159.282705353963,567.9951411301413
CONMEBOL vs OFC,CONMEBOL,OFC,2022-10,0.20935063053972733,0.10613403404674085,0.3349737620272373,338.09670000247525,159.34993383659565,568.5662744732139
CONMEBOL vs OFC,CONMEBOL,OFC,2022-11,0.20953244690739153,0.1065009847710957,0.33527747127833574,338.3152711621194,159.4261788832523,569.1320068821967
CONMEBOL vs OFC,CONMEBOL,OFC,2022-12,0.20972286685599106,0.10691967558282701,0.33561673856425916,338.5488317235959,159.5122096877722,569.6920367219832
CONMEBOL vs OFC,CONMEBOL,OFC,2023-01,0.2099223728256078,0.10739198152630364,0.33595047540851103,338.79819878506953,159.84450570216603,570.2460624767004
CONMEBOL vs OFC,CONMEBOL,OFC,2023-02,0.21013144725632527,0.1079197776458981,0.3362698962744654,339.0641891274084,160.39078282087462,570.7937827661176
CONMEBOL vs OFC,CONMEBOL,OFC,2023-03,0.2103505725882269,0.10836013097720097,0.33642354889408727,339.3476192578822,160.9682684287438,571.3348963627016
CONMEBOL vs OFC,CONMEBOL,OFC,2023-04,0.21058023126139447,0.1088179159242853,0.3365856839855708,339.6493054560383,161.57831251795164,571.865156883104
CONMEBOL vs OFC,CONMEBOL,OFC,2023-05,0.2108209057159115,0.10929832881952592,0.33690477397267804,339.9700638217852,162.2403807811066,572.3835874899614
CONMEBOL vs OFC,CONMEBOL,OFC,2023-06,0.21107307839186157,0.10980197612952504,0.33735466824176225,340.3107103256968,162.93642874841086,572.8930528426288
CONMEBOL vs OFC,CONMEBOL,OFC,2023-07,0.21133723172932625,0.11032946432088485,0.33781031863678734,340.6720608615716,163.66733842255422,573.2462178484529
CONMEBOL vs OFC,CONMEBOL,OFC,2023-08,0.21161384816838918,0.1108813998602102,0.3382719549680214,341.0549313012892,164.43399142200568,573.5430636039509
CONMEBOL vs OFC,CONMEBOL,OFC,2023-09,0.21190341014913394,0.11125855139000672,0.33860627751931915,341.46013755198,165.23726904073905,573.85119197253
CONMEBOL vs OFC,CONMEBOL,OFC,2023-10,0.212206400111642,0.11141508735032737,0.33893043150423463,341.88849561555634,166.0780523104125,574.1631127545195
CONMEBOL vs OFC,CONMEBOL,OFC,2023-11,0.21252330049599713,0.11158116666981446,0.33925279794329616,342.34082165065394,166.40494092250484,574.4875793222823
CONMEBOL vs OFC,CONMEBOL,OFC,2023-12,0.21285459374228297,0.11175718957469237,0.3395733266154594,342.81793203701164,166.64001370228297,574.8267921625308
CONMEBOL vs OFC,CONMEBOL,OFC,2024-01,0.21320076229058077,0.11194355629118835,0.3398919672996765,343.32064344234374,166.89093420800185,575.1812286939875
CONMEBOL vs OFC,CONMEBOL,OFC,2024-02,0.2135622885809743,0.11214066704553027,0.3401990386812828,343.8497728917703,167.15830001578954,575.5513666870727
CONMEBOL vs OFC,CONMEBOL,OFC,2024-03,0.21393965505354756,0.11234892206394319,0.34031889008133187,344.40613783983804,167.44270894880117,575.9376842962042
CONMEBOL vs OFC,CONMEBOL,OFC,2024-04,0.21433334414838132,0.11256872157265284,0.34030507356481593,344.9905562452011,167.74475911990254,576.3406600927013
CONMEBOL vs OFC,CONMEBOL,OFC,2024-05,0.21474383830555963,0.11280046579788779,0.34055747465904596,345.60384664803814,168.07456759736192,576.7607730982958
CONMEBOL vs OFC,CONMEBOL,OFC,2024-06,0.21517161996516657,0.11304455496587483,0.3411909385294518,346.2468282502488,169.09746601030108,577.1977371588995
CONMEBOL vs OFC,CONMEBOL,OFC,2024-07,0.21561717156728266,0.11330138930283806,0.341717751332007,346.9203209985103,170.31455729734336,577.6405926533895
CONMEBOL vs OFC,CONMEBOL,OFC,2024-08,0.21608097555199207,0.1137241679179843,0.3420299742405567,347.62514567028916,171.60298449206655,578.0991155022073
CONMEBOL vs OFC,CONMEBOL,OFC,2024-09,0.21656351435937893,0.11436404945665868,0.34244314783277746,348.36212396285504,172.89371563225984,578.5737057617896
CONMEBOL vs OFC,CONMEBOL,OFC,2024-10,0.21706527042952367,0.11504830518235476,0.3432005521003142,349.13207858539766,173.55143069784268,579.4958891705228
CONMEBOL vs OFC,CONMEBOL,OFC,2024-11,0.2175867262025104,0.11559827453897528,0.3436261918953605,349.9358333543535,174.72086545055294,579.9102668619543
CONMEBOL vs OFC,CONMEBOL,OFC,2024-12,0.21812836411842354,0.11645535412921651,0.3440437745459975,350.7742132920032,176.37273721658306,581.3461942365486
CONMEBOL vs OFC,CONMEBOL,OFC,2025-01,0.21869066661734324,0.11721922219026797,0.34447156661787925,351.6480447284521,178.0995702610015,581.7675824588272
CONMEBOL vs OFC,CONMEBOL,OFC,2025-02,0.21927411613935363,0.1181611983905146,0.34489399922302205,352.55815540712416,179.22048131285183,581.916338275965
CONMEBOL vs OFC,CONMEBOL,OFC,2025-03,0.21987919512453943,0.1187569340546232,0.3453330793727983,353.5053745938347,178.9423950775576,581.9026546896972
CONMEBOL vs OFC,CONMEBOL,OFC,2025-04,0.22050638601298025,0.11951135443907038,0.3457892009996935,354.49053318957783,178.8302353741458,582.5406866046516
CONMEBOL vs OFC,CONMEBOL,OFC,2025-05,0.22115617124476067,0.11983352997508862,0.3468068458940429,355.51446384717156,179.86915449555983,583.8542575254367
CONMEBOL vs OFC,CONMEBOL,OFC,2025-06,0.22182903325996542,0.11955085926414233,0.34756294580280495,356.5780010918446,179.5285247843516,585.9060824327196
CONMEBOL vs OFC,CONMEBOL,OFC,2025-07,0.2225254544986737,0.11927252739329215,0.34806606642175236,357.6819814459128,181.2421981784691,587.4476436092255
CONMEBOL vs OFC,CONMEBOL,OFC,2025-08,0.22324591740097033,0.11982240115701259,0.34840365887486163,358.8272435577153,181.66754577945682,588.5996164293474
CONMEBOL vs OFC,CONMEBOL,OFC,2025-09,0.2239909044069403,0.12110221854458011,0.34947805453502084,360.0146283349007,182.11548065410688,589.7004901397582
CONMEBOL vs OFC,CONMEBOL,OFC,2025-10,0.2247608979566625,0.12208520326620045,0.3496521285190125,361.24497908223714,182.46898108741777,590.5362600341699
CONMEBOL vs OFC,CONMEBOL,OFC,2025-11,0.22555638049022164,0.12320062756504649,0.3497666275351451,362.51914164413466,184.32335019747924,591.2659146640773
CONMEBOL vs OFC,CONMEBOL,OFC,2025-12,0.2263778344477032,0.12275886830275962,0.3500989390895897,363.83796455198564,183.93384408425635,593.1451053952571
CONMEBOL vs OFC,CONMEBOL,OFC,2026-01,0.22722574226918543,0.12314715772266127,0.35079517514138536,365.2022991765189,183.69251197075678,594.2579717567204
CONMEBOL vs OFC,CONMEBOL,OFC,2026-02,0.2281005863947535,0.12395856408746289,0.35144401536940717,366.6129998853797,184.35847253760295,595.0975198091829
CONMEBOL vs OFC,CONMEBOL,OFC,2026-03,0.22900284926449288,0.12480594271259396,0.35211347343063604,368.07092420605534,184.55510905531742,596.7204958373014
CONMEBOL vs OFC,CONMEBOL,OFC,2026-04,0.2299330133184815,0.12527808371826116,0.35280488727436443,369.57693299436744,186.31743627981226,598.2760431603042
CONMEBOL vs OFC,CONMEBOL,OFC,2026-05,0.23089156099680472,0.1258650582694146,0.35351865372745955,371.13189060876687,188.1329008689781,600.1075873520165
CONMEBOL vs OFC,CONMEBOL,OFC,2026-06,0.23187897473954827,0.126568252778776,0.3545101391974096,372.7366650905693,188.67648576360753,601.033734230726
CONMEBOL vs OFC,CONMEBOL,OFC,2026-07,0.23289573698678967,0.12686476480530592,0.35624860958058785,374.3921283503747,188.9426811716992,602.4315040916263
CONMEBOL vs OFC,CONMEBOL,OFC,2026-08,0.23394233017861438,0.12717730038376018,0.3589618197915946,376.099156360939,189.99126733404643,603.8655363290391
CONMEBOL vs AFC,CONMEBOL,AFC,1992-01,0.04837364364845059,-0.053466012919938424,0.17566532559740614,78.18985835024905,-77.30909270565168,287.9604612673053
CONMEBOL vs AFC,CONMEBOL,AFC,1992-02,0.04867072175947226,-0.05277195428107668,0.1759898501475045,78.7078553870938,-76.4474170857029,288.2485087040765
CONMEBOL vs AFC,CONMEBOL,AFC,1992-03,0.04896295554648503,-0.05208203332176433,0.17646736206832125,79.2186987479094,-75.42321796952939,289.31264573865485
CONMEBOL vs AFC,CONMEBOL,AFC,1992-04,0.0492504076160069,-0.05138982522803666,0.1769302334410918,79.7224181210683,-74.65494660365172,290.2790701786991
CONMEBOL vs AFC,CONMEBOL,AFC,1992-05,0.04953314057455843,-0.05074820734821617,0.1773496322909515,80.21904601101124,-74.31714426453264,291.2291237100914
CONMEBOL vs AFC,CONMEBOL,AFC,1992-06,0.04981121702865988,-0.05016540094509074,0.1769713707238647,80.70861767798155,-73.83070103178561,291.36331071953003
CONMEBOL vs AFC,CONMEBOL,AFC,1992-07,0.05008469958482948,-0.0500437095046002,0.1767268392746543,81.19117107766215,-73.37567024588705,291.25694590848025
CONMEBOL vs AFC,CONMEBOL,AFC,1992-08,0.05035365084958768,-0.04986347555842707,0.1769007451748049,81.6667468007671,-72.94933930597854,291.21623894388085
CONMEBOL vs AFC,CONMEBOL,AFC,1992-09,0.050618133429454745,-0.04974681933996057,0.1770396452301141,82.13538801260724,-72.48811223104083,291.9362437678332
CONMEBOL vs AFC,CONMEBOL,AFC,1992-10,0.050878209930948944,-0.049427187328125344,0.17717391498790505,82.59714039268324,-72.09227562313194,292.60626432589
CONMEBOL vs AFC,CONMEBOL,AFC,1992-11,0.051133942960590664,-0.048920493322670434,0.1773251725090655,83.05205207435785,-71.42834017907879,292.608676369753
CONMEBOL vs AFC,CONMEBOL,AFC,1992-12,0.05138539512490027,-0.04878509530421908,0.17790580177967485,83.5001735846245,-71.58203202970965,292.6142514665043
CONMEBOL vs AFC,CONMEBOL,AFC,1993-01,0.051632629030395984,-0.04851205572291328,0.17857652282472258,83.9415577840247,-72.49075714488724,292.5927625582263
CONMEBOL vs AFC,CONMEBOL,AFC,1993-02,0.051875707283598214,-0.048236498928253456,0.17891211647169183,84.37625980676316,-71.80261629019553,293.01800285968807
CONMEBOL vs AFC,CONMEBOL,AFC,1993-03,0.052114692491027174,-0.04794229639524778,0.1788020404899652,84.80433700103718,-70.709460015249,292.70196222955053
CONMEBOL vs AFC,CONMEBOL,AFC,1993-04,0.052349647259201305,-0.04827187774746999,0.17857285150102759,85.22584886963041,-71.37540143306848,292.80172642354063
CONMEBOL vs AFC,CONMEBOL,AFC,1993-05,0.052580634194640895,-0.04869021392526154,0.1784631633248263,85.64085701081655,-72.18387206557544,293.7314431859816
CONMEBOL vs AFC,CONMEBOL,AFC,1993-06,0.05280771590386617,-0.04853422646612722,0.17857424350446388,86.04942505959025,-72.77916739159922,294.98537748841886
CONMEBOL vs AFC,CONMEBOL,AFC,1993-07,0.053030954993395586,-0.04828282953255365,0.17835663263027007,86.45161862927094,-72.37762090900357,296.1807933645457
CONMEBOL vs AFC,CONMEBOL,AFC,1993-08,0.05325041406974944,-0.04798170420367178,0.17847096186234748,86.8475052535237,-71.96307894371002,297.3025000687325
CONMEBOL vs AFC,CONMEBOL,AFC,1993-09,0.053466155739447914,-0.04768054744618988,0.17854284435751863,87.23715432881278,-71.54719943967922,297.9538082244424
CONMEBOL vs AFC,CONMEBOL,AFC,1993-10,0.053678242609009545,-0.04737937716615676,0.17854203670248828,87.62063705733057,-71.13003530865845,297.88392238284143
CONMEBOL vs AFC,CONMEBOL,AFC,1993-11,0.053886737284954515,-0.04736960797708627,0.17855108925292962,87.99802639044418,-70.69641517418341,298.17317242483836
CONMEBOL vs AFC,CONMEBOL,AFC,1993-12,0.05409170237380307,-0.04755327596229941,0.17887786211524043,88.36939697267324,-70.9806529193116,299.13434816402224
CONMEBOL vs AFC,CONMEBOL,AFC,1994-01,0.0542932004820738,-0.047399594805143684,0.17904987491535607,88.73482508623889,-70.13129649186905,299.2341811065155
CONMEBOL vs AFC,CONMEBOL,AFC,1994-02,0.05449129421628685,-0.04723547757300071,0.1791399300902825,89.09438859622357,-69.44958595024423,300.49547588857064
CONMEBOL vs AFC,CONMEBOL,AFC,1994-03,0.05468604618296244,-0.047034618341255774,0.17903644982159272,89.448166896354,-69.02678746125501,301.7271126628458
CONMEBOL vs AFC,CONMEBOL,AFC,1994-04,0.05487751898861909,-0.04664319062658846,0.17899454965658398,89.79624085544387,-68.60301877772223,302.8892731430191
CONMEBOL vs AFC,CONMEBOL,AFC,1994-05,0.05506577523977708,-0.046074565340259756,0.1793920025443474,90.1386927645343,-68.17833173439853,303.8702880451391
CONMEBOL vs AFC,CONMEBOL,AFC,1994-06,0.055250877542956545,-0.04552175282670076,0.17956824883372713,90.47560628474046,-67.75277798559505,304.5173927192356
CONMEBOL vs AFC,CONMEBOL,AFC,1994-07,0.05543288850467612,-0.04498444199761948,0.17968115218881425,90.80706639584088,-67.32640899902394,304.98687833862175
CONMEBOL vs AFC,CONMEBOL,AFC,1994-08,0.055611870731455945,-0.04486663548187026,0.17979204098997245,91.13315934564267,-67.21791142626465,305.42013359114856
CONMEBOL vs AFC,CONMEBOL,AFC,1994-09,0.05578788682981618,-0.04491513691830251,0.1799010065331627,91.45397260013095,-67.32365242155944,305.8370244198653
CONMEBOL vs AFC,CONMEBOL,AFC,1994-10,0.05596099940627552,-0.044968683256405614,0.18000814011434685,91.76959479443452,-67.436098673885,306.2418823438286
CONMEBOL vs AFC,CONMEBOL,AFC,1994-11,0.05613127106735409,-0.04502702602411741,0.1801135330294868,92.08011568464009,-67.5548983167555,306.6348547627075
CONMEBOL vs AFC,CONMEBOL,AFC,1994-12,0.056298764419572045,-0.04508991674938172,0.1802172765745428,92.3856261004597,-67.67969833685777,307.01609042484023
CONMEBOL vs AFC,CONMEBOL,AFC,1995-01,0.05646354206944803,-0.045112042525347326,0.1803194620454766,92.68621789878279,-67.81014463205658,307.337954305214
CONMEBOL vs AFC,CONMEBOL,AFC,1995-02,0.05662566662350227,-0.04492376508601605,0.18040238467699185,92.98198391814098,-67.94588206824434,307.604450056327
CONMEBOL vs AFC,CONMEBOL,AFC,1995-03,0.056785200688254746,-0.044734015683381,0.18048463596411612,93.2730179340886,-68.08655453499534,307.8668002061499
CONMEBOL vs AFC,CONMEBOL,AFC,1995-04,0.05694220687022434,-0.044542848148242296,0.1805668286735523,93.55941461552965,-68.0474484237049,308.1251701831134
CONMEBOL vs AFC,CONMEBOL,AFC,1995-05,0.05709674777593108,-0.04435031631140167,0.1806490265882329,93.84126948201276,-67.78106107669045,308.37018017665184
CONMEBOL vs AFC,CONMEBOL,AFC,1995-06,0.05724888601189505,-0.044156474003656625,0.18073129349109546,94.11867886200098,-67.5112224600136,308.61298144045867
CONMEBOL vs AFC,CONMEBOL,AFC,1995-07,0.057398684184635104,-0.0439613750558097,0.1808136931650716,94.39173985213878,-67.23805613732537,308.8539990317416
CONMEBOL vs AFC,CONMEBOL,AFC,1995-08,0.057546204900671256,-0.04376507329866017,0.18089628939309726,94.66055027754005,-66.96168561847696,309.09335922834606
CONMEBOL vs AFC,CONMEBOL,AFC,1995-09,0.05769151076652362,-0.04356762256300723,0.18097914595810832,94.9252086530995,-66.68223432840308,309.33118853285595
CONMEBOL vs AFC,CONMEBOL,AFC,1995-10,0.057834664388711016,-0.043369076679654256,0.18106232664303643,95.1858141458484,-66.37062922691683,309.5676136647755
CONMEBOL vs AFC,CONMEBOL,AFC,1995-11,0.05797572837375352,-0.043151739605187645,0.18119253208509367,95.44246653837625,-66.05566924765417,309.80276155287345
CONMEBOL vs AFC,CONMEBOL,AFC,1995-12,0.058114765328171114,-0.042931728390637094,0.18137253999175337,95.69526619331856,-65.73872786988925,310.0367593276364
CONMEBOL vs AFC,CONMEBOL,AFC,1996-01,0.058251837858482744,-0.04271127650049883,0.18155687795384143,95.94431401893058,-65.41992601376722,310.26973431385903
CONMEBOL vs AFC,CONMEBOL,AFC,1996-02,0.058387008571208494,-0.04249043574592068,0.18174528394647974,96.18971143576476,-65.09938432783544,310.50181402338524
CONMEBOL vs AFC,CONMEBOL,AFC,1996-03,0.05852034007286828,-0.042404608142147984,0.1819374959447918,96.43156034445187,-64.77722316349868,310.7331261479748
CONMEBOL vs AFC,CONMEBOL,AFC,1996-04,0.058651894969981064,-0.04232901224159908,0.18213325192389526,96.66996309460319,-64.45356255053402,310.96379855231197
CONMEBOL vs AFC,CONMEBOL,AFC,1996-05,0.058781735869066924,-0.042256515242132316,0.18233228985891373,96.90502245484957,-64.12852217367606,311.1939592671481
CONMEBOL vs AFC,CONMEBOL,AFC,1996-06,0.05890992537664573,-0.04218694643026328,0.1825343477249674,97.13684158401519,-63.80222135026059,311.4180058270201
CONMEBOL vs AFC,CONMEBOL,AFC,1996-07,0.05903652609923659,-0.04212013509250911,0.18273916349717964,97.36552400344303,-63.474779008975055,311.6367835689409
CONMEBOL vs AFC,CONMEBOL,AFC,1996-08,0.05916160064335941,-0.04205591051538526,0.18294647515066828,97.5911735704834,-63.146313669623005,311.8542771820905
CONMEBOL vs AFC,CONMEBOL,AFC,1996-09,0.059285211615534246,-0.041994101985408955,0.18315602066055936,97.81389445314602,-62.8169434240249,312.0706576146015
CONMEBOL vs AFC,CONMEBOL,AFC,1996-10,0.05940742162228,-0.041939804494989505,0.1833675380019696,98.03379110592545,-62.48678591794408,312.27433176571225
CONMEBOL vs AFC,CONMEBOL,AFC,1996-11,0.05952829327011676,-0.04195161666078664,0.18358076515002342,98.25096824681619,-62.48973151315205,312.2895173148022
CONMEBOL vs AFC,CONMEBOL,AFC,1996-12,0.05964788916556446,-0.04196250524035032,0.1837836231471804,98.46553083550958,-62.51834776896648,312.0343715876627
CONMEBOL vs AFC,CONMEBOL,AFC,1997-01,0.05976627191514206,-0.041972225510420985,0.18397683117753794,98.67758405278721,-62.544290342806406,311.76217326627886
CONMEBOL vs AFC,CONMEBOL,AFC,1997-02,0.05988350412536961,-0.0419805327477373,0.18417021461021696,98.88723328112069,-62.56725464944886,311.4745541341655
CONMEBOL vs AFC,CONMEBOL,AFC,1997-03,0.05999964840276702,-0.041987182229039584,0.18407568899671975,99.09458408647201,-62.58693608363163,311.17314771201666
CONMEBOL vs AFC,CONMEBOL,AFC,1997-04,0.06011476735385337,-0.041991929231068335,0.18422822541055658,99.29974220130647,-62.60303002738702,310.85935615821427
CONMEBOL vs AFC,CONMEBOL,AFC,1997-05,0.06022892358514859,-0.0419945290305622,0.18450228364941385,99.5028135088261,-62.61523185524512,310.5295404723295
CONMEBOL vs AFC,CONMEBOL,AFC,1997-06,0.060342179703172676,-0.041994736904262406,0.18477655878506327,99.703904028419,-62.62323693735266,310.1904436171092
CONMEBOL vs AFC,CONMEBOL,AFC,1997-07,0.060454598314444684,-0.04199230812890762,0.18505074126507493,99.90311990233262,-62.626740640465734,310.35544443680703
CONMEBOL vs AFC,CONMEBOL,AFC,1997-08,0.06056624202548448,-0.04198699798123995,0.18532452153702125,100.10056738358013,-62.625438326851395,310.81145974642664
CONMEBOL vs AFC,CONMEBOL,AFC,1997-09,0.060677173442812114,-0.04192750366990929,0.18556404610330043,100.29635282507303,-62.61902535106246,311.2679851474712
CONMEBOL vs AFC,CONMEBOL,AFC,1997-10,0.06078745517294662,-0.04183592976271879,0.1855466276146095,100.49058266998773,-62.60719705462178,311.72442404438254
CONMEBOL vs AFC,CONMEBOL,AFC,1997-11,0.06089714982240796,-0.041487861644020275,0.18552591283415995,100.6833634433738,-62.27926184064555,312.1801782586002
CONMEBOL vs AFC,CONMEBOL,AFC,1997-12,0.06100631999771602,-0.041229904643980575,0.18550454570119426,100.87480174499659,-62.17996206390882,312.63464806280905
CONMEBOL vs AFC,CONMEBOL,AFC,1998-01,0.06111502830538994,-0.04087995480691742,0.1854832607385945,101.06500424342161,-61.47306552137707,313.0872322199262
CONMEBOL vs AFC,CONMEBOL,AFC,1998-02,0.06122333735194963,-0.04053731908608214,0.18546235876157285,101.25407767134656,-61.08040649935926,313.5373280268343
CONMEBOL vs AFC,CONMEBOL,AFC,1998-03,0.06133130974391505,-0.040201900016378245,0.1854421405853407,101.44212882217413,-60.90475682994728,313.98433136285894
CONMEBOL vs AFC,CONMEBOL,AFC,1998-04,0.06143900808780527,-0.039874176076085226,0.185422907025111,101.62926454783151,-60.394448889256054,314.38256333547366
CONMEBOL vs AFC,CONMEBOL,AFC,1998-05,0.06154649499014023,-0.03955462574348231,0.1854049588960951,101.81559175784305,-59.894502098183224,314.5927839215289
CONMEBOL vs AFC,CONMEBOL,AFC,1998-06,0.06165383305743995,-0.0392418244575976,0.18538859701350616,102.00121741964759,-59.40589636735593,315.04671762881276
CONMEBOL vs AFC,CONMEBOL,AFC,1998-07,0.061761084896223374,-0.03893246323614163,0.1853741221925561,102.18624856016633,-58.929612259967264,315.493651761581
CONMEBOL vs AFC,CONMEBOL,AFC,1998-08,0.061868313113010505,-0.03863289923003914,0.18551641562548393,102.37079226862818,-58.46663089193735,315.93314245941286
CONMEBOL vs AFC,CONMEBOL,AFC,1998-09,0.06197558031432131,-0.03853086591464447,0.18574350050724084,102.55495570064231,-58.017933828805624,316.35493201791064
CONMEBOL vs AFC,CONMEBOL,AFC,1998-10,0.06208294910667484,-0.03857771688483118,0.18596517727549192,102.73884608352513,-57.94984238326836,316.5026112457662
CONMEBOL vs AFC,CONMEBOL,AFC,1998-11,0.06219048209659107,-0.03860843876589488,0.18618101473392643,102.92257072288659,-57.99889711230482,316.5338591098955
CONMEBOL vs AFC,CONMEBOL,AFC,1998-12,0.0622982418905899,-0.038626779973947034,0.18639058168623196,103.10623701046754,-58.02925979470121,316.568800806662
CONMEBOL vs AFC,CONMEBOL,AFC,1999-01,0.062406296592708445,-0.03863212370370887,0.18659355533620203,103.2899617120027,-58.04001809489,316.6079226699334
CONMEBOL vs AFC,CONMEBOL,AFC,1999-02,0.06251473629705671,-0.03862446000915289,0.18679004648804232,103.47389886073513,-58.031161544814616,316.6514408587258
CONMEBOL vs AFC,CONMEBOL,AFC,1999-03,0.06262365659526276,-0.03857109290629999,0.18698027434606512,103.65821200415863,-58.00290530686883,316.6851087414618
CONMEBOL vs AFC,CONMEBOL,AFC,1999-04,0.06273315307895366,-0.03831003972821718,0.18716445811457866,103.84306492715235,-57.69701265961262,316.71766206650943
CONMEBOL vs AFC,CONMEBOL,AFC,1999-05,0.06284332133975756,-0.038085145837185454,0.18734281699789615,104.0286216415334,-57.78661209798055,316.75565123576587
CONMEBOL vs AFC,CONMEBOL,AFC,1999-06,0.06295425696930237,-0.03814014879142817,0.1875155702003266,104.21504637611066,-57.85283237628126,316.8002257782366
CONMEBOL vs AFC,CONMEBOL,AFC,1999-07,0.06306605555921528,-0.038177305489399994,0.18768293692618152,104.40250356724775,-57.77158010790764,317.03620252321093
CONMEBOL vs AFC,CONMEBOL,AFC,1999-08,0.06317881270112437,-0.03819445848927243,0.18777080836848645,104.59115784994033,-57.67021285378231,317.2658306475976
CONMEBOL vs AFC,CONMEBOL,AFC,1999-09,0.0632926239866576,-0.03806083192946157,0.1877896235554171,104.78117404940022,-57.54898114257649,317.4894842836018
CONMEBOL vs AFC,CONMEBOL,AFC,1999-10,0.06340758500744217,-0.037890118070085285,0.18781116148839108,104.97271717315358,-57.40813561286672,317.70753785505264
CONMEBOL vs AFC,CONMEBOL,AFC,1999-11,0.06352379135510605,-0.03771566327417366,0.18793323716498025,105.16595240365794,-57.24792699455822,317.92036606417304
CONMEBOL vs AFC,CONMEBOL,AFC,1999-12,0.06364133862127734,-0.03754118196516765,0.18809752577356556,105.36104509143115,-57.06860609072823,318.1283438791669
CONMEBOL vs AFC,CONMEBOL,AFC,2000-01,0.0637603223975831,-0.037366565006131225,0.18825980849340704,105.55816074869757,-56.86288708279161,318.2880105147852
CONMEBOL vs AFC,CONMEBOL,AFC,2000-02,0.06388083827565146,-0.03722193736572383,0.1884128067631503,105.757465043558,-56.63725361731473,318.3055253068184
CONMEBOL vs AFC,CONMEBOL,AFC,2000-03,0.06400298184711041,-0.037186390603559924,0.18856467756637577,105.95912379467407,-56.3943819626009,318.3277242169786
CONMEBOL vs AFC,CONMEBOL,AFC,2000-04,0.06412684870358704,-0.037142977453249106,0.1885616799065031,106.16330296647385,-56.13449593575763,318.35477317874944
CONMEBOL vs AFC,CONMEBOL,AFC,2000-05,0.06425253443670946,-0.037091723054726744,0.18855058242779246,106.37016866488447,-55.857819309464524,318.38683814441833
CONMEBOL vs AFC,CONMEBOL,AFC,2000-06,0.0643801346381057,-0.036940243387707336,0.18854036802638785,106.57988713358151,-55.56457579764239,318.4240850891734
CONMEBOL vs AFC,CONMEBOL,AFC,2000-07,0.06450974489940281,-0.03673902251213024,0.18853926512022073,106.79262475076284,-55.254989041496955,318.4666800154724
CONMEBOL vs AFC,CONMEBOL,AFC,2000-08,0.0646414608122289,-0.036526733549051914,0.1886953748001229,107.00854802645132,-55.027678742689815,318.682782807587
CONMEBOL vs AFC,CONMEBOL,AFC,2000-09,0.06477537796821203,-0.03630353030378592,0.18884979952460298,107.22782360031752,-54.90962382401411,318.96031531812133
CONMEBOL vs AFC,CONMEBOL,AFC,2000-10,0.06491159195897925,-0.03606956658165017,0.18900270420437082,107.45061824002795,-54.78065765242345,319.2344249922338
CONMEBOL vs AFC,CONMEBOL,AFC,2000-11,0.06505019837615862,-0.0358249961879582,0.1891542537501356,107.67709884012504,-54.64080792974615,319.5054437103865
CONMEBOL vs AFC,CONMEBOL,AFC,2000-12,0.06519129281137831,-0.03556997292802619,0.18930461307260718,107.90743242142848,-54.49010244937822,319.7737036413012
CONMEBOL vs AFC,CONMEBOL,AFC,2001-01,0.06533497085626527,-0.03530153439144374,0.18945239678574932,108.141786130964,-54.32856907377368,320.0395372305344
CONMEBOL vs AFC,CONMEBOL,AFC,2001-02,0.06548132810244756,-0.035095396329484746,0.18959843899453144,108.3803272424253,-54.15623571202063,320.3032771900331
CONMEBOL vs AFC,CONMEBOL,AFC,2001-03,0.06563046014155338,-0.034909744656185904,0.18974369814332934,108.62322315715933,-53.94266529894891,320.56525648863624
CONMEBOL vs AFC,CONMEBOL,AFC,2001-04,0.06578246256520967,-0.03472227838704573,0.1899027036444267,108.87064140567965,-53.5811788974651,320.8258083435433
CONMEBOL vs AFC,CONMEBOL,AFC,2001-05,0.06593743096504452,-0.03453314584648175,0.1901314104091391,109.12274964971515,-53.169825492121674,321.0852662127506
CONMEBOL vs AFC,CONMEBOL,AFC,2001-06,0.06609546093268612,-0.03444876625738704,0.19036373150020677,109.37971568478291,-52.7497381869034,321.34396378845923
CONMEBOL vs AFC,CONMEBOL,AFC,2001-07,0.06625664805976135,-0.03436004994670596,0.19059970227463965,109.64170744329034,-52.32097338552317,321.6022349914319
CONMEBOL vs AFC,CONMEBOL,AFC,2001-08,0.06642108793789837,-0.034266527014469396,0.1908393580894477,109.90889299817454,-52.07236145187127,321.9790095238504
CONMEBOL vs AFC,CONMEBOL,AFC,2001-09,0.06658887615872537,-0.03416784161100232,0.1909537246845943,110.18144056706603,-51.92774122424122,322.1878139985069
CONMEBOL vs AFC,CONMEBOL,AFC,2001-10,0.06676010831386917,-0.03398230934615807,0.1910650231674053,110.45951851698378,-51.76957438575514,322.396798797715
CONMEBOL vs AFC,CONMEBOL,AFC,2001-11,0.06693487999495798,-0.033718278268224953,0.19117696856434876,110.74329536956853,-51.30316547619317,322.65919559240086
CONMEBOL vs AFC,CONMEBOL,AFC,2001-12,0.06711328679362003,-0.033420892400429246,0.19128977551824253,111.03293980684138,-50.93172977079015,322.9231807209383
CONMEBOL vs AFC,CONMEBOL,AFC,2002-01,0.06729542430148201,-0.033122478121473356,0.19140083398434624,111.32862067749517,-50.497956224175205,323.18908086069837
CONMEBOL vs AFC,CONMEBOL,AFC,2002-02,0.06748138811017224,-0.03298295757112442,0.1915110137504965,111.63050700372568,-50.4333999595363,323.4572229035587
CONMEBOL vs AFC,CONMEBOL,AFC,2002-03,0.0676712738113189,-0.03265648954911691,0.1916225987887235,111.93876798858965,-50.34875296710302,323.72793395796765
CONMEBOL vs AFC,CONMEBOL,AFC,2002-04,0.06786517699654873,-0.03235374971522824,0.19173580929001477,112.25357302389595,-50.03900972431528,324.00154135194595
CONMEBOL vs AFC,CONMEBOL,AFC,2002-05,0.06806319325748995,-0.03215055580284884,0.19185086544535795,112.57509169863994,-49.72484393544922,324.49916590489335
CONMEBOL vs AFC,CONMEBOL,AFC,2002-06,0.06826541818577084,-0.03194438624020086,0.19207133901695528,112.90349380796476,-49.39296373745263,325.0903301093539
CONMEBOL vs AFC,CONMEBOL,AFC,2002-07,0.06847194737301814,-0.03173510630921603,0.1923851077461543,113.23894936265891,-49.05415790667167,325.4509440818865
CONMEBOL vs AFC,CONMEBOL,AFC,2002-08,0.06868287641086002,-0.03160395162435656,0.19270257707369376,113.58162859919749,-48.7099468520529,325.8238762260891
CONMEBOL vs AFC,CONMEBOL,AFC,2002-09,0.06889830089092484,-0.03147439686758941,0.1930237727015297,113.9317019903142,-48.36015862018841,326.2093378529434
CONMEBOL vs AFC,CONMEBOL,AFC,2002-10,0.06911831640483915,-0.0313434331810865,0.1933487203316173,114.28934025611001,-48.00462100093574,326.607540546981
CONMEBOL vs AFC,CONMEBOL,AFC,2002-11,0.0693430185442313,-0.031209906790223705,0.1936774456659119,114.6547143757105,-47.643161516967325,327.018696176433
CONMEBOL vs AFC,CONMEBOL,AFC,2002-12,0.06957250290072962,-0.031070874345868124,0.19400997440637133,115.02799559945365,-47.27560741270587,327.44301690361925
CONMEBOL vs AFC,CONMEBOL,AFC,2003-01,0.06980686506596061,-0.03092978669131807,0.19427802139492262,115.40935546161947,-46.90178564267401,327.88071519557536
CONMEBOL vs AFC,CONMEBOL,AFC,2003-02,0.07004620063155265,-0.03078643312432856,0.19441109317055058,115.7989657937102,-46.5215228592146,328.332003834922
CONMEBOL vs AFC,CONMEBOL,AFC,2003-03,0.07029060518913409,-0.03064060294265367,0.19454689724537436,116.19699873826488,-46.43427602378707,328.79709593098204
CONMEBOL vs AFC,CONMEBOL,AFC,2003-04,0.0705401743303314,-0.03049208544404869,0.19468767831543654,116.60362676321878,-46.07851424207324,329.402702626863
CONMEBOL vs AFC,CONMEBOL,AFC,2003-05,0.07079500364677292,-0.03040767328752274,0.19483358493893985,117.01902267681784,-45.87459902631093,330.1398073418477
CONMEBOL vs AFC,CONMEBOL,AFC,2003-06,0.0710551887300871,-0.03025633734884505,0.19498476567408696,117.4433596430715,-45.6661317908123,330.88383778194594
CONMEBOL vs AFC,CONMEBOL,AFC,2003-07,0.07132082517190033,-0.030047178393938976,0.19514136907908228,117.87681119775408,-45.452758547845946,331.6348350159572
CONMEBOL vs AFC,CONMEBOL,AFC,2003-08,0.07159200856384099,-0.029899417780654323,0.1953035437121294,118.31955126496686,-45.23412504683819,332.39284047427645
CONMEBOL vs AFC,CONMEBOL,AFC,2003-09,0.07186883449753755,-0.029747229116767436,0.19547143813143106,118.77175417424328,-45.000686390438716,333.1538963495061
CONMEBOL vs AFC,CONMEBOL,AFC,2003-10,0.07215139856461635,-0.029582281687018284,0.19564520089519163,119.23359467820755,-44.75614269773687,333.9096713197448
CONMEBOL vs AFC,CONMEBOL,AFC,2003-11,0.07243979635670575,-0.029413079229798276,0.19588641672393522,119.7052479708006,-44.50522424297045,334.6727670503841
CONMEBOL vs AFC,CONMEBOL,AFC,2003-12,0.07273412346543431,-0.02923940281451367,0.1962959339473512,120.18688970605476,-44.24759846413601,335.44324441916956
CONMEBOL vs AFC,CONMEBOL,AFC,2004-01,0.07303447548242824,-0.029061033510568456,0.19667128709671317,120.67869601742794,-43.98293245538584,336.22044895374825
CONMEBOL vs AFC,CONMEBOL,AFC,2004-02,0.07334094799931601,-0.028794291929622285,0.1969165902684665,121.18084353771329,-43.710892952878496,337.0039955794512
CONMEBOL vs AFC,CONMEBOL,AFC,2004-03,0.07365363660772617,-0.028495852732261406,0.19716363559843336,121.69350941950324,-43.29222717750211,337.7939533655338
CONMEBOL vs AFC,CONMEBOL,AFC,2004-04,0.07397263689928488,-0.028188160906192517,0.19741868023475834,122.21687135622211,-42.82762195135791,338.4273360928378
CONMEBOL vs AFC,CONMEBOL,AFC,2004-05,0.07429804446562063,-0.027871066068101812,0.19768192836410514,122.75110760374166,-42.34892603082385,338.8540098827019
CONMEBOL vs AFC,CONMEBOL,AFC,2004-06,0.07462995489836206,-0.027544417834674515,0.19795358417313585,123.29639700256025,-41.855906591865946,339.29373473444247
CONMEBOL vs AFC,CONMEBOL,AFC,2004-07,0.07496846378913516,-0.027208065822598514,0.19823385184851405,123.85291900055829,-41.34832982383233,339.7467788110919
CONMEBOL vs AFC,CONMEBOL,AFC,2004-08,0.07531366672956849,-0.026861859648559867,0.19852293557690176,124.42085367634837,-40.82596088749767,340.21341072244496
CONMEBOL vs AFC,CONMEBOL,AFC,2004-09,0.07566565931129081,-0.02650564892924478,0.19882103954496366,125.0003817631972,-40.28856387220767,340.69389953699533
CONMEBOL vs AFC,CONMEBOL,AFC,2004-10,0.07602453712592791,-0.026139283281340294,0.19912836793935987,125.59168467353498,-39.73590175210551,341.188514794064
CONMEBOL vs AFC,CONMEBOL,AFC,2004-11,0.07639039576510848,-0.025762612321530695,0.19944512494675676,126.1949445240715,-39.16773634142626,341.6975265161095
CONMEBOL vs AFC,CONMEBOL,AFC,2004-12,0.07676333082046127,-0.025375485666503824,0.1997715147538146,126.81034416149421,-38.58382824887507,342.2212052212249
CONMEBOL vs AFC,CONMEBOL,AFC,2005-01,0.07714343788361203,-0.025050652278761507,0.2001116298684341,127.43806718876698,-37.9839368310426,342.7598219358203
CONMEBOL vs AFC,CONMEBOL,AFC,2005-02,0.07753081254618943,-0.024765978060328427,0.20050264925137395,128.0782979920483,-37.3654328457041,343.5235526530108
CONMEBOL vs AFC,CONMEBOL,AFC,2005-03,0.07792555039982232,-0.02446791795599665,0.20084326746527612,128.73122176820507,-36.725749707956744,344.25362196143
CONMEBOL vs AFC,CONMEBOL,AFC,2005-04,0.07832774703613637,-0.02415617162819363,0.2011943677814195,129.39702455293988,-36.227478379738756,344.8743769198251
CONMEBOL vs AFC,CONMEBOL,AFC,2005-05,0.07873749804676022,-0.02382700542818465,0.20158357627136192,130.07589324955438,-35.73782727592003,345.51072675962035
CONMEBOL vs AFC,CONMEBOL,AFC,2005-06,0.0791548990233229,-0.02348250136992504,0.20207118207252223,130.7680156583222,-35.22705195914047,346.1588714685517
CONMEBOL vs AFC,CONMEBOL,AFC,2005-07,0.07958004555744976,-0.02312355806087089,0.2025723994012155,131.4735805064912,-34.69470015635148,346.8164326416165
CONMEBOL vs AFC,CONMEBOL,AFC,2005-08,0.08001303324076972,-0.022749884370801783,0.203064619773227,132.19277747894012,-34.14031789699898,347.5784273367118
CONMEBOL vs AFC,CONMEBOL,AFC,2005-09,0.08045395766491169,-0.022361189169495737,0.20357164114895301,132.92579724946,-33.56344943453971,348.5567204143097
CONMEBOL vs AFC,CONMEBOL,AFC,2005-10,0.08090291442150109,-0.02195718132673585,0.20408266706396722,133.67283151268478,-32.96363716603487,349.5553688002019
CONMEBOL vs AFC,CONMEBOL,AFC,2005-11,0.08135999910216675,-0.021537569712299292,0.20459770704239152,134.43407301669401,-32.34042154975635,350.57464005964425
CONMEBOL vs AFC,CONMEBOL,AFC,2005-12,0.08182526232581624,-0.021102167878588846,0.20511675301897883,135.20963707371027,-31.693496257327233,351.6126712934089
CONMEBOL vs AFC,CONMEBOL,AFC,2006-01,0.0822985748204673,-0.020651208108502,0.20563972657099255,135.9993256072937,-31.023174418037097,352.4613130298291
CONMEBOL vs AFC,CONMEBOL,AFC,2006-02,0.08277976234141991,-0.0201850273675602,0.20616653168632942,136.80286198685565,-30.329923987471673,353.3290717786741
CONMEBOL vs AFC,CONMEBOL,AFC,2006-03,0.08326865064397426,-0.019703962621280664,0.20669707235288548,137.61996940823397,-29.61421274343435,354.2155309810926
CONMEBOL vs AFC,CONMEBOL,AFC,2006-04,0.08376506548342644,-0.0191999929268535,0.2072312525585531,138.45037085352968,-28.87650837003678,355.12027369868224
CONMEBOL vs AFC,CONMEBOL,AFC,2006-05,0.08426883261507655,-0.018681562332855867,0.20776897629123073,139.29378905183486,-28.11259773693686,356.0428825713208
CONMEBOL vs AFC,CONMEBOL,AFC,2006-06,0.08477977779422478,-0.018149269982669653,0.20831014753881286,140.14994644080934,-27.318930961762128,356.9829397759909
CONMEBOL vs AFC,CONMEBOL,AFC,2006-07,0.0852977267761671,-0.01760345438478139,0.20885467028919255,141.01856512912428,-26.504682041827895,357.9400269866288
CONMEBOL vs AFC,CONMEBOL,AFC,2006-08,0.0858225053162037,-0.01704445404767649,0.2094024485302659,141.89936685979342,-25.670320085323958,358.91372533500385
CONMEBOL vs AFC,CONMEBOL,AFC,2006-09,0.08635393916963484,-0.01647260747983603,0.20995338624993143,142.79207297434812,-24.816314536866745,359.903615372598
CONMEBOL vs AFC,CONMEBOL,AFC,2006-10,0.08689185409175632,-0.015888253189748264,0.210507387436079,143.69640437787734,-23.943135252340113,360.9092770334987
CONMEBOL vs AFC,CONMEBOL,AFC,2006-11,0.08743607583786844,-0.015291729685894402,0.21106435607660534,144.61208150495426,-23.051252571859735,361.930289598338
CONMEBOL vs AFC,CONMEBOL,AFC,2006-12,0.08798643016327144,-0.014683375476760659,0.21162419615941003,145.53882428640506,-22.141137390940532,362.9662316592289
CONMEBOL vs AFC,CONMEBOL,AFC,2007-01,0.08854274282326119,-0.014063529070832633,0.21218681167238276,146.4763521169429,-21.21326122979886,364.0166810857194
CONMEBOL vs AFC,CONMEBOL,AFC,2007-02,0.08910483957313785,-0.013432528976592414,0.21275210660342042,147.4243838236896,-20.26809630082576,365.08121499179305
CONMEBOL vs AFC,CONMEBOL,AFC,2007-03,0.08967254616820179,-0.012790713702524534,0.2133186360525539,148.38263763554147,-19.306115574239577,366.15940970388095
CONMEBOL vs AFC,CONMEBOL,AFC,2007-04,0.09024568836374869,-0.012138421757115521,0.21388002754830487,149.35083115340203,-18.327792841891238,367.250840729878
CONMEBOL vs AFC,CONMEBOL,AFC,2007-05,0.09082409191507891,-0.011475991648848135,0.21444359550130732,150.32868132130702,-17.333602779227892,368.3550827292519
CONMEBOL vs AFC,CONMEBOL,AFC,2007-06,0.09140758257749282,-0.010803761886206993,0.21500925556763312,151.31590439839644,-16.324021005434457,369.47170948411207
CONMEBOL vs AFC,CONMEBOL,AFC,2007-07,0.09199598610628598,-0.010122070977677785,0.21557692340335555,152.31221593175846,-15.2995241417253,370.60029387136024
CONMEBOL vs AFC,CONMEBOL,AFC,2007-08,0.09258912825675879,-0.009431257431744151,0.21614651466454574,153.3173307301721,-14.260589867788205,371.7404078358633
CONMEBOL vs AFC,CONMEBOL,AFC,2007-09,0.09318683478421162,-0.008731659756888185,0.2167179450072788,154.33096283870194,-13.207696976387279,372.8916223646756
CONMEBOL vs AFC,CONMEBOL,AFC,2007-10,0.09378893144394006,-0.00802361646159881,0.21729113008762482,155.35282551417225,-12.141325426128018,374.05350746228316
CONMEBOL vs AFC,CONMEBOL,AFC,2007-11,0.09439524399124442,-0.007307466054359009,0.21792895169081689,156.38263120154699,-11.061956392331721,375.2256321269388
CONMEBOL vs AFC,CONMEBOL,AFC,2007-12,0.09500559818142527,-0.006583547043649847,0.2185921685915072,157.4200915111706,-9.97007231607602,376.4075643279987
CONMEBOL vs AFC,CONMEBOL,AFC,2008-01,0.09561981976977794,-0.005852197937960475,0.219260323436533,158.4649171968955,-8.866156951377109,377.5888371356221
CONMEBOL vs AFC,CONMEBOL,AFC,2008-02,0.09623773451160296,-0.005113757245772805,0.21993314136811928,159.51681813512693,-7.7506954104596195,378.77736872619647
CONMEBOL vs AFC,CONMEBOL,AFC,2008-03,0.09685916816220079,-0.004368563475569726,0.22061034752849018,160.57550330473632,-6.624174207184561,379.97457599602984
CONMEBOL vs AFC,CONMEBOL,AFC,2008-04,0.09748394647686673,-0.0036169551358403444,0.22129166705986456,161.64068076787288,-5.487081298581578,381.17933318870394
CONMEBOL vs AFC,CONMEBOL,AFC,2008-05,0.09811189521090141,-0.0028592707350665715,0.2219768251044665,162.71205765170333,-4.339906124463053,382.38590669120407
CONMEBOL vs AFC,CONMEBOL,AFC,2008-06,0.09874284011960521,-0.002095848781730497,0.22266554680451944,163.78934013103105,-3.183139645162762,383.67097457477576
CONMEBOL vs AFC,CONMEBOL,AFC,2008-07,0.09937660695827354,-0.001327027784321094,0.22335755730224305,164.8722334118257,-2.0580901892572134,384.97634235098303
CONMEBOL vs AFC,CONMEBOL,AFC,2008-08,0.10001302148220685,-0.0006927269045777281,0.22405258173986234,165.9604417156931,-1.0803899476289667,386.2899117189464
CONMEBOL vs AFC,CONMEBOL,AFC,2008-09,0.10065190944670568,-6.43968432014251e-05,0.22472110821043154,167.05366826523735,-0.09871210829769808,387.6114074706883
CONMEBOL vs AFC,CONMEBOL,AFC,2008-10,0.10129309660706536,0.0005659038054580511,0.22527128552355902,168.151615270346,0.8866717863275626,388.9405531480882
CONMEBOL vs AFC,CONMEBOL,AFC,2008-11,0.10193640871858634,0.0011979941730796693,0.2258214183603978,169.25398391542979,1.8754893765445302,390.27707102166397
CONMEBOL vs AFC,CONMEBOL,AFC,2008-12,0.10258167153656923,0.0018318548171777636,0.2263714086199213,170.36047434756745,2.867717358608226,391.6206820702177
CONMEBOL vs AFC,CONMEBOL,AFC,2009-01,0.10322871081630923,0.002473586373480701,0.2269211582010967,171.47078566558832,3.872794814682421,392.971105961409
CONMEBOL vs AFC,CONMEBOL,AFC,2009-02,0.10387735231310692,0.003116656606196071,0.22747056900289983,172.58461591012372,4.880626965518952,394.3280610333022
CONMEBOL vs AFC,CONMEBOL,AFC,2009-03,0.10452742178226287,0.0037608691433377787,0.22801954292430415,173.70166205457835,5.890914418905829,395.69126427681425
CONMEBOL vs AFC,CONMEBOL,AFC,2009-04,0.10517874497907222,0.0044060276129184875,0.22856798186427846,174.82161999705352,6.903356874946115,397.06043131910394
CONMEBOL vs AFC,CONMEBOL,AFC,2009-05,0.10583114765883561,0.005051935642951302,0.2291846886804837,175.94418455325575,7.917653117034767,398.43527640794133
CONMEBOL vs AFC,CONMEBOL,AFC,2009-06,0.10648445557685361,0.005698396861452617,0.2298940905242913,177.06904945033958,8.933501003651546,399.81551239700656
CONMEBOL vs AFC,CONMEBOL,AFC,2009-07,0.10713849448842144,0.006345214896434294,0.230605703294602,178.19590732171815,9.95059746095168,401.2008507321429
CONMEBOL vs AFC,CONMEBOL,AFC,2009-08,0.10779309014883957,0.006992193375910239,0.2313193906967967,179.32444970287466,10.968638476201605,402.59100143861406
CONMEBOL vs AFC,CONMEBOL,AFC,2009-09,0.10844806831340864,0.007639135927896002,0.23203501643625454,180.45436702812435,11.987319092024485,403.9856731092974
CONMEBOL vs AFC,CONMEBOL,AFC,2009-10,0.10910325473742385,0.008285846180403489,0.23275244421835015,181.5853486283599,13.006333401471114,405.38457289386366
CONMEBOL vs AFC,CONMEBOL,AFC,2009-11,0.1097584751761858,0.009011560089811832,0.23347153774846172,182.71708272981334,14.025374543934754,406.55833848189326
CONMEBOL vs AFC,CONMEBOL,AFC,2009-12,0.11041355538499496,0.00980740963124238,0.23419001441046963,183.8492564537851,15.238434101615974,407.62910167969085
CONMEBOL vs AFC,CONMEBOL,AFC,2010-01,0.1110683211191466,0.010599911651161255,0.2349045304623547,184.981555817372,16.4758147506098,408.69784328683625
CONMEBOL vs AFC,CONMEBOL,AFC,2010-02,0.11172259813394131,0.01138861563243019,0.23562032214080886,186.11366573522884,17.708186143727676,409.76434945506537
CONMEBOL vs AFC,CONMEBOL,AFC,2010-03,0.1123762121846796,0.012173071057912745,0.23633726125763552,187.2452700223115,18.934831624166716,410.82840561718297
CONMEBOL vs AFC,CONMEBOL,AFC,2010-04,0.11302898902665673,0.01295282741046613,0.2370552196246304,188.37605139763676,20.155032495067875,411.879657951481
CONMEBOL vs AFC,CONMEBOL,AFC,2010-05,0.1136807544151732,0.013727434172952217,0.23777406905359444,189.50569148909017,21.368068045307556,412.9215199740294
CONMEBOL vs AFC,CONMEBOL,AFC,2010-06,0.11433133410552962,0.014397248256601672,0.23849368135633028,190.63387083923251,22.473588706118054,413.9599946443643
CONMEBOL vs AFC,CONMEBOL,AFC,2010-07,0.11498055385302124,0.014945798920388189,0.23921392834463195,191.7602689121377,23.336053940309846,415.096079094404
CONMEBOL vs AFC,CONMEBOL,AFC,2010-08,0.11562823941294856,0.015493950349243104,0.23990819890554899,192.88456410129444,24.19831997308844,416.34578148805036
CONMEBOL vs AFC,CONMEBOL,AFC,2010-09,0.11627421654061212,0.016041645019172403,0.24046463848142294,194.00643373852213,25.060292245987878,417.59074854179414
CONMEBOL vs AFC,CONMEBOL,AFC,2010-10,0.11691831099130724,0.016588825406178568,0.24101866421532864,195.1255541039332,25.92187589785996,418.83052361041547
CONMEBOL vs AFC,CONMEBOL,AFC,2010-11,0.11756034852033437,0.017135433986265894,0.24157015326131517,196.24160043697393,26.78297576604756,420.0646489340503
CONMEBOL vs AFC,CONMEBOL,AFC,2010-12,0.1182001548829941,0.017681413235441392,0.24211898277343363,197.35424694849408,27.643496387679,421.2926656564142
CONMEBOL vs AFC,CONMEBOL,AFC,2011-01,0.11883755583458175,0.018234870729411504,0.2426582730148184,198.4631668338776,28.503342001077375,422.5141138442407
CONMEBOL vs AFC,CONMEBOL,AFC,2011-02,0.11947237713039774,0.018789236835063016,0.2431914781879525,199.56803228726517,29.36241654732953,423.7285325079722
CONMEBOL vs AFC,CONMEBOL,AFC,2011-03,0.12010444452574269,0.01948787309051916,0.24372148473761665,200.66851451681998,30.223822436723914,424.9354596236544
CONMEBOL vs AFC,CONMEBOL,AFC,2011-04,0.1207335837759118,0.020050649818542654,0.24424816920593934,201.764283761067,31.14502023144713,426.134432156048
CONMEBOL vs AFC,CONMEBOL,AFC,2011-05,0.12135962063620574,0.020582219329049467,0.244771408135057,202.85500930633782,31.978638489950207,427.3249860830248
CONMEBOL vs AFC,CONMEBOL,AFC,2011-06,0.12198238086192484,0.021116744398813083,0.24529107806710346,203.94035950526995,32.817897098158824,428.50665642113876
CONMEBOL vs AFC,CONMEBOL,AFC,2011-07,0.12260169020836457,0.021654299412659086,0.24580705554420917,205.0200017963928,33.745356079413725,429.678977252484
CONMEBOL vs AFC,CONMEBOL,AFC,2011-08,0.12321737443082537,0.022194958755420834,0.24631921710850788,206.09360272482937,34.6837588069597,430.8414817527808
CONMEBOL vs AFC,CONMEBOL,AFC,2011-09,0.12382925928460771,0.022738796811929297,0.24682743930213522,207.16082796406445,35.616465876883524,431.8888015254449
CONMEBOL vs AFC,CONMEBOL,AFC,2011-10,0.12443717052500702,0.02328588796701081,0.24733159866722063,208.22134233880908,36.543194505611886,432.90112727581135
CONMEBOL vs AFC,CONMEBOL,AFC,2011-11,0.1250409339073237,0.023838262417152433,0.24783157174589793,209.2748098489906,37.46366117365051,433.9766269556511
CONMEBOL vs AFC,CONMEBOL,AFC,2011-12,0.1256403751868583,0.02439525792763844,0.24832723508030274,210.32089369481855,38.37758163898658,435.1262123212658
CONMEBOL vs AFC,CONMEBOL,AFC,2012-01,0.12623532011890623,0.024959477358935354,0.2488284328623679,211.35925630295517,39.28467095124098,436.25916142497556
CONMEBOL vs AFC,CONMEBOL,AFC,2012-02,0.12682559445876784,0.025591512998447065,0.2495033363975941,212.3895593538192,40.1846434665947,437.37487650265473
CONMEBOL vs AFC,CONMEBOL,AFC,2012-03,0.1274110239617437,0.02624532507298416,0.250170461477034,213.41146380997287,41.082494561308614,438.4727590679032
CONMEBOL vs AFC,CONMEBOL,AFC,2012-04,0.1279914343831292,0.026893872378205907,0.2508295525684186,214.42462994561976,41.97372578491354,439.552209976635
CONMEBOL vs AFC,CONMEBOL,AFC,2012-05,0.12856665147822485,0.027536957056028166,0.2514551137483391,215.42871737724127,42.8561976062781,440.61262949378363
CONMEBOL vs AFC,CONMEBOL,AFC,2012-06,0.12913650100233093,0.028174381248369598,0.2519217505853241,216.4233850953212,43.777361815213894,441.65341736200355
CONMEBOL vs AFC,CONMEBOL,AFC,2012-07,0.12970080871074305,0.02880594709714064,0.2523823282100825,217.4082914971865,44.76854590317034,442.67397287244074
CONMEBOL vs AFC,CONMEBOL,AFC,2012-08,0.1302594003587617,0.029431456744258178,0.25283669985674084,218.38309442098725,45.749821176552814,443.6736949375724
CONMEBOL vs AFC,CONMEBOL,AFC,2012-09,0.13081210170168706,0.030050712331639896,0.2532847187594251,219.3474511807689,46.720825728597156,444.651982166077
CONMEBOL vs AFC,CONMEBOL,AFC,2012-10,0.1313587384948149,0.030663516001195525,0.25380320452875565,220.30101860266157,47.6811969346351,445.6082329397329
CONMEBOL vs AFC,CONMEBOL,AFC,2012-11,0.13189915504043104,0.03126968885940773,0.2544087488572559,221.24349127432154,48.544806647383545,446.7514409432934
CONMEBOL vs AFC,CONMEBOL,AFC,2012-12,0.1324332698287635,0.03186912787101153,0.25500552937418114,222.17471652260403,49.06702422287619,447.82994362710076
CONMEBOL vs AFC,CONMEBOL,AFC,2013-01,0.13296101989702142,0.0322518645759085,0.2555935182462889,223.0945803264593,49.91174811155859,448.77764820700975
CONMEBOL vs AFC,CONMEBOL,AFC,2013-02,0.1334823422824183,0.03259303730534411,0.2561726876403362,224.00296917757595,50.8684213433012,449.7089190506417
CONMEBOL vs AFC,CONMEBOL,AFC,2013-03,0.1339971740221676,0.03319143789912817,0.25674300972308334,224.89977007517925,51.83170930141646,450.6237790167175
CONMEBOL vs AFC,CONMEBOL,AFC,2013-04,0.13450545215347856,0.033791842486234194,0.2573044566612863,225.78487052085677,52.798724537748775,451.52225175206854
CONMEBOL vs AFC,CONMEBOL,AFC,2013-05,0.1350071137135647,0.03439388031782582,0.2578570006217046,226.65815851343518,53.768871254601926,452.40436167830114
CONMEBOL vs AFC,CONMEBOL,AFC,2013-06,0.1355020957396394,0.03472702865066575,0.2584006137710976,227.5195225438642,54.56039378941132,453.270133978498
CONMEBOL vs AFC,CONMEBOL,AFC,2013-07,0.13599033526891197,0.03499130023436492,0.2589352682762205,228.3688515901369,55.020902115805995,454.1195945839764
CONMEBOL vs AFC,CONMEBOL,AFC,2013-08,0.13647176933859587,0.03525109829657894,0.2594609363038327,229.20603511226392,55.43265214977992,455.06592177802605
CONMEBOL vs AFC,CONMEBOL,AFC,2013-09,0.13694633498590447,0.0354956323607436,0.2599775900206947,230.03096304726606,55.81981882705741,456.04325891315216
CONMEBOL vs AFC,CONMEBOL,AFC,2013-10,0.13741396924804725,0.035725216614901266,0.26048520159356053,230.84352580420548,56.182899765023386,456.9979316178057
CONMEBOL vs AFC,CONMEBOL,AFC,2013-11,0.13787460916223754,0.035940165247097776,0.26098374318919076,231.6436142592798,56.83707798066138,457.9094255727979
CONMEBOL vs AFC,CONMEBOL,AFC,2013-12,0.1383281917656886,0.0363795776141203,0.26147318697434474,232.43111975093885,57.5130448453811,458.79838312387426
CONMEBOL vs AFC,CONMEBOL,AFC,2014-01,0.13877465409561007,0.036845880974779414,0.2619881530985788,233.205934075048,58.17760247107289,459.66662348188333
CONMEBOL vs AFC,CONMEBOL,AFC,2014-02,0.13921393318921524,0.03731065831501303,0.2625865249755021,233.96794948011782,58.830666326337585,460.51413207026906
CONMEBOL vs AFC,CONMEBOL,AFC,2014-03,0.13964596608371732,0.03777061065947081,0.26317842055037144,234.71705866256386,59.54681234868461,461.34089547949884
CONMEBOL vs AFC,CONMEBOL,AFC,2014-04,0.140070689816326,0.038225558469840416,0.26376360358450296,235.45315476201802,60.27352730879854,462.14690144811726
CONMEBOL vs AFC,CONMEBOL,AFC,2014-05,0.14048804142425464,0.03867532220781205,0.2643409170729126,236.17613135671124,60.992089330857134,462.92657925790286
CONMEBOL vs AFC,CONMEBOL,AFC,2014-06,0.1408979579447163,0.039119722335077795,0.2646811579930012,236.88588245889142,61.702202226450346,463.6777786019515
CONMEBOL vs AFC,CONMEBOL,AFC,2014-07,0.1413003764149208,0.039558579313323475,0.2649578798089439,237.5823025102991,62.40356970123463,464.40789624578053
CONMEBOL vs AFC,CONMEBOL,AFC,2014-08,0.14169523387208138,0.0399917136042419,0.2651073220581614,238.26528637771762,63.09589536767496,465.1169444513757
CONMEBOL vs AFC,CONMEBOL,AFC,2014-09,0.14208246735341112,0.04041894566952178,0.26543992716455284,238.9347293485647,63.77888275796609,465.8049365359339
CONMEBOL vs AFC,CONMEBOL,AFC,2014-10,0.14246201389612,0.040840095970851524,0.2657530339525045,239.5905271265459,64.4522353372024,466.47188685213587
CONMEBOL vs AFC,CONMEBOL,AFC,2014-11,0.14283381053742109,0.04125498496992219,0.26600642735185015,240.23257582738586,65.08323974510972,466.74060057202513
CONMEBOL vs AFC,CONMEBOL,AFC,2014-12,0.1431977943145275,0.04166450819737047,0.26625105992498865,240.8607719746072,65.59705514888199,466.97628558456415
CONMEBOL vs AFC,CONMEBOL,AFC,2015-01,0.14355390226464926,0.04207094765064681,0.26648702991797585,241.47501249537382,66.0986827204061,467.19524947094516
CONMEBOL vs AFC,CONMEBOL,AFC,2015-02,0.14390207142499942,0.04247047112894156,0.2667144355768685,242.075194716416,66.58804602904867,467.3979291613518
CONMEBOL vs AFC,CONMEBOL,AFC,2015-03,0.144242238832791,0.042862895393111125,0.2669333751477242,242.66121636000744,67.06506918121906,467.58476218015863
CONMEBOL vs AFC,CONMEBOL,AFC,2015-04,0.14457434152523418,0.04324803720401254,0.2671439468765979,243.23297554001044,67.52967681539256,467.7561866305937
CONMEBOL vs AFC,CONMEBOL,AFC,2015-05,0.144898316539542,0.04362571332250221,0.26734624900954723,243.79037075800508,67.98179409699118,468.20066614782314
CONMEBOL vs AFC,CONMEBOL,AFC,2015-06,0.1452141009129273,0.04399574050943734,0.2675403797926298,244.33330089947435,68.42134671313023,468.6630518950675
CONMEBOL vs AFC,CONMEBOL,AFC,2015-07,0.14552163168260043,0.04435793552567425,0.2677232340748473,244.86166523006096,68.84826086723211,469.1098821985316
CONMEBOL vs AFC,CONMEBOL,AFC,2015-08,0.14582084588577443,0.04471211513206828,0.26789785694227203,245.3753633919098,69.26246327350539,469.5412229102596
CONMEBOL vs AFC,CONMEBOL,AFC,2015-09,0.14611168055966203,0.045010168185481765,0.26806469666649296,245.87429540006946,69.6638811512926,469.95714036191254
CONMEBOL vs AFC,CONMEBOL,AFC,2015-10,0.14639407274147373,0.04526257041025708,0.2683787204776313,246.358361638969,70.05244221927602,470.3577013509183
CONMEBOL vs AFC,CONMEBOL,AFC,2015-11,0.14666795946842243,0.04550668395868343,0.268708837625052,246.82746285898057,70.42807468957385,470.74297312671536
CONMEBOL vs AFC,CONMEBOL,AFC,2015-12,0.14693327777772078,0.04574246010950289,0.2690304717028881,247.28150017304498,70.79070726168936,471.11302337702443
CONMEBOL vs AFC,CONMEBOL,AFC,2016-01,0.14718996470657958,0.04596985014145574,0.2693435166175429,247.72037505337445,71.14026911633167,471.467920214213
CONMEBOL vs AFC,CONMEBOL,AFC,2016-02,0.14743795729221149,0.04618880533328218,0.2696478662754179,248.14398932824108,71.47668990911448,471.80773216170826
CONMEBOL vs AFC,CONMEBOL,AFC,2016-03,0.14767719257182926,0.04639927696372444,0.26994341458291726,248.55224517883224,71.79989976412854,472.1325281404924
CONMEBOL vs AFC,CONMEBOL,AFC,2016-04,0.14790760758264368,0.04660121631152343,0.2702300554464415,248.9450451361834,72.10982926737994,472.4423774556476
CONMEBOL vs AFC,CONMEBOL,AFC,2016-05,0.14812913936186742,0.046794574655418766,0.27050768277239484,249.32229207819742,72.40640946010402,472.7373497829942
CONMEBOL vs AFC,CONMEBOL,AFC,2016-06,0.14834172494671308,0.046979303274153277,0.2707761904671796,249.68388922673293,72.6895718319663,473.01751515578064
CONMEBOL vs AFC,CONMEBOL,AFC,2016-07,0.14854530137439162,0.04715535344646558,0.2710354724371981,250.02974014477024,72.96753504396945,473.2829439514482
CONMEBOL vs AFC,CONMEBOL,AFC,2016-08,0.14873980568211573,0.04732873665377864,0.2712854225888545,250.35974873366476,73.23614512576447,473.5337068784826
CONMEBOL vs AFC,CONMEBOL,AFC,2016-09,0.14892517490709786,0.04749396157325014,0.27152049258274663,250.67381923046895,73.4910143027047,473.76987496331554
CONMEBOL vs AFC,CONMEBOL,AFC,2016-10,0.1491013460865491,0.04765044982461095,0.27165392500652946,250.97185620533435,73.85315619272802,473.99151953732616
CONMEBOL vs AFC,CONMEBOL,AFC,2016-11,0.1492682562576821,0.04779814887257081,0.2717797944038208,251.2537645589984,74.30408531650262,474.19871222389247
CONMEBOL vs AFC,CONMEBOL,AFC,2016-12,0.1494258424577092,0.04793700618184551,0.27189339953560027,251.5194495203417,74.73803750351492,474.39152492554354
CONMEBOL vs AFC,CONMEBOL,AFC,2017-01,0.14957404172384173,0.04813963287329988,0.27199525457953927,251.76881664402478,75.15473800346037,474.57002981116847
CONMEBOL vs AFC,CONMEBOL,AFC,2017-02,0.14971279109329216,0.0483951962981183,0.27208997931773526,252.001771808208,75.55391239848804,474.73429930331406
CONMEBOL vs AFC,CONMEBOL,AFC,2017-03,0.14984202760327286,0.048639457180603876,0.27217760634692106,252.2182212123423,75.935286597273,474.88440606555974
CONMEBOL vs AFC,CONMEBOL,AFC,2017-04,0.14996168829099518,0.04887223832792609,0.2722132518545015,252.4180713750393,76.29858682873335,475.02042298996855
CONMEBOL vs AFC,CONMEBOL,AFC,2017-05,0.15007171019367155,0.04909336254725943,0.2722361254850033,252.60122913202073,76.64353963537758,475.1424231846155
CONMEBOL vs AFC,CONMEBOL,AFC,2017-06,0.15017203034851434,0.04930265264577516,0.27225729172660995,252.7676016341411,76.96987186625198,475.2504799612124
CONMEBOL vs AFC,CONMEBOL,AFC,2017-07,0.15026258579273502,0.04949993143064444,0.27227444374195753,252.91709634548494,77.27731066953118,475.3446668227872
CONMEBOL vs AFC,CONMEBOL,AFC,2017-08,0.15034331356354594,0.04968502170904099,0.2722898990205736,253.0496210415444,77.56558348472831,475.42505745147037
CONMEBOL vs AFC,CONMEBOL,AFC,2017-09,0.1504141506981593,0.049857746288135066,0.27230411553280454,253.16508380746586,77.83441803451763,475.49172569634686
CONMEBOL vs AFC,CONMEBOL,AFC,2017-10,0.1504750342337869,0.05001792797509888,0.2723173165612121,253.26339303637192,78.08354231619312,475.54474556140076
CONMEBOL vs AFC,CONMEBOL,AFC,2017-11,0.1505259012076409,0.050165389577104195,0.2723290612894345,253.344457427758,78.09176339174056,475.58419119353505
CONMEBOL vs AFC,CONMEBOL,AFC,2017-12,0.15056668865693346,0.05029995390132496,0.2722817130965732,253.4081859859587,78.0382862657611,475.6101368706796
CONMEBOL vs AFC,CONMEBOL,AFC,2018-01,0.15059733361887645,0.0502242582123206,0.27222346489856913,253.45448801868565,77.98004767510065,475.62265698999187
CONMEBOL vs AFC,CONMEBOL,AFC,2018-02,0.15061777313068211,0.05005947711799422,0.27215430572288113,253.48327313563664,77.81932142099163,475.6218260561168
CONMEBOL vs AFC,CONMEBOL,AFC,2018-03,0.15062794422956238,0.049879763626967714,0.27207422459696595,253.49445124717195,77.53129520100288,475.60771866955747
CONMEBOL vs AFC,CONMEBOL,AFC,2018-04,0.15062778395272935,0.04968505107106261,0.27198321054828395,253.48793256305996,77.21972435070096,475.580409515128
CONMEBOL vs AFC,CONMEBOL,AFC,2018-05,0.15061722933739513,0.04947527278210036,0.2718812526042921,253.46362759128849,76.88452262809984,475.53997335046733
CONMEBOL vs AFC,CONMEBOL,AFC,2018-06,0.1505962174207717,0.049250362091903234,0.27176833979244974,253.4214471369419,76.52560427693301,475.48648499467595
CONMEBOL vs AFC,CONMEBOL,AFC,2018-07,0.15056468524007122,0.04901025233229106,0.2716444611402148,253.36130230114256,76.15599407337834,475.42001931700554
CONMEBOL vs AFC,CONMEBOL,AFC,2018-08,0.1505225698325057,0.0487548768350861,0.2715096056750467,253.28310448005365,75.76279499303357,475.2653244190872
CONMEBOL vs AFC,CONMEBOL,AFC,2018-09,0.15046980823528705,0.04859030438340941,0.27136376242440147,253.1867653639448,75.82890537300842,475.02510160781804
CONMEBOL vs AFC,CONMEBOL,AFC,2018-10,0.15040633748562765,0.04853077655552358,0.2712063366592005,253.07219693631703,75.96176028565225,475.1208767320529
CONMEBOL vs AFC,CONMEBOL,AFC,2018-11,0.1503320946207394,0.048604887796627375,0.2710588242649668,252.93931147308376,76.08979078355576,475.07211230620544
CONMEBOL vs AFC,CONMEBOL,AFC,2018-12,0.1502470166778341,0.048668871594442956,0.27091081263194483,252.78802154181088,76.20092858021597,474.9643823586438
CONMEBOL vs AFC,CONMEBOL,AFC,2019-01,0.15015104069412433,0.04872264078605082,0.27074797452714,252.6182400010114,76.2950123101295,474.84462457857063
CONMEBOL vs AFC,CONMEBOL,AFC,2019-02,0.15004410370682186,0.04876610820853311,0.2705701581711168,252.42987999948934,76.37188078457073,474.71291271601217
CONMEBOL vs AFC,CONMEBOL,AFC,2019-03,0.1499261427531385,0.04879918669897387,0.2703772117844406,252.22285497573887,76.43137299130984,474.56932048858573
CONMEBOL vs AFC,CONMEBOL,AFC,2019-04,0.1497970948702869,0.04882178909445356,0.27016898358767744,251.99707865739228,76.4733280942576,474.4139215717261
CONMEBOL vs AFC,CONMEBOL,AFC,2019-05,0.14965689709547877,0.04883382823205436,0.26994532180139436,251.75246506071016,76.49758543305374,474.2467895889908
CONMEBOL vs AFC,CONMEBOL,AFC,2019-06,0.14950548646592585,0.048835216948858624,0.26970607464615326,251.48892849012228,76.50398452257978,474.0679981024644
CONMEBOL vs AFC,CONMEBOL,AFC,2019-07,0.14934280001884093,0.04882586808194925,0.2694510903425237,251.2063835378109,76.46996809752699,473.87762060323496
CONMEBOL vs AFC,CONMEBOL,AFC,2019-08,0.1491687747914357,0.04880569446840682,0.26918021711107015,250.90474508332917,76.14034407779361,473.67573050196836
CONMEBOL vs AFC,CONMEBOL,AFC,2019-09,0.1489833478209218,0.04856874107916003,0.268894562875131,250.58392829326388,75.80022494630302,473.4624011195564
CONMEBOL vs AFC,CONMEBOL,AFC,2019-10,0.14878657349740645,0.04829613811506462,0.26880345520415844,250.24404416156528,75.44979989100379,473.2377762355538
CONMEBOL vs AFC,CONMEBOL,AFC,2019-11,0.148578975622573,0.04800750038290467,0.26870971025674434,249.88598595391667,75.08973669147791,473.0022817645976
CONMEBOL vs AFC,CONMEBOL,AFC,2019-12,0.14836119535099895,0.04770367720115814,0.26861294626984433,249.51084225242266,74.7208223280278,472.75641410233277
CONMEBOL vs AFC,CONMEBOL,AFC,2020-01,0.1481338738372635,0.04738551788830785,0.2685097438820814,249.11970132365758,74.34384321917403,472.5006695745034
CONMEBOL vs AFC,CONMEBOL,AFC,2020-02,0.14789765223594414,0.047053871762830025,0.2684043857470886,248.7136510723081,73.95958519726732,472.23554444109834
CONMEBOL vs AFC,CONMEBOL,AFC,2020-03,0.14765317170161826,0.04670958814320412,0.26829709856678613,248.29377899815,73.56883348759256,471.96153490024386
CONMEBOL vs AFC,CONMEBOL,AFC,2020-04,0.14740107338886535,0.04635351634790972,0.2681881090430969,247.8611721563505,72.99894566897453,471.6791370919183
CONMEBOL vs AFC,CONMEBOL,AFC,2020-05,0.1471419984522627,0.045986505695425485,0.2680776438779419,247.4169171210795,72.39990763074894,471.3888471014353
CONMEBOL vs AFC,CONMEBOL,AFC,2020-06,0.14687658804638767,0.045609405504230115,0.267965929773243,246.96209995244902,71.79410107779059,471.0786130251795
CONMEBOL vs AFC,CONMEBOL,AFC,2020-07,0.14660548332581985,0.04522306509280312,0.26785319343092134,246.49780616676165,71.17379399853598,470.73657109610645
CONMEBOL vs AFC,CONMEBOL,AFC,2020-08,0.14632932544513652,0.04482833377962319,0.26773966155290047,246.02512071005123,70.54035998588162,470.38775159029495
CONMEBOL vs AFC,CONMEBOL,AFC,2020-09,0.14604875555891503,0.04442606088316814,0.26762556084109895,245.54512793492947,69.89517094749652,470.03272275377697
CONMEBOL vs AFC,CONMEBOL,AFC,2020-10,0.14576441482173494,0.04401709572192094,0.26751111799744204,245.05891158071816,69.23959703911322,469.6720526401492
CONMEBOL vs AFC,CONMEBOL,AFC,2020-11,0.14547694438817363,0.0437012646829563,0.2673965597238483,244.5675547568457,68.57500660774832,469.30630910890676
CONMEBOL vs AFC,CONMEBOL,AFC,2020-12,0.14518698541280828,0.04341971232385613,0.2672821127222412,244.07213992951935,67.90276614490175,468.9360598244689
CONMEBOL vs AFC,CONMEBOL,AFC,2021-01,0.1448951790502186,0.0431367215273903,0.2671680036945429,243.57374891165298,67.22424024965197,468.561872255894
CONMEBOL vs AFC,CONMEBOL,AFC,2021-02,0.14460216645498183,0.042852905237725246,0.2670544593426734,243.07346285602318,66.54079160162951,467.9112412567057
CONMEBOL vs AFC,CONMEBOL,AFC,2021-03,0.1443085887816753,0.04256887639902756,0.2669417063685555,242.57236225166872,65.85378094387815,467.8616152245074
CONMEBOL vs AFC,CONMEBOL,AFC,2021-04,0.14401508718487863,0.042295070734385834,0.26669156763864404,242.07152692350698,65.16480485165927,467.53120329115245
CONMEBOL vs AFC,CONMEBOL,AFC,2021-05,0.14372230281916912,0.042038488277844226,0.26638017566221445,241.5720360351437,64.72204768177356,467.1990482588122
CONMEBOL vs AFC,CONMEBOL,AFC,2021-06,0.14343087683912403,0.041784542004834835,0.2660923046014701,241.07496809488788,64.2858924272818,466.8656007319438
CONMEBOL vs AFC,CONMEBOL,AFC,2021-07,0.14314145039932302,0.041851989329564354,0.2658066198236819,240.58140096494688,63.95614130814049,466.5313112865807
CONMEBOL vs AFC,CONMEBOL,AFC,2021-08,0.14285466465434335,0.04173265638738939,0.2658169350635969,240.09241187377754,64.05742265138275,466.3247606887607
CONMEBOL vs AFC,CONMEBOL,AFC,2021-09,0.1425711607587624,0.04127304948556283,0.26590984842802207,239.60907743160635,64.17850703638328,466.1945561039395
CONMEBOL vs AFC,CONMEBOL,AFC,2021-10,0.14229157986715968,0.04113542609805334,0.2657541896514755,239.1324736490938,64.30865072775353,465.89092352524074
CONMEBOL vs AFC,CONMEBOL,AFC,2021-11,0.1420165631341125,0.0411180301411318,0.26542742846076944,238.6636759591213,64.09007735066733,465.0243305857789
CONMEBOL vs AFC,CONMEBOL,AFC,2021-12,0.14174675171419826,0.04107631131857619,0.2650929526732105,238.20375924171378,63.37312195804368,464.6795702396035
CONMEBOL vs AFC,CONMEBOL,AFC,2022-01,0.14148278676199647,0.04070277396759212,0.2648275971551752,237.75379785207664,63.301476810138176,464.33658282481326
CONMEBOL vs AFC,CONMEBOL,AFC,2022-02,0.14122530943208444,0.04033272235644008,0.2647052360654184,237.31486565172602,62.91273838916265,463.99584552020696
CONMEBOL vs AFC,CONMEBOL,AFC,2022-03,0.14097496087903957,0.03996688081582538,0.2644575741572797,236.88803604273002,62.34452404553326,463.6578354783811
CONMEBOL vs AFC,CONMEBOL,AFC,2022-04,0.14073238225744134,0.039585948789790715,0.26402967836691676,236.47438200503973,61.78582574297218,463.3230298252227
CONMEBOL vs AFC,CONMEBOL,AFC,2022-05,0.14049821472186708,0.03909954398217552,0.26397085578117074,236.07497613689623,61.326331775141206,462.99190565921134
CONMEBOL vs AFC,CONMEBOL,AFC,2022-06,0.14027309942689428,0.03890185992430366,0.26391301366659836,235.69089069833063,60.92107069361479,462.6903812777254
CONMEBOL vs AFC,CONMEBOL,AFC,2022-07,0.14005767752710224,0.03866267310865403,0.2638563221790752,235.32319765774213,60.686382212286325,462.5494214069433
CONMEBOL vs AFC,CONMEBOL,AFC,2022-08,0.1398525901770684,0.03847507813560269,0.2638009514744777,234.9729687415454,60.45689956935863,462.4153387573324
CONMEBOL vs AFC,CONMEBOL,AFC,2022-09,0.13965847853137026,0.03830231976350693,0.2637470717086816,234.6412754869062,60.23312738418063,462.25945491970134
CONMEBOL vs AFC,CONMEBOL,AFC,2022-10,0.139475983744587,0.03814049043795657,0.2636948530375649,234.32918929755706,60.018512773441586,461.49168729231064
CONMEBOL vs AFC,CONMEBOL,AFC,2022-11,0.1393057469712962,0.037990175054464045,0.2636444656170034,234.03778150268968,59.716864043293306,461.2016257849205
CONMEBOL vs AFC,CONMEBOL,AFC,2022-12,0.13914840936607542,0.03785195850854182,0.2635960796028727,233.7681234189471,59.39465724977615,461.00319141131405
CONMEBOL vs AFC,CONMEBOL,AFC,2023-01,0.13900461208350362,0.03772642569570568,0.26354986515104994,233.521286415514,59.094550200480924,460.8184438404577
CONMEBOL vs AFC,CONMEBOL,AFC,2023-02,0.13887499627815847,0.03761416151146966,0.263505992417411,233.29834198230958,58.83885465329562,460.6480667864578
CONMEBOL vs AFC,CONMEBOL,AFC,2023-03,0.13876020310461767,0.037515750851346216,0.26346463155783223,233.10036180130962,58.607055414428245,460.4927442525107
CONMEBOL vs AFC,CONMEBOL,AFC,2023-04,0.13866087371745997,0.03743177861084872,0.26342595272819097,232.92841782100442,58.74101100262165,460.35316055495355
CONMEBOL vs AFC,CONMEBOL,AFC,2023-05,0.13857764927126306,0.03744890344622687,0.2633828966595658,232.78358233400627,58.84185512597001,460.23000034798633
CONMEBOL vs AFC,CONMEBOL,AFC,2023-06,0.13851117092060494,0.03733811025907787,0.2633426207423299,232.6669280578369,58.700832358488505,460.1239486490394
CONMEBOL vs AFC,CONMEBOL,AFC,2023-07,0.13846207982006395,0.037277258316996464,0.2633053536103363,232.57952821891087,58.570766315853305,460.03569086483304
CONMEBOL vs AFC,CONMEBOL,AFC,2023-08,0.138431017124218,0.0372567036508273,0.2632712624169304,232.5224566397391,58.452157532713876,459.9659128180941
CONMEBOL vs AFC,CONMEBOL,AFC,2023-09,0.1384186239876451,0.03725413421086734,0.26324051431546186,232.4967878293885,58.34550640414068,459.91530077493957
CONMEBOL vs AFC,CONMEBOL,AFC,2023-10,0.13842554156492345,0.03727015422453994,0.2631808805445567,232.50359707722237,58.251313173341046,459.88454147296574
CONMEBOL vs AFC,CONMEBOL,AFC,2023-11,0.13845241101063108,0.037305367919268306,0.26308321034420745,232.54396054995962,58.17007791889447,459.8743221499816
CONMEBOL vs AFC,CONMEBOL,AFC,2023-12,0.13849987347934614,0.037360379522474174,0.2629930183843032,232.61895539209175,58.102300541528614,459.8853305734547
CONMEBOL vs AFC,CONMEBOL,AFC,2024-01,0.1385685701256465,0.03743579326158071,0.2629105855758016,232.72965982969646,58.04848075040234,459.91825507062504
CONMEBOL vs AFC,CONMEBOL,AFC,2024-02,0.13865914210411032,0.03753221336401302,0.2628361928296612,232.87715327769757,58.009778586053315,460.35737781211475
CONMEBOL vs AFC,CONMEBOL,AFC,2024-03,0.13877223056931595,0.0376502440571918,0.26277012105683967,233.0625164506153,57.988774597750876,461.1595776769006
CONMEBOL vs AFC,CONMEBOL,AFC,2024-04,0.13890847667584091,0.037790489568540364,0.2627126511682939,233.28683147686198,58.103485969735445,461.95697172169173
CONMEBOL vs AFC,CONMEBOL,AFC,2024-05,0.1390685215782635,0.03795510507904276,0.263043128179326,233.55118201664297,58.699037486167775,462.07014247482897
CONMEBOL vs AFC,CONMEBOL,AFC,2024-06,0.13925300643116237,0.0381609721243632,0.2631921865604273,233.8566533835177,59.51386511238223,462.1955445130135
CONMEBOL vs AFC,CONMEBOL,AFC,2024-07,0.1394625723891146,0.038588717022250266,0.2632355065295009,234.2043326696863,60.24214012059782,462.2962888301484
CONMEBOL vs AFC,CONMEBOL,AFC,2024-08,0.13969786060669867,0.03913832614989739,0.2632850336951241,234.5953088750816,60.44178615010747,462.39329913710486
CONMEBOL vs AFC,CONMEBOL,AFC,2024-09,0.13995951223849343,0.039288500620847835,0.2633409518876831,235.03067304032487,60.679423586293446,462.5011048012866
CONMEBOL vs AFC,CONMEBOL,AFC,2024-10,0.14024816843907548,0.03945902897536362,0.26364209885368856,235.51151838362952,60.96726395980072,462.6199257288971
CONMEBOL vs AFC,CONMEBOL,AFC,2024-11,0.14056447036302366,0.03948057125352875,0.2639994079351962,236.03894044174754,61.71323924370714,462.74998047742315
CONMEBOL vs AFC,CONMEBOL,AFC,2024-12,0.14090905916491692,0.039863002431354745,0.26438192535495486,236.61403721502757,61.64795711248165,463.41079899009117
CONMEBOL vs AFC,CONMEBOL,AFC,2025-01,0.14128257599933153,0.040186598787661156,0.2647901955749791,237.23790931668347,61.919322860113446,464.36255417878687
CONMEBOL vs AFC,CONMEBOL,AFC,2025-02,0.14168566202084643,0.04033408678956594,0.265224763057282,237.91166012639,62.406742190204454,464.4751776676786
CONMEBOL vs AFC,CONMEBOL,AFC,2025-03,0.14211895838404087,0.04050718556653639,0.2656845560184506,238.6363959482802,63.0551736369995,464.70051687557793
CONMEBOL vs AFC,CONMEBOL,AFC,2025-04,0.14258310624349063,0.040855071896340786,0.2661672724295279,239.41322617346617,63.752031666937846,466.30369482414534
CONMEBOL vs AFC,CONMEBOL,AFC,2025-05,0.14307874675377483,0.041219605948096524,0.2666775975355984,240.24326344721564,64.02708315701084,468.0093946631776
CONMEBOL vs AFC,CONMEBOL,AFC,2025-06,0.14360652106947314,0.04162037453980072,0.26721606870648246,241.12762384087407,64.78409998686796,469.81983123555545
CONMEBOL vs AFC,CONMEBOL,AFC,2025-07,0.14416707034516066,0.04215682023474106,0.26787748680894163,242.06742702866947,65.6360248688848,471.72024954001307
CONMEBOL vs AFC,CONMEBOL,AFC,2025-08,0.14476103573541688,0.04272805131917545,0.2684125107743057,243.06379646955975,66.0371205719171,473.63942809779513
CONMEBOL vs AFC,CONMEBOL,AFC,2025-09,0.1453890583948216,0.04272509624955902,0.26840476191286594,244.11785959421866,65.95446103996095,474.0847719896805
CONMEBOL vs AFC,CONMEBOL,AFC,2025-10,0.14605177947794956,0.043380658281721954,0.2693570364221046,245.23074799732314,66.77520313854642,474.46596443909556
CONMEBOL vs AFC,CONMEBOL,AFC,2025-11,0.14674984013938036,0.04458937168628996,0.2695697614215673,246.40359763532507,68.64313043410802,477.47496353256605
CONMEBOL vs AFC,CONMEBOL,AFC,2025-12,0.14748388153369424,0.04537436036056178,0.2705486809461954,247.63754902981512,70.6010449315382,478.31673099716164
CONMEBOL vs AFC,CONMEBOL,AFC,2026-01,0.1482545448154652,0.04612966649900048,0.27102799316150455,248.93374747666726,71.71711016451385,477.5898362613566
CONMEBOL vs AFC,CONMEBOL,AFC,2026-02,0.14906247113927332,0.04667615318157772,0.27157469220662517,250.29334326117223,71.68495499408004,476.829720283987
CONMEBOL vs AFC,CONMEBOL,AFC,2026-03,0.14990830165969896,0.04667791672537223,0.2722687225285728,251.71749187928114,71.65344542584769,479.7268763457317
CONMEBOL vs AFC,CONMEBOL,AFC,2026-04,0.15079267753131562,0.04668079448182421,0.2731427923381338,253.20735426517555,71.65076825299143,481.5630551095192
CONMEBOL vs AFC,CONMEBOL,AFC,2026-05,0.15171623990870356,0.047161839460003074,0.27467203329327256,254.76409702539954,72.84769803015031,483.8692240665828
CONMEBOL vs AFC,CONMEBOL,AFC,2026-06,0.1526796299464436,0.048488581945934375,0.27636736329814576,256.3888926796912,75.60767044899856,487.9478752406502
CONMEBOL vs AFC,CONMEBOL,AFC,2026-07,0.1536834887991086,0.049120725626105255,0.2773148092038066,258.08291990875716,77.34458329271114,488.9978612543965
CONMEBOL vs AFC,CONMEBOL,AFC,2026-08,0.15472845762127904,0.04960298428852785,0.2779267157226289,259.8473638092595,78.15235472791446,490.0542939849469
CAF vs CONCACAF,CAF,CONCACAF,1992-01,0.05177800864872054,-0.00985302120886926,0.12219279467312555,74.08471302594145,-14.049389278064437,177.09940181326118
CAF vs CONCACAF,CAF,CONCACAF,1992-02,0.052455152007613935,-0.008980540209894939,0.12307541081763651,74.96804100843987,-12.783714463849389,177.5291642258692
CAF vs CONCACAF,CAF,CONCACAF,1992-03,0.05308489207505256,-0.007854621933544513,0.12475103784210732,75.78497242192158,-11.16003275767715,178.6601918608957
CAF vs CONCACAF,CAF,CONCACAF,1992-04,0.05366805218597124,-0.0073770377492245135,0.1251501751281624,76.5369745576365,-10.464387043604882,179.08436670712248
CAF vs CONCACAF,CAF,CONCACAF,1992-05,0.05420545567530997,-0.006673657282687272,0.12540679864155363,77.225488543697,-9.583560786821089,179.43902205792853
CAF vs CONCACAF,CAF,CONCACAF,1992-06,0.054697925878008265,-0.006208339055933409,0.12623182744173927,77.85193047220002,-8.65778829473038,179.2352005492986
CAF vs CONCACAF,CAF,CONCACAF,1992-07,0.055146286129001736,-0.005575037167469876,0.1266373917613037,78.41769249456567,-7.872605022431446,180.05700632324613
CAF vs CONCACAF,CAF,CONCACAF,1992-08,0.05555135976322997,-0.004921198259840453,0.1269057575033351,78.92414388614667,-7.033315344982202,180.98270615312632
CAF vs CONCACAF,CAF,CONCACAF,1992-09,0.05591397011563215,-0.004266287978056438,0.1267936424649405,79.37263208107524,-6.042720766427783,181.83149282918507
CAF vs CONCACAF,CAF,CONCACAF,1992-10,0.056234940521144555,-0.0038155254058240824,0.12698053507800444,79.7644836783168,-5.380126283485492,181.4423852810742
CAF vs CONCACAF,CAF,CONCACAF,1992-11,0.056515094314706464,-0.003405593479814771,0.1275655933351927,80.10100541984552,-4.798163405596049,180.70256252420697
CAF vs CONCACAF,CAF,CONCACAF,1992-12,0.056755254831256735,-0.0031678968369097662,0.12809516724283682,80.38348514178577,-4.510022556388331,180.84896422391463
CAF vs CONCACAF,CAF,CONCACAF,1993-01,0.05695624540573228,-0.003012966857210797,0.12835979896591207,80.61319269935835,-4.286205295359798,180.9425965465155
CAF vs CONCACAF,CAF,CONCACAF,1993-02,0.057118889373072024,-0.002697174133556501,0.12788535066545983,80.79138086642193,-3.88012903007974,180.98475180022203
CAF vs CONCACAF,CAF,CONCACAF,1993-03,0.05724401006821456,-0.0025626183558680625,0.1273827854105005,80.91928621034378,-3.652821021813713,180.97670526737014
CAF vs CONCACAF,CAF,CONCACAF,1993-04,0.057332430826097396,-0.002477119653170678,0.1268650577093412,80.99812994292257,-3.5061737018724437,180.91971608009587
CAF vs CONCACAF,CAF,CONCACAF,1993-05,0.0573849749816592,-0.002316339692936253,0.1263382668939808,81.02911874804063,-3.2692527158055436,180.81502807264152
CAF vs CONCACAF,CAF,CONCACAF,1993-06,0.05740246586983816,-0.002489365445942404,0.12653433638660716,81.01344558668261,-3.5183027091805794,180.6588305642549
CAF vs CONCACAF,CAF,CONCACAF,1993-07,0.05738572682557252,-0.0021822087425015,0.12669198221039116,80.95229047993844,-3.0739561981601793,180.4408330287621
CAF vs CONCACAF,CAF,CONCACAF,1993-08,0.05733558118380053,-0.002267868524575877,0.12680180639467203,80.84682127056557,-3.1936702108825656,180.14227210927226
CAF vs CONCACAF,CAF,CONCACAF,1993-09,0.057252852279460156,-0.002528762914986781,0.12686497038174022,80.69819436366195,-3.600979723725356,179.44894430517948
CAF vs CONCACAF,CAF,CONCACAF,1993-10,0.057138363447490154,-0.002526305575927833,0.12682910688516413,80.50755544697137,-3.5925986766427616,178.74845150150605
CAF vs CONCACAF,CAF,CONCACAF,1993-11,0.056992938022828524,-0.002880880898817306,0.12638120212725823,80.27604019130537,-4.136170764142935,178.72310309397145
CAF vs CONCACAF,CAF,CONCACAF,1993-12,0.05681739934041305,-0.0030517166298854813,0.12592390813400817,80.00477493155536,-4.347492698727217,178.6819750211635
CAF vs CONCACAF,CAF,CONCACAF,1994-01,0.056612570735182874,-0.003137156670573748,0.12545760357511945,79.69487732872958,-4.473193437598808,178.3856690177548
CAF vs CONCACAF,CAF,CONCACAF,1994-02,0.05637927554207582,-0.0033445247663391954,0.1249826671202949,79.34745701341878,-4.703806635754823,177.9250798622672
CAF vs CONCACAF,CAF,CONCACAF,1994-03,0.05611833709602933,-0.0036110635972504295,0.12469803660447455,78.96361621109159,-5.077991914804783,177.4090145537952
CAF vs CONCACAF,CAF,CONCACAF,1994-04,0.05583057873198318,-0.0039005765204507266,0.12449197840729401,78.5444503495785,-5.484498082690242,176.85814504014618
CAF vs CONCACAF,CAF,CONCACAF,1994-05,0.05551682378487486,-0.004212347092983303,0.1242797201006791,78.09104864907258,-5.922330553275661,176.27359032171313
CAF vs CONCACAF,CAF,CONCACAF,1994-06,0.05517789558964168,-0.00454565887189311,0.12410580375404874,77.60449469498562,-6.390498264408949,175.6564633003507
CAF vs CONCACAF,CAF,CONCACAF,1994-07,0.05481461748122369,-0.0048997954142190984,0.12390791148317591,77.08586699394725,-6.888013317450565,175.00787135763204
CAF vs CONCACAF,CAF,CONCACAF,1994-08,0.05442781279455826,-0.005269234069293471,0.12368676736242123,76.53623951320954,-7.409444497904837,174.32891691629234
CAF vs CONCACAF,CAF,CONCACAF,1994-09,0.054018304864582534,-0.005565047550412805,0.12343678661764747,75.95668220373669,-7.867399495888059,173.6206979851852
CAF vs CONCACAF,CAF,CONCACAF,1994-10,0.05358691702623695,-0.005883917018350892,0.12294932188143361,75.34826150720507,-8.349045194659787,172.88238529641865
CAF vs CONCACAF,CAF,CONCACAF,1994-11,0.05313447261445859,-0.006212520107199414,0.12235189024025794,74.71204084711533,-8.815421073790558,172.1125299380057
CAF vs CONCACAF,CAF,CONCACAF,1994-12,0.05266179496418446,-0.006563085663664835,0.12195591790790553,74.04908110424444,-9.313187505163373,171.31761365891617
CAF vs CONCACAF,CAF,CONCACAF,1995-01,0.05216970741035541,-0.006994318829026457,0.1215397400208388,73.3604410766052,-9.958960343028695,170.49869573043262
CAF vs CONCACAF,CAF,CONCACAF,1995-02,0.05165903328790833,-0.007522551070676541,0.12107525233234004,72.64717792406101,-10.711807649038553,169.65683367728033
CAF vs CONCACAF,CAF,CONCACAF,1995-03,0.05113059593178007,-0.008077388780629136,0.12051853432223192,71.91034759777655,-11.502919076200703,168.7930837132487
CAF vs CONCACAF,CAF,CONCACAF,1995-04,0.05058521867691172,-0.008657715480271876,0.11994950798140182,71.15100525462083,-12.330762485011155,167.90850116205806
CAF vs CONCACAF,CAF,CONCACAF,1995-05,0.05002372485824008,-0.009262414690997645,0.11936626110480691,70.37020565662142,-13.081890869069047,167.10456173467452
CAF vs CONCACAF,CAF,CONCACAF,1995-06,0.04944693781070183,-0.009770487047384835,0.1187672615091261,69.56900355560764,-13.794845108974629,166.27276441494786
CAF vs CONCACAF,CAF,CONCACAF,1995-07,0.04885568086923836,-0.010287613897803015,0.11815820004062715,68.74845406311455,-14.520789193432108,165.3893082508599
CAF vs CONCACAF,CAF,CONCACAF,1995-08,0.048250777368786364,-0.010901852705964908,0.11753979261733205,67.9096130056015,-15.399597177300972,164.5047862396315
CAF vs CONCACAF,CAF,CONCACAF,1995-09,0.047633050644282325,-0.011658143772546304,0.11691275515726116,67.05353726508596,-16.410001495776477,163.609748274982
CAF vs CONCACAF,CAF,CONCACAF,1995-10,0.04700332403066794,-0.012251685673522904,0.11627104296104149,66.18128510522415,-17.24684490579648,162.7146430098241
CAF vs CONCACAF,CAF,CONCACAF,1995-11,0.04636242086287971,-0.012853118613804292,0.11556313263420721,65.29391648285181,-18.097307609495395,161.81994584344292
CAF vs CONCACAF,CAF,CONCACAF,1995-12,0.045711164475854105,-0.013446415678897594,0.11484562695421098,64.3924933450548,-18.952408549467894,160.9261005266715
CAF vs CONCACAF,CAF,CONCACAF,1996-01,0.04505037820453296,-0.014046698010028624,0.11411932329862719,63.47807991176264,-19.945933382785313,160.0335546530904
CAF vs CONCACAF,CAF,CONCACAF,1996-02,0.04438088538385271,-0.014659631744743029,0.1133850190450273,62.55174294384642,-20.9256004836859,159.14275977204076
CAF vs CONCACAF,CAF,CONCACAF,1996-03,0.04370350934874973,-0.015298250944742974,0.11263713093870929,61.61455199676024,-21.624566162646214,158.25417149291948
CAF vs CONCACAF,CAF,CONCACAF,1996-04,0.04301907343416598,-0.01596071526151217,0.11188133392553111,60.66757965968876,-22.568368043465714,157.28561442249034
CAF vs CONCACAF,CAF,CONCACAF,1996-05,0.04232840097503789,-0.016621297069247996,0.11111956056836444,59.711901780153056,-23.510440353424332,156.28642983786966
CAF vs CONCACAF,CAF,CONCACAF,1996-06,0.04163231530630171,-0.01727949642583333,0.11035263292163795,58.74859767408826,-24.43710542276695,155.2822691036874
CAF vs CONCACAF,CAF,CONCACAF,1996-07,0.040931639762899576,-0.017929556816597268,0.1095647748411785,57.778750321330016,-25.355147141052417,154.27405153051183
CAF vs CONCACAF,CAF,CONCACAF,1996-08,0.040227197679767776,-0.01856955275124199,0.1087151217188818,56.80344654643629,-26.269812578289983,153.27612301852068
CAF vs CONCACAF,CAF,CONCACAF,1996-09,0.03951981239184267,-0.019205983771117506,0.1080393186110443,55.82377718483862,-27.18039777500639,152.55900064867365
CAF vs CONCACAF,CAF,CONCACAF,1996-10,0.03881030723406629,-0.01983834732774592,0.10727641378697234,54.840837234235465,-28.08619468018928,151.84818277226054
CAF vs CONCACAF,CAF,CONCACAF,1996-11,0.03809950554137497,-0.020466140872658654,0.10654653806647015,53.85572599113795,-28.986491110011567,151.14403871890352
CAF vs CONCACAF,CAF,CONCACAF,1996-12,0.03738823064870504,-0.02108886185738208,0.10590772674001864,52.86954717254135,-29.88057071682243,150.4469406316305
CAF vs CONCACAF,CAF,CONCACAF,1997-01,0.03667730589099862,-0.021804619239472165,0.1052737572503539,51.88340902262096,-30.76771296854167,149.6753536995207
CAF vs CONCACAF,CAF,CONCACAF,1997-02,0.035967554603191995,-0.022732616820304852,0.10464506123088403,50.89842440434564,-32.23068310191381,148.8596406144235
CAF vs CONCACAF,CAF,CONCACAF,1997-03,0.035259800120221445,-0.02335049403721565,0.10402207031502134,49.915710875970674,-33.1463146087526,148.05219112622646
CAF vs CONCACAF,CAF,CONCACAF,1997-04,0.03455486577702915,-0.02396805849335903,0.10340467942807137,48.93639075229623,-34.0375049850355,147.25348828991883
CAF vs CONCACAF,CAF,CONCACAF,1997-05,0.03385357490855138,-0.024582052183731214,0.10278714389970624,47.961591150573625,-34.92804560183594,146.46401956379975
CAF vs CONCACAF,CAF,CONCACAF,1997-06,0.03315675084972445,-0.02517628351355485,0.10217660488880428,46.99244402101377,-35.795556892231176,145.68427677044482
CAF vs CONCACAF,CAF,CONCACAF,1997-07,0.03246521693549043,-0.025767736866234476,0.10157351283928998,46.030086161775586,-36.652514878537524,144.91457571571422
CAF vs CONCACAF,CAF,CONCACAF,1997-08,0.03177979650078568,-0.026355640440005018,0.10097831819508088,45.07565921831254,-37.505275042579484,144.1438864828275
CAF vs CONCACAF,CAF,CONCACAF,1997-09,0.031101312880546565,-0.026939222433099003,0.10039147140009708,44.13030966702605,-38.35271605384967,143.38421441740505
CAF vs CONCACAF,CAF,CONCACAF,1997-10,0.03043058940971501,-0.027517711043746822,0.099813422898258,43.19518878310237,-39.36551693545065,142.63609948706588
CAF vs CONCACAF,CAF,CONCACAF,1997-11,0.02976844942322746,-0.02813914238302013,0.09924462313348714,42.27145259241066,-40.63296821615958,141.90008578262785
CAF vs CONCACAF,CAF,CONCACAF,1997-12,0.02911571625602034,-0.028876357235598334,0.09868552254969867,41.36026180741097,-41.88650266437165,141.1767214230071
CAF vs CONCACAF,CAF,CONCACAF,1998-01,0.028473213243035457,-0.029620675303246097,0.09812921479294505,40.462781746951514,-43.124261104507056,140.46655844978434
CAF vs CONCACAF,CAF,CONCACAF,1998-02,0.027841763719209257,-0.030485318344373933,0.09757932842805504,39.58018223983868,-44.34437646787821,139.7701527112504
CAF vs CONCACAF,CAF,CONCACAF,1998-03,0.027222191019478297,-0.03136208576534871,0.09704054375343624,38.71363751213263,-45.5449739712052,139.08806373594734
CAF vs CONCACAF,CAF,CONCACAF,1998-04,0.026615318478784268,-0.032222121868158336,0.0964354713707006,37.86432605805615,-46.72417132611139,138.42085459557458
CAF vs CONCACAF,CAF,CONCACAF,1998-05,0.026021969432063613,-0.03306406315340227,0.0957026813613924,37.033430494410624,-47.65002951955273,137.5195333086163
CAF vs CONCACAF,CAF,CONCACAF,1998-06,0.025442967214253077,-0.03387547690350643,0.09504661991123083,36.222137398461996,-48.433584323435426,136.5538652915164
CAF vs CONCACAF,CAF,CONCACAF,1998-07,0.02487913516029402,-0.034414198085160976,0.09460828823536545,35.431637129196446,-49.120068503999256,135.61168324298092
CAF vs CONCACAF,CAF,CONCACAF,1998-08,0.024331296605123093,-0.035057520011995226,0.09417787736575416,34.66312363185785,-49.686814920319684,134.69445645676487
CAF vs CONCACAF,CAF,CONCACAF,1998-09,0.023800274883677117,-0.03575404313235912,0.09375570028728836,33.91779422574158,-50.6763309018012,133.8036587957145
CAF vs CONCACAF,CAF,CONCACAF,1998-10,0.023286893330897236,-0.03636176684125281,0.09334206998486459,33.196849375165336,-51.67975629478393,132.94076830564626
CAF vs CONCACAF,CAF,CONCACAF,1998-11,0.02279197528172023,-0.0368990277748281,0.09293729944337425,32.50149244354976,-52.56216219118552,132.10726680237772
CAF vs CONCACAF,CAF,CONCACAF,1998-12,0.02231634407108302,-0.037424724004273144,0.09254170164771208,31.83292943060217,-53.20083685856921,131.55098426219524
CAF vs CONCACAF,CAF,CONCACAF,1999-01,0.021860634829432804,-0.03784087093928532,0.09215552260489715,31.192103124809265,-53.81354880115564,131.1230943618159
CAF vs CONCACAF,CAF,CONCACAF,1999-02,0.021424729869237876,-0.038230069119751416,0.09177874041043597,30.578894640689544,-54.400415616384606,130.71361542675606
CAF vs CONCACAF,CAF,CONCACAF,1999-03,0.02100832329847316,-0.038602202445724695,0.0914112661819625,29.992917424334202,-54.961808428411636,130.32231047898404
CAF vs CONCACAF,CAF,CONCACAF,1999-04,0.020611109225116837,-0.03895754362529811,0.09105301103711357,29.43378250478704,-55.49810044609767,129.9489406950906
CAF vs CONCACAF,CAF,CONCACAF,1999-05,0.020232781757143773,-0.039296365366569615,0.09070388609351804,28.901098561720698,-56.009666908372445,129.59326545966684
CAF vs CONCACAF,CAF,CONCACAF,1999-06,0.019873035002528936,-0.03961894037764067,0.09036380246881162,28.394471992467892,-56.49159584736652,129.2550424181348
CAF vs CONCACAF,CAF,CONCACAF,1999-07,0.019531563069250333,-0.039925541366603354,0.09003267128062775,27.913506978373672,-56.948019201046456,128.93402752900622
CAF vs CONCACAF,CAF,CONCACAF,1999-08,0.019208060065282844,-0.040216441041558144,0.0897104036465987,27.457805550437733,-57.379083892025974,128.567652125535
CAF vs CONCACAF,CAF,CONCACAF,1999-09,0.018902220098601704,-0.0404919121106023,0.0893969106843586,27.02696765425513,-57.80558352637053,128.13944608940238
CAF vs CONCACAF,CAF,CONCACAF,1999-10,0.018613737277184534,-0.040752227281832094,0.08909210351154152,26.620591214221935,-58.42460441984376,127.73094651921217
CAF vs CONCACAF,CAF,CONCACAF,1999-11,0.0183423057090064,-0.0409976592633464,0.08879589324577901,26.23827219698105,-59.022625213653924,127.33059654869882
CAF vs CONCACAF,CAF,CONCACAF,1999-12,0.018087619502042688,-0.04135762611048834,0.08860706841000646,25.879604674112407,-59.59989668040584,126.95059573204131
CAF vs CONCACAF,CAF,CONCACAF,2000-01,0.01784937276427068,-0.041734557761175184,0.08842701538078368,25.544180884038433,-60.156671205905866,126.59061667787086
CAF vs CONCACAF,CAF,CONCACAF,2000-02,0.017627259603665714,-0.04209764219460541,0.08825780674060732,25.231591293123873,-60.6932027443637,126.25033062027934
CAF vs CONCACAF,CAF,CONCACAF,2000-03,0.01742097412820317,-0.04244707028695616,0.08811302352975607,24.941424655970245,-61.20974677403549,125.92940745566584
CAF vs CONCACAF,CAF,CONCACAF,2000-04,0.017230210445860136,-0.04278303291440117,0.08797531889118222,24.67326807488205,-61.706560253353594,125.62354557983491
CAF vs CONCACAF,CAF,CONCACAF,2000-05,0.017054662664612058,-0.04310539944215912,0.08782719270046409,24.426707058483977,-62.1839015775574,125.32147269587337
CAF vs CONCACAF,CAF,CONCACAF,2000-06,0.016894024892434426,-0.04341216902876046,0.08766905202180761,24.20132557948987,-62.642030535813774,125.04770710096788
CAF vs CONCACAF,CAF,CONCACAF,2000-07,0.01674799123730416,-0.043638759405008144,0.08747667988920606,23.99670613160264,-62.9826324205673,124.80165003392895
CAF vs CONCACAF,CAF,CONCACAF,2000-08,0.01661625580719671,-0.043800666619287165,0.08729687400150596,23.812429785527208,-63.2330533369445,124.60673685015419
CAF vs CONCACAF,CAF,CONCACAF,2000-09,0.016498512710087763,-0.04394989396412652,0.08712939091050197,23.648076244096682,-63.467927417397085,124.4064496587342
CAF vs CONCACAF,CAF,CONCACAF,2000-10,0.016394456053953968,-0.044088954477275434,0.08697398716798695,23.503223896492642,-63.67439646411043,124.25070583337427
CAF vs CONCACAF,CAF,CONCACAF,2000-11,0.01630377994677093,-0.04421595707295354,0.08683041932575468,23.37744987154542,-63.8619994242732,124.1218619342025
CAF vs CONCACAF,CAF,CONCACAF,2000-12,0.016226178496514424,-0.04432646031424241,0.08669668635628527,23.270330090112612,-64.03488604169027,124.01763325634803
CAF vs CONCACAF,CAF,CONCACAF,2001-01,0.01616134581116085,-0.044427214536418444,0.08660617601385556,23.18143931651948,-64.11998574862676,123.9374067751678
CAF vs CONCACAF,CAF,CONCACAF,2001-02,0.016108975998685972,-0.04450911166915814,0.08654254836937463,23.110351209050588,-64.11480075727486,123.88056827441787
CAF vs CONCACAF,CAF,CONCACAF,2001-03,0.016068763167065674,-0.04448766486096441,0.08649524728054907,23.056638369488127,-64.09411293467396,123.8465023900344
CAF vs CONCACAF,CAF,CONCACAF,2001-04,0.016040401424276124,-0.044454863775290135,0.08646383196072718,23.01987239168463,-64.05833438594642,123.82987655647983
CAF vs CONCACAF,CAF,CONCACAF,2001-05,0.016023584878293185,-0.044408196675255106,0.08644786162325635,22.999623909161173,-64.00787798682525,123.82667270806223
CAF vs CONCACAF,CAF,CONCACAF,2001-06,0.016018007637092792,-0.044351828297686156,0.08644689548148488,22.995462641725524,-63.94315734206218,123.84449828099699
CAF vs CONCACAF,CAF,CONCACAF,2001-07,0.016023363808651023,-0.04428604831577467,0.08646049274876279,23.006957441100543,-63.86352032749947,123.88274089609656
CAF vs CONCACAF,CAF,CONCACAF,2001-08,0.016039347500943782,-0.04421114640271102,0.08648821263843573,23.0336763355557,-63.763925673202365,124.02911605647219
CAF vs CONCACAF,CAF,CONCACAF,2001-09,0.0160656528219471,-0.04412741223168663,0.08652961436385458,23.075186573535902,-63.65122963424335,124.21797591378316
CAF vs CONCACAF,CAF,CONCACAF,2001-10,0.016101973879636834,-0.044035135475892724,0.08658425713836593,23.131054666279564,-63.525854415605245,124.42073251989778
CAF vs CONCACAF,CAF,CONCACAF,2001-11,0.016148004781989033,-0.0439346058085198,0.0866511991921624,23.200846429421617,-63.388222757726744,124.63683175412388
CAF vs CONCACAF,CAF,CONCACAF,2001-12,0.016203439636979806,-0.04382611290275746,0.08668442429105645,23.284127023573657,-63.23875790089011,124.7504355075795
CAF vs CONCACAF,CAF,CONCACAF,2002-01,0.016267972552584862,-0.0437099464317988,0.08667472345419966,23.380460993876394,-63.07788355057642,124.75535752362796
CAF vs CONCACAF,CAF,CONCACAF,2002-02,0.01634129763678027,-0.04358639606883252,0.08667327197600957,23.489412308521274,-62.90602384376058,124.77158291291016
CAF vs CONCACAF,CAF,CONCACAF,2002-03,0.01642310899754225,-0.043455751487049894,0.08667983408796592,23.610544396233422,-62.72273978748136,124.89573656696663
CAF vs CONCACAF,CAF,CONCACAF,2002-04,0.01651310074284633,-0.0433183023596432,0.08669417402154589,23.743420182711812,-62.527763202019855,125.10317862683081
CAF vs CONCACAF,CAF,CONCACAF,2002-05,0.01661096698066869,-0.04317433835980204,0.08671605600822846,23.88760212602684,-62.32295753211939,125.32485094727757
CAF vs CONCACAF,CAF,CONCACAF,2002-06,0.016716401818985656,-0.04302414916071768,0.08674524427949261,24.04265225096529,-62.10875453162936,125.56012011876952
CAF vs CONCACAF,CAF,CONCACAF,2002-07,0.016829099365772517,-0.04286802443557978,0.08678150306681548,24.208132182321037,-61.88558623160827,125.80216332735037
CAF vs CONCACAF,CAF,CONCACAF,2002-08,0.016948753729005644,-0.04270625385758126,0.0868245966016761,24.383603177134,-61.663423520901596,126.05193838988617
CAF vs CONCACAF,CAF,CONCACAF,2002-09,0.017075059016661315,-0.04253912709991101,0.08687428911555427,24.56862615586466,-61.45388256533292,126.31342596885887
CAF vs CONCACAF,CAF,CONCACAF,2002-10,0.017207709336714755,-0.04236693383576035,0.08693034483992629,24.762761732506636,-61.23279087427456,126.58600477673964
CAF vs CONCACAF,CAF,CONCACAF,2002-11,0.017346398797142372,-0.04218996373832135,0.08699252800627194,24.965570243639018,-61.000516207921294,126.86905308353428
CAF vs CONCACAF,CAF,CONCACAF,2002-12,0.017490821505920483,-0.04200850648078371,0.08706060284606945,25.176611776406677,-60.7569549083128,127.16194874340091
CAF vs CONCACAF,CAF,CONCACAF,2003-01,0.017640671571024287,-0.04182285173633788,0.0871343335907968,25.3954461954319,-60.503511614508376,127.46406922041295
CAF vs CONCACAF,CAF,CONCACAF,2003-02,0.017795643100430126,-0.04163328917817601,0.08721348447193378,25.621633168659987,-60.24079009956905,127.67792650362907
CAF vs CONCACAF,CAF,CONCACAF,2003-03,0.017955430202114434,-0.04148533185332885,0.08729781972095595,25.85473219212783,-59.96939434769367,127.84531227406165
CAF vs CONCACAF,CAF,CONCACAF,2003-04,0.01811972698405235,-0.04134300142730076,0.08747502943013753,26.094302613658137,-59.6899285198272,128.01176371751785
CAF vs CONCACAF,CAF,CONCACAF,2003-05,0.018288227554220222,-0.04119722160856609,0.08771639240272279,26.339903655484797,-59.40299692088256,128.1834953065177
CAF vs CONCACAF,CAF,CONCACAF,2003-06,0.018460626020594544,-0.04104796325000333,0.08795988058558657,26.591094435796936,-59.109203968645616,128.36066379138387
CAF vs CONCACAF,CAF,CONCACAF,2003-07,0.018636616491150275,-0.040790434674079945,0.08812978460169364,26.847433989205882,-58.79600983654113,128.54297984324953
CAF vs CONCACAF,CAF,CONCACAF,2003-08,0.018815893073863946,-0.04051162634731731,0.0882594479608659,27.108481286141622,-58.51412011885882,128.73015405843216
CAF vs CONCACAF,CAF,CONCACAF,2003-09,0.018998149876711945,-0.040229445931913334,0.08839242512698185,27.37379525116483,-58.206076433058094,128.9218969770881
CAF vs CONCACAF,CAF,CONCACAF,2003-10,0.019183081007669314,-0.03999244523299361,0.08852849484096278,27.642934780201532,-57.85248160728959,129.11791910093612
CAF vs CONCACAF,CAF,CONCACAF,2003-11,0.019370380574712496,-0.03975366963329705,0.08866743584373353,27.91545875670548,-57.4702632384937,129.31793091007057
CAF vs CONCACAF,CAF,CONCACAF,2003-12,0.019559742685818,-0.039485182070057426,0.0888090268762173,28.190926066736438,-57.146073829064186,129.52164287883127
CAF vs CONCACAF,CAF,CONCACAF,2004-01,0.01975086144896073,-0.0392150358990687,0.08902073636274382,28.468895612959678,-56.83658430302994,129.72876549075374
CAF vs CONCACAF,CAF,CONCACAF,2004-02,0.0199434309721172,-0.0389419755831125,0.08930991816540926,28.748926327574882,-56.4685654632123,129.93900925260075
CAF vs CONCACAF,CAF,CONCACAF,2004-03,0.020137145363263945,-0.0386673677085112,0.08959337510796159,29.03057718416013,-56.204655925899694,130.15208470744867
CAF vs CONCACAF,CAF,CONCACAF,2004-04,0.020331698730375828,-0.03839218225788392,0.08987360475652387,29.31340720843852,-55.91854551889867,130.3677024468554
CAF vs CONCACAF,CAF,CONCACAF,2004-05,0.020526785181429343,-0.0382588876710384,0.0901511514470834,29.59697548797516,-55.61131707977715,130.5855731221054
CAF vs CONCACAF,CAF,CONCACAF,2004-06,0.020722098824401042,-0.03808612019782651,0.09042553997079351,29.88084118079039,-55.30510316988972,130.80540745450736
CAF vs CONCACAF,CAF,CONCACAF,2004-07,0.02091733376726584,-0.037840125244717804,0.09069629511880319,30.164563522897296,-55.000340154136794,131.02691624479021
CAF vs CONCACAF,CAF,CONCACAF,2004-08,0.021112184118000196,-0.037593692415940884,0.09094424314692336,30.447701834770697,-54.68180090714916,131.24981038154215
CAF vs CONCACAF,CAF,CONCACAF,2004-09,0.021306343984580627,-0.03734727684704544,0.0911086536692875,30.729815526734818,-54.36339562539605,131.47380084874274
CAF vs CONCACAF,CAF,CONCACAF,2004-10,0.02149950747498207,-0.037103686919331615,0.09127299250468698,31.010464103276647,-54.047748720446386,131.6985987323583
CAF vs CONCACAF,CAF,CONCACAF,2004-11,0.021691368697181038,-0.03686330222028693,0.09143704387076917,31.28920716629286,-53.735451227061745,131.92391522600633
CAF vs CONCACAF,CAF,CONCACAF,2004-12,0.021881621759153928,-0.03662650233740145,0.09160059198517871,31.565604417257035,-53.42709402179513,132.14946163570036
CAF vs CONCACAF,CAF,CONCACAF,2005-01,0.02206996076887578,-0.036393666858164496,0.09176342106556115,31.83921565831547,-53.123267822882795,132.3749493836592
CAF vs CONCACAF,CAF,CONCACAF,2005-02,0.022256079834323036,-0.03620722221986261,0.09192531532956451,32.10960079231729,-52.82076296624392,132.6000900111943
CAF vs CONCACAF,CAF,CONCACAF,2005-03,0.022439673063472197,-0.036032993501642796,0.09208605899483355,32.37631982176795,-52.45558366199833,132.8245951806739
CAF vs CONCACAF,CAF,CONCACAF,2005-04,0.022620434564298235,-0.035861914412776794,0.09224543627901377,32.63893284671206,-52.04424570887785,133.04817667654783
CAF vs CONCACAF,CAF,CONCACAF,2005-05,0.022798058444777617,-0.035694281860221985,0.09240323139975232,32.89700006155333,-51.73704702056034,133.27054640546407
CAF vs CONCACAF,CAF,CONCACAF,2005-06,0.02297223881288681,-0.03553039275093401,0.09255922857469319,33.150081750798655,-51.51005606961918,133.52246644164626
CAF vs CONCACAF,CAF,CONCACAF,2005-07,0.023142669776600764,-0.035370543991871936,0.09271321202148429,33.39773828373349,-51.28594737336954,133.769702866564
CAF vs CONCACAF,CAF,CONCACAF,2005-08,0.023309045443896018,-0.035252897506623214,0.09286496595776952,33.63953010803539,-51.06508160808871,134.00767148127173
CAF vs CONCACAF,CAF,CONCACAF,2005-09,0.023471059922748935,-0.03514124898982267,0.093014274601197,33.87501774231246,-50.84781938865585,134.23589860930713
CAF vs CONCACAF,CAF,CONCACAF,2005-10,0.02362840732113458,-0.035031094929036354,0.09316092216941137,34.10376176757451,-50.63452126543028,134.45391056293366
CAF vs CONCACAF,CAF,CONCACAF,2005-11,0.02378078174702944,-0.03484050655889463,0.09330469288005815,34.32532281764208,-50.425547721679074,134.6612336255952
CAF vs CONCACAF,CAF,CONCACAF,2005-12,0.02392793937864558,-0.03463408883923935,0.09344540781126938,34.539350743457234,-50.22119636193677,134.85750362126004
CAF vs CONCACAF,CAF,CONCACAF,2006-01,0.024069884675136752,-0.034502313068654186,0.09358303548311535,34.74585210631664,-50.02151348116706,135.04279465802387
CAF vs CONCACAF,CAF,CONCACAF,2006-02,0.024206684165893597,-0.034375899061876415,0.0937175812761538,34.944922612270915,-49.82648249313665,135.21729035408416
CAF vs CONCACAF,CAF,CONCACAF,2006-03,0.02433840438030683,-0.034243178398789854,0.09384905057094062,35.13665793373605,-49.636086741694896,135.38117425476332
CAF vs CONCACAF,CAF,CONCACAF,2006-04,0.024465111847765897,-0.03407681131163605,0.09397744874803099,35.3211537117721,-49.45907001025853,135.5601288440464
CAF vs CONCACAF,CAF,CONCACAF,2006-05,0.024586873097661544,-0.03391481596269226,0.09410278118798249,35.49850555831759,-49.304259169241654,135.74972742674657
CAF vs CONCACAF,CAF,CONCACAF,2006-06,0.024703754659384295,-0.03378287319254989,0.09422505327135117,35.66880905836857,-49.15719177990377,135.9360397090391
CAF vs CONCACAF,CAF,CONCACAF,2006-07,0.024815823062323782,-0.033664219753593724,0.0943442703786929,35.83215977210952,-49.017796881750016,136.119055404094
CAF vs CONCACAF,CAF,CONCACAF,2006-08,0.024923144835870638,-0.03354866455069563,0.09446043789056542,35.98865323699911,-48.886003566467124,136.29876419701498
CAF vs CONCACAF,CAF,CONCACAF,2006-09,0.025025786509415407,-0.03343619818541348,0.09457356118752377,36.138384969803035,-48.76174097518259,136.4751557452865
CAF vs CONCACAF,CAF,CONCACAF,2006-10,0.025123814612347806,-0.03332681125930543,0.09468364565012484,36.281450468578704,-48.57352292385415,136.64821967925164
CAF vs CONCACAF,CAF,CONCACAF,2006-11,0.025217295674058397,-0.033220494373930175,0.09479069665892464,36.4179452146156,-48.409755199405424,136.8179456025615
CAF vs CONCACAF,CAF,CONCACAF,2006-12,0.025306296223937666,-0.033117238130848256,0.09489471959448065,36.54796467432373,-48.35354255172664,136.98432309264768
CAF vs CONCACAF,CAF,CONCACAF,2007-01,0.025390882791375406,-0.03301703313161601,0.09499571983734731,36.671604301074844,-48.30285250716584,137.14734170119377
CAF vs CONCACAF,CAF,CONCACAF,2007-02,0.025471121905762176,-0.03291986997779395,0.09508773055434908,36.788959536999265,-48.249430995038395,137.30699095460346
CAF vs CONCACAF,CAF,CONCACAF,2007-03,0.025547080096488407,-0.032825739270940034,0.095075246691125,36.90012581473197,-48.170348092856635,137.4632603544772
CAF vs CONCACAF,CAF,CONCACAF,2007-04,0.025618823892943992,-0.03273463161261309,0.09505462394182412,37.00519855911226,-48.09682011748131,137.61613937809315
CAF vs CONCACAF,CAF,CONCACAF,2007-05,0.025686419824519406,-0.03266964748757388,0.09502125957224211,37.10427318883887,-48.029419351182455,137.76561747888096
CAF vs CONCACAF,CAF,CONCACAF,2007-06,0.025749934420605115,-0.03263646027369833,0.09497963804940425,37.197445118075656,-47.96840578240382,137.9116840869192
CAF vs CONCACAF,CAF,CONCACAF,2007-07,0.02580943421059101,-0.03260836760253256,0.09493038833193695,37.28480975801085,-47.914177583302106,138.05397496712234
CAF vs CONCACAF,CAF,CONCACAF,2007-08,0.025864985723867563,-0.032585246149205195,0.09487374439983805,37.36646251837238,-47.866668569395245,138.1813311436094
CAF vs CONCACAF,CAF,CONCACAF,2007-09,0.025916655489825146,-0.03256697258884742,0.09480994023310292,37.44249880889419,-47.82581257616873,138.2419019262043
CAF vs CONCACAF,CAF,CONCACAF,2007-10,0.02596451003785386,-0.032553423596586216,0.09481865665523158,37.51301404073709,-47.78104185601459,138.13305152823693
CAF vs CONCACAF,CAF,CONCACAF,2007-11,0.026008615897343993,-0.03254447584755349,0.0948976824695864,37.57810362786453,-47.740806497085316,138.0174761961604
CAF vs CONCACAF,CAF,CONCACAF,2007-12,0.02604903959768603,-0.032540006016876254,0.0949741662194715,37.63786298837171,-47.70685720578814,137.89544236633785
CAF vs CONCACAF,CAF,CONCACAF,2008-01,0.026085847668269952,-0.03253989077968562,0.09501890722393824,37.692387545767815,-47.679093955480525,137.76721649477733
CAF vs CONCACAF,CAF,CONCACAF,2008-02,0.026119106638486184,-0.03254400681110945,0.09496895766424397,37.74177273021491,-47.65741672820652,137.63306505255716
CAF vs CONCACAF,CAF,CONCACAF,2008-03,0.02614888303772508,-0.03255223078627965,0.094914825951487,37.786113979719005,-47.641725513342166,137.49325452141795
CAF vs CONCACAF,CAF,CONCACAF,2008-04,0.026175243395376753,-0.03256443938032318,0.09485670804542926,37.825506741275916,-47.63192030629831,137.54681585828197
CAF vs CONCACAF,CAF,CONCACAF,2008-05,0.02619825424083155,-0.03257920072330878,0.094794799905826,37.86004647197273,-47.62790110722667,137.61274928073757
CAF vs CONCACAF,CAF,CONCACAF,2008-06,0.02621798210347978,-0.032597469101149336,0.0947292974924365,37.88982864004251,-47.62956791976269,137.67356959834734
CAF vs CONCACAF,CAF,CONCACAF,2008-07,0.026234493512711673,-0.032619339483138485,0.0946603967650202,37.91494872587387,-47.636820749792946,137.72936863839436
CAF vs CONCACAF,CAF,CONCACAF,2008-08,0.026247854997917472,-0.0326446852343278,0.09461022125734977,37.935502222975586,-47.64955960425588,137.78023821657587
CAF vs CONCACAF,CAF,CONCACAF,2008-09,0.02625813308848757,-0.03267337971977398,0.09462078453923405,37.951584638895525,-47.667684489959264,137.82627014464327
CAF vs CONCACAF,CAF,CONCACAF,2008-10,0.02626539431381214,-0.03270529630452779,0.09462768437992472,37.9632914960939,-47.69109541243347,137.86755623779027
CAF vs CONCACAF,CAF,CONCACAF,2008-11,0.026269705203281427,-0.03274030835364683,0.09463131090164201,37.97071833277191,-47.71969237480647,137.90418832178443
CAF vs CONCACAF,CAF,CONCACAF,2008-12,0.02627113228628584,-0.03278687871502073,0.0946317500354766,37.97396070365481,-47.75337537671038,137.9362582398384
CAF vs CONCACAF,CAF,CONCACAF,2009-01,0.026269742092215508,-0.03282890773127969,0.0946290877125126,37.973114180729034,-47.79204441320593,137.95940846754533
CAF vs CONCACAF,CAF,CONCACAF,2009-02,0.026265601150460834,-0.03286661183490014,0.09462340986383903,37.96827435393543,-47.835599473751195,137.97191362799413
CAF vs CONCACAF,CAF,CONCACAF,2009-03,0.026258775990411983,-0.032915765578738834,0.09461480242054332,37.95953683181552,-47.88394054117332,137.98413480440584
CAF vs CONCACAF,CAF,CONCACAF,2009-04,0.02624933314145932,-0.03296742899551304,0.09448057427983318,37.94699724211407,-47.93696759068555,138.00363809861034
CAF vs CONCACAF,CAF,CONCACAF,2009-05,0.02623733913299307,-0.03302147544339977,0.09434490923652848,37.93075123233508,-47.99458058893044,138.01725732242227
CAF vs CONCACAF,CAF,CONCACAF,2009-06,0.02622286049440348,-0.033077599536063394,0.09431988099536277,37.91089447025322,-48.07242665043437,138.02509963683056
CAF vs CONCACAF,CAF,CONCACAF,2009-07,0.02620596375508092,-0.03313238561322982,0.09433730401988946,37.88752264437978,-48.196543031683674,138.02727222145955
CAF vs CONCACAF,CAF,CONCACAF,2009-08,0.026186715444415608,-0.03318822184601071,0.09435251393550045,37.860731464382845,-48.32559844010318,138.02388227592098
CAF vs CONCACAF,CAF,CONCACAF,2009-09,0.02616518209179775,-0.03322575049168726,0.09436552381570848,37.830616661462486,-48.459437054937794,138.01503702112868
CAF vs CONCACAF,CAF,CONCACAF,2009-10,0.026141430226617735,-0.03323121114185419,0.09437634673402216,37.79727398868079,-48.59790300380662,138.00084370054302
CAF vs CONCACAF,CAF,CONCACAF,2009-11,0.02611552637826585,-0.03323939595584609,0.09438499576395425,37.76079922124559,-48.74084036109781,137.98140958138896
CAF vs CONCACAF,CAF,CONCACAF,2009-12,0.026087537076132164,-0.03325025163567959,0.09439148397901577,37.721288156749,-48.887213401845294,137.95684195581555
CAF vs CONCACAF,CAF,CONCACAF,2010-01,0.026057528849607246,-0.033263724883372876,0.09439582445271788,37.678836615361625,-49.0351712728145,137.92724814200847
CAF vs CONCACAF,CAF,CONCACAF,2010-02,0.026025568228081192,-0.033279762400944164,0.09439803025857083,37.63354043997869,-49.109868471602894,137.89273548525145
CAF vs CONCACAF,CAF,CONCACAF,2010-03,0.025991721740944232,-0.03329831089041084,0.09439018443452536,37.585495496322885,-49.13925497228543,137.85341135895447
CAF vs CONCACAF,CAF,CONCACAF,2010-04,0.025956055917586804,-0.03331931705379038,0.09435846826724888,37.534797673000725,-49.169420240282456,137.75579276868754
CAF vs CONCACAF,CAF,CONCACAF,2010-05,0.025918637287399106,-0.03334272759310175,0.0943643192614712,37.481542881512404,-49.203218163726675,137.72116512024937
CAF vs CONCACAF,CAF,CONCACAF,2010-06,0.025879532379771312,-0.03336848921036073,0.09439159636629255,37.42582705621691,-49.24057151832342,137.68358499269868
CAF vs CONCACAF,CAF,CONCACAF,2010-07,0.025838807724093905,-0.03339654860758632,0.09438700766607426,37.36774615425134,-49.281403083764154,137.64315091510963
CAF vs CONCACAF,CAF,CONCACAF,2010-08,0.025796529849757048,-0.0334268524867952,0.09438028928632741,37.30739615540317,-49.32563564314118,137.59996151810998
CAF vs CONCACAF,CAF,CONCACAF,2010-09,0.025752765286150846,-0.033459347550006326,0.09437144978602609,37.244873061937575,-49.42220909548105,137.5493089007723
CAF vs CONCACAF,CAF,CONCACAF,2010-10,0.025707580562665908,-0.03349508097881344,0.09436049772414322,37.18027289837947,-49.5378808595669,137.48357071045302
CAF vs CONCACAF,CAF,CONCACAF,2010-11,0.02566104220869233,-0.03354334921820921,0.09434744165965445,37.11369171124707,-49.656185300473524,137.413590193012
CAF vs CONCACAF,CAF,CONCACAF,2010-12,0.02561321675362026,-0.033618919226334976,0.09433229015153212,37.04522556874169,-49.75908925864494,137.33946472758967
CAF vs CONCACAF,CAF,CONCACAF,2011-01,0.025564170726840266,-0.033739383872493624,0.09431505175875005,36.97497056039109,-49.834130117007774,137.26129173282592
CAF vs CONCACAF,CAF,CONCACAF,2011-02,0.025513970657742472,-0.033859997094839,0.09429573504028389,36.903022796644855,-49.908574324344684,137.17916866740455
CAF vs CONCACAF,CAF,CONCACAF,2011-03,0.02546268307571699,-0.033980623539363285,0.09427434855510504,36.82947840842538,-49.98176832181993,137.09319303052416
CAF vs CONCACAF,CAF,CONCACAF,2011-04,0.025410374510154404,-0.034101127852058745,0.09425090086218824,36.7544335466327,-50.055284912706874,137.00346236233818
CAF vs CONCACAF,CAF,CONCACAF,2011-05,0.025357111490444853,-0.034221374678917504,0.09422540052050923,36.677984381600766,-50.128962595843596,136.91007424431305
CAF vs CONCACAF,CAF,CONCACAF,2011-06,0.025302960545978425,-0.034341228665931874,0.0941978560890384,36.600227102509464,-50.202639859360296,136.87789273135604
CAF vs CONCACAF,CAF,CONCACAF,2011-07,0.02524798820614574,-0.034460554459093996,0.0941682761267532,36.52125791675021,-50.27615518003548,136.87443660625948
CAF vs CONCACAF,CAF,CONCACAF,2011-08,0.025192261000336905,-0.03457921670439532,0.09413666919262494,36.44117304924296,-50.34934702265254,136.86651412918917
CAF vs CONCACAF,CAF,CONCACAF,2011-09,0.02513584545794203,-0.034697080047829676,0.09410304384562844,36.36006874170874,-50.42205383935194,136.85136975205333
CAF vs CONCACAF,CAF,CONCACAF,2011-10,0.025078808108351707,-0.034814009135389276,0.09406740864473752,36.278041251895644,-50.49171385573552,136.78493241093054
CAF vs CONCACAF,CAF,CONCACAF,2011-11,0.025021215480956083,-0.034929868613064755,0.09402977214892624,36.19518685275632,-50.54680566967234,136.71715670243265
CAF vs CONCACAF,CAF,CONCACAF,2011-12,0.024963134105145203,-0.03504452312684987,0.09399014291716853,36.11160183158042,-50.63938900906554,136.64813721829236
CAF vs CONCACAF,CAF,CONCACAF,2012-01,0.024904630510309715,-0.03515783732273521,0.09394852950843824,36.02738248908117,-50.737378422257486,136.5779686356366
CAF vs CONCACAF,CAF,CONCACAF,2012-02,0.024845771225839756,-0.03522189066842625,0.09390494048170767,35.94262513843247,-50.90634719072983,136.5067457137356
CAF vs CONCACAF,CAF,CONCACAF,2012-03,0.0247866227811254,-0.03527565488025504,0.09385938439595322,35.85742610426167,-51.064130274099604,136.4345632904835
CAF vs CONCACAF,CAF,CONCACAF,2012-04,0.024727251705557198,-0.03530933271324148,0.09381186981014716,35.771881721595726,-51.21031376056921,136.36151627858933
CAF vs CONCACAF,CAF,CONCACAF,2012-05,0.024667724528525364,-0.03533656510866603,0.09376240528326349,35.68608833475869,-51.25543370152424,136.28769966151984
CAF vs CONCACAF,CAF,CONCACAF,2012-06,0.024608107779420005,-0.035385165542323446,0.09371099937427606,35.60014229622398,-51.300963530445586,136.2132084891524
CAF vs CONCACAF,CAF,CONCACAF,2012-07,0.02454846798763161,-0.03539896279783492,0.09365766064216047,35.51413996542034,-51.39614145628311,136.13813787316963
CAF vs CONCACAF,CAF,CONCACAF,2012-08,0.0244888716825504,-0.03543415468123836,0.09360239764588735,35.42817770748951,-51.45733212337033,136.06258298216704
CAF vs CONCACAF,CAF,CONCACAF,2012-09,0.0244293853935664,-0.035472026316959095,0.09354521894443307,35.342351891998014,-51.458837505050965,135.9866390365088
CAF vs CONCACAF,CAF,CONCACAF,2012-10,0.02437007565007032,-0.035512590999826135,0.09348613309677166,35.25675889160376,-51.522762762122305,135.91040130289528
CAF vs CONCACAF,CAF,CONCACAF,2012-11,0.0243110131126288,-0.03555583771237632,0.09342517328169173,35.17150102319929,-51.59056928609028,135.83396840427054
CAF vs CONCACAF,CAF,CONCACAF,2012-12,0.024252284966515082,-0.03560165818796448,0.09336247115725006,35.086704376684,-51.6632518737537,135.75745223883482
CAF vs CONCACAF,CAF,CONCACAF,2013-01,0.024193982528179402,-0.03564991984765471,0.09329818300131995,35.002500991125444,-51.774582992581635,135.68096798968713
CAF vs CONCACAF,CAF,CONCACAF,2013-02,0.024136197114071584,-0.03570049011250949,0.09323246509177291,34.91902291268039,-51.884821479052825,135.69989156661035
CAF vs CONCACAF,CAF,CONCACAF,2013-03,0.024079020040641493,-0.03574023169813234,0.09316547370648307,34.83640219437737,-51.99588455574381,135.7772475012082
CAF vs CONCACAF,CAF,CONCACAF,2013-04,0.02402254262433937,-0.03576132867576538,0.09309736512332188,34.75477089581508,-52.10759089060391,135.78555512527194
CAF vs CONCACAF,CAF,CONCACAF,2013-05,0.023966856181615002,-0.03577951622836273,0.0930282956201627,34.67426108277522,-52.21975909198727,135.6957450585114
CAF vs CONCACAF,CAF,CONCACAF,2013-06,0.023912052028918235,-0.0357947661420714,0.09295842147487701,34.595004826753126,-52.33220770809392,135.60339414223535
CAF vs CONCACAF,CAF,CONCACAF,2013-07,0.02385822148269936,-0.03580705020304009,0.09288789896533972,34.51713420440439,-52.41784014328719,135.5087218786657
CAF vs CONCACAF,CAF,CONCACAF,2013-08,0.023805455859408183,-0.03581367519119634,0.09281688436942069,34.440781296905236,-52.477017440279596,135.41194782231761
CAF vs CONCACAF,CAF,CONCACAF,2013-09,0.023753846475494483,-0.035816262902185605,0.0927455339649932,34.366078189231004,-52.53630555316622,135.31329158074564
CAF vs CONCACAF,CAF,CONCACAF,2013-10,0.02370348464740857,-0.03581559960466363,0.0926740040299313,34.29315696935045,-52.59287230924716,135.20775690947852
CAF vs CONCACAF,CAF,CONCACAF,2013-11,0.023654461691600227,-0.03581166304954708,0.09260245084210743,34.22214972733351,-52.64802841158651,135.17107436642343
CAF vs CONCACAF,CAF,CONCACAF,2013-12,0.023606868924519343,-0.035847274200900656,0.09253103067939385,34.15318855437724,-52.73937197638063,135.16522344600403
CAF vs CONCACAF,CAF,CONCACAF,2014-01,0.023560797662616127,-0.03591678410742079,0.09245989981966224,34.08640554174674,-52.832652586264224,135.16005226055717
CAF vs CONCACAF,CAF,CONCACAF,2014-02,0.023516339222340372,-0.03592492155714218,0.09238921454078583,34.02193277963041,-52.85000614359653,135.15560813387003
CAF vs CONCACAF,CAF,CONCACAF,2014-03,0.023473584920141975,-0.03590682694267198,0.09240995812582808,33.959902355912355,-52.8596188520351,135.15193838336506
CAF vs CONCACAF,CAF,CONCACAF,2014-04,0.023432626072471145,-0.035944713629446935,0.0925307228106992,33.90044635486008,-52.86757279175201,135.14909031948378
CAF vs CONCACAF,CAF,CONCACAF,2014-05,0.023393553995777694,-0.03599173604400354,0.09265598523890221,33.84369685572607,-52.8676595411648,135.14711124504524
CAF vs CONCACAF,CAF,CONCACAF,2014-06,0.02335646000651153,-0.03603579515001902,0.09265536790994638,33.78978593126651,-52.86115405376675,135.12305918807098
CAF vs CONCACAF,CAF,CONCACAF,2014-07,0.02332143542112279,-0.03607682533263832,0.09258006629917144,33.73884564617496,-52.84801684581286,134.95999557631552
CAF vs CONCACAF,CAF,CONCACAF,2014-08,0.02328857155606138,-0.03611476097700961,0.0924956247258825,33.69100805543023,-52.82820847777875,134.7988897972636
CAF vs CONCACAF,CAF,CONCACAF,2014-09,0.02325795972777717,-0.03614953646827872,0.09240803888897482,33.64640520256054,-52.80168955800285,134.64005222784502
CAF vs CONCACAF,CAF,CONCACAF,2014-10,0.02322969125272023,-0.03618108619159299,0.09232111237697825,33.6051691178229,-52.76842074634178,134.483793182353
CAF vs CONCACAF,CAF,CONCACAF,2014-11,0.023203857447340537,-0.03620934453209901,0.09223502000247896,33.56743181629687,-52.72836275786671,134.33042290857352
CAF vs CONCACAF,CAF,CONCACAF,2014-12,0.023180549628088,-0.03623424587494419,0.09214993657806632,33.53332529589382,-52.68147636658353,134.2827860081547
CAF vs CONCACAF,CAF,CONCACAF,2015-01,0.023159859111412655,-0.03625572460527344,0.09206603691632645,33.50298153528164,-52.62772240918925,134.24808954492943
CAF vs CONCACAF,CAF,CONCACAF,2015-02,0.023141877213764407,-0.03627371510823583,0.09198349582984869,33.476532491723766,-52.56706178884973,134.21625629012317
CAF vs CONCACAF,CAF,CONCACAF,2015-03,0.02312669525159321,-0.03628815176897619,0.09190248813122083,33.45411009883387,-52.542509511496185,134.1873889477652
CAF vs CONCACAF,CAF,CONCACAF,2015-04,0.02311440454134908,-0.03629896897264286,0.09189369914593896,33.4358462642454,-52.556306969181364,134.16159012953173
CAF vs CONCACAF,CAF,CONCACAF,2015-05,0.023105096399482022,-0.036306101104381525,0.09189209607194515,33.42187286719604,-52.56470871603594,134.1389623554362
CAF vs CONCACAF,CAF,CONCACAF,2015-06,0.02309886214244191,-0.0363092049213038,0.09190036096767845,33.41232175602703,-52.56761839250692,134.1196080547219
CAF vs CONCACAF,CAF,CONCACAF,2015-07,0.02309579308667878,-0.03630433345408703,0.09191689255248771,33.40732474559831,-52.56493968688822,134.1036295669463
CAF vs CONCACAF,CAF,CONCACAF,2015-08,0.023095980548642602,-0.03629315779542965,0.09193684490523844,33.407013614617846,-52.55657633768314,134.09112914323788
CAF vs CONCACAF,CAF,CONCACAF,2015-09,0.023099515844783286,-0.03627803988556764,0.09196032983926739,33.41152010288653,-52.57062958266465,134.08220894776406
CAF vs CONCACAF,CAF,CONCACAF,2015-10,0.023106490291550853,-0.036269960569988415,0.09198745916791282,33.42097590845836,-52.67870558001892,134.0769710593793
CAF vs CONCACAF,CAF,CONCACAF,2015-11,0.02311699520539527,-0.036319663139968615,0.0920098493163379,33.43551268471556,-52.7770301041039,134.075517473455
CAF vs CONCACAF,CAF,CONCACAF,2015-12,0.023131121902766498,-0.03636434542290794,0.09203428319324722,33.45526203735904,-52.868168987844605,134.07795010391192
CAF vs CONCACAF,CAF,CONCACAF,2016-01,0.023148961700114448,-0.03632350155748885,0.09206275120234061,33.48035552131433,-52.95444179032984,134.0843707854349
CAF vs CONCACAF,CAF,CONCACAF,2016-02,0.023170605913889177,-0.036385400396686716,0.09209537922467746,33.510924637553174,-52.90973298051792,134.09488127587014
CAF vs CONCACAF,CAF,CONCACAF,2016-03,0.023196145860540657,-0.03644359723786002,0.09213229314132237,33.547100829830214,-52.96398974447301,134.1065829676194
CAF vs CONCACAF,CAF,CONCACAF,2016-04,0.023225672856518755,-0.036497939983574,0.09217361883333551,33.58901548133551,-53.00982295903621,134.12221390473283
CAF vs CONCACAF,CAF,CONCACAF,2016-05,0.023259278218273477,-0.036544888587762746,0.09221948218177731,33.63679991126344,-53.044658759890616,134.24669709454972
CAF vs CONCACAF,CAF,CONCACAF,2016-06,0.023297053262254917,-0.03656462512377292,0.09227000906771211,33.690585371297004,-53.061779683960665,134.4981734540819
CAF vs CONCACAF,CAF,CONCACAF,2016-07,0.02333908930491285,-0.036577278977075835,0.09232532537219863,33.75050304200792,-52.95488271504678,134.7535941877498
CAF vs CONCACAF,CAF,CONCACAF,2016-08,0.023385477662697333,-0.036520883107041914,0.09238555697630128,33.81668402917432,-52.805659484448334,135.01283749440827
CAF vs CONCACAF,CAF,CONCACAF,2016-09,0.023436309652058448,-0.03641782325397349,0.09245082976108043,33.889259360013874,-52.646668501756444,135.2757814647699
CAF vs CONCACAF,CAF,CONCACAF,2016-10,0.023491676589445936,-0.03631219481906953,0.09247967581146192,33.96835997933344,-52.48402709019206,135.46683849318737
CAF vs CONCACAF,CAF,CONCACAF,2016-11,0.023551669791309827,-0.03619996136810797,0.09249905455140461,34.054116745597085,-52.3177913318549,135.50495705422955
CAF vs CONCACAF,CAF,CONCACAF,2016-12,0.02361638057410036,-0.036084962710737044,0.09252457600766735,34.14666042691033,-52.14801731766511,135.54442117867183
CAF vs CONCACAF,CAF,CONCACAF,2017-01,0.0236859002542671,-0.03596758081775531,0.09254356903958003,34.2461216969208,-51.97476114677515,135.58865707422626
CAF vs CONCACAF,CAF,CONCACAF,2017-02,0.02376032014826021,-0.03584785344303141,0.09256082353392987,34.35263113063963,-51.798078925980484,135.64220671316173
CAF vs CONCACAF,CAF,CONCACAF,2017-03,0.023839731572529818,-0.0357258183404296,0.09258425172495034,34.4663192001782,-51.61802676914238,135.70532692852052
CAF vs CONCACAF,CAF,CONCACAF,2017-04,0.02392422584352557,-0.035601513263817795,0.09261401849213136,34.58731627040371,-51.43466079664058,135.77827434216334
CAF vs CONCACAF,CAF,CONCACAF,2017-05,0.024013894277697574,-0.035474975967063616,0.09265028871496547,34.71575259451543,-51.2480371348234,135.8613053532471
CAF vs CONCACAF,CAF,CONCACAF,2017-06,0.024108828191496016,-0.03534624420403398,0.09269322727294176,34.85175830953797,-51.05821191547353,135.95467612645757
CAF vs CONCACAF,CAF,CONCACAF,2017-07,0.024209118901370442,-0.03521535572859413,0.09274299904555443,34.99546343173398,-50.865241275288554,136.0586425800332
CAF vs CONCACAF,CAF,CONCACAF,2017-08,0.024314857723771035,-0.03508234829461347,0.09279976891229351,35.14699785193926,-50.669181355380864,136.17346037355514
CAF vs CONCACAF,CAF,CONCACAF,2017-09,0.024426135975148047,-0.0349472596559572,0.09286370175265056,35.306491330815895,-50.47008830077274,136.29938489551043
CAF vs CONCACAF,CAF,CONCACAF,2017-10,0.02454304497195089,-0.034810127566493154,0.09304603078371776,35.47407349402553,-50.26801825992455,136.43667125064727
CAF vs CONCACAF,CAF,CONCACAF,2017-11,0.024665676030629777,-0.03467098978008813,0.09326804305592441,35.64987382732765,-50.063027384260124,136.58557424709116
CAF vs CONCACAF,CAF,CONCACAF,2017-12,0.0247941204676351,-0.034529884050609014,0.09342322682759154,35.83402167159656,-49.85517182771431,136.72293366375527
CAF vs CONCACAF,CAF,CONCACAF,2018-01,0.024928469599416067,-0.0343868481319237,0.09355670374102333,36.02664621775943,-49.606778368160704,136.80509463949704
CAF vs CONCACAF,CAF,CONCACAF,2018-02,0.02506881474242298,-0.0342083212832732,0.09369896033190968,36.22787650166266,-49.32576959126612,136.89009732651974
CAF vs CONCACAF,CAF,CONCACAF,2018-03,0.025215247213106293,-0.03401003616662397,0.093850171657234,36.43784139885715,-49.03805868233591,136.97798483833006
CAF vs CONCACAF,CAF,CONCACAF,2018-04,0.025367858327915063,-0.033805407323356775,0.09401051277397972,36.656669619306555,-48.814544915623,137.06880021277073
CAF vs CONCACAF,CAF,CONCACAF,2018-05,0.025526739403299775,-0.03363130644303771,0.0941801587391305,36.884489702026784,-48.59291448370483,137.2251399929831
CAF vs CONCACAF,CAF,CONCACAF,2018-06,0.02569198175571075,-0.03346234874228995,0.0943592846096698,37.12143000964451,-48.420140320252074,137.56629770151417
CAF vs CONCACAF,CAF,CONCACAF,2018-07,0.02586367670159709,-0.033284994457998304,0.09454806544258025,37.36761872288252,-48.2373434723091,137.91600543414927
CAF vs CONCACAF,CAF,CONCACAF,2018-08,0.026041915557409267,-0.033099119346298035,0.09474667629484533,37.623183834977134,-48.04434933925471,138.2743260710021
CAF vs CONCACAF,CAF,CONCACAF,2018-09,0.026226789639597698,-0.032904599163330196,0.09498425297140495,37.88825314601738,-47.840983522910975,138.64132247603868
CAF vs CONCACAF,CAF,CONCACAF,2018-10,0.02641839026461128,-0.032701309665233415,0.09524987884541282,38.16295425721256,-47.62707183601801,139.0170574981681
CAF vs CONCACAF,CAF,CONCACAF,2018-11,0.026616808748900614,-0.03248912660814631,0.09552112569814351,38.44741456509565,-47.40244031086887,139.40074751400437
CAF vs CONCACAF,CAF,CONCACAF,2018-12,0.02682213640891617,-0.03227216113805511,0.09579802237775967,38.74176125564935,-47.166915208080376,139.71950264310476
CAF vs CONCACAF,CAF,CONCACAF,2019-01,0.02703446456110681,-0.03217000754367687,0.09608059773242383,39.04612129836362,-46.920323025529875,140.01048165496775
CAF vs CONCACAF,CAF,CONCACAF,2019-02,0.027253884521923025,-0.03205481269748045,0.09636888061029782,39.36062144023173,-46.662490507421566,140.31569626224558
CAF vs CONCACAF,CAF,CONCACAF,2019-03,0.027480487607815428,-0.03192630450730558,0.09666289985954599,39.68538819967213,-46.39324465351333,140.63537632675974
CAF vs CONCACAF,CAF,CONCACAF,2019-04,0.027714365135232746,-0.0317842108809871,0.09696268432832847,40.02054786038329,-46.11077088628453,140.969751324002
CAF vs CONCACAF,CAF,CONCACAF,2019-05,0.02795560842062561,-0.03162437766298556,0.09726826286480778,40.366226465141516,-45.83143013879146,141.31905032703602
CAF vs CONCACAF,CAF,CONCACAF,2019-06,0.028204308780444595,-0.03144624660810016,0.09757966431714833,40.72254980952622,-45.53114297215571,141.6835019901588
CAF vs CONCACAF,CAF,CONCACAF,2019-07,0.028460557531138308,-0.03120131378524662,0.09789691753351021,41.08964343558194,-45.180196130204195,142.06333453226821
CAF vs CONCACAF,CAF,CONCACAF,2019-08,0.028724445989157465,-0.030855653642289083,0.09822005136205773,41.467632625426766,-44.77155456346986,142.4587757200191
CAF vs CONCACAF,CAF,CONCACAF,2019-09,0.028996065470952744,-0.030491626586248932,0.09854909465095267,41.85664239479093,-44.379175966786605,142.8700528506958
CAF vs CONCACAF,CAF,CONCACAF,2019-10,0.029275456962766587,-0.030193847564566178,0.0988840262707515,42.25672701610312,-43.97707171368292,143.29728441587372
CAF vs CONCACAF,CAF,CONCACAF,2019-11,0.029562460130019393,-0.029935246947842352,0.09916462492028323,42.66765887164385,-43.56555510232566,143.74015539727392
CAF vs CONCACAF,CAF,CONCACAF,2019-12,0.02985686430792567,-0.029601434098173528,0.09942355150365255,43.08914035590754,-43.14502118383923,144.19824271393028
CAF vs CONCACAF,CAF,CONCACAF,2020-01,0.03015845883169743,-0.029209987088251576,0.09980332457036964,43.52087445597861,-42.715864326143254,144.671123663166
CAF vs CONCACAF,CAF,CONCACAF,2020-02,0.030467033036549174,-0.028810522401817983,0.10020785049048646,43.962564794251236,-42.26883877325099,145.15837597640964
CAF vs CONCACAF,CAF,CONCACAF,2020-03,0.030782376257695324,-0.028403380293151013,0.10062266919512117,44.413915668880016,-41.7669109552153,145.65783389339907
CAF vs CONCACAF,CAF,CONCACAF,2020-04,0.031104277830347856,-0.027988901016534794,0.10103399078142968,44.87463209197759,-41.14951485753723,146.16911947551938
CAF vs CONCACAF,CAF,CONCACAF,2020-05,0.031432527089721295,-0.02756742482624763,0.10141208523603708,45.344419825574136,-40.52223414615264,146.6931438966324
CAF vs CONCACAF,CAF,CONCACAF,2020-06,0.03176691337103017,-0.027139291976568367,0.10180952836731602,45.8229854153235,-39.885607221223644,147.2294991814459
CAF vs CONCACAF,CAF,CONCACAF,2020-07,0.03210722600948634,-0.026749538651835134,0.10233050255024354,46.31003622197224,-39.24017092080008,147.80216992507292
CAF vs CONCACAF,CAF,CONCACAF,2020-08,0.032453254340304334,-0.026399200513366503,0.10285038337327346,46.80528045061052,-38.571893548161434,148.5498785212256
CAF vs CONCACAF,CAF,CONCACAF,2020-09,0.032804787698698795,-0.026038436599272383,0.10332499692886511,47.30842717768841,-37.89311789987244,149.30316000480366
CAF vs CONCACAF,CAF,CONCACAF,2020-10,0.03316161541988144,-0.025672503013620007,0.10380695780320019,47.81918637581621,-37.206863538909985,150.06203014853702
CAF vs CONCACAF,CAF,CONCACAF,2020-11,0.03352352683906683,-0.025301595150589985,0.10429579181164725,48.337268936369604,-36.513693929117366,150.54722378324587
CAF vs CONCACAF,CAF,CONCACAF,2020-12,0.03389031129146966,-0.02482590167958283,0.10479102476957232,48.862386689882996,-35.823925629943815,150.88325043138627
CAF vs CONCACAF,CAF,CONCACAF,2021-01,0.034261758112301616,-0.02424105013194593,0.1052888612674406,49.394252424250716,-35.25961207020932,151.29512141046678
CAF vs CONCACAF,CAF,CONCACAF,2021-02,0.03463765663677726,-0.02394566372113549,0.1057886311785645,49.93257990075862,-34.84063491235095,151.9155192399554
CAF vs CONCACAF,CAF,CONCACAF,2021-03,0.03501779620011137,-0.023656173751236142,0.10629327766725587,50.47708386792907,-34.35106213724441,152.54460847547944
CAF vs CONCACAF,CAF,CONCACAF,2021-04,0.03540196613751546,-0.023364287878769076,0.10680203223505308,51.027480073199406,-33.804463161658404,153.18198884624294
CAF vs CONCACAF,CAF,CONCACAF,2021-05,0.03578995578420421,-0.023046056132973947,0.1071521097155089,51.58348527245837,-33.25256884944182,153.82726098306017
CAF vs CONCACAF,CAF,CONCACAF,2021-06,0.036181554475392314,-0.02266175266442869,0.107305053639049,52.144817237421165,-32.6956155289296,154.4800264329507
CAF vs CONCACAF,CAF,CONCACAF,2021-07,0.036576551546291414,-0.02227396249478106,0.10742993165351836,52.711194760866256,-32.13383872031087,155.13988767144963
CAF vs CONCACAF,CAF,CONCACAF,2021-08,0.036974736332116113,-0.021882845769008962,0.10755705841233504,53.28233765975552,-31.56747312972535,155.8064481126379
CAF vs CONCACAF,CAF,CONCACAF,2021-09,0.03737589816808115,-0.021488562632092822,0.1077783660233125,53.85796677622109,-30.986453673379867,156.47931211688658
CAF vs CONCACAF,CAF,CONCACAF,2021-10,0.03777982638939809,-0.021083389591176838,0.10817560398540754,54.43780397643939,-30.39882601546509,157.15808499631325
CAF vs CONCACAF,CAF,CONCACAF,2021-11,0.03818631033128153,-0.02067429457245824,0.1085722660156866,55.02157214741562,-29.80715141927194,157.84237301801187
CAF vs CONCACAF,CAF,CONCACAF,2021-12,0.03859513932894634,-0.020262420974301643,0.10896042551996317,55.608995191660085,-29.21169313455414,158.53178340496856
CAF vs CONCACAF,CAF,CONCACAF,2022-01,0.039006102717603935,-0.019847950839732675,0.10924081258165302,56.19979801977657,-28.612713526462617,159.22592433475882
CAF vs CONCACAF,CAF,CONCACAF,2022-02,0.03941898983246905,-0.019431066211772485,0.10952534131637032,56.79370654098655,-28.010474078610773,159.88543591513732
CAF vs CONCACAF,CAF,CONCACAF,2022-03,0.03983359000875637,-0.018989914973908385,0.11013126988816255,57.39044765156765,-27.405235397727857,160.46610887232652
CAF vs CONCACAF,CAF,CONCACAF,2022-04,0.0402496925816775,-0.018579587370580252,0.1105716969810217,57.98974922122814,-26.705456167303716,160.8101368225839
CAF vs CONCACAF,CAF,CONCACAF,2022-05,0.04066708688644704,-0.01818012190739653,0.11097582826686259,58.59134007743747,-26.05291871916621,161.44479425679376
CAF vs CONCACAF,CAF,CONCACAF,2022-06,0.04108556225827987,-0.01776336366782085,0.11137675260233283,59.19494998769289,-25.59200514816513,162.07883345610787
CAF vs CONCACAF,CAF,CONCACAF,2022-07,0.0415049080323873,-0.017361366414701297,0.11177415574725763,59.80030963973969,-24.983567135645217,162.73639578719119
CAF vs CONCACAF,CAF,CONCACAF,2022-08,0.04192491354398415,-0.016919256875003397,0.11216772346146987,60.4071506197673,-24.260143678079793,163.35195825825772
CAF vs CONCACAF,CAF,CONCACAF,2022-09,0.042345368128285245,-0.01649662721126095,0.11256340094599987,61.01520538855567,-23.759324078620295,163.9893323294643
CAF vs CONCACAF,CAF,CONCACAF,2022-10,0.04276606112050187,-0.0160658804711423,0.11301290585362744,61.62420725559099,-23.151819742667644,164.60472394899674
CAF vs CONCACAF,CAF,CONCACAF,2022-11,0.04318678185584887,-0.015634375315983683,0.11345714091808354,62.23389035117014,-22.533882190858186,165.21211483186806
CAF vs CONCACAF,CAF,CONCACAF,2022-12,0.04360731966954103,-0.01515303446396774,0.11389565437191858,62.84398959646586,-21.849098424938575,165.66334118192262
CAF vs CONCACAF,CAF,CONCACAF,2023-01,0.04402746389678973,-0.01464074957859376,0.11432799444767953,63.45424067157096,-21.11142335985405,166.0728243316618
CAF vs CONCACAF,CAF,CONCACAF,2023-02,0.04444700387280971,-0.01414324141439529,0.11474917609877375,64.0643799815373,-20.457798322325697,166.56998108199696
CAF vs CONCACAF,CAF,CONCACAF,2023-03,0.04486572893281581,-0.013786507915193402,0.11521017738977649,64.67414462038133,-19.94691211505567,167.0936861501496
CAF vs CONCACAF,CAF,CONCACAF,2023-04,0.04528342841201934,-0.01335963703777785,0.11569069825895525,65.28327233306982,-19.437258360502142,167.6101935946849
CAF vs CONCACAF,CAF,CONCACAF,2023-05,0.04569989164563518,-0.012845161508200718,0.11616908237146925,65.89150147550158,-18.73547821684425,168.11911727077074
CAF vs CONCACAF,CAF,CONCACAF,2023-06,0.04611490796887803,-0.012323976857766405,0.11664551441724341,66.49857097245169,-17.977027770727066,168.62007094135458
CAF vs CONCACAF,CAF,CONCACAF,2023-07,0.04652826671695928,-0.011799148958408032,0.11711970693139696,67.10422027349198,-17.21330141562813,169.11266824114546
CAF vs CONCACAF,CAF,CONCACAF,2023-08,0.0469397572250938,-0.011270794587125143,0.11759137244905775,67.70818930689843,-16.444446635156794,169.59652263947194
CAF vs CONCACAF,CAF,CONCACAF,2023-09,0.047349168828496296,-0.010739030520919622,0.11806022350534863,68.31021843151049,-15.670609649788057,170.07124740197813
CAF vs CONCACAF,CAF,CONCACAF,2023-10,0.047756290862378134,-0.010203973536798559,0.11852204103846412,68.9100483865525,-14.8919354192098,170.5364555511755
CAF vs CONCACAF,CAF,CONCACAF,2023-11,0.048160912661954144,-0.009697512453755228,0.11880823632042364,69.5074202394247,-14.105417990293413,170.99175982583176
CAF vs CONCACAF,CAF,CONCACAF,2023-12,0.048562823562439066,-0.009221772531922577,0.11909467028685178,70.10207533142598,-13.311686138398064,171.4367726392235
CAF vs CONCACAF,CAF,CONCACAF,2024-01,0.04896181289904433,-0.008751937255703755,0.11937902181190176,70.69375522141453,-12.635562266328188,171.87110603618993
CAF vs CONCACAF,CAF,CONCACAF,2024-02,0.04935767000698471,-0.008288334896508463,0.11965870564615734,71.28220162741049,-11.968351420411032,172.29437164905528
CAF vs CONCACAF,CAF,CONCACAF,2024-03,0.04975018422147488,-0.007831293725741338,0.11993863323934041,71.86715636609954,-11.310512338861495,172.7636824743462
CAF vs CONCACAF,CAF,CONCACAF,2024-04,0.05013914487772638,-0.0074116866312882385,0.1202110016284956,72.44836129023972,-10.697341605189989,173.22146557845718
CAF vs CONCACAF,CAF,CONCACAF,2024-05,0.05052434131095394,-0.007010831005416307,0.12065241017149231,73.02555822397083,-10.159093203351926,173.6597265552429
CAF vs CONCACAF,CAF,CONCACAF,2024-06,0.05090556285637225,-0.006581668009871056,0.12084795531841908,73.59848889598248,-9.530901176487987,174.06860794666395
CAF vs CONCACAF,CAF,CONCACAF,2024-07,0.05128259884919286,-0.0062876604233431,0.12106034167620541,74.16689487053794,-9.249652848624304,174.45815993690803
CAF vs CONCACAF,CAF,CONCACAF,2024-08,0.05165523862463045,-0.006001352953815474,0.12134115842016777,74.73051747634952,-8.834058252024771,174.82773873852835
CAF vs CONCACAF,CAF,CONCACAF,2024-09,0.05202327151789972,-0.00571148980453815,0.12162208706551648,75.28909773325663,-8.418876609828782,175.2055689754959
CAF vs CONCACAF,CAF,CONCACAF,2024-10,0.05238648686421225,-0.005441000612022017,0.12193506791651229,75.84237627669944,-8.024174814000377,175.56195337942643
CAF vs CONCACAF,CAF,CONCACAF,2024-11,0.05274467399878274,-0.005176395851274317,0.1224536226285083,76.3900932799787,-7.630719452005984,175.91791120006746
CAF vs CONCACAF,CAF,CONCACAF,2024-12,0.05309762225682577,-0.004905138895447124,0.12298225813392237,76.93198837424808,-7.232838943667138,176.26698166800136
CAF vs CONCACAF,CAF,CONCACAF,2025-01,0.05344512097355311,-0.0046381237792387335,0.12345161315834834,77.46780056622782,-6.843178620170306,176.74780271448
CAF vs CONCACAF,CAF,CONCACAF,2025-02,0.0537869594841793,-0.004377015940376516,0.12372106939891933,77.99726815362287,-6.361325361216632,177.45362668495957
CAF vs CONCACAF,CAF,CONCACAF,2025-03,0.054122927123918994,-0.004025530713272873,0.12395230747467134,78.5201286381894,-5.851981898388202,178.3325159376544
CAF vs CONCACAF,CAF,CONCACAF,2025-04,0.05445281322798392,-0.003898409034088867,0.12408937418969943,79.03611863643056,-5.76325267618514,179.00948422257989
CAF vs CONCACAF,CAF,CONCACAF,2025-05,0.0547764071315887,-0.0036816021805445394,0.12421111133812175,79.54497378790012,-5.446529868370508,179.30287394991728
CAF vs CONCACAF,CAF,CONCACAF,2025-06,0.05509349816994785,-0.0034501279547258772,0.12431715023153622,80.04642866105182,-5.1101386264958455,180.15776102579804
CAF vs CONCACAF,CAF,CONCACAF,2025-07,0.05540387567827322,-0.0032260765933118203,0.12443269331859953,80.54021665660933,-4.781891315819426,181.03036230503508
CAF vs CONCACAF,CAF,CONCACAF,2025-08,0.055707328991779416,-0.0030096341281281346,0.12471340244621205,81.02606990842918,-4.464565387676223,181.91190114254982
CAF vs CONCACAF,CAF,CONCACAF,2025-09,0.05600364744568084,-0.002979585943285778,0.12488943091484729,81.50371918178756,-4.347303907432648,183.36933443215898
CAF vs CONCACAF,CAF,CONCACAF,2025-10,0.056292620375189534,-0.002925529238072322,0.12527174737020128,81.9728937690611,-4.168679039701396,184.88138228055007
CAF vs CONCACAF,CAF,CONCACAF,2025-11,0.05657403711551998,-0.0028393849060303284,0.12555453104181996,82.43332138276415,-4.184003384659411,184.95643658880334
CAF vs CONCACAF,CAF,CONCACAF,2025-12,0.05684768700188655,-0.002678245708844117,0.12589118858190765,82.88472804586996,-3.9495337515036097,185.5121868346837
CAF vs CONCACAF,CAF,CONCACAF,2026-01,0.05711335936950139,-0.0025375371215507134,0.12643275700816595,83.32683797937621,-3.744956837975574,186.56491301989854
CAF vs CONCACAF,CAF,CONCACAF,2026-02,0.05737084355357893,-0.002415587136849904,0.12715344045838203,83.75937348707055,-3.5676337828474827,187.28297387695002
CAF vs CONCACAF,CAF,CONCACAF,2026-03,0.057619928889333476,-0.0022807046425314496,0.1277287479976768,84.18205483741669,-3.3708803101282223,188.21087489118344
CAF vs CONCACAF,CAF,CONCACAF,2026-04,0.05786040471197729,-0.0020827982104023143,0.12808062475877313,84.59460014251312,-3.1478278688573367,189.13475340517772
CAF vs CONCACAF,CAF,CONCACAF,2026-05,0.05809206035672476,-0.0018258110550212424,0.12803517570000425,84.99672523407155,-2.686083517019972,190.08148267697453
CAF vs CONCACAF,CAF,CONCACAF,2026-06,0.05831468515879012,-0.0015645500681485732,0.1286253379754216,85.38814353632806,-2.336272053957111,190.6603249498154
CAF vs CONCACAF,CAF,CONCACAF,2026-07,0.05852806845338579,-0.00167597787675695,0.12937909307311452,85.76856593583068,-2.4788732298040586,191.56420426033293
CAF vs CONCACAF,CAF,CONCACAF,2026-08,0.05873199957572602,-0.0014719238665557455,0.12937551538408848,86.13770064803968,-2.2072594325740837,192.79949768261565
CAF vs OFC,CAF,OFC,1992-01,-0.011971666306126895,-0.0685858183771717,0.04030640374839444,-17.686823255800007,-101.52173641912702,58.708561281746036
CAF vs OFC,CAF,OFC,1992-02,-0.014312383410477416,-0.0705052174750322,0.03683121794551647,-21.147909668816578,-104.51604053953523,53.433897131865265
CAF vs OFC,CAF,OFC,1992-03,-0.01659235271825265,-0.07206990182927968,0.034123783780708274,-24.522336678016405,-107.45958696707231,49.048192748269706
CAF vs OFC,CAF,OFC,1992-04,-0.018812278536584664,-0.07426559180600822,0.030825494348934376,-27.810911763853806,-110.49979828926558,44.78600288072145
CAF vs OFC,CAF,OFC,1992-05,-0.020972865172624172,-0.07606333235011609,0.027953949370326102,-31.014451380493846,-113.17742482937892,41.40464019746878
CAF vs OFC,CAF,OFC,1992-06,-0.023074816933521442,-0.07780755566389766,0.025368748331633894,-34.133780816765174,-115.82701569425824,37.373147380249364
CAF vs OFC,CAF,OFC,1992-07,-0.025118838126409453,-0.07942474987084727,0.023145749536766715,-37.169734052436006,-118.33036439620732,34.357126928170295
CAF vs OFC,CAF,OFC,1992-08,-0.027105633058438574,-0.08124936958318822,0.02055008027341374,-40.12315361020362,-120.2628442665813,30.789889085286582
CAF vs OFC,CAF,OFC,1992-09,-0.029035906036758458,-0.08298536012468945,0.018008374518654575,-42.994890403553946,-122.95123648404937,27.063006624160707
CAF vs OFC,CAF,OFC,1992-10,-0.030910361368503093,-0.08379263458794912,0.015504886500121134,-45.78580358088062,-125.86000393367031,23.363085157721684
CAF vs OFC,CAF,OFC,1992-11,-0.032729703360822336,-0.08571984061183442,0.013314059421267675,-48.496760366229026,-128.27483721089007,19.966613559835434
CAF vs OFC,CAF,OFC,1992-12,-0.03449463632086541,-0.08736062985195732,0.011621950601277941,-51.12863589682022,-130.70442812645956,17.515593608842224
CAF vs OFC,CAF,OFC,1993-01,-0.03620586455576718,-0.08867614111481217,0.010060808212467428,-53.68231305771988,-132.26666114874837,15.133350981290002
CAF vs OFC,CAF,OFC,1993-02,-0.03786409237267707,-0.0902885167112637,0.008238471659185093,-56.15868231399593,-133.5855615158883,12.2274907029584
CAF vs OFC,CAF,OFC,1993-03,-0.03947002407874394,-0.09185313139004019,0.006448647398918248,-58.55864154051355,-136.05753494378487,9.478887964568155
CAF vs OFC,CAF,OFC,1993-04,-0.04102436398110343,-0.09338023785957783,0.004658741015611416,-60.88309584970934,-138.44014518787225,6.975704984266991
CAF vs OFC,CAF,OFC,1993-05,-0.04252781638690451,-0.09490912218879703,0.0038711899056222956,-63.1329574176653,-140.7407778577317,5.597430148876505
CAF vs OFC,CAF,OFC,1993-06,-0.04398108560329567,-0.09641638007931137,0.0022597402934451814,-65.30914530862378,-143.07714656450239,3.2616567667063454
CAF vs OFC,CAF,OFC,1993-07,-0.04538487593741342,-0.09775971265898505,0.0006569953870785112,-67.41258529826115,-144.89234704780944,0.9553898824281223
CAF vs OFC,CAF,OFC,1993-08,-0.0467398916964063,-0.09901485888832857,-0.0006942535898669535,-69.44420969601698,-146.45442398886834,-1.0442863654249104
CAF vs OFC,CAF,OFC,1993-09,-0.04804683718742234,-0.10015972953588688,-0.001620468250688589,-71.40495716661214,-148.28079150692764,-2.4315923311006307
CAF vs OFC,CAF,OFC,1993-10,-0.049306416717598854,-0.10112700907941403,-0.003513884598886357,-73.29577255104901,-150.25572361292828,-5.274167915893092
CAF vs OFC,CAF,OFC,1993-11,-0.0505193345940841,-0.1024235752497448,-0.00479475117861828,-75.11760668736606,-152.01280400385582,-7.327488125406571
CAF vs OFC,CAF,OFC,1993-12,-0.051686295124025554,-0.103679758621491,-0.00585655588617249,-76.8714162312713,-153.33580415283794,-8.950615100807871
CAF vs OFC,CAF,OFC,1994-01,-0.052808002614561485,-0.10502320820354774,-0.007322109633137708,-78.55816347692458,-154.4369234536252,-11.036935315621387
CAF vs OFC,CAF,OFC,1994-02,-0.053885161372839524,-0.10608426162168927,-0.008478668801585376,-80.17881617811398,-155.93972689716605,-12.757779076394543
CAF vs OFC,CAF,OFC,1994-03,-0.05491847570600705,-0.10646168803497637,-0.009388532267138306,-81.7343473699454,-158.0760591033952,-14.126829519840904
CAF vs OFC,CAF,OFC,1994-04,-0.055908649921202855,-0.10780322734124655,-0.010262058703560265,-83.22573519128596,-160.17691714794904,-15.44127336665227
CAF vs OFC,CAF,OFC,1994-05,-0.056856388325574346,-0.10905749982187732,-0.011099796419934497,-84.65396270818746,-162.03167434814566,-16.70195559080383
CAF vs OFC,CAF,OFC,1994-06,-0.057762395226268415,-0.10993804275192813,-0.011907505398011409,-86.02001773839456,-163.42974832202134,-17.909718427985556
CAF vs OFC,CAF,OFC,1994-07,-0.058627374930424685,-0.11080090894970174,-0.012430003395901291,-87.32489267715835,-164.74700911786508,-18.816217554399813
CAF vs OFC,CAF,OFC,1994-08,-0.05945203174519012,-0.1119627383578055,-0.01271258043335136,-88.56958432455382,-165.99620988442715,-19.256875359531424
CAF vs OFC,CAF,OFC,1994-09,-0.06023706997771136,-0.11307932500494426,-0.013180417493875671,-89.75509371439973,-167.17861133395544,-20.19882406275421
CAF vs OFC,CAF,OFC,1994-10,-0.06098319393512861,-0.11388118120567747,-0.014045758552740184,-90.88242594497478,-168.4475104061828,-21.1619202933194
CAF vs OFC,CAF,OFC,1994-11,-0.06169110792458858,-0.11456975488175565,-0.014685247874085108,-91.95259001170761,-169.45762986097563,-22.059116003960714
CAF vs OFC,CAF,OFC,1994-12,-0.062361516253237534,-0.11527503092236939,-0.015090793629358373,-92.96659864192777,-170.3665190454807,-22.90520526750822
CAF vs OFC,CAF,OFC,1995-01,-0.06299512322821636,-0.11608885819772938,-0.015497059097023326,-93.92546813184963,-171.26557799757074,-23.701150819774078
CAF vs OFC,CAF,OFC,1995-02,-0.06359263315667137,-0.1166364332759037,-0.016147258846830777,-94.83021818594331,-172.12117385872912,-24.47940180183082
CAF vs OFC,CAF,OFC,1995-03,-0.06415475034574859,-0.1171245075074295,-0.016880993724546406,-95.68187175877156,-172.94964527521148,-25.210604524294475
CAF vs OFC,CAF,OFC,1995-04,-0.06468217910258951,-0.11756211902205335,-0.017309952178250355,-96.48145489944001,-173.85100727025596,-26.115528970390663
CAF vs OFC,CAF,OFC,1995-05,-0.06517562373434016,-0.11803205759426719,-0.01780491469220224,-97.22999659879628,-174.83981018151343,-26.835303366640215
CAF vs OFC,CAF,OFC,1995-06,-0.06563578854814622,-0.11850638493195516,-0.018172774229687882,-97.92852863944438,-175.7040207707688,-27.693284989104278
CAF vs OFC,CAF,OFC,1995-07,-0.06606337785114982,-0.11897126861606444,-0.018533654494903396,-98.578085448704,-176.405789997128,-28.488064613871785
CAF vs OFC,CAF,OFC,1995-08,-0.06645909595049662,-0.11937763383310118,-0.01887113255929869,-99.17970395462606,-177.00681270508335,-29.125328032615215
CAF vs OFC,CAF,OFC,1995-09,-0.06682364715333212,-0.11964409500883218,-0.0193266498081711,-99.7344234451253,-177.07887499135154,-29.65848605579945
CAF vs OFC,CAF,OFC,1995-10,-0.06715773576679888,-0.1199318350391593,-0.019822159552193526,-100.24328543033687,-177.11145242638815,-30.04609416927341
CAF vs OFC,CAF,OFC,1995-11,-0.06746206609804238,-0.12018558087715041,-0.02013198254242836,-100.70733350829092,-177.56642487796893,-30.44097020867362
CAF vs OFC,CAF,OFC,1995-12,-0.0677373424542079,-0.12040810518786427,-0.0203435341806512,-101.12761323395608,-178.0656897071621,-30.807601122058195
CAF vs OFC,CAF,OFC,1996-01,-0.06798426914243837,-0.12059741738187313,-0.02053443745654568,-101.50517199174043,-178.52377598248663,-31.141632729477493
CAF vs OFC,CAF,OFC,1996-02,-0.06820355046987914,-0.1207554142944108,-0.020761792794657733,-101.84105887152683,-178.92734128762768,-31.443793015104095
CAF vs OFC,CAF,OFC,1996-03,-0.06839589074367522,-0.12088341524800938,-0.021323907991956204,-102.1363245482838,-178.999690349215,-31.805762243357403
CAF vs OFC,CAF,OFC,1996-04,-0.06856199427097001,-0.12098233660544344,-0.02180805533795595,-102.39202116532506,-179.22730059764012,-32.5331625843719
CAF vs OFC,CAF,OFC,1996-05,-0.06870256535890858,-0.12105309472948486,-0.02195271426667102,-102.60920222127599,-179.51435186037332,-32.68138640757402
CAF vs OFC,CAF,OFC,1996-06,-0.06881830831463578,-0.1210966059829098,-0.022076799771099373,-102.78892246078328,-179.75689666806028,-32.77640379091124
CAF vs OFC,CAF,OFC,1996-07,-0.06890992744529537,-0.12110264322810718,-0.02218379861672618,-102.93223776902191,-179.878206245806,-32.819992481744364
CAF vs OFC,CAF,OFC,1996-08,-0.06897812705803232,-0.12099012701692305,-0.022189308770067646,-103.04020507004587,-179.7579015894155,-32.814911120259154
CAF vs OFC,CAF,OFC,1996-09,-0.06902361145999115,-0.12083203554442154,-0.022154115750549572,-103.11388222900892,-180.09611983643097,-32.874352451207386
CAF vs OFC,CAF,OFC,1996-10,-0.06904708495831617,-0.12063760902286251,-0.022087548425930914,-103.15432795829852,-180.3053205095063,-33.04508592426656
CAF vs OFC,CAF,OFC,1996-11,-0.06904925186015204,-0.12036145527352597,-0.02199083051911899,-103.16260172761217,-180.2474268129556,-33.182234777277074
CAF vs OFC,CAF,OFC,1996-12,-0.06903081647264316,-0.12007753182758715,-0.021998910793537226,-103.13976367799927,-180.36575241687132,-33.28627709205266
CAF vs OFC,CAF,OFC,1997-01,-0.06899248310293411,-0.11989783332018775,-0.021995579802778945,-103.0868745398979,-180.45894015453632,-33.35822358677664
CAF vs OFC,CAF,OFC,1997-02,-0.0689349560581694,-0.11997949275797133,-0.02169064693448091,-103.00499555518245,-180.52783111902517,-33.39908579708287
CAF vs OFC,CAF,OFC,1997-03,-0.06885893964549339,-0.12004324539891545,-0.02165058464895086,-102.89518840324283,-180.57326693809057,-33.04896399849948
CAF vs OFC,CAF,OFC,1997-04,-0.06876513817205082,-0.12008198962080759,-0.02171926471041063,-102.75851513110928,-180.58990769882567,-32.97745860604954
CAF vs OFC,CAF,OFC,1997-05,-0.06865425594498613,-0.12009901597414721,-0.02178783914652259,-102.5960380876332,-180.4007904379181,-33.05544842043198
CAF vs OFC,CAF,OFC,1997-06,-0.06852699727144344,-0.12011122102077473,-0.021822434831091995,-102.40881986173554,-180.00705401464143,-32.57077211161368
CAF vs OFC,CAF,OFC,1997-07,-0.06838406645856797,-0.12010831535945221,-0.021813409604197212,-102.1979232247312,-179.5627699530758,-32.50422988640121
CAF vs OFC,CAF,OFC,1997-08,-0.06822616781350382,-0.11973950181356745,-0.02180123519162835,-101.96441107672683,-179.08639457410123,-32.86031494469916
CAF vs OFC,CAF,OFC,1997-09,-0.0680540056433951,-0.11948191438917814,-0.021650969483677014,-101.7093463971046,-178.45460773493008,-32.69655296975529
CAF vs OFC,CAF,OFC,1997-10,-0.06786828425538718,-0.11940287963350427,-0.0213772054855203,-101.43379219908834,-177.65319626415427,-32.44498329861206
CAF vs OFC,CAF,OFC,1997-11,-0.06766970795662416,-0.11931287962445296,-0.021087033299350934,-101.13881148838463,-176.8282873845387,-32.00361651526323
CAF vs OFC,CAF,OFC,1997-12,-0.06745898105424995,-0.11921256065946913,-0.020788525456976722,-100.82546722590723,-176.56179317951626,-31.545487221931445
CAF vs OFC,CAF,OFC,1998-01,-0.06723680785541016,-0.119102569035996,-0.02072293421257535,-100.49482229457615,-176.4778665212237,-31.31235105453206
CAF vs OFC,CAF,OFC,1998-02,-0.06700389266724882,-0.11898355105147349,-0.0207725382085952,-100.14793947017705,-175.90475751143066,-31.368319715740064
CAF vs OFC,CAF,OFC,1998-03,-0.06676093979690964,-0.11885615300334308,-0.020561227870978253,-99.78588139628795,-175.3130317134246,-30.815817724407946
CAF vs OFC,CAF,OFC,1998-04,-0.0665086535515386,-0.11872102118904974,-0.020177050731739293,-99.40971056326075,-174.8266178016031,-30.525281058853295
CAF vs OFC,CAF,OFC,1998-05,-0.06624773823827945,-0.11857880190603422,-0.019691490580773775,-99.02048929123633,-174.26245025631124,-30.245876443268035
CAF vs OFC,CAF,OFC,1998-06,-0.06597889816427595,-0.11843014145173796,-0.01947258769806424,-98.61927971720321,-173.77004845464353,-29.95533302260945
CAF vs OFC,CAF,OFC,1998-07,-0.06570283763667407,-0.11826674649401347,-0.0192906600544589,-98.20714378608045,-173.47680875814274,-29.61588617466884
CAF vs OFC,CAF,OFC,1998-08,-0.06542026096261772,-0.11809179578493567,-0.019039836346390174,-97.78514324580348,-173.16625068158822,-29.035814916346478
CAF vs OFC,CAF,OFC,1998-09,-0.06513187244925046,-0.11765113237168504,-0.0189147140358168,-97.35433964642073,-172.83913283323497,-28.521662978596662
CAF vs OFC,CAF,OFC,1998-10,-0.06483837640371841,-0.1171558666223806,-0.018702559656671232,-96.91579434318237,-172.49621363002208,-27.88803263872035
CAF vs OFC,CAF,OFC,1998-11,-0.06454047713316527,-0.11666633952476979,-0.018361470629817415,-96.4705685035967,-172.13825125540873,-27.25787687090748
CAF vs OFC,CAF,OFC,1998-12,-0.0642388789447348,-0.11618387006716988,-0.017898580249664252,-96.01972311846512,-171.76320496844303,-26.632502509564166
CAF vs OFC,CAF,OFC,1999-01,-0.06393418252717442,-0.11584464554487214,-0.017426594752747993,-95.56416280209955,-171.37184640573116,-25.993528632894225
CAF vs OFC,CAF,OFC,1999-02,-0.06362657409563445,-0.11540314993744705,-0.016912810506297084,-95.10416729808648,-170.96639480614468,-25.348217387855797
CAF vs OFC,CAF,OFC,1999-03,-0.06331613624686643,-0.11496684093849123,-0.016407185352163768,-94.63986035805459,-170.5471502134708,-24.744879527527157
CAF vs OFC,CAF,OFC,1999-04,-0.06300295157762456,-0.11453568286842172,-0.015932236779708467,-94.17136597619724,-170.11441268099503,-24.146587496228513
CAF vs OFC,CAF,OFC,1999-05,-0.0626871026846604,-0.11410088043148554,-0.015472332170507754,-93.69880837464967,-169.668482268228,-23.559251685579234
CAF vs OFC,CAF,OFC,1999-06,-0.06236867216472557,-0.11366353187675804,-0.015155018002247196,-93.2223119891843,-169.20965903766154,-22.966516033674907
CAF vs OFC,CAF,OFC,1999-07,-0.0620477426145742,-0.11323164522718958,-0.015116497906687313,-92.74200145521284,-168.7454811410061,-22.737990062972568
CAF vs OFC,CAF,OFC,1999-08,-0.06172439663095787,-0.11280517933932423,-0.015038838568685372,-92.25800159408507,-168.461307343815,-22.366291490777023
CAF vs OFC,CAF,OFC,1999-09,-0.06139871681062816,-0.11240559477579563,-0.014657951704357516,-91.77043739970738,-168.16135031001633,-21.889390028746956
CAF vs OFC,CAF,OFC,1999-10,-0.061070785750339265,-0.11221132416234667,-0.014320359218722304,-91.27943402547083,-167.84604136095066,-21.423776389084324
CAF vs OFC,CAF,OFC,1999-11,-0.0607406860468428,-0.1120166064517544,-0.014114693167720483,-90.78511677147728,-167.5158122469141,-20.96917903168564
CAF vs OFC,CAF,OFC,1999-12,-0.0604085002968902,-0.11177939028421106,-0.013814521366738945,-90.2876110720868,-167.1710950917812,-20.525327002911173
CAF vs OFC,CAF,OFC,2000-01,-0.060074311097235836,-0.11128777689402307,-0.013521385943672535,-89.78704248377733,-166.611979027433,-20.10355146080171
CAF vs OFC,CAF,OFC,2000-02,-0.05973820104463114,-0.11079516800840787,-0.013240705106117696,-89.28353667330146,-165.84138308360298,-19.698767667925868
CAF vs OFC,CAF,OFC,2000-03,-0.05940025273582766,-0.11030171479209606,-0.012973760345520814,-88.77721940616826,-165.42800403933592,-19.30377751980826
CAF vs OFC,CAF,OFC,2000-04,-0.059060548767579754,-0.1098075684098216,-0.012713221290840964,-88.26821653543618,-164.99510221464797,-18.91830434980941
CAF vs OFC,CAF,OFC,2000-05,-0.058719171736638855,-0.10931288002631243,-0.012486677726895047,-87.7566539908052,-164.42053291915363,-18.5420719068335
CAF vs OFC,CAF,OFC,2000-06,-0.058376204239756514,-0.10893082140137555,-0.01233518862896706,-87.242657768034,-163.8362135406636,-18.330299374470435
CAF vs OFC,CAF,OFC,2000-07,-0.05803172887368704,-0.10857773473178191,-0.011974997901806452,-86.72635391866868,-163.24180939743445,-18.063761371851378
CAF vs OFC,CAF,OFC,2000-08,-0.05768582823518189,-0.10823989762336267,-0.011704712495869756,-86.20786854007164,-162.6292247352829,-17.515924748955563
CAF vs OFC,CAF,OFC,2000-09,-0.0573385849209927,-0.10807243318846428,-0.01133487836872416,-85.68732776577504,-162.00748029916855,-17.0800984583583
CAF vs OFC,CAF,OFC,2000-10,-0.05699008152787364,-0.10790065675278963,-0.01088085778756538,-85.16485775614585,-161.37697811020965,-16.496561226002626
CAF vs OFC,CAF,OFC,2000-11,-0.05664040065257631,-0.10772195905231205,-0.010479150716717548,-84.64058468935141,-160.7381202109974,-15.856695585178832
CAF vs OFC,CAF,OFC,2000-12,-0.05628962489185218,-0.10754279639891674,-0.010094437539056152,-84.11463475264864,-160.09130865934128,-15.240911315324302
CAF vs OFC,CAF,OFC,2001-01,-0.055937836842455596,-0.10736313667000426,-0.00970709661256538,-83.58713413398544,-159.43694552216445,-14.65535448491138
CAF vs OFC,CAF,OFC,2001-02,-0.05558511910113804,-0.10718294774297306,-0.00931724834927376,-83.05820901390074,-158.775432869531,-14.057798104669969
CAF vs OFC,CAF,OFC,2001-03,-0.055231554264651,-0.1070021974952227,-0.008921300070997359,-82.52798555774876,-158.1359565544214,-13.446027202315406
CAF vs OFC,CAF,OFC,2001-04,-0.054877224929748766,-0.10682085380415188,-0.008515777871495867,-81.99658990823399,-157.9205194251687,-12.83472157393532
CAF vs OFC,CAF,OFC,2001-05,-0.054522213693183004,-0.10663888454715922,-0.008110694457427209,-81.46414817824453,-157.70526686508103,-12.224095269554688
CAF vs OFC,CAF,OFC,2001-06,-0.054166603151705,-0.10623200344920351,-0.007713646832155499,-80.9307864440075,-157.4900855291753,-11.614362413093406
CAF vs OFC,CAF,OFC,2001-07,-0.05381047590206924,-0.10599947356354585,-0.007319035755345625,-80.3966307385559,-157.27486208974258,-11.005737204335519
CAF vs OFC,CAF,OFC,2001-08,-0.053453914541027166,-0.10585226540610355,-0.006925642759851875,-79.8618070454906,-157.0594832342303,-10.413675788473391
CAF vs OFC,CAF,OFC,2001-09,-0.05309700166533024,-0.10570505770724244,-0.006533599636709888,-79.32644129306502,-156.84383566354003,-9.824055030873003
CAF vs OFC,CAF,OFC,2001-10,-0.0527398198717329,-0.1055577691398771,-0.006143038176956548,-78.79065934857837,-156.62780609067346,-9.2366600007326
CAF vs OFC,CAF,OFC,2001-11,-0.052382451756986546,-0.10541031837691964,-0.005754090171626607,-78.25458701306339,-156.4112812397716,-8.651686530278937
CAF vs OFC,CAF,OFC,2001-12,-0.05202497991784269,-0.1052626240912871,-0.00536688741175424,-77.71835001629513,-155.90516833198376,-8.069330559852146
CAF vs OFC,CAF,OFC,2002-01,-0.051667486951055705,-0.10511460495589157,-0.004976780474063425,-77.18207401210633,-155.3649209314196,-7.489031758972256
CAF vs OFC,CAF,OFC,2002-02,-0.05131005545337707,-0.10488004683114296,-0.004587650300351377,-76.64588457399613,-154.8214846665901,-6.909613327207968
CAF vs OFC,CAF,OFC,2002-03,-0.05095276802155826,-0.10447636295972593,-0.004200430562178827,-76.1099071910576,-154.27525922783147,-6.328691323899105
CAF vs OFC,CAF,OFC,2002-04,-0.050595707252353656,-0.104060742245314,-0.0038075324793089864,-75.57426726421035,-153.7266437461032,-5.730811147251772
CAF vs OFC,CAF,OFC,2002-05,-0.05023895574251476,-0.10364284408749551,-0.0033384234482462713,-75.03909010272442,-153.16551077129085,-5.032680076681868
CAF vs OFC,CAF,OFC,2002-06,-0.04988259608879298,-0.10322536819824527,-0.002924803429387714,-74.50450092106105,-152.59221703533726,-4.412601785751353
CAF vs OFC,CAF,OFC,2002-07,-0.049526710887942776,-0.1028084435347993,-0.002549145158689071,-73.970624836017,-152.01784150148828,-3.8687354473006987
CAF vs OFC,CAF,OFC,2002-08,-0.04917138273671551,-0.10239219905438737,-0.0022605139154408937,-73.43758686415727,-151.4427975957791,-3.4623132835884247
CAF vs OFC,CAF,OFC,2002-09,-0.048816694231862766,-0.10197676371424373,-0.0019249413436366871,-72.90551191956389,-150.86749813720436,-2.900535186495487
CAF vs OFC,CAF,OFC,2002-10,-0.0484627279701389,-0.10156226647160342,-0.0015549496863157884,-72.37452481188463,-150.29235533377798,-2.3430703002211724
CAF vs OFC,CAF,OFC,2002-11,-0.04810956654829534,-0.10114883628369715,-0.001195816635317344,-71.84475024466943,-149.71778078001967,-1.8020985419972237
CAF vs OFC,CAF,OFC,2002-12,-0.04775729256308364,-0.10083903735447315,-0.0008406809456098075,-71.3163128140199,-149.1565145470677,-1.2669521486495243
CAF vs OFC,CAF,OFC,2003-01,-0.04740598861125809,-0.10046538469363199,-0.0005751616438888484,-70.78933700753673,-149.11709399409324,-0.8683464287209584
CAF vs OFC,CAF,OFC,2003-02,-0.04705573728957023,-0.10024970836680872,-0.00022420968141121582,-70.26394720355339,-149.07875239652793,-0.3392114690187695
CAF vs OFC,CAF,OFC,2003-03,-0.04670662119477151,-0.10003031423637525,5.401598098577049e-05,-69.74026767067913,-148.79967065556775,0.0804292528435558
CAF vs OFC,CAF,OFC,2003-04,-0.04635872292361627,-0.09981303077763908,0.000324072822384413,-69.21842256763965,-148.22036122594596,0.48913850035356127
CAF vs OFC,CAF,OFC,2003-05,-0.04601212507285607,-0.09948121529443629,0.0008302971101241192,-68.69853594340019,-147.64368300081333,1.253212148549602
CAF vs OFC,CAF,OFC,2003-06,-0.045666910239242346,-0.0990795130435019,0.001253853392683531,-68.18073173759699,-147.04795323747052,1.889923044734888
CAF vs OFC,CAF,OFC,2003-07,-0.04532316101952947,-0.09856075559355175,0.001596847290528946,-67.66513378126331,-146.4429583038336,2.4069941500789405
CAF vs OFC,CAF,OFC,2003-08,-0.04498096001046889,-0.09828980682476804,0.0019354134306222262,-67.15186579783621,-145.8412451284523,2.917418680946098
CAF vs OFC,CAF,OFC,2003-09,-0.044640389808812166,-0.09793872670925965,0.002268541998163993,-66.64105140446988,-145.24301047722983,3.4203601421148324
CAF vs OFC,CAF,OFC,2003-10,-0.04430153301131357,-0.09756892481568427,0.002586439398819505,-66.13281411364039,-144.76979972607646,3.9008234441969383
CAF vs OFC,CAF,OFC,2003-11,-0.04396447221472465,-0.09720219161703292,0.0028980449667447747,-65.62727733503046,-144.34099984667327,4.370821527037323
CAF vs OFC,CAF,OFC,2003-12,-0.04362929001579692,-0.09683862742811415,0.0032047237423853685,-65.12456437771722,-143.91160557273759,4.833422368546322
CAF vs OFC,CAF,OFC,2004-01,-0.043296069011284646,-0.09647833256374257,0.0035063450161405873,-64.62479845265072,-143.4816203821095,5.316114650550517
CAF vs OFC,CAF,OFC,2004-02,-0.04296489179793936,-0.09611380985599234,0.0038515986674423734,-64.12810267540962,-142.85120411745484,5.93169890205998
CAF vs OFC,CAF,OFC,2004-03,-0.04263584097251256,-0.09575264046452765,0.004202279778216009,-63.63460006925847,-142.15579226853296,6.395954229360283
CAF vs OFC,CAF,OFC,2004-04,-0.042308999131758555,-0.09539513934895938,0.004600655549166707,-63.14441356849336,-141.81981581696607,6.958407421753999
CAF vs OFC,CAF,OFC,2004-05,-0.04198444887242887,-0.09504142290268947,0.005057884782191024,-62.65766602206333,-141.18223229600883,7.64911538705898
CAF vs OFC,CAF,OFC,2004-06,-0.04166227279127506,-0.0946916075191242,0.0054600645734572215,-62.17448019749129,-140.69360922517706,8.32888518484345
CAF vs OFC,CAF,OFC,2004-07,-0.041342553485051316,-0.09434580959167249,0.005858650864182863,-61.69497878508171,-140.4502891674358,8.997231989401973
CAF vs OFC,CAF,OFC,2004-08,-0.041025373550509246,-0.094004145513739,0.006253673713183076,-61.21928440240263,-140.20575703923893,9.629054321978309
CAF vs OFC,CAF,OFC,2004-09,-0.0407108155844004,-0.09366673167872812,0.00664487907652295,-60.74751959906527,-139.96454991337234,10.231510559726482
CAF vs OFC,CAF,OFC,2004-10,-0.04039896218347891,-0.09333368448004883,0.007032012910261399,-60.27980686178888,-139.69565070771824,10.82770878209546
CAF vs OFC,CAF,OFC,2004-11,-0.04008989594449641,-0.09300512031110575,0.007425100434460177,-59.81626861973902,-139.27106294750462,11.41725558089442
CAF vs OFC,CAF,OFC,2004-12,-0.03978369946420453,-0.09268115556530256,0.007825996490952255,-59.35702725016151,-138.6532744836597,12.026087329309275
CAF vs OFC,CAF,OFC,2005-01,-0.0394804553393573,-0.092361906636049,0.008153699919393008,-58.902205084300405,-137.9525268380233,12.562630450677887
CAF vs OFC,CAF,OFC,2005-02,-0.0391802461667064,-0.09204748991675134,0.008476430188266135,-58.45192441358873,-137.2529906339585,12.985498210601365
CAF vs OFC,CAF,OFC,2005-03,-0.038883154543003416,-0.09173802180081077,0.008762098047649752,-58.006307496133296,-136.5549153552414,13.423418070162596
CAF vs OFC,CAF,OFC,2005-04,-0.03858926306500245,-0.09143957150938946,0.009045283305920861,-57.56547656348296,-135.85855040712627,13.857541083359552
CAF vs OFC,CAF,OFC,2005-05,-0.038298654329455104,-0.09116399814594457,0.009325919969577955,-57.12955382766833,-135.16414511305476,14.287764511801093
CAF vs OFC,CAF,OFC,2005-06,-0.038011410933113,-0.09090183349025036,0.00960394204511979,-56.698661488535365,-134.52538543883568,14.713985562235433
CAF vs OFC,CAF,OFC,2005-07,-0.0377276154727303,-0.09064099285144964,0.00987928353904042,-56.272921741361316,-134.18443524411813,15.136101388787859
CAF vs OFC,CAF,OFC,2005-08,-0.03744735054505848,-0.09037948754734279,0.010151878457839403,-55.8524567847417,-133.8568812491416,15.5540090952928
CAF vs OFC,CAF,OFC,2005-09,-0.037170698746849334,-0.09011733295730595,0.010421660808014563,-55.43738882877115,-133.54311253480117,15.967605737673617
CAF vs OFC,CAF,OFC,2005-10,-0.03689774267485684,-0.08985454446071794,0.010688564596062483,-55.027840103505525,-133.24351840143072,16.375234011982798
CAF vs OFC,CAF,OFC,2005-11,-0.03662856492583258,-0.08959113743695575,0.010952523828480236,-54.623932867695814,-132.9584884181537,16.776609704247026
CAF vs OFC,CAF,OFC,2005-12,-0.03636321831702166,-0.08932712965662107,0.011213494867488473,-54.22574484575699,-132.68827298992665,17.172965035643756
CAF vs OFC,CAF,OFC,2006-01,-0.03610163654764443,-0.08902655700714535,0.011471523498187886,-53.83317555681521,-132.43256508465672,17.56437793643074
CAF vs OFC,CAF,OFC,2006-02,-0.03584372353741254,-0.08863520530026761,0.011726677861404654,-53.44608009474963,-132.19091890839286,17.950963489536093
CAF vs OFC,CAF,OFC,2006-03,-0.03558938320603751,-0.08836513948390987,0.011977728050783972,-53.06431370102508,-131.96288936917765,18.332836716392766
CAF vs OFC,CAF,OFC,2006-04,-0.03533851947323302,-0.0881037265421305,0.012221744985489304,-52.68773175582864,-131.74803202182085,18.710112579922775
CAF vs OFC,CAF,OFC,2006-05,-0.035091036258710614,-0.08786586931564178,0.012463272786782447,-52.316189769488275,-131.30519453421348,19.0829059873821
CAF vs OFC,CAF,OFC,2006-06,-0.03484683748218192,-0.08763282819840579,0.012702375973313204,-51.949543374192146,-130.86142530169138,19.451331793054546
CAF vs OFC,CAF,OFC,2006-07,-0.03460582706336058,-0.08740449859819485,0.012939119063730489,-51.587648315997306,-130.41111388569342,19.815504800817674
CAF vs OFC,CAF,OFC,2006-08,-0.034367908921958186,-0.08718077592277843,0.013173566576683298,-51.23036044711881,-129.9525212946101,20.17553976656645
CAF vs OFC,CAF,OFC,2006-09,-0.03413298697768636,-0.08696155557993039,0.01340578303082228,-50.87753571851609,-129.49333643869795,20.531551400503172
CAF vs OFC,CAF,OFC,2006-10,-0.03390096515025865,-0.08674673297742208,0.01363583294479719,-50.52903017276711,-129.16540834205284,20.88365436928118
CAF vs OFC,CAF,OFC,2006-11,-0.03367174735938673,-0.08648988157410735,0.013863780837257028,-50.18469993722032,-129.05884442448385,21.231963298016836
CAF vs OFC,CAF,OFC,2006-12,-0.033445237524782234,-0.08623231409792616,0.01408969122685244,-49.844401217441806,-128.96832687965434,21.519682609200434
CAF vs OFC,CAF,OFC,2007-01,-0.03322133956615866,-0.08597462130208,0.014273741556306917,-49.50799029094806,-128.5979675147063,21.707523749621796
CAF vs OFC,CAF,OFC,2007-02,-0.03299995740322767,-0.0858856686451687,0.014418291002828406,-49.17532350121503,-128.21400427752513,21.87980511465097
CAF vs OFC,CAF,OFC,2007-03,-0.03278099495570098,-0.08575588741135479,0.01455735431921976,-48.84625725198064,-127.83529037763722,22.040222646343647
CAF vs OFC,CAF,OFC,2007-04,-0.03256435614329202,-0.08557780455746973,0.014694431829971367,-48.52064800183045,-127.46171169956456,22.189270831458153
CAF vs OFC,CAF,OFC,2007-05,-0.03234994488571247,-0.08540383887855607,0.014804259689788112,-48.19835225905935,-127.0931541887955,22.419821081066253
CAF vs OFC,CAF,OFC,2007-06,-0.03213766510267405,-0.08523386336136064,0.014972414196691371,-47.87922657682415,-126.72950384958638,22.78898284441389
CAF vs OFC,CAF,OFC,2007-07,-0.03192742071389017,-0.0850636539757041,0.015112915406578544,-47.56312754857854,-126.36067428696629,23.13925566742566
CAF vs OFC,CAF,OFC,2007-08,-0.03171911563907255,-0.0848878842279555,0.015252145022068073,-47.24991180378284,-125.97559917918844,23.352037312395307
CAF vs OFC,CAF,OFC,2007-09,-0.03151265379793288,-0.08471550692209395,0.015390208882023452,-46.93943600390291,-125.59459028572499,23.56299020100451
CAF vs OFC,CAF,OFC,2007-10,-0.03130793911018456,-0.08454641301057454,0.015525270176176753,-46.63155683869104,-125.21757316371257,23.768901247144985
CAF vs OFC,CAF,OFC,2007-11,-0.03110487549553934,-0.08438049344584439,0.01565433512038956,-46.32613102274011,-124.84447341243879,23.9661572750332
CAF vs OFC,CAF,OFC,2007-12,-0.030903366873708888,-0.08421763918035667,0.015814660258355876,-46.023015292326164,-124.47521667274107,24.161892095676905
CAF vs OFC,CAF,OFC,2008-01,-0.030703317164406652,-0.08405774116656137,0.016238268507317598,-45.72206640253191,-124.10972862641168,24.542385140630852
CAF vs OFC,CAF,OFC,2008-02,-0.03050463028734427,-0.08390069035690906,0.016455989980752983,-45.423141124642605,-123.74793499561191,24.81572348353521
CAF vs OFC,CAF,OFC,2008-03,-0.030307210162233592,-0.08374637770385288,0.016789263998485356,-45.12609624383023,-123.38976154232948,25.301252402496658
CAF vs OFC,CAF,OFC,2008-04,-0.03011096070878784,-0.0835946941598427,0.01712000906058198,-44.83078855711633,-123.03513406785092,25.798617550643918
CAF vs OFC,CAF,OFC,2008-05,-0.02991578584671885,-0.08344553067732843,0.0174462697510667,-44.53707487160866,-122.68397841224638,26.287367286547713
CAF vs OFC,CAF,OFC,2008-06,-0.02972158949573835,-0.08305430953399125,0.01777388038326561,-44.24481200302321,-122.33622045388212,26.77835245910034
CAF vs OFC,CAF,OFC,2008-07,-0.02952827557555958,-0.08262248836244694,0.018101603564293797,-43.95385677448619,-121.77364083249124,27.27158613017475
CAF vs OFC,CAF,OFC,2008-08,-0.029335748005894457,-0.08218976906048163,0.018362075479681647,-43.66406601560807,-121.12968018103139,27.767081380379448
CAF vs OFC,CAF,OFC,2008-09,-0.0291439107064546,-0.0817561930166983,0.018565668253647777,-43.37529656184266,-120.46756964612266,28.240753186441395
CAF vs OFC,CAF,OFC,2008-10,-0.02895266759695336,-0.08132180161970495,0.01876864381903997,-43.08740525412593,-120.09588409633902,28.604587025866117
CAF vs OFC,CAF,OFC,2008-11,-0.02876192259710253,-0.08088663625810547,0.018971067822662793,-42.80024893878588,-119.83659850697364,28.96104514439441
CAF vs OFC,CAF,OFC,2008-12,-0.02857157962661381,-0.08045073832050349,0.019169479967677854,-42.51368446773741,-119.5766188985746,29.31803993307883
CAF vs OFC,CAF,OFC,2009-01,-0.02838154260520058,-0.08023519493674583,0.01935458104964103,-42.227568698956155,-119.31648986229261,29.644664339454913
CAF vs OFC,CAF,OFC,2009-02,-0.028191715452574526,-0.08018844995850913,0.019400280739081257,-41.941758497222345,-119.04788101659014,29.95108006371373
CAF vs OFC,CAF,OFC,2009-03,-0.028002002088447456,-0.07984992171483354,0.01944668385901534,-41.65611073515047,-118.77026474415061,30.23581554437891
CAF vs OFC,CAF,OFC,2009-04,-0.027812306432532664,-0.07958421320684263,0.019494031351835184,-41.370482294495744,-118.49192448355934,30.305925800546223
CAF vs OFC,CAF,OFC,2009-05,-0.02762253240454189,-0.0794138417469481,0.01954256415993642,-41.08473006773154,-118.21263115872318,30.37274041326863
CAF vs OFC,CAF,OFC,2009-06,-0.02743258392418692,-0.07924263430526736,0.019592523225711974,-40.79871095991089,-117.93215581149708,30.441619907811447
CAF vs OFC,CAF,OFC,2009-07,-0.027242364911181056,-0.07907042818987309,0.0196398290607299,-40.512281890804914,-117.65026960516022,30.512945163457832
CAF vs OFC,CAF,OFC,2009-08,-0.027051779285236055,-0.07889706070883523,0.019903504899088157,-40.225299797311294,-117.36674382801594,30.58709703967081
CAF vs OFC,CAF,OFC,2009-09,-0.02686073096606367,-0.07871527387407044,0.020188245915374006,-39.937621636146176,-117.0813498971353,30.664456363925563
CAF vs OFC,CAF,OFC,2009-10,-0.02666912387337724,-0.07852926806029789,0.020472453962935414,-39.64910438681255,-116.79385936223363,30.745403918610172
CAF vs OFC,CAF,OFC,2009-11,-0.02647686192688846,-0.07834178343900663,0.020750374016356644,-39.3596050548374,-116.5040439096701,30.8303204270109
CAF vs OFC,CAF,OFC,2009-12,-0.026283849046309152,-0.07815266756581507,0.020826505441396876,-39.06898067529235,-116.21167536659098,31.11427625910202
CAF vs OFC,CAF,OFC,2010-01,-0.02608998915135258,-0.07795797953618377,0.02089658642672138,-38.77708831658889,-115.91652570518728,31.42845916111639
CAF vs OFC,CAF,OFC,2010-02,-0.025895186161730543,-0.07775502518597492,0.020966810747244307,-38.48378508454264,-115.61836704710717,31.53807095385356
CAF vs OFC,CAF,OFC,2010-03,-0.025699343997154785,-0.07768378396225706,0.0210373710780066,-38.188928126718935,-115.31697166796823,31.642108069103404
CAF vs OFC,CAF,OFC,2010-04,-0.025502366577338568,-0.07761371606539554,0.02110846009404596,-37.892374637053074,-115.01211200203618,31.746868854833576
CAF vs OFC,CAF,OFC,2010-05,-0.025304157821993748,-0.07754102900282933,0.021180270470403332,-37.593981860737856,-114.7035606469987,31.85264080953102
CAF vs OFC,CAF,OFC,2010-06,-0.025104621650831972,-0.07738638540062706,0.021252994882119083,-37.29360709939123,-114.3910903688971,31.959711319245923
CAF vs OFC,CAF,OFC,2010-07,-0.02490366198356665,-0.07700408943174461,0.021322548564620278,-36.99110771649806,-114.07447410716088,32.059323332750324
CAF vs OFC,CAF,OFC,2010-08,-0.024701182739909497,-0.0766144954708932,0.02112480583224839,-36.686341143116664,-113.75348497980487,31.932745301034902
CAF vs OFC,CAF,OFC,2010-09,-0.024497087839572242,-0.07628001134406066,0.02141455835995902,-36.379164883865336,-113.41933797658585,32.28215017431992
CAF vs OFC,CAF,OFC,2010-10,-0.024291281202268245,-0.07605659802079154,0.021556886383362565,-36.069436523180414,-113.07419284076865,32.40672235097647
CAF vs OFC,CAF,OFC,2010-11,-0.024083666747709273,-0.07576221326912322,0.02173252268218575,-35.75701373183816,-112.72397682088939,32.524592056815386
CAF vs OFC,CAF,OFC,2010-12,-0.02387414839560699,-0.07539757598734127,0.021725933514187893,-35.441754273754356,-112.38411357214224,32.81363024498111
CAF vs OFC,CAF,OFC,2011-01,-0.02366263006567479,-0.07503232050548228,0.02180384345751331,-35.12351601305413,-112.03205954681843,32.81004883118209
CAF vs OFC,CAF,OFC,2011-02,-0.023449015677624457,-0.07466648017215136,0.02189081645353287,-34.80215692140334,-111.66507179729835,32.89746760598995
CAF vs OFC,CAF,OFC,2011-03,-0.023233209151167625,-0.07437109235958007,0.02198043756026994,-34.47753508561542,-111.12833392232207,33.055988380722454
CAF vs OFC,CAF,OFC,2011-04,-0.02301511440601775,-0.07410963379290769,0.02207289945276382,-34.149508715526856,-110.90374128234049,33.26691725655104
CAF vs OFC,CAF,OFC,2011-05,-0.022794635361886532,-0.07383370092596815,0.022277411221231964,-33.81793615213099,-110.56065510314491,33.48863110836373
CAF vs OFC,CAF,OFC,2011-06,-0.022571675938485636,-0.07354913769167096,0.02245987463234029,-33.482675875985784,-110.10795737226093,33.803652847197064
CAF vs OFC,CAF,OFC,2011-07,-0.022346140055528554,-0.073298769175249,0.022575192698981304,-33.143586515887,-109.53064269207822,33.984610769508144
CAF vs OFC,CAF,OFC,2011-08,-0.022117931632726927,-0.07318250918641853,0.0226936045621412,-32.80052685779686,-108.95307513664588,34.36086302336779
CAF vs OFC,CAF,OFC,2011-09,-0.021886954589792444,-0.07282812390081919,0.0228152616888906,-32.45335585404447,-108.37531332221475,34.937185575956946
CAF vs OFC,CAF,OFC,2011-10,-0.02165311284643863,-0.07245768761751994,0.02310234221772333,-32.1019326327878,-108.01770673864222,35.514917845108954
CAF vs OFC,CAF,OFC,2011-11,-0.02141631032237706,-0.07208706646262879,0.023482622479664504,-31.746116507728406,-107.69012709558106,35.991631412780265
CAF vs OFC,CAF,OFC,2011-12,-0.02117645093731948,-0.07171629230010815,0.02386390075054712,-31.385766988094506,-107.35110462565197,36.39635240291459
CAF vs OFC,CAF,OFC,2012-01,-0.020933438610979363,-0.0714044893842635,0.02424616108394909,-31.020743788881905,-106.99885409963917,36.79347583824487
CAF vs OFC,CAF,OFC,2012-02,-0.02068717726306841,-0.07116765621646293,0.024629387533454443,-30.650906841344277,-106.62948925577457,37.1827469414064
CAF vs OFC,CAF,OFC,2012-03,-0.020437570813298177,-0.07083655991198667,0.025005630622641207,-30.2761163037472,-106.09449312528662,37.56391111426323
CAF vs OFC,CAF,OFC,2012-04,-0.02018452318138233,-0.07048995152723965,0.025256737487362985,-29.896232572377368,-105.51190097493148,37.93671392664989
CAF vs OFC,CAF,OFC,2012-05,-0.01992793828703241,-0.07014447899653135,0.02550211415602151,-29.51111629279505,-104.86656038477804,38.30090110466924
CAF vs OFC,CAF,OFC,2012-06,-0.019667720049960015,-0.06987421308577599,0.025741585709760685,-29.120628371347703,-104.27490395906264,38.64257071745737
CAF vs OFC,CAF,OFC,2012-07,-0.019403772389878848,-0.06967835968038116,0.02603608354841713,-28.72462998693296,-103.78785679816261,38.96889416602713
CAF vs OFC,CAF,OFC,2012-08,-0.019135999226500434,-0.06947646511808334,0.026372830414769424,-28.32298260300048,-103.22441756367792,39.44836191673162
CAF vs OFC,CAF,OFC,2012-09,-0.018864304479536412,-0.06926151926534777,0.02669527813400443,-27.915547979809862,-102.66087167027882,39.98320667289567
CAF vs OFC,CAF,OFC,2012-10,-0.018588592068700404,-0.06896312100416328,0.027013097543543845,-27.50218818693268,-102.09086821521166,40.52266076267827
CAF vs OFC,CAF,OFC,2012-11,-0.018308793446531097,-0.06870880603495237,0.02732756437902774,-27.08280700585262,-101.51703330666524,41.06679957040483
CAF vs OFC,CAF,OFC,2012-12,-0.018024950196875344,-0.06833513581280996,0.027638808555127965,-26.657473999754746,-100.9431174537984,41.47358157571062
CAF vs OFC,CAF,OFC,2013-01,-0.01773713143640939,-0.0679124721623734,0.02794960473017096,-26.226300146785082,-100.3691321116034,41.78825416897894
CAF vs OFC,CAF,OFC,2013-02,-0.017445406281807182,-0.06752219138363343,0.02819296405979923,-25.789396408112975,-99.79508880937983,42.10485077977916
CAF vs OFC,CAF,OFC,2013-03,-0.01714984384974258,-0.06718789163787205,0.028377285682915854,-25.34687371303894,-99.22099914976731,42.431812670006124
CAF vs OFC,CAF,OFC,2013-04,-0.016850513256891925,-0.067021928437818,0.02861711050333707,-24.8988429445271,-98.64687480779249,42.773055083498896
CAF vs OFC,CAF,OFC,2013-05,-0.016547483619929134,-0.06666876227387789,0.028945794158710337,-24.445414925150708,-98.25899037247417,43.131686328280864
CAF vs OFC,CAF,OFC,2013-06,-0.016240824055528055,-0.0662971332719442,0.02937553450547527,-23.98670040347304,-98.01495006225979,43.52178665708338
CAF vs OFC,CAF,OFC,2013-07,-0.01593060368036509,-0.06591797392940588,0.02976408484159365,-23.522810040853507,-97.72174868533975,43.9266962148026
CAF vs OFC,CAF,OFC,2013-08,-0.01561689161111409,-0.06553153200915278,0.030064748166739177,-23.05385439866687,-97.19691520453812,44.34618254832025
CAF vs OFC,CAF,OFC,2013-09,-0.015299756964448885,-0.06525459722033719,0.030363716532876665,-22.579943925958556,-97.00919604182174,44.7800129796044
CAF vs OFC,CAF,OFC,2013-10,-0.014979268857045945,-0.06489646398880419,0.03066116051875964,-22.101188947524903,-96.64137173713722,45.446769086462815
CAF vs OFC,CAF,OFC,2013-11,-0.0146554964055791,-0.06458854612774871,0.030957250703144243,-21.61769965240568,-96.1979320196294,46.133664569442864
CAF vs OFC,CAF,OFC,2013-12,-0.014328508726722138,-0.06428290427763379,0.0312521576647868,-21.129586082812537,-95.78663988672398,46.8318868893742
CAF vs OFC,CAF,OFC,2014-01,-0.013998374937151592,-0.06397942295462342,0.0316770051925594,-20.636958123481268,-95.31317689658842,47.5473444228564
CAF vs OFC,CAF,OFC,2014-02,-0.013665164153541258,-0.06367798667488142,0.03217463729115547,-20.139925491434948,-94.84293761406913,48.29155194746993
CAF vs OFC,CAF,OFC,2014-03,-0.013328945492564883,-0.06337803006350064,0.03267478691448279,-19.638597726181782,-94.37574910393035,49.02515570709823
CAF vs OFC,CAF,OFC,2014-04,-0.012989788070899087,-0.06307093243825919,0.033181475793107554,-19.13308418033531,-93.911438632681,49.691196634002594
CAF vs OFC,CAF,OFC,2014-05,-0.012647761005217622,-0.06276521935889727,0.033694410684837174,-18.623494010642812,-93.4498336660014,50.44210258987032
CAF vs OFC,CAF,OFC,2014-06,-0.012302933412194206,-0.06246078643661263,0.034157794171298626,-18.109936169447202,-92.99076186630857,51.20208437781254
CAF vs OFC,CAF,OFC,2014-07,-0.011955374408505515,-0.062157529282605845,0.034404612178655515,-17.592519396568523,-92.5340510904292,51.97078040043337
CAF vs OFC,CAF,OFC,2014-08,-0.011605153110825262,-0.061855343508072064,0.034678898595151164,-17.07135221159106,-92.07808470103798,52.69622577560477
CAF vs OFC,CAF,OFC,2014-09,-0.011252338635827181,-0.06155412472420996,0.03501771562458117,-16.5465429065814,-91.61359555549089,53.13653646276207
CAF vs OFC,CAF,OFC,2014-10,-0.010897000100187938,-0.0612537685422192,0.03531679353772826,-16.018199539223225,-91.15059955711045,53.57888868225299
CAF vs OFC,CAF,OFC,2014-11,-0.010539206620581254,-0.06095417057329415,0.03561737482360307,-15.486429926354612,-90.68893718368727,54.02319978832705
CAF vs OFC,CAF,OFC,2014-12,-0.01017902731368086,-0.060655226428634273,0.035919402747498365,-14.951341637933067,-90.22844908944155,54.46938739986881
CAF vs OFC,CAF,OFC,2015-01,-0.00981653129616344,-0.06035683171943753,0.036208287686824873,-14.413041991413952,-89.76897610300391,54.91476294643516
CAF vs OFC,CAF,OFC,2015-02,-0.009451787684702699,-0.06005888205690173,0.03649645558860116,-13.871638046527835,-89.31035922552984,55.353941910160074
CAF vs OFC,CAF,OFC,2015-03,-0.009084865595972354,-0.05976127305222292,0.036785711068833715,-13.32723660048217,-88.85243962893553,55.94284487262157
CAF vs OFC,CAF,OFC,2015-04,-0.008715834146649113,-0.05946390031660167,0.037112431839918275,-12.779944183572365,-88.39505865426887,56.58143857209277
CAF vs OFC,CAF,OFC,2015-05,-0.008344762453406663,-0.059166659461234825,0.037555095500619314,-12.229867055188013,-87.93805781017937,57.22129209487604
CAF vs OFC,CAF,OFC,2015-06,-0.007971719632918723,-0.05886944609731848,0.038004323095788,-11.677111200239443,-87.48127877153242,57.86231312735033
CAF vs OFC,CAF,OFC,2015-07,-0.0075967748018620105,-0.05857215583605319,0.03835333884117728,-11.121782325989669,-87.02456337814472,58.50440953775772
CAF vs OFC,CAF,OFC,2015-08,-0.007219997076910229,-0.05827468428863418,0.03863291577257891,-10.563985859277198,-86.56775363362321,59.147489376494406
CAF vs OFC,CAF,OFC,2015-09,-0.006841455574737043,-0.05797692706625916,0.039272688414538584,-10.003826944154902,-86.11069170435056,59.59107319473359
CAF vs OFC,CAF,OFC,2015-10,-0.006461219412019209,-0.057678779780129565,0.039908916711756025,-9.441410439930282,-85.62025144729705,59.942148678269206
CAF vs OFC,CAF,OFC,2015-11,-0.006079357705430426,-0.05731062958895716,0.040409672451121405,-8.876840919591809,-85.00248759645498,60.57323430939687
CAF vs OFC,CAF,OFC,2015-12,-0.0056959395716443765,-0.05690565031901453,0.04083137426036236,-8.310222668647125,-84.3543098732134,61.27723991770523
CAF vs OFC,CAF,OFC,2016-01,-0.005311034127337798,-0.056535218722980084,0.04111331516323834,-7.7416596843580745,-83.62543675178554,61.696197322504574
CAF vs OFC,CAF,OFC,2016-02,-0.004924710489184384,-0.056087053048100535,0.04139572935165556,-7.171255675357393,-82.76492314733882,62.26742920528024
CAF vs OFC,CAF,OFC,2016-03,-0.0045370377738578075,-0.05565548451205586,0.04172039715595087,-6.599114061672603,-81.74244690775167,63.01195280750779
CAF vs OFC,CAF,OFC,2016-04,-0.004148085098034841,-0.055236100242708905,0.04216632811270747,-6.025337975142361,-81.2695548858141,63.7635260277306
CAF vs OFC,CAF,OFC,2016-05,-0.003757921578389166,-0.05481304540004173,0.04261271201739132,-5.450030260209569,-80.77004796665426,64.52193517808716
CAF vs OFC,CAF,OFC,2016-06,-0.003366616331594409,-0.05438637399055732,0.0430533301913993,-4.873293475117446,-80.36559564331868,65.28696701103588
CAF vs OFC,CAF,OFC,2016-07,-0.0029742384743274173,-0.05395332206966423,0.043493523307256386,-4.2952298934934205,-79.8305543309243,66.05840873165481
CAF vs OFC,CAF,OFC,2016-08,-0.0025808571232618528,-0.053511118977896954,0.04415032780716228,-3.7159415063050436,-79.16424586964256,66.83604800948724
CAF vs OFC,CAF,OFC,2016-09,-0.002186541395071281,-0.053244666016603805,0.04489018251361604,-3.1355300242143334,-78.41321259786115,67.61967298991762
CAF vs OFC,CAF,OFC,2016-10,-0.0017913604064326094,-0.052970745841149955,0.04552515433534422,-2.554096880315932,-77.80815492659359,68.4090723050871
CAF vs OFC,CAF,OFC,2016-11,-0.001395383274019487,-0.052689208693922615,0.045961442142321944,-1.9717432332420788,-77.4754487450344,69.08844802140248
CAF vs OFC,CAF,OFC,2016-12,-0.0009986791145054719,-0.05240815216741259,0.04638098556768496,-1.3885699706621586,-77.21095442668289,69.44150402132576
CAF vs OFC,CAF,OFC,2017-01,-0.000601317044567491,-0.05192980729306025,0.046803942236193746,-0.8046777131614351,-76.94038955843966,69.69175688552558
CAF vs OFC,CAF,OFC,2017-02,-0.00020336618087914314,-0.05131124161291982,0.04711207860153239,-0.2201668184822529,-75.97238288407146,69.94594511855357
CAF vs OFC,CAF,OFC,2017-03,0.00019510435988592811,-0.05079968566625555,0.047288266124610644,0.364862613843967,-74.86459562528772,70.77588636391187
CAF vs OFC,CAF,OFC,2017-04,0.0005940254610508844,-0.05031012687646701,0.04746577203625558,0.9503107374905971,-73.756284329753,71.73683824442965
CAF vs OFC,CAF,OFC,2017-05,0.000993328005942059,-0.04982135557985385,0.04787690771700305,1.5360779539701412,-73.0174074104595,72.68340157403259
CAF vs OFC,CAF,OFC,2017-06,0.0013929428778858566,-0.04933356995398044,0.04830733702082659,2.1220649068828332,-72.31262028884122,73.6149931618039
CAF vs OFC,CAF,OFC,2017-07,0.0017928009602053874,-0.04884696817641636,0.04874602027971506,2.708172475794055,-71.59559539735831,74.15141958359077
CAF vs OFC,CAF,OFC,2017-08,0.0021928331362270825,-0.0483617484247278,0.04918769390053854,3.2943017697569075,-70.87467279345309,74.5488654424398
CAF vs OFC,CAF,OFC,2017-09,0.002592970289277209,-0.04787810887647996,0.04962861040093397,3.8803541204515284,-70.14994775588333,74.95580581844978
CAF vs OFC,CAF,OFC,2017-10,0.002993143302679033,-0.04739624770924253,0.050068702915677075,4.466231074958327,-69.4215153020141,75.9269936635323
CAF vs OFC,CAF,OFC,2017-11,0.0033932830597587847,-0.046916363100580796,0.05073166141088711,5.051834388177796,-68.68947018579901,76.49112526742861
CAF vs OFC,CAF,OFC,2017-12,0.003793320443842958,-0.046490340970923236,0.051392865758959023,5.6370660148726355,-67.95390689591412,76.92734089377589
CAF vs OFC,CAF,OFC,2018-01,0.004193186338254651,-0.046071882471076846,0.05196469837038857,6.221828101344418,-67.44391349091806,77.35986159515525
CAF vs OFC,CAF,OFC,2018-02,0.004592811626320179,-0.04572938024311192,0.052495199175582465,6.8060229767619935,-66.96677104511525,77.79066680498862
CAF vs OFC,CAF,OFC,2018-03,0.004992127191365997,-0.04540526006900491,0.05302541620942559,7.389553144113545,-66.48695089939447,78.30681600227386
CAF vs OFC,CAF,OFC,2018-04,0.005391063916715173,-0.04507866043228236,0.0535423290737714,7.972321270796378,-65.99372917505919,79.05741703662481
CAF vs OFC,CAF,OFC,2018-05,0.005789552685694141,-0.044771111949201046,0.05405325027154171,8.554230178861129,-65.49525705374334,79.80721326946406
CAF vs OFC,CAF,OFC,2018-06,0.006187524381629229,-0.04447804331657043,0.05437079795628005,9.13518283488093,-64.99328509443663,80.5560434374637
CAF vs OFC,CAF,OFC,2018-07,0.006584909887843615,-0.0441870727074531,0.05466943912826044,9.715082339461798,-64.48776506294222,81.30374659564879
CAF vs OFC,CAF,OFC,2018-08,0.0069816400876636375,-0.04389820916526825,0.054967199035250415,10.2938319164078,-63.97864884630388,82.0501621129923
CAF vs OFC,CAF,OFC,2018-09,0.007377645864415654,-0.04361146173343866,0.05526409237524517,10.871334901514102,-63.465888454491626,82.79512966778645
CAF vs OFC,CAF,OFC,2018-10,0.007772858101422811,-0.04332683945538864,0.055560133846238584,11.447494731001834,-62.94943602211423,83.53848924278329
CAF vs OFC,CAF,OFC,2018-11,0.00816720768201149,-0.04304435137453839,0.055855338146226764,12.022214929609566,-62.45984707779878,84.2800811201649
CAF vs OFC,CAF,OFC,2018-12,0.00856062548950808,-0.042764006534308854,0.05614971997320885,12.595399098313106,-62.17447631861891,85.01974587625075
CAF vs OFC,CAF,OFC,2019-01,0.008953042407235722,-0.04231117424887691,0.05652574400829687,13.166950901688205,-61.534188076732114,85.75732437602957
CAF vs OFC,CAF,OFC,2019-02,0.009344389318520756,-0.041775478076282055,0.05694355908253752,13.736774054930198,-61.008482374913775,86.44394094043601
CAF vs OFC,CAF,OFC,2019-03,0.00973459710668954,-0.041556998379536615,0.057355077368399066,14.304772310502472,-60.62113560318602,87.06168283488401
CAF vs OFC,CAF,OFC,2019-04,0.01012359665506526,-0.04125874267347882,0.05776323753058117,14.870849444427742,-60.220776212238206,87.67632920725795
CAF vs OFC,CAF,OFC,2019-05,0.010511318846974278,-0.040642022804306684,0.058169276923297854,15.434909242235822,-59.62632298486723,88.28778739955261
CAF vs OFC,CAF,OFC,2019-06,0.010897694565742924,-0.040282419330504825,0.05857313124694122,15.996855484539697,-59.074714843101255,88.88412530798276
CAF vs OFC,CAF,OFC,2019-07,0.01128265469469436,-0.03992124726783457,0.05896930799390195,16.556591932253717,-58.38668622345143,89.21778587863466
CAF vs OFC,CAF,OFC,2019-08,0.011666130117154994,-0.03955803037887584,0.05934879150393123,17.114022311467185,-57.770855635397595,89.23375466027254
CAF vs OFC,CAF,OFC,2019-09,0.0120480517164511,-0.039201991467056184,0.05972533273691898,17.669050297944487,-57.2430027887562,89.23102168855772
CAF vs OFC,CAF,OFC,2019-10,0.012428415907353657,-0.03884692206216447,0.06020001900355199,18.221675010833007,-56.68690561717393,89.29261750540041
CAF vs OFC,CAF,OFC,2019-11,0.012807481230427416,-0.038489074783189414,0.06050150771128847,18.772277510773154,-56.125700168359046,90.04798838886924
CAF vs OFC,CAF,OFC,2019-12,0.013185571757684972,-0.03812797515560051,0.06087944291564214,19.321334254816414,-55.552189033717035,90.79807809358725
CAF vs OFC,CAF,OFC,2020-01,0.013563011561135725,-0.03776314870486814,0.061275662168802356,19.86932161923868,-55.02606690151525,91.54532520189215
CAF vs OFC,CAF,OFC,2020-02,0.013940124712792205,-0.03743153232081546,0.06186614955407512,20.41671593683015,-54.65894620503284,92.0439614844943
CAF vs OFC,CAF,OFC,2020-03,0.01431723528466692,-0.03732808632030977,0.06252261459097322,20.963993532619842,-54.510657482961335,92.6985660461399
CAF vs OFC,CAF,OFC,2020-04,0.014694667348769288,-0.03722249509165212,0.06318421337934471,21.511630758055976,-54.361472383300395,93.65795168118261
CAF vs OFC,CAF,OFC,2020-05,0.015072744977111885,-0.03711089971985326,0.0638505984491625,22.0601040236627,-54.210062124651564,94.62429506256976
CAF vs OFC,CAF,OFC,2020-06,0.015451792241707207,-0.036997093072753895,0.06448467905570672,22.609889830152607,-53.84366787616701,95.41612395740195
CAF vs OFC,CAF,OFC,2020-07,0.01583213321456464,-0.03685803971987025,0.0648112943603408,23.161464798015672,-52.952188379271384,96.1937680116315
CAF vs OFC,CAF,OFC,2020-08,0.016214091967696763,-0.03653161606621356,0.06540474158768327,23.715305695604112,-52.04259996761238,96.96100042461008
CAF vs OFC,CAF,OFC,2020-09,0.01659799257311615,-0.03597474283802597,0.06598337028114959,24.27188946569181,-51.17189101785932,97.53150203595754
CAF vs OFC,CAF,OFC,2020-10,0.0169841591028321,-0.03533189233278047,0.06636434846548729,24.831693250528186,-50.718010259507146,98.09250101676953
CAF vs OFC,CAF,OFC,2020-11,0.017372915628857233,-0.03468712978409689,0.06674649666203465,25.395194415406305,-50.25063216877433,98.63367057325016
CAF vs OFC,CAF,OFC,2020-12,0.017764586223204037,-0.03420692644584617,0.06712804724323533,25.96287057072241,-49.77764862119004,99.22689035143283
CAF vs OFC,CAF,OFC,2021-01,0.018159494957881942,-0.03394436666860208,0.06750030273908914,26.535199592547514,-49.37573939468945,99.80236894862767
CAF vs OFC,CAF,OFC,2021-02,0.01855796590490345,-0.03360236354626487,0.06787465251521578,27.112659641729298,-48.93836852240406,100.40456924272863
CAF vs OFC,CAF,OFC,2021-03,0.018960323136281192,-0.03310641759949253,0.06825141022180413,27.6957291815034,-48.56225351982452,101.44857871453212
CAF vs OFC,CAF,OFC,2021-04,0.019366890724024484,-0.03298187744989196,0.06866786653097154,28.28488699363208,-48.09264863863401,102.49323774862786
CAF vs OFC,CAF,OFC,2021-05,0.01977799274014583,-0.03299566655094503,0.06901340402710625,28.88061219309147,-47.504467217674915,103.53773733518716
CAF vs OFC,CAF,OFC,2021-06,0.02019395325665788,-0.032582347849850056,0.06939926742619704,29.483384241284394,-46.83251957952922,104.06399419342588
CAF vs OFC,CAF,OFC,2021-07,0.02061509634556995,-0.032057003392416704,0.06976464870892882,30.093682957798382,-46.051089444722365,104.17447048436344
CAF vs OFC,CAF,OFC,2021-08,0.021041746078894544,-0.03134791810075015,0.0700888562092218,30.71198853072967,-45.187147124732974,104.29070421405883
CAF vs OFC,CAF,OFC,2021-09,0.021474226528644443,-0.030687841834996153,0.0704244141721328,31.338781525551568,-44.40416259406639,104.41392897573279
CAF vs OFC,CAF,OFC,2021-10,0.021912861766828735,-0.030311216931996964,0.0709502724474322,31.974542892545728,-43.429144688530585,104.92159582032293
CAF vs OFC,CAF,OFC,2021-11,0.022357975865460053,-0.029926142978907545,0.07140889298521226,32.61975397282086,-42.75024738507244,105.49166927795409
CAF vs OFC,CAF,OFC,2021-12,0.022809892896551155,-0.02942710607696495,0.07182985626262978,33.27489650289422,-42.11634465191147,106.06724793097726
CAF vs OFC,CAF,OFC,2022-01,0.023268936932111073,-0.0289386863563458,0.07225561631276121,33.940452617858405,-41.367439312485686,106.66640645961566
CAF vs OFC,CAF,OFC,2022-02,0.02373543204415256,-0.02837308367303204,0.0726792929747832,34.61690485315752,-40.587915298409605,107.27448164457095
CAF vs OFC,CAF,OFC,2022-03,0.024209702304688302,-0.027918692299119873,0.07310175545723915,35.3047361449492,-40.153357487707105,107.89196309071536
CAF vs OFC,CAF,OFC,2022-04,0.0246920717857273,-0.027398033142135115,0.07337982410668902,36.004429829076635,-39.799351633535785,108.37889363500014
CAF vs OFC,CAF,OFC,2022-05,0.025182864559282345,-0.02703045519549474,0.0736448149336651,36.71646963867625,-39.109686226979385,108.95099058152817
CAF vs OFC,CAF,OFC,2022-06,0.025682404697366188,-0.026670332651961014,0.07392073070287905,37.44133970039761,-38.22804263636783,109.55051206118569
CAF vs OFC,CAF,OFC,2022-07,0.0261910162719877,-0.026361919264496027,0.0742971646248865,38.17952452926238,-37.63835199715629,110.24785483124683
CAF vs OFC,CAF,OFC,2022-08,0.026709023355159678,-0.026020700349490687,0.07475461891413342,38.93150902218961,-37.28105434182214,110.94405528620908
CAF vs OFC,CAF,OFC,2022-09,0.027236750018895105,-0.025308937367076643,0.07522730580368099,39.69777845016521,-36.75618613028321,111.63321744876825
CAF vs OFC,CAF,OFC,2022-10,0.027774520335202592,-0.024505027612835528,0.0757896137819108,40.478818449082844,-36.02159196944948,112.3150828536562
CAF vs OFC,CAF,OFC,2022-11,0.028322658376094993,-0.02398528651697944,0.0765932771349786,41.275115009289244,-35.49758401686633,113.32816788804183
CAF vs OFC,CAF,OFC,2022-12,0.028881488213585386,-0.023472502193241238,0.07730836358871297,42.08715446380973,-34.77387905248236,114.0857490258552
CAF vs OFC,CAF,OFC,2023-01,0.02945133391968221,-0.022962986744744507,0.07775762544067821,42.915423475284896,-34.030360676034455,114.83215497409967
CAF vs OFC,CAF,OFC,2023-02,0.03003251956639847,-0.02221664549980926,0.07814068249167477,43.76040902165492,-32.78364871581867,115.58232416144645
CAF vs OFC,CAF,OFC,2023-03,0.03062536922574727,-0.02144770968886269,0.07879839303702463,44.62259838056696,-31.475235417783797,116.34701601079341
CAF vs OFC,CAF,OFC,2023-04,0.031230206969736888,-0.020913957920106748,0.07939995321581614,45.50247911254062,-30.09845041116127,116.89754295164269
CAF vs OFC,CAF,OFC,2023-05,0.03184735687038045,-0.02037320476844142,0.08000120114341999,46.40053904293123,-29.393241950029253,117.47728385217286
CAF vs OFC,CAF,OFC,2023-06,0.0324771429996911,-0.019826352158235805,0.08040685931787812,47.317266242666356,-28.75180303896744,118.05131442345488
CAF vs OFC,CAF,OFC,2023-07,0.033119889429676946,-0.01927967215869586,0.08080229793607824,48.25314900779527,-28.091191108108525,118.60831660021044
CAF vs OFC,CAF,OFC,2023-08,0.033775920232351195,-0.018537133772782165,0.08120148741110811,49.20867583789397,-26.98567504910178,119.20539364902505
CAF vs OFC,CAF,OFC,2023-09,0.034445559479727175,-0.017701165406118057,0.08158767421047554,50.184335413302506,-25.890653678744343,119.81681529588008
CAF vs OFC,CAF,OFC,2023-10,0.03512913124381268,-0.016835320202287504,0.08223333533281629,51.18061657123748,-24.510041789400507,120.44314562694541
CAF vs OFC,CAF,OFC,2023-11,0.03582695959662107,-0.015924228025588547,0.08315748437274986,52.19800828082814,-23.159957574918643,121.10854695496995
CAF vs OFC,CAF,OFC,2023-12,0.03653936861016577,-0.01523686188504354,0.08406310618544466,53.236999617051566,-22.304925171335878,122.19016824007595
CAF vs OFC,CAF,OFC,2024-01,0.03726668235645437,-0.014627809415600313,0.0847169615525275,54.298079733615516,-20.656496923064182,123.28091807432124
CAF vs OFC,CAF,OFC,2024-02,0.03800922490750032,-0.014063803012078501,0.08583375590123969,55.38173783484148,-20.006145869835755,124.36634345888172
CAF vs OFC,CAF,OFC,2024-03,0.03876732033531719,-0.013005205465796177,0.08631713983810953,56.48846314652424,-18.525228677660706,125.46169567374848
CAF vs OFC,CAF,OFC,2024-04,0.039541292711912326,-0.012390581390594856,0.0867987263343205,57.618744885821016,-17.62783831487744,126.88355738603771
CAF vs OFC,CAF,OFC,2024-05,0.040331466109299274,-0.011242641825678622,0.08741534662380178,58.773072230228045,-16.078484122442294,127.75908070176993
CAF vs OFC,CAF,OFC,2024-06,0.04113816459949174,-0.010140876869531067,0.08811241067046814,59.951934285621334,-14.993042023065106,128.8889626010637
CAF vs OFC,CAF,OFC,2024-07,0.04196171225449681,-0.009324362637854966,0.08882205308123907,61.15582005341934,-13.61994145319462,130.0144224117979
CAF vs OFC,CAF,OFC,2024-08,0.0428024331463282,-0.008293393052949759,0.08973776630264457,62.3852183969318,-12.108888406978426,130.72648793492704
CAF vs OFC,CAF,OFC,2024-09,0.04366065134699973,-0.007221719834865503,0.09047176756462141,63.64061800687059,-10.61395134542912,132.03799171622703
CAF vs OFC,CAF,OFC,2024-10,0.044536690928518155,-0.006160610964661738,0.09104131882506707,64.92250736608693,-8.997058848766754,133.53768654092264
CAF vs OFC,CAF,OFC,2024-11,0.045430875962897375,-0.005175581837056508,0.09154558647831385,66.23137471360427,-7.588846609415667,134.75955704097098
CAF vs OFC,CAF,OFC,2024-12,0.046343530522151365,-0.004489127007573357,0.09212312290837502,67.56770800792303,-6.606724527688504,135.9862484670468
CAF vs OFC,CAF,OFC,2025-01,0.04727497867828665,-0.003529347848638674,0.09297238264803881,68.93199488966741,-5.151361302965562,137.42471186291846
CAF vs OFC,CAF,OFC,2025-02,0.048225544503317154,-0.001786215118795818,0.09418538357577959,70.3247226436492,-2.5922870402228315,138.9926348547141
CAF vs OFC,CAF,OFC,2025-03,0.049195552069257076,-0.0007346420008508036,0.09522081070856303,71.74637816032599,-1.0711408016199795,140.65846204939214
CAF vs OFC,CAF,OFC,2025-04,0.05018532544811257,0.00018952455734542217,0.09596727240925002,73.19744789672822,0.2769062018539903,142.4847680461611
CAF vs OFC,CAF,OFC,2025-05,0.05119518871189783,0.0016527921786822848,0.09686348086631752,74.67841783693804,2.413353648244666,143.99292249808207
CAF vs OFC,CAF,OFC,2025-06,0.052225465932627134,0.0028089319215482103,0.09775181938409343,76.18977345209557,4.099366817770207,145.92172852635585
CAF vs OFC,CAF,OFC,2025-07,0.05327648118230628,0.004009088709736687,0.0994159566993987,77.73199966001486,5.8506257995151625,147.24284039954418
CAF vs OFC,CAF,OFC,2025-08,0.05434855853294966,0.00514054866446685,0.09986569237196123,79.30558078449775,7.379734276395983,148.28040106890074
CAF vs OFC,CAF,OFC,2025-09,0.05544202205657171,0.0063723245559598445,0.10079244596405675,80.91100051432126,9.160478342542211,149.8462722076184
CAF vs OFC,CAF,OFC,2025-10,0.05655719582517801,0.006456856575446503,0.10217005323298814,82.5487418619876,9.1579255181102,151.43704002051152
CAF vs OFC,CAF,OFC,2025-11,0.05769440391078296,0.006605732797644004,0.10379162160099184,84.21928712233023,9.640703623683226,153.45569892955675
CAF vs OFC,CAF,OFC,2025-12,0.05885397038540127,0.007074075661196489,0.10531127238488489,85.9231178309532,10.223908151577064,156.3143661934447
CAF vs OFC,CAF,OFC,2026-01,0.06003621932103808,0.008171645165140441,0.10662787610411652,87.66071472259706,12.069265550378887,158.6316857691536
CAF vs OFC,CAF,OFC,2026-02,0.06124147478970804,0.00885646674795324,0.10832723594235114,89.432557689533,12.86768014551634,160.40127906605773
CAF vs OFC,CAF,OFC,2026-03,0.06247006086342601,0.009528182314699363,0.10972551050646615,91.23912573996064,14.137512149499562,162.5606624780225
CAF vs OFC,CAF,OFC,2026-04,0.0637223016141968,0.010872828826991789,0.11126228072194387,93.08089695650965,15.786926784592163,164.61176490491712
CAF vs OFC,CAF,OFC,2026-05,0.06499852111403519,0.01187720747960519,0.1131356463544106,94.95834845495345,17.677243000817782,166.70421614368448
CAF vs OFC,CAF,OFC,2026-06,0.06629904343495627,0.01283602928106116,0.11486348489359385,96.8719563431093,19.079342636788073,169.3258685191523
CAF vs OFC,CAF,OFC,2026-07,0.06762419264896447,0.014048050786689937,0.11684086351670812,98.82219568003114,20.857656501338386,172.58215134177212
CAF vs OFC,CAF,OFC,2026-08,0.06897429282807471,0.015528493574109438,0.1192445934309426,100.80954043561002,22.95881303853913,174.75671440913777
CAF vs AFC,CAF,AFC,1992-01,-0.022621240253848526,-0.07270471592548904,0.022523283839112722,-33.50957569082585,-108.40820677444292,33.20549175998911
CAF vs AFC,CAF,AFC,1992-02,-0.02411950628990588,-0.07390393550783644,0.01995881007788433,-35.73443652098266,-109.96102787097507,30.013338120871047
CAF vs AFC,CAF,AFC,1992-03,-0.025584254971598993,-0.07538206692487703,0.01825288674677989,-37.90955951628223,-111.91631062846665,27.55441017611042
CAF vs AFC,CAF,AFC,1992-04,-0.027015832911982035,-0.07685103421807785,0.016914893202998323,-40.03549276147981,-113.63466780642268,25.33950424881826
CAF vs AFC,CAF,AFC,1992-05,-0.02841458672412113,-0.07786836286587903,0.015534339885448164,-42.11278203175627,-115.76866629135607,23.316315540601117
CAF vs AFC,CAF,AFC,1992-06,-0.029780863021082134,-0.07918778543771979,0.014109254071385146,-44.14197087660094,-117.88400643738441,21.308293750875144
CAF vs AFC,CAF,AFC,1992-07,-0.03111500841591968,-0.08063094801798121,0.012563721715845981,-46.12360070126761,-119.93675939424001,18.98461701167465
CAF vs AFC,CAF,AFC,1992-08,-0.032417369521699685,-0.08138727675197836,0.011340010510338902,-48.058210845927235,-122.22574356265997,17.181034629793395
CAF vs AFC,CAF,AFC,1992-09,-0.03368829295148776,-0.08278673765074229,0.009710647249732796,-49.94633866249091,-123.95072552130141,14.523806166152944
CAF vs AFC,CAF,AFC,1992-10,-0.034928125318339026,-0.0842176637684223,0.008270815059625564,-51.78851958922728,-125.95070267240331,12.684797510139287
CAF vs AFC,CAF,AFC,1992-11,-0.03613721323531916,-0.08582487014043268,0.006866059518501366,-53.58528722328819,-127.98662891003559,10.484972622314395
CAF vs AFC,CAF,AFC,1992-12,-0.037315903315493386,-0.08748252150438107,0.005802565918776984,-55.33717339111592,-129.68304008479873,8.851027767557703
CAF vs AFC,CAF,AFC,1993-01,-0.03846454217191753,-0.08894026094295789,0.005059094894319255,-57.044708216848306,-131.4661336475133,7.749258766183319
CAF vs AFC,CAF,AFC,1993-02,-0.039583476417656895,-0.0898155247691959,0.0039178771675658025,-58.708420188822856,-132.95162579281396,6.06505926675967
CAF vs AFC,CAF,AFC,1993-03,-0.04067305266577659,-0.09075983963323808,0.002790622811897224,-60.32883622415819,-134.22430975308745,4.318499323338161
CAF vs AFC,CAF,AFC,1993-04,-0.04173361752933273,-0.09193653352301201,0.0017437411834160673,-61.90648173151541,-135.5683299787894,2.6331819622299295
CAF vs AFC,CAF,AFC,1993-05,-0.04276551762139052,-0.09307554129296691,0.000768130266276796,-63.44188067213632,-136.91587659192498,1.1567769420429077
CAF vs AFC,CAF,AFC,1993-06,-0.04376909955501476,-0.09409236024197623,-0.0002076921591504716,-64.93555561913271,-138.1947450012475,-0.3176977514979754
CAF vs AFC,CAF,AFC,1993-07,-0.044744709943262115,-0.09473463837466727,-0.0010589769328950799,-66.3880278151249,-139.4899166239852,-1.6084984160404807
CAF vs AFC,CAF,AFC,1993-08,-0.045692695399197486,-0.09536915062985592,-0.0017541294317505965,-67.79981722831484,-140.85315817568357,-2.679620635167433
CAF vs AFC,CAF,AFC,1993-09,-0.046613402535885445,-0.09598592511514843,-0.0025702849619104805,-69.17144260697123,-142.2132765532965,-3.924768582981621
CAF vs AFC,CAF,AFC,1993-10,-0.047507177966383145,-0.09692024625851103,-0.0033771951985626103,-70.50342153241479,-143.55694247503683,-5.151616803760093
CAF vs AFC,CAF,AFC,1993-11,-0.048374368303755286,-0.09795507331573483,-0.004294007313904132,-71.79627047058194,-144.87005989344485,-6.456773702199593
CAF vs AFC,CAF,AFC,1993-12,-0.049215320161066174,-0.09896086081276456,-0.00519017880791354,-73.05050482214477,-146.11158018308862,-7.806047857758386
CAF vs AFC,CAF,AFC,1994-01,-0.050030380151373406,-0.09993797516369111,-0.006065859096748327,-74.26663897126859,-147.6599942642456,-8.933841728670808
CAF vs AFC,CAF,AFC,1994-02,-0.05081989488774143,-0.10061262886866826,-0.006810539494147541,-75.44518633307615,-149.23621456336264,-9.950613132744222
CAF vs AFC,CAF,AFC,1994-03,-0.051584210983234416,-0.10126923824309557,-0.007489100934134443,-76.58665939979898,-150.24292112543097,-10.9427256774095
CAF vs AFC,CAF,AFC,1994-04,-0.052323675050910345,-0.10191251943810332,-0.007776761120672049,-77.69156978568829,-151.3829921732017,-11.91708651802083
CAF vs AFC,CAF,AFC,1994-05,-0.05303863370383343,-0.10253341304202768,-0.00879581926888389,-78.76042827074848,-152.6961062841264,-12.853827298223848
CAF vs AFC,CAF,AFC,1994-06,-0.053729433555067665,-0.10313988817714045,-0.009424241232454672,-79.79374484327444,-153.96883424830912,-13.773237709520515
CAF vs AFC,CAF,AFC,1994-07,-0.05439642121767143,-0.103816953730316,-0.01004058621309423,-80.7920287412574,-155.20174501854436,-14.668832076519061
CAF vs AFC,CAF,AFC,1994-08,-0.05503994330470878,-0.10461887834625912,-0.010646984845974278,-81.75578849271642,-156.39540525776275,-15.551535725655654
CAF vs AFC,CAF,AFC,1994-09,-0.05566034642924345,-0.10538046377585579,-0.011209169240699132,-82.68553195493718,-157.55037945710774,-16.59733537816879
CAF vs AFC,CAF,AFC,1994-10,-0.05625797720433424,-0.10610255862105204,-0.011742991501269544,-83.5817663526769,-158.6672300513487,-17.54695077226287
CAF vs AFC,CAF,AFC,1994-11,-0.056833182243044976,-0.1067860114837961,-0.012353709967270686,-84.4449983153848,-159.73915365937316,-18.215233613600333
CAF vs AFC,CAF,AFC,1994-12,-0.05738630815843928,-0.1074316709660427,-0.012897889865770253,-85.27573391342256,-160.77206840242695,-19.27596956845784
CAF vs AFC,CAF,AFC,1995-01,-0.05791770156357624,-0.10802593263861789,-0.013556046925911908,-86.07447869333537,-161.77025423472568,-20.31666354114771
CAF vs AFC,CAF,AFC,1995-02,-0.058427709071519486,-0.10840511795669587,-0.014218136873803081,-86.84173771221893,-162.73421895537425,-21.321014643890408
CAF vs AFC,CAF,AFC,1995-03,-0.05891667729533257,-0.10874100054341866,-0.014856753225786633,-87.57801557116647,-163.6644688060794,-22.289568393919808
CAF vs AFC,CAF,AFC,1995-04,-0.059384952848074886,-0.10913745430857417,-0.015472236620337016,-88.2838164478408,-164.56150857035936,-23.096398645120107
CAF vs AFC,CAF,AFC,1995-05,-0.05983288234280993,-0.109694851466447,-0.016038465409250323,-88.95964412821166,-165.42584167035173,-23.817614495582703
CAF vs AFC,CAF,AFC,1995-06,-0.06026081239260094,-0.11023017875244046,-0.016495234224721798,-89.6060020374426,-166.2579702612319,-24.519139967025126
CAF vs AFC,CAF,AFC,1995-07,-0.060669089610507744,-0.11066353830601643,-0.016865098967976146,-90.22339326996834,-167.05839532325888,-25.267284596206586
CAF vs AFC,CAF,AFC,1995-08,-0.061058060609593685,-0.11105548902950142,-0.017177609889793083,-90.81232061879538,-167.82761675148654,-25.898121192834495
CAF vs AFC,CAF,AFC,1995-09,-0.061428072002921844,-0.11140599078766726,-0.01737390906081791,-91.37328660401309,-168.53296458095684,-26.388980096265644
CAF vs AFC,CAF,AFC,1995-10,-0.0617794704035523,-0.11175328546975538,-0.017649299417954904,-91.90679350054988,-169.20123903146094,-26.846224736890182
CAF vs AFC,CAF,AFC,1995-11,-0.062112602424548274,-0.11207793879933296,-0.018031139064622136,-92.41334336520323,-169.78950018417612,-27.2940989682114
CAF vs AFC,CAF,AFC,1995-12,-0.062427814678972744,-0.11238582049736108,-0.01839038896343804,-92.8934380629309,-170.30627678071255,-27.77235382224026
CAF vs AFC,CAF,AFC,1996-01,-0.06272545377988606,-0.11267723813622874,-0.018638716234610938,-93.34757929243344,-170.80949203422165,-28.422530527262577
CAF vs AFC,CAF,AFC,1996-02,-0.06300586634035124,-0.11295249928833426,-0.018868636380120044,-93.7762686110524,-171.29318033716123,-29.03607039511958
CAF vs AFC,CAF,AFC,1996-03,-0.06326939897343117,-0.11315840686465992,-0.019141240521970197,-94.18000745897255,-171.7630437539989,-29.308610477985017
CAF vs AFC,CAF,AFC,1996-04,-0.06351639829218649,-0.11336918299201768,-0.019450251335044966,-94.55929718275328,-172.1459337005092,-29.559003858668216
CAF vs AFC,CAF,AFC,1996-05,-0.06374721090968005,-0.113697641130406,-0.019732931169373472,-94.91463905820976,-172.42854724147307,-29.787799695428138
CAF vs AFC,CAF,AFC,1996-06,-0.06396218343897467,-0.11392230617819835,-0.020002174899637702,-95.24653431263312,-172.830177426777,-29.995547936792207
CAF vs AFC,CAF,AFC,1996-07,-0.0641616624931311,-0.11413290731439965,-0.020258188671409955,-95.55548414637042,-173.199693045161,-30.18279925490768
CAF vs AFC,CAF,AFC,1996-08,-0.06434599468521225,-0.11432971108461402,-0.020496893094342387,-95.84198975378173,-173.49399222323936,-30.460115842849124
CAF vs AFC,CAF,AFC,1996-09,-0.0645155266282806,-0.11451298403444751,-0.020537470380068524,-96.10655234356294,-173.77137717232154,-30.929111587778365
CAF vs AFC,CAF,AFC,1996-10,-0.0646706049353974,-0.11468299270950512,-0.02078996505802363,-96.34967315845446,-174.03405936398923,-31.14975978812864
CAF vs AFC,CAF,AFC,1996-11,-0.06481157621962527,-0.11484000365539275,-0.02090828313918267,-96.57185349434468,-174.28219517538406,-31.28120460911232
CAF vs AFC,CAF,AFC,1996-12,-0.06493878709402662,-0.11498428341771713,-0.020937923161028917,-96.77359471876343,-174.50612844365241,-31.39030718271763
CAF vs AFC,CAF,AFC,1997-01,-0.06505258417166293,-0.11510387069335981,-0.020903813494886174,-96.95539828877715,-174.72141599352886,-31.62694374709292
CAF vs AFC,CAF,AFC,1997-02,-0.06515331406559667,-0.1152037695938668,-0.020859721931605724,-97.11776576829472,-174.93224548763808,-31.589099067127304
CAF vs AFC,CAF,AFC,1997-03,-0.06524132338889022,-0.11529152983538862,-0.020801257971572812,-97.26119884477839,-175.12883140888653,-31.55782029721359
CAF vs AFC,CAF,AFC,1997-04,-0.06531695875460515,-0.11523572417023434,-0.020728940141808542,-97.38619934536906,-175.2914164019773,-31.575501687522763
CAF vs AFC,CAF,AFC,1997-05,-0.06538056677580392,-0.11532014617147453,-0.020649930346805116,-97.49326925243207,-175.2592651754304,-31.56626514989238
CAF vs AFC,CAF,AFC,1997-06,-0.06543249406554881,-0.11541588346717195,-0.02076090805472953,-97.58291071851814,-175.11272462478587,-31.538256748531975
CAF vs AFC,CAF,AFC,1997-07,-0.06547308723690158,-0.11550852982552695,-0.020697295213237345,-97.65562608074677,-174.94951649604445,-31.55307072844369
CAF vs AFC,CAF,AFC,1997-08,-0.06550269290292457,-0.11559324595961326,-0.020598846251137153,-97.711917874615,-174.75427156268967,-31.581296357775823
CAF vs AFC,CAF,AFC,1997-09,-0.06552165767667992,-0.11565756598533646,-0.02056866963277258,-97.75228884722739,-174.76781392192512,-31.711561692174694
CAF vs AFC,CAF,AFC,1997-10,-0.06553032817122967,-0.115745228931869,-0.02063667155281311,-97.77724196995274,-174.79585514540997,-31.828799289953626
CAF vs AFC,CAF,AFC,1997-11,-0.06552905099963602,-0.11581429865389992,-0.020732272207006196,-97.78728045050589,-174.53672938683553,-31.9313104698746
CAF vs AFC,CAF,AFC,1997-12,-0.06551817277496111,-0.11587575235748608,-0.021108853512367805,-97.78290774445504,-174.64891499210208,-32.29400220847621
CAF vs AFC,CAF,AFC,1998-01,-0.06549804011026697,-0.11591414233303969,-0.021306819704701236,-97.76462756615346,-174.74295813312415,-32.0997322933878
CAF vs AFC,CAF,AFC,1998-02,-0.06546899961861588,-0.11579738969339907,-0.021402076278405482,-97.73294389909732,-174.81914010678278,-32.03460426940835
CAF vs AFC,CAF,AFC,1998-03,-0.06543139791306977,-0.11581934867073315,-0.02126992494800765,-97.68836100570486,-174.8777425213771,-31.90468574080031
CAF vs AFC,CAF,AFC,1998-04,-0.065385581606691,-0.11585098110173134,-0.021115436681802064,-97.63138343652045,-174.91904729561068,-31.673133938436948
CAF vs AFC,CAF,AFC,1998-05,-0.06533189731254162,-0.11587220217371277,-0.020958098535037287,-97.56251603883726,-174.94280086918985,-31.54039574745471
CAF vs AFC,CAF,AFC,1998-06,-0.06527069164368349,-0.11588317692214734,-0.02079659082498556,-97.48226396474027,-174.93504914146308,-31.447759008104814
CAF vs AFC,CAF,AFC,1998-07,-0.06520231121317918,-0.11588407038251133,-0.020630026275529456,-97.39113267856791,-174.91112651085245,-31.343144385757455
CAF vs AFC,CAF,AFC,1998-08,-0.06512710263409066,-0.11587504759027709,-0.02070032495585306,-97.2896279637863,-174.80590219873181,-31.215584916553915
CAF vs AFC,CAF,AFC,1998-09,-0.0650454125194798,-0.11585627358091681,-0.020612134178823554,-97.17825592927863,-174.5221465629026,-31.084331738964465
CAF vs AFC,CAF,AFC,1998-10,-0.06495758748240911,-0.11582791338990446,-0.020359306717239622,-97.05752301504637,-174.22699404320275,-30.95759161239197
CAF vs AFC,CAF,AFC,1998-11,-0.06486397413594061,-0.11579013205271385,-0.02029552778549904,-96.92793599731608,-173.9209795036595,-30.993731999025826
CAF vs AFC,CAF,AFC,1998-12,-0.06476491909313613,-0.1157430946048165,-0.020322043440194698,-96.79000199305442,-173.60914968456814,-30.882153055567073
CAF vs AFC,CAF,AFC,1999-01,-0.06466073042329867,-0.11568697100802958,-0.020338673349878246,-96.64417268318564,-173.42538485047734,-30.65265208698997
CAF vs AFC,CAF,AFC,1999-02,-0.06455156202069244,-0.11562195092953824,-0.020350797041251648,-96.49067691905917,-173.34301851059027,-30.404037499933935
CAF vs AFC,CAF,AFC,1999-03,-0.06443752923582173,-0.11554822896287505,-0.02030925982785401,-96.32968796724212,-173.2447908558686,-30.13674855119382
CAF vs AFC,CAF,AFC,1999-04,-0.06431874741919198,-0.11546425116886913,-0.020184314058877436,-96.161379270101,-173.13101801312334,-29.938546321787285
CAF vs AFC,CAF,AFC,1999-05,-0.06419533192130762,-0.11536433357180816,-0.020054010518404667,-95.98592443898069,-173.00201676714545,-29.80781829300669
CAF vs AFC,CAF,AFC,1999-06,-0.06406739809267309,-0.11525643501901332,-0.019918495254126665,-95.80349724750118,-172.85810452935954,-29.756470795389383
CAF vs AFC,CAF,AFC,1999-07,-0.06393506128379374,-0.11509645987717247,-0.019777914313733373,-95.61427162496776,-172.69959930700904,-29.69520673828477
CAF vs AFC,CAF,AFC,1999-08,-0.06379843684517406,-0.11485720818470799,-0.019632413744914735,-95.4184216498922,-172.47137924680135,-29.624227451924106
CAF vs AFC,CAF,AFC,1999-09,-0.06365764012731831,-0.11471103309600057,-0.019567944694561138,-95.21612154363324,-172.23904056426107,-29.403958468916315
CAF vs AFC,CAF,AFC,1999-10,-0.0635127864807321,-0.11456745043896359,-0.01943347580959412,-95.00754566415446,-172.00446144397606,-29.154710478545624
CAF vs AFC,CAF,AFC,1999-11,-0.06336399125591975,-0.11441527950892279,-0.019284919859134414,-94.7928684998933,-171.7677462335136,-28.904611155129455
CAF vs AFC,CAF,AFC,1999-12,-0.06321136980338561,-0.11425473080558843,-0.0191335632769246,-94.57226466375323,-171.52899935600385,-28.654507667138148
CAF vs AFC,CAF,AFC,2000-01,-0.06305503747363528,-0.1140860148286725,-0.01897950049159288,-94.34590888721448,-171.28832530863573,-28.409993911858617
CAF vs AFC,CAF,AFC,2000-02,-0.06289510961717301,-0.11390934207788624,-0.01882282593176657,-94.11397601455772,-171.08700865935936,-28.164525638841585
CAF vs AFC,CAF,AFC,2000-03,-0.06273170158450316,-0.11372492305293816,-0.01866363402607024,-93.87664099721331,-170.910738785584,-27.918153933978548
CAF vs AFC,CAF,AFC,2000-04,-0.06256492872613138,-0.11353296825354198,-0.018502019203133824,-93.6340788882301,-170.67783003339713,-27.670929910268306
CAF vs AFC,CAF,AFC,2000-05,-0.06239490639256193,-0.11333368817940714,-0.01833807589158455,-93.3864648368589,-170.39341275232914,-27.51036970329231
CAF vs AFC,CAF,AFC,2000-06,-0.06222174993429912,-0.11312729333024563,-0.01817189852004796,-93.13397408326291,-170.09737055289375,-27.343233770252514
CAF vs AFC,CAF,AFC,2000-07,-0.06204557470184861,-0.112913994205767,-0.018003581517152215,-92.87678195334917,-169.82587199193006,-27.16684254331427
CAF vs AFC,CAF,AFC,2000-08,-0.061866496045714724,-0.112694001305684,-0.017833219311524543,-92.61506385371578,-169.57917837172576,-26.981431760411663
CAF vs AFC,CAF,AFC,2000-09,-0.06168462931640164,-0.11246752512970529,-0.017660906331793066,-92.34899526672685,-169.3313719966388,-26.787237389553123
CAF vs AFC,CAF,AFC,2000-10,-0.061500089864415165,-0.11223477617754281,-0.017486737006583316,-92.07875174571043,-169.08255807420997,-26.584495617528464
CAF vs AFC,CAF,AFC,2000-11,-0.06131299304025955,-0.11199596494890937,-0.017310805764523506,-91.80450891027175,-168.83284187146404,-26.373442838836354
CAF vs AFC,CAF,AFC,2000-12,-0.06112345419443896,-0.11175130194351288,-0.01713528556930235,-91.52644244173615,-168.58034799067323,-26.154315644826102
CAF vs AFC,CAF,AFC,2001-01,-0.060931588677459236,-0.11150099766106604,-0.01695936540965956,-91.24472807871524,-168.32526275502192,-25.927350813070966
CAF vs AFC,CAF,AFC,2001-02,-0.06073751183982457,-0.11127308909667462,-0.016781824526252827,-90.95954161278893,-168.06104964413362,-25.69278529694813
CAF vs AFC,CAF,AFC,2001-03,-0.060541339032039225,-0.11109227076628145,-0.016602757886365997,-90.67105888431799,-167.69249914992974,-25.45085621545408
CAF vs AFC,CAF,AFC,2001-04,-0.06034318560460893,-0.11090882723431802,-0.016422260457284715,-90.37945577837995,-167.3181630612546,-25.202738215669324
CAF vs AFC,CAF,AFC,2001-05,-0.06014316690803801,-0.11072290859336822,-0.01624042720629363,-90.08490822082163,-166.93824999940807,-24.955314079617697
CAF vs AFC,CAF,AFC,2001-06,-0.059941398292830586,-0.11053466493601234,-0.0160573531006767,-89.78759217444211,-166.54935472601858,-24.701303786969117
CAF vs AFC,CAF,AFC,2001-07,-0.05973799510949251,-0.11034424635483671,-0.015873133107719463,-89.48768363529966,-166.15520506725574,-24.44093785111288
CAF vs AFC,CAF,AFC,2001-08,-0.059533072708527965,-0.11015179556745616,-0.015693254687479292,-89.18535862913527,-165.7561242548163,-24.160823347370428
CAF vs AFC,CAF,AFC,2001-09,-0.059326746440441225,-0.10995737596567326,-0.015513580453221156,-88.88079320792676,-165.35243551364218,-23.869295035518807
CAF vs AFC,CAF,AFC,2001-10,-0.059119131655738066,-0.1097613054697983,-0.015325458187892818,-88.57416344656684,-164.9444620566588,-23.55348091095668
CAF vs AFC,CAF,AFC,2001-11,-0.058910343704922694,-0.10956373109665898,-0.015131424855501683,-88.2656454396577,-164.53252707976043,-23.138747985797046
CAF vs AFC,CAF,AFC,2001-12,-0.05870049793849933,-0.10936478283201505,-0.014938168687788623,-87.95541529843631,-164.11695375704463,-22.720806246817226
CAF vs AFC,CAF,AFC,2002-01,-0.0584897097069738,-0.10910811047022055,-0.014749067683767261,-87.64364914782338,-163.83258642098366,-22.353108426782413
CAF vs AFC,CAF,AFC,2002-02,-0.058278094360850324,-0.10884784826718792,-0.014559485563397936,-87.33052312358853,-163.72287637944075,-22.09391820877181
CAF vs AFC,CAF,AFC,2002-03,-0.05806576725063304,-0.10858593922713973,-0.014332199023042247,-87.01621336964607,-163.61450500552033,-21.835135634739558
CAF vs AFC,CAF,AFC,2002-04,-0.05785284372682792,-0.10832969381593043,-0.013980925057880983,-86.7008960354744,-163.35772882473393,-21.576814424152595
CAF vs AFC,CAF,AFC,2002-05,-0.057639439139939054,-0.10811603322674243,-0.013668094815986633,-86.38474727365048,-162.9793952992274,-21.319008288122852
CAF vs AFC,CAF,AFC,2002-06,-0.05742566884047063,-0.1079042130535274,-0.013450780807436854,-86.06794323751552,-162.5948836075243,-20.766808194698157
CAF vs AFC,CAF,AFC,2002-07,-0.05721164817892857,-0.10769234935657872,-0.013236623812130787,-85.7506600789632,-162.19390811134244,-20.21573785160108
CAF vs AFC,CAF,AFC,2002-08,-0.05699749250581702,-0.10748058164962364,-0.013005000379959426,-85.43307394634283,-161.78860675783451,-19.670432273297532
CAF vs AFC,CAF,AFC,2002-09,-0.056783317171640174,-0.10726675846854512,-0.012707550699124593,-85.11536098249293,-161.38046944642178,-19.279517089084205
CAF vs AFC,CAF,AFC,2002-10,-0.05656923752690391,-0.10703375563285702,-0.012541330200633067,-84.79769732289708,-160.9698320776188,-19.027899185019873
CAF vs AFC,CAF,AFC,2002-11,-0.0563553689221124,-0.10674952282735224,-0.012364603658110753,-84.48025909395412,-160.55703056270733,-18.77707744375777
CAF vs AFC,CAF,AFC,2002-12,-0.056141826707769855,-0.10646521475100554,-0.012142882855450501,-84.16322241137823,-160.14240081936543,-18.531667530890253
CAF vs AFC,CAF,AFC,2003-01,-0.055928726234382144,-0.10618099733620712,-0.011927280098380384,-83.84676337872044,-159.72627876756508,-18.3050605726695
CAF vs AFC,CAF,AFC,2003-02,-0.05571618285245344,-0.10589703651534195,-0.011722926304325743,-83.53105808600417,-159.3090003256636,-17.96081735381268
CAF vs AFC,CAF,AFC,2003-03,-0.055504311912487905,-0.10561349822079587,-0.011483217448309359,-83.21628260848985,-158.89090140676362,-17.58220050462117
CAF vs AFC,CAF,AFC,2003-04,-0.05529322876499143,-0.10533054838495572,-0.01125526759850586,-82.90261300556048,-158.47231791529717,-17.203490640880492
CAF vs AFC,CAF,AFC,2003-05,-0.055083048760468226,-0.10519033749131008,-0.011026567619527809,-82.59022531972052,-158.05358574382996,-17.017882190203306
CAF vs AFC,CAF,AFC,2003-06,-0.05487388724942245,-0.10512051670091216,-0.010797275625123386,-82.27929557572294,-157.63504077012374,-16.90850999819352
CAF vs AFC,CAF,AFC,2003-07,-0.054665859582359956,-0.10505056860696231,-0.010571739678325233,-81.96999977981679,-157.28158551449562,-16.55572409962214
CAF vs AFC,CAF,AFC,2003-08,-0.054459081109784965,-0.10498042070170888,-0.010410318470439653,-81.66251391910768,-156.9985336665413,-16.18517706384131
CAF vs AFC,CAF,AFC,2003-09,-0.05425366718220168,-0.10479279909877497,-0.010155064302308505,-81.35701396104528,-156.71783252611397,-15.708394980455552
CAF vs AFC,CAF,AFC,2003-10,-0.05404973315011588,-0.10460341989940188,-0.009885548151039328,-81.05367585303075,-156.439704590938,-15.405819292767418
CAF vs AFC,CAF,AFC,2003-11,-0.053847394364031846,-0.10441045417901065,-0.00965269873633115,-80.75267552213701,-156.11180632246914,-15.129795788547922
CAF vs AFC,CAF,AFC,2003-12,-0.05364676617445375,-0.10421919617885304,-0.009425489905693989,-80.45418887495443,-155.87848864975456,-14.766016346855123
CAF vs AFC,CAF,AFC,2004-01,-0.05344796393188741,-0.10403040590205234,-0.00920166787753578,-80.1583917975568,-155.6441116511431,-14.40323266899896
CAF vs AFC,CAF,AFC,2004-02,-0.05325110298683706,-0.10384422286233481,-0.00903097202169865,-79.86546015557855,-155.3906412118135,-14.047893952310773
CAF vs AFC,CAF,AFC,2004-03,-0.05305629868980688,-0.10366078657342767,-0.008884746925438908,-79.57556979441785,-155.14082067332018,-13.700076312517398
CAF vs AFC,CAF,AFC,2004-04,-0.05286366639130267,-0.10348023654905969,-0.008740702747355177,-79.28889653955855,-154.88700705464092,-13.353798649292507
CAF vs AFC,CAF,AFC,2004-05,-0.0526733214418287,-0.10330271230295725,-0.008598930577703282,-79.00561619700333,-154.635932784984,-13.009303559847861
CAF vs AFC,CAF,AFC,2004-06,-0.0524853791918892,-0.10312835334884744,-0.008428801607805764,-78.72590455383194,-154.41485066900015,-12.666833585912673
CAF vs AFC,CAF,AFC,2004-07,-0.05229995499198987,-0.10301673649148277,-0.008119125065344658,-78.44993737887773,-154.16638776166022,-12.431227117379166
CAF vs AFC,CAF,AFC,2004-08,-0.052117164192635033,-0.10291324781042159,-0.007743179293825358,-78.17789042351548,-153.9282663848045,-12.024924891885236
CAF vs AFC,CAF,AFC,2004-09,-0.051937122144328905,-0.10281166268232829,-0.007413015033042038,-77.90993942257315,-153.6952321312295,-11.623188546825359
CAF vs AFC,CAF,AFC,2004-10,-0.05175994419757718,-0.10263117842790312,-0.007188456745886383,-77.64626009536207,-153.46751045796015,-11.271396218908624
CAF vs AFC,CAF,AFC,2004-11,-0.05158574570288419,-0.10238541416006908,-0.006974069083930798,-77.38702814681788,-153.15417943271927,-10.923015782988031
CAF vs AFC,CAF,AFC,2004-12,-0.051414642010754165,-0.10215648352476192,-0.006764519682848886,-77.13241926876522,-152.84723984457975,-10.586875933323324
CAF vs AFC,CAF,AFC,2005-01,-0.05124674847169278,-0.1020081879989645,-0.006557441237264032,-76.88260914130029,-152.54776958812937,-10.262740919539358
CAF vs AFC,CAF,AFC,2005-02,-0.05108218043620436,-0.10186417387497779,-0.006352990541746096,-76.63777343428444,-152.25607028735652,-9.94269503224407
CAF vs AFC,CAF,AFC,2005-03,-0.050921053254793146,-0.10172458066652897,-0.006188028111700741,-76.39808780896102,-151.97244353707472,-9.626984794385654
CAF vs AFC,CAF,AFC,2005-04,-0.050763482277964844,-0.10158954788734609,-0.006048852953294542,-76.16372791969012,-151.69719090085817,-9.315856671171892
CAF vs AFC,CAF,AFC,2005-05,-0.0506095828562237,-0.10145398489669546,-0.005914839111423972,-75.9348694157942,-151.43061390905112,-9.009557070722346
CAF vs AFC,CAF,AFC,2005-06,-0.050459470340074,-0.101296650324787,-0.005774986522145086,-75.71168794352732,-151.1730140568081,-8.708332344940917
CAF vs AFC,CAF,AFC,2005-07,-0.0503132600800215,-0.10114225796235732,-0.005594313533735795,-75.49435914816216,-150.9246928022024,-8.4702966361882
CAF vs AFC,CAF,AFC,2005-08,-0.05017106742657036,-0.10099092159650062,-0.005420747514289349,-75.28305867618766,-150.68595156437095,-8.294231008808069
CAF vs AFC,CAF,AFC,2005-09,-0.05003300773022504,-0.10084275501431521,-0.005254476937308285,-75.0779621776317,-150.45709172171723,-8.041516978002925
CAF vs AFC,CAF,AFC,2005-10,-0.04989919634149099,-0.10069787200289793,-0.00509569027629421,-74.87924530849985,-150.23841461017435,-7.79867837282243
CAF vs AFC,CAF,AFC,2005-11,-0.04976974861087262,-0.1005563863493463,-0.0049445760047470404,-74.68708373332792,-150.03022152149262,-7.567563835208924
CAF vs AFC,CAF,AFC,2005-12,-0.04964474730102772,-0.10041838188183512,-0.004801266950532063,-74.50160358169732,-149.83272984711348,-7.348377614743487
CAF vs AFC,CAF,AFC,2006-01,-0.04952414482322917,-0.10032766064011497,-0.004665673358973672,-74.32273281260467,-149.6458215061915,-7.140983238089129
CAF vs AFC,CAF,AFC,2006-02,-0.04940786100090218,-0.10034672768089936,-0.004537649829758126,-74.15034985362848,-149.46929449733915,-6.94515906346112
CAF vs AFC,CAF,AFC,2006-03,-0.04929581565747196,-0.10035153825574601,-0.0044170509625740765,-73.98433314521577,-149.30294675366042,-6.760683464487571
CAF vs AFC,CAF,AFC,2006-04,-0.0491879286163647,-0.10022887452703047,-0.004303731357105336,-73.82456113860697,-149.1465761451643,-6.546320379394677
CAF vs AFC,CAF,AFC,2006-05,-0.04908411970100566,-0.10010566322502679,-0.004197545613042468,-73.67091229382409,-148.99998048115035,-6.328276386170326
CAF vs AFC,CAF,AFC,2006-06,-0.04898430873482013,-0.09998399902168784,-0.00409298697685368,-73.52326507773115,-148.86295751258308,-6.120210603125016
CAF vs AFC,CAF,AFC,2006-07,-0.04888841554123425,-0.09986507123885402,-0.003966060289241448,-73.38149796216099,-148.73530493441373,-5.928031209766838
CAF vs AFC,CAF,AFC,2006-08,-0.04879635994367325,-0.09975011629505945,-0.003845897259382688,-73.24548942210563,-148.6168203879009,-5.748978873652751
CAF vs AFC,CAF,AFC,2006-09,-0.048708061765562485,-0.09963907608235303,-0.0037323664116690886,-73.11511793397749,-148.50730146288907,-5.579840297801776
CAF vs AFC,CAF,AFC,2006-10,-0.048623440830328005,-0.09953189249278709,-0.0036253362704967798,-72.9902619739364,-148.40654570006214,-5.420418947070726
CAF vs AFC,CAF,AFC,2006-11,-0.04854241696139511,-0.09942850741841229,-0.0035246753602583376,-72.87080001628001,-148.31435059316686,-5.331410375001624
CAF vs AFC,CAF,AFC,2006-12,-0.048464909982189185,-0.09932886275127659,-0.0034604786359426335,-72.7566105319039,-148.23051359121817,-5.34941611856043
CAF vs AFC,CAF,AFC,2007-01,-0.04839083971613617,-0.09923290038343247,-0.0034804303235836348,-72.64757198682697,-148.146699309823,-5.380814049879185
CAF vs AFC,CAF,AFC,2007-02,-0.04832012598666143,-0.09914056220693039,-0.0035087753699102235,-72.54356284078044,-148.06923876577576,-5.425201798565211
CAF vs AFC,CAF,AFC,2007-03,-0.04825268861719037,-0.09905179011382019,-0.003465718460124748,-72.44446154586511,-147.9995081726847,-5.3190483740585535
CAF vs AFC,CAF,AFC,2007-04,-0.04818844743114896,-0.09896652599615244,-0.003385390778136902,-72.35014654527399,-147.93730951673555,-5.195700985619482
CAF vs AFC,CAF,AFC,2007-05,-0.04812732225196248,-0.09887001470802562,-0.0033098819265213438,-72.26049627207794,-147.89769711263742,-5.079745776902876
CAF vs AFC,CAF,AFC,2007-06,-0.048069232903056355,-0.09876336352035561,-0.003239076793454046,-72.17538914807952,-147.87357134798208,-4.971006227113223
CAF vs AFC,CAF,AFC,2007-07,-0.04801409920785651,-0.09865905503957047,-0.0031728602671111574,-72.09470358273137,-147.85393234855638,-4.869305780429538
CAF vs AFC,CAF,AFC,2007-08,-0.04796184098978834,-0.09855705597764444,-0.003111117235667762,-72.01831797211783,-147.8385936486929,-4.774467848864257
CAF vs AFC,CAF,AFC,2007-09,-0.047912378072277245,-0.0984573330465551,-0.003053732587300808,-71.94611069800376,-147.82736872843407,-4.686315815056642
CAF vs AFC,CAF,AFC,2007-10,-0.04786563027874907,-0.09835985295827672,-0.0030005912101854233,-71.8779601269482,-147.82007101952684,-4.604673034987356
CAF vs AFC,CAF,AFC,2007-11,-0.047821517432629294,-0.09826458242478693,-0.0029515779924969136,-71.81374460948105,-147.8165139112643,-4.527342103196863
CAF vs AFC,CAF,AFC,2007-12,-0.04777995935734324,-0.09817148815806162,-0.0028776708994216467,-71.75334247934627,-147.73382436865685,-4.411485803367451
CAF vs AFC,CAF,AFC,2008-01,-0.04774087587631686,-0.09808053687007497,-0.00280488337081791,-71.69663205281033,-147.6974698704946,-4.299985010399344
CAF vs AFC,CAF,AFC,2008-02,-0.04770418681297547,-0.09799169527280469,-0.0027348543271263084,-71.64349162803272,-147.70873878273483,-4.192701621220696
CAF vs AFC,CAF,AFC,2008-03,-0.04766981199074461,-0.09790432830261646,-0.002667493407260806,-71.59379948450405,-147.7252953362222,-4.089497525446121
CAF vs AFC,CAF,AFC,2008-04,-0.047637671233049995,-0.09781599547094086,-0.002602710250135323,-71.54743388254752,-147.74693594701972,-3.990234604001441
CAF vs AFC,CAF,AFC,2008-05,-0.04760768436331712,-0.09772964081100137,-0.002540414494662935,-71.50427306288455,-147.77345702033503,-3.894774727839984
CAF vs AFC,CAF,AFC,2008-06,-0.04757977120497145,-0.0976452320924249,-0.002520553644042469,-71.46419524626576,-147.80316989871332,-3.8029797567577606
CAF vs AFC,CAF,AFC,2008-07,-0.0475538515814387,-0.09756273708484442,-0.002509736774917752,-71.42707863316673,-147.79170158323564,-3.7559612731530727
CAF vs AFC,CAF,AFC,2008-08,-0.0475298453161444,-0.09748212355788861,-0.0025077465903266226,-71.39280140354725,-147.68270778113327,-3.7471339794846967
CAF vs AFC,CAF,AFC,2008-09,-0.047507672232513995,-0.09740335928118533,-0.002519202368090801,-71.36124171667602,-147.57657340927182,-3.749758651855598
CAF vs AFC,CAF,AFC,2008-10,-0.04748725215397318,-0.09732641202436576,-0.0025725976203027773,-71.33227771102007,-147.47323852674086,-3.8218882421801514
CAF vs AFC,CAF,AFC,2008-11,-0.04746850490394752,-0.09725124955705948,-0.0026282550300943675,-71.30578750419784,-147.37264320127838,-3.90466789881511
CAF vs AFC,CAF,AFC,2008-12,-0.04745135030586242,-0.09717783964889515,-0.002637692790543472,-71.28164919299728,-147.27472750861335,-3.9906502354088262
CAF vs AFC,CAF,AFC,2009-01,-0.04743570818314364,-0.0971654640813731,-0.0026343870633186266,-71.25974085345945,-147.17943153183944,-3.996719171903338
CAF vs AFC,CAF,AFC,2009-02,-0.047421498359216635,-0.09707451223999697,-0.0025856269623273603,-71.2399405410248,-147.08669536079444,-3.9175091053210105
CAF vs AFC,CAF,AFC,2009-03,-0.04740864065750697,-0.09698534870807536,-0.0025663807586927337,-71.22212629074575,-146.99573312871811,-3.841562031744286
CAF vs AFC,CAF,AFC,2009-04,-0.04739705490144026,-0.09695509071311936,-0.002582549938462813,-71.20617611756333,-146.90648208340033,-3.86468655112315
CAF vs AFC,CAF,AFC,2009-05,-0.047386660914442026,-0.0969801430716016,-0.0026011793540515605,-71.19196801664812,-146.88592867291572,-3.8927193950775956
CAF vs AFC,CAF,AFC,2009-06,-0.047377378519937834,-0.0969502297485628,-0.0026221475195276627,-71.17937996380641,-146.9166884447497,-3.9242503187351905
CAF vs AFC,CAF,AFC,2009-07,-0.047369127541353244,-0.09687712404605472,-0.002644820845898336,-71.16828991595081,-146.94977870401917,-3.9590976470967547
CAF vs AFC,CAF,AFC,2009-08,-0.047361827802113815,-0.09685785986726585,-0.002652256289009686,-71.15857581163567,-146.9850488678598,-3.9970796233443044
CAF vs AFC,CAF,AFC,2009-09,-0.04735539912564512,-0.09686894996111359,-0.0026612738689148793,-71.1501155716572,-147.02234831587035,-4.038014408785223
CAF vs AFC,CAF,AFC,2009-10,-0.04734976133537275,-0.09689114155797292,-0.002671761264810812,-71.14278709971838,-147.06152638971085,-4.081720083114318
CAF vs AFC,CAF,AFC,2009-11,-0.04734483425472222,-0.09691460086223817,-0.002683606155889231,-71.13646828315873,-147.1006036104509,-4.118301988693662
CAF vs AFC,CAF,AFC,2009-12,-0.04734053770711913,-0.09693923471562518,-0.002696696221346988,-71.13103699374906,-147.13521487036897,-4.138302182875461
CAF vs AFC,CAF,AFC,2010-01,-0.04733679151598899,-0.09696494995984964,-0.00271091914037583,-71.12637108855064,-147.17141778703535,-4.160037985112957
CAF vs AFC,CAF,AFC,2010-02,-0.047333515504757416,-0.09699165343662997,-0.0027261625921709207,-71.12234841083999,-147.20906786899255,-4.183336956109752
CAF vs AFC,CAF,AFC,2010-03,-0.04733062949684998,-0.097019251987681,-0.0027423142559274702,-71.1188467910979,-147.24802058432425,-4.208026681412579
CAF vs AFC,CAF,AFC,2010-04,-0.047328053315692176,-0.0970476524547228,-0.002759261810837935,-71.11574404806365,-147.28813136106618,-4.233934771862699
CAF vs AFC,CAF,AFC,2010-05,-0.04732570678470964,-0.0970767616794677,-0.0027768929360975692,-71.11291798985458,-147.32452353834094,-4.260888863975121
CAF vs AFC,CAF,AFC,2010-06,-0.047323509727327885,-0.09710648650363743,-0.0027950953109006495,-71.11024641514999,-147.36174727292175,-4.28871662022179
CAF vs AFC,CAF,AFC,2010-07,-0.0473213819669725,-0.09713673376894434,-0.0028137566144406977,-71.10760711444047,-147.31960464374941,-4.317245729235594
CAF vs AFC,CAF,AFC,2010-08,-0.047319243327069015,-0.09716741031710852,-0.0028327645259119474,-71.10487787134225,-147.13128930945746,-4.3463039059372965
CAF vs AFC,CAF,AFC,2010-09,-0.047317013631043056,-0.09719842298984567,-0.002852006724509563,-71.10193646397654,-146.93955751971058,-4.375718891573713
CAF vs AFC,CAF,AFC,2010-10,-0.04731461270232013,-0.09722967862887075,-0.002871370889427022,-71.09866066641358,-146.7487777658426,-4.40531845367069
CAF vs AFC,CAF,AFC,2010-11,-0.04731196036432582,-0.09726108407590286,-0.002890744699857758,-71.09492825018239,-146.56090471914317,-4.4349303859095945
CAF vs AFC,CAF,AFC,2010-12,-0.0473089764404857,-0.09729254617265867,-0.0029100158349968917,-71.090616985845,-146.57893504330144,-4.464382507920202
CAF vs AFC,CAF,AFC,2011-01,-0.047305580754225265,-0.09732397176085485,-0.002929071974039633,-71.0856046446359,-146.64352373335524,-4.4459707411627
CAF vs AFC,CAF,AFC,2011-02,-0.04730169312897017,-0.09735526768220705,-0.002917916429579183,-71.07976900016685,-146.7056448945561,-4.370091945359086
CAF vs AFC,CAF,AFC,2011-03,-0.04729723338814594,-0.09738333037256912,-0.0028714590181644463,-71.07298783019596,-146.7650714544508,-4.2950620056534285
CAF vs AFC,CAF,AFC,2011-04,-0.04729212135517816,-0.09740998508634005,-0.002821922182309421,-71.0651389184626,-146.68818647305793,-4.220851692999827
CAF vs AFC,CAF,AFC,2011-05,-0.04728627685349232,-0.09743631834669313,-0.002772913619965598,-71.05610005658647,-146.59969463046556,-4.147431776420147
CAF vs AFC,CAF,AFC,2011-06,-0.04727961970651405,-0.09746223920507044,-0.002724413735516692,-71.04574904603253,-146.51188496719618,-4.074773023300039
CAF vs AFC,CAF,AFC,2011-07,-0.0472720697376689,-0.09748765671291566,-0.002676402933342776,-71.03396370013985,-146.5163462373456,-4.002846199653817
CAF vs AFC,CAF,AFC,2011-08,-0.04726354677038245,-0.09751247992166903,-0.0026288616178249007,-71.02062184621602,-146.53062703509843,-3.931622070419762
CAF vs AFC,CAF,AFC,2011-09,-0.04725397062808018,-0.0975366178827743,-0.002581770193345005,-71.00560132769576,-146.54040519296174,-3.8613317263613705
CAF vs AFC,CAF,AFC,2011-10,-0.04724326113418778,-0.09752761307322641,-0.0025376220348094065,-70.98878000636513,-146.54549787621485,-3.7993922342771316
CAF vs AFC,CAF,AFC,2011-11,-0.04723133811213072,-0.0974911888872314,-0.0024964223982905267,-70.97003576464914,-146.5457223013279,-3.737982129053928
CAF vs AFC,CAF,AFC,2011-12,-0.04721812138533455,-0.09745500404284795,-0.0024555563072545697,-70.94924650796514,-146.54089574283216,-3.677066681243205
CAF vs AFC,CAF,AFC,2012-01,-0.04720353077722491,-0.09741899827881065,-0.002415000833322073,-70.92629016714007,-146.53083554043178,-3.61661116183982
CAF vs AFC,CAF,AFC,2012-02,-0.04718748611122734,-0.09738311133385506,-0.0023747330481170394,-70.90104470089207,-146.51535910630193,-3.5565808429130055
CAF vs AFC,CAF,AFC,2012-03,-0.04716990721076732,-0.09734728294671421,-0.0023347300232626268,-70.87338809837632,-146.49428393262303,-3.4969409982298725
CAF vs AFC,CAF,AFC,2012-04,-0.04715071389927056,-0.09731145285612453,-0.002294968830379374,-70.84319838179601,-146.4674275993121,-3.437656903900687
CAF vs AFC,CAF,AFC,2012-05,-0.0471298260001625,-0.09727556080082156,-0.0022554265410895955,-70.81035360907543,-146.43460778197587,-3.3786938390481756
CAF vs AFC,CAF,AFC,2012-06,-0.04710716333686871,-0.09723770199932998,-0.002216080227017249,-70.77473187659888,-146.3956422600736,-3.438549420789917
CAF vs AFC,CAF,AFC,2012-07,-0.04708264573281488,-0.0971978732515106,-0.002231761899134946,-70.73621132201251,-146.35034892529063,-3.4091895772991925
CAF vs AFC,CAF,AFC,2012-08,-0.04705619301142642,-0.09715782115812233,-0.0021839277668934923,-70.6946701270891,-146.29854579012522,-3.3359470176508883
CAF vs AFC,CAF,AFC,2012-09,-0.04702772499612892,-0.09711748643743694,-0.00213532961887273,-70.64998652065758,-146.2400509966846,-3.2615370401925774
CAF vs AFC,CAF,AFC,2012-10,-0.04699716151034803,-0.09708054161777491,-0.0020859130834869366,-70.60203878159496,-146.17468282570314,-3.1858770968851626
CAF vs AFC,CAF,AFC,2012-11,-0.04696444685302385,-0.09705530081210653,-0.0020356416679609096,-70.5507430047921,-146.10232338172477,-3.1089120460821222
CAF vs AFC,CAF,AFC,2012-12,-0.04692962322515468,-0.09702686035347279,-0.0019845503947763204,-70.49616637754842,-146.0231096006626,-3.030696243528797
CAF vs AFC,CAF,AFC,2013-01,-0.0468927573032537,-0.09699531621263832,-0.0019326921652235384,-70.43841386371419,-145.93724216924798,-2.9513113929986776
CAF vs AFC,CAF,AFC,2013-02,-0.04685391576383384,-0.09696076436036391,-0.0018801198805963543,-70.37759043331883,-145.84492183046368,-2.870839168339641
CAF vs AFC,CAF,AFC,2013-03,-0.04681316528340791,-0.09692330076741414,-0.0018268864421860265,-70.31380105874756,-145.74634937168545,-2.7893612112132162
CAF vs AFC,CAF,AFC,2013-04,-0.04677057253848917,-0.09688302140455214,-0.001782209545825531,-70.24715071105534,-145.6417256132341,-2.7069591289730304
CAF vs AFC,CAF,AFC,2013-05,-0.04672620420559048,-0.09684002224253767,-0.001739708283936593,-70.17774435641624,-145.5312513972942,-2.6237144926499365
CAF vs AFC,CAF,AFC,2013-06,-0.04668012696122474,-0.09679439925213718,-0.0016975272395877833,-70.10568695271155,-145.4116999179812,-2.539708835072554
CAF vs AFC,CAF,AFC,2013-07,-0.04663240748190512,-0.09674624840411124,-0.0016556874086961072,-70.0310834462552,-145.28596460355942,-2.4752356815837753
CAF vs AFC,CAF,AFC,2013-08,-0.04658311244414452,-0.09669566566922372,-0.0016142097871753723,-69.95403876865512,-145.15499193016976,-2.4130620459097623
CAF vs AFC,CAF,AFC,2013-09,-0.046532308524455814,-0.09664274701823525,-0.0015731153709416506,-69.87465783381343,-145.0699093204092,-2.3514657409172095
CAF vs AFC,CAF,AFC,2013-10,-0.04648006239935224,-0.0965875884219114,-0.0015324251559087501,-69.79304553506402,-145.07485306769928,-2.2904783315912076
CAF vs AFC,CAF,AFC,2013-11,-0.04642644074534668,-0.09653028585101361,-0.0014779703565703842,-69.70930674244617,-145.07819540231458,-2.230131361306161
CAF vs AFC,CAF,AFC,2013-12,-0.046371510238951925,-0.09647248285484658,-0.0013494580504873636,-69.6235463001169,-145.0799700909767,-2.056586131688677
CAF vs AFC,CAF,AFC,2014-01,-0.046315337556681296,-0.09641308105419055,-0.0012596443756444774,-69.53586902390145,-145.0802108989377,-1.9238858670651244
CAF vs AFC,CAF,AFC,2014-02,-0.04625798937504763,-0.09635186242072366,-0.001197767260677557,-69.4463796989786,-145.07297747523475,-1.8292571731686822
CAF vs AFC,CAF,AFC,2014-03,-0.04619953237056374,-0.09628892134477751,-0.0011395961653422994,-69.35518307770579,-144.87359199257273,-1.7409599921194936
CAF vs AFC,CAF,AFC,2014-04,-0.04614003321974299,-0.09622435221668191,-0.001084197347586183,-69.26238387758148,-144.67115155051783,-1.6562218765351233
CAF vs AFC,CAF,AFC,2014-05,-0.0460795585990981,-0.0961582494267685,-0.0010288433962523777,-69.16808677934239,-144.54760971771475,-1.57156445165216
CAF vs AFC,CAF,AFC,2014-06,-0.04601817518514199,-0.09609070736536544,-0.0010067992773109785,-69.07239642520084,-144.48473095587707,-1.5465323791440058
CAF vs AFC,CAF,AFC,2014-07,-0.04595594965438798,-0.09602182042280534,-0.000999519787320406,-68.97541741721841,-144.41977792609003,-1.5352845455539135
CAF vs AFC,CAF,AFC,2014-08,-0.04589294868334882,-0.0959516829894171,-0.0009923008336786563,-68.87725431581482,-144.3458743601613,-1.5241305052418843
CAF vs AFC,CAF,AFC,2014-09,-0.04582923894853737,-0.09588038945553237,-0.0009851979909504128,-68.77801163841612,-144.26966618630797,-1.5131557245808636
CAF vs AFC,CAF,AFC,2014-10,-0.045764887126467,-0.09580803421148017,-0.0009782668337006697,-68.67779385823965,-144.19167356785806,-1.5024456458942217
CAF vs AFC,CAF,AFC,2014-11,-0.04569995989365049,-0.09573471164759222,-0.0009731041557453091,-68.57670540321324,-144.11202160818297,-1.495866141920721
CAF vs AFC,CAF,AFC,2014-12,-0.045634523926600626,-0.09566051615419821,-0.0009708622347778137,-68.47485065503356,-144.0308353648632,-1.4923757146604586
CAF vs AFC,CAF,AFC,2015-01,-0.045568645901830775,-0.09558554212162913,-0.0009689368006996363,-68.37233394836122,-143.94823984858473,-1.486748873868955
CAF vs AFC,CAF,AFC,2015-02,-0.04550239249585381,-0.09550988394021473,-0.0008759427516686051,-68.2692595701495,-143.86436002217945,-1.3066443259606926
CAF vs AFC,CAF,AFC,2015-03,-0.045435830385182424,-0.09543363600028577,-0.0008199986904592175,-68.16573175911157,-143.77932079985254,-1.281278532165266
CAF vs AFC,CAF,AFC,2015-04,-0.04536902624633008,-0.09535689269217311,-0.000836882817428124,-68.06185470532489,-143.6932470465614,-1.30837115591684
CAF vs AFC,CAF,AFC,2015-05,-0.04530204675580949,-0.09527974840620575,-0.0008554040481550967,-67.95773254996776,-143.57044082233065,-1.2892375008908077
CAF vs AFC,CAF,AFC,2015-06,-0.045234958590133496,-0.09520229753271522,-0.0008358368167833229,-67.8534693851952,-143.41331657222997,-1.2470253448773212
CAF vs AFC,CAF,AFC,2015-07,-0.04516782842581552,-0.09519601860071854,-0.0008084848833640289,-67.74916925415042,-143.2559407108454,-1.2060804323278882
CAF vs AFC,CAF,AFC,2015-08,-0.04510072293936826,-0.09521415498807255,-0.0007819990612764116,-67.6449361511086,-143.09853785052948,-1.1664339389397538
CAF vs AFC,CAF,AFC,2015-09,-0.045033708807304576,-0.09522830188171674,-0.0007136642228562631,-67.54087402175993,-143.01639672769485,-1.06510466326053
CAF vs AFC,CAF,AFC,2015-10,-0.04496685270613783,-0.09524192139407969,-0.000575197127921379,-67.43708676362687,-143.06152670357557,-0.8583605706036672
CAF vs AFC,CAF,AFC,2015-11,-0.04490022131238078,-0.09525501608125823,-0.0004367008517693631,-67.33367822661442,-143.0975027652783,-0.6516025402400986
CAF vs AFC,CAF,AFC,2015-12,-0.04483388130254634,-0.09514118547947259,-0.00029827753047527986,-67.23075221369844,-142.9148932208124,-0.4449831781712852
CAF vs AFC,CAF,AFC,2016-01,-0.044767899353147754,-0.09502970233590502,-0.00016002930011352714,-67.12841248174759,-142.8097023391569,-0.23865499621076916
CAF vs AFC,CAF,AFC,2016-02,-0.044702342140697876,-0.09502146280306815,-2.2058296761744855e-05,-67.02676274247929,-142.7716036301228,-0.03277041201865416
CAF vs AFC,CAF,AFC,2016-03,-0.04463727634170952,-0.09501267653051348,0.00011553334350904408,-66.92590666355134,-142.73362726564426,0.1725182506872777
CAF vs AFC,CAF,AFC,2016-04,-0.044572768632695964,-0.0950033559837069,0.00016876445671844712,-66.82594786978876,-142.668761780497,0.25720470616225255
CAF vs AFC,CAF,AFC,2016-05,-0.044508885690170114,-0.09499351362811023,0.00020671665797782177,-66.72698994454265,-142.52195976258483,0.31558194563085334
CAF vs AFC,CAF,AFC,2016-06,-0.04444569419064475,-0.09498316192919018,0.0002360364126334332,-66.62913643118547,-142.34666292061857,0.36907536650230655
CAF vs AFC,CAF,AFC,2016-07,-0.044383260810633214,-0.09497231335241119,0.0002330866841262024,-66.53249083474061,-142.17495519860074,0.36436490908911
CAF vs AFC,CAF,AFC,2016-08,-0.0443216522266483,-0.09496098036323741,0.00023126571850146804,-66.4371566236439,-142.0070371849254,0.3614255463975779
CAF vs AFC,CAF,AFC,2016-09,-0.044260935115202835,-0.09494917542713233,0.00023059152191601793,-66.34323723164125,-141.84310943536835,0.3602854222305298
CAF vs AFC,CAF,AFC,2016-10,-0.04420117615281017,-0.0949310592829061,0.00023108210052930444,-66.25083605982041,-141.68337247849453,0.36097269083586586
CAF vs AFC,CAF,AFC,2016-11,-0.044142442015983115,-0.09491242902600457,0.00023275546049895916,-66.16005647877412,-141.52802682131562,0.36351551827934675
CAF vs AFC,CAF,AFC,2016-12,-0.044084799381234496,-0.09489355138745817,0.00023562960798443445,-66.07100183089943,-141.3772729551957,0.36794208385938076
CAF vs AFC,CAF,AFC,2017-01,-0.0440283149250776,-0.09487444582328401,0.00023972254914340628,-65.98377543283088,-141.23131136197915,0.3742805815414221
CAF vs AFC,CAF,AFC,2017-02,-0.04397305532402525,-0.09485513178949607,0.0002450522901344389,-65.89848057800498,-141.0903425203896,0.3825592214333417
CAF vs AFC,CAF,AFC,2017-03,-0.043919087254590386,-0.09483562874211149,0.00028624484167795157,-65.81522053936091,-140.97559873266184,0.4459364515177928
CAF vs AFC,CAF,AFC,2017-04,-0.04386647739328614,-0.09475350860347223,0.00032788685699477544,-65.73409857217412,-140.984506805772,0.5109134197061242
CAF vs AFC,CAF,AFC,2017-05,-0.04381529241662546,-0.09467228875419922,0.00036606412098975254,-65.65521791702275,-140.99282200707646,0.5704852114676532
CAF vs AFC,CAF,AFC,2017-06,-0.0437655990011212,-0.09459468920009435,0.0004006628559093531,-65.57868180288858,-141.0005511272111,0.6244742609403933
CAF vs AFC,CAF,AFC,2017-07,-0.04371746382328657,-0.0945208367751356,0.0004315692839981377,-65.50459345039226,-141.007700946134,0.672702993905773
CAF vs AFC,CAF,AFC,2017-08,-0.043670953559634434,-0.09445017210707278,0.00045866962750501896,-65.43305607516044,-141.01427823250646,0.7149938267380902
CAF vs AFC,CAF,AFC,2017-09,-0.043626134886677735,-0.09437917222666932,0.00048185010867637826,-65.36417289132847,-141.0202897430771,0.7511691652972807
CAF vs AFC,CAF,AFC,2017-10,-0.04358307448092954,-0.09431250091586074,0.0005009969497561101,-65.2980471151764,-141.02574222207232,0.7810514037875379
CAF vs AFC,CAF,AFC,2017-11,-0.04354183901890291,-0.09425029185740041,0.0005159963729938375,-65.23478196889874,-141.0306424005873,0.8044629235909418
CAF vs AFC,CAF,AFC,2017-12,-0.04350249517711058,-0.09419267873404177,0.000526734600634299,-65.17448068450786,-141.03499699596176,0.8212260920313652
CAF vs AFC,CAF,AFC,2018-01,-0.04346510963206583,-0.09413979522853486,0.0005330978549238311,-65.1172465078736,-141.0388127111877,0.831163261124293
CAF vs AFC,CAF,AFC,2018-02,-0.04342974906028154,-0.09408848424709468,0.0005349723581096593,-65.0631827028943,-141.04209623427568,0.8340967662731646
CAF vs AFC,CAF,AFC,2018-03,-0.043396480138270556,-0.09399766739824607,0.0005519862400326718,-65.01239255580445,-141.04485423767207,0.8464305977812101
CAF vs AFC,CAF,AFC,2018-04,-0.0433653695425461,-0.09391151305579841,0.0006057129190359933,-64.96497937961702,-141.04247226849614,0.928885416547142
CAF vs AFC,CAF,AFC,2018-05,-0.04333648394962105,-0.09391290676519373,0.0006233306437445557,-64.921046518699,-141.00731890338673,0.9494203311062817
CAF vs AFC,CAF,AFC,2018-06,-0.04330989003600833,-0.09394310515077127,0.0007150329328580606,-64.88069735348382,-140.97542362185538,1.0975799746197346
CAF vs AFC,CAF,AFC,2018-07,-0.043285654478221094,-0.093944550436763,0.0007719766274688347,-64.8440353053187,-140.94689918383028,1.183753005050327
CAF vs AFC,CAF,AFC,2018-08,-0.04326384395277217,-0.09393346468883376,0.0008206640896465577,-64.8111638414467,-140.9218584062047,1.258300328445098
CAF vs AFC,CAF,AFC,2018-09,-0.04324452513617463,-0.09392782980557524,0.0008675402801706408,-64.78218648012623,-140.90041416863943,1.3302691561384208
CAF vs AFC,CAF,AFC,2018-10,-0.043227764704941475,-0.09392776802753038,0.0009032982267828777,-64.7572067958856,-140.88267941952472,1.3685804967725614
CAF vs AFC,CAF,AFC,2018-11,-0.04321362933558568,-0.09393340159524714,0.0009082694868828043,-64.73632842491472,-140.86876718209328,1.3761409968381326
CAF vs AFC,CAF,AFC,2018-12,-0.04320218570462015,-0.09394485274926936,0.0009116454184013147,-64.71965507059373,-140.85879056070235,1.3812867916152793
CAF vs AFC,CAF,AFC,2019-01,-0.04319350048855797,-0.09396224373014243,0.0009133907490117491,-64.70729050915907,-140.85286274725883,1.3839645502760287
CAF vs AFC,CAF,AFC,2019-02,-0.04318764036391214,-0.09398569677841184,0.0009134702063873598,-64.69933859550713,-140.85109702782086,1.384120916624202
CAF vs AFC,CAF,AFC,2019-03,-0.04318467200719559,-0.09401533413462229,0.0009118485182023749,-64.69590326913615,-140.85360678935317,1.3817025069485291
CAF vs AFC,CAF,AFC,2019-04,-0.043184662094921326,-0.09405127803931994,0.0009179449369750678,-64.6970885602272,-140.8605055266342,1.4352909687666462
CAF vs AFC,CAF,AFC,2019-05,-0.04318767730360236,-0.0940936507330504,0.0009673933808245555,-64.70299859586409,-140.92945094099994,1.5127123341233037
CAF vs AFC,CAF,AFC,2019-06,-0.04319378430975166,-0.09414257445635821,0.0010186385810136214,-64.71373760639305,-141.02112048321598,1.5929611975954778
CAF vs AFC,CAF,AFC,2019-07,-0.04320304978988222,-0.0941981714497897,0.001071698078946373,-64.72940993192293,-141.0338601646347,1.676066317816935
CAF vs AFC,CAF,AFC,2019-08,-0.04321554042050704,-0.09422267159579581,0.0011265894160297591,-64.75012002896626,-141.0326295054109,1.7620565343226209
CAF vs AFC,CAF,AFC,2019-09,-0.043231322878139106,-0.0942256831523431,0.001183330133671262,-64.77597247722191,-141.03024812672044,1.8509607703175606
CAF vs AFC,CAF,AFC,2019-10,-0.04325037226212146,-0.09422553942147918,0.001241960074210931,-64.80693375082285,-141.0206568984375,1.9428428222487089
CAF vs AFC,CAF,AFC,2019-11,-0.0432722973631174,-0.09421372490674088,0.0013026082837225487,-64.84241746255569,-141.0532454194003,2.037905730822967
CAF vs AFC,CAF,AFC,2019-12,-0.043296615394620305,-0.09419290178183633,0.0013567953192807453,-64.881698965483,-141.0955259836707,2.0855065685141856
CAF vs AFC,CAF,AFC,2020-01,-0.04332284357012346,-0.09417107983480752,0.0013753604828869088,-64.92405355060488,-141.1406891461574,2.114238651809131
CAF vs AFC,CAF,AFC,2020-02,-0.04335049910312027,-0.09414795710825744,0.001366941061617232,-64.96875642150414,-141.15766847129012,2.1309573544764016
CAF vs AFC,CAF,AFC,2020-03,-0.04337909920710424,-0.09412323164478553,0.0014022661872729709,-65.01508266936347,-141.17596884554712,2.1557871287071153
CAF vs AFC,CAF,AFC,2020-04,-0.04340816109556847,-0.09412897564602592,0.0014180885250546706,-65.06230724835409,-141.29962696558337,2.180091183028646
CAF vs AFC,CAF,AFC,2020-05,-0.043437201982006464,-0.09414312804797058,0.0013574329274697004,-65.1097049513982,-141.35352128083872,2.0591523356475525
CAF vs AFC,CAF,AFC,2020-06,-0.043465739079911636,-0.09411988742214375,0.0012161427282182725,-65.15655038630166,-141.40552939266715,1.845175871174995
CAF vs AFC,CAF,AFC,2020-07,-0.043493289602777194,-0.09409196569620408,0.0010720959167907693,-65.20211795225914,-141.4638365230435,1.626634600641604
CAF vs AFC,CAF,AFC,2020-08,-0.04351937076409659,-0.09405286317671128,0.000927983496445992,-65.24568181673281,-141.5199727210213,1.4081600736238458
CAF vs AFC,CAF,AFC,2020-09,-0.04354349977736319,-0.09409107480812504,0.0007876011085212612,-65.28651589270247,-141.57315090312142,1.195300563531182
CAF vs AFC,CAF,AFC,2020-10,-0.043565193856070314,-0.0942292867091866,0.0007048211022930306,-65.32389381628973,-141.6225835718354,1.0770031507991875
CAF vs AFC,CAF,AFC,2020-11,-0.043583970213711326,-0.09417978640174071,0.0007373723437265483,-65.35708892475589,-141.66748279166347,1.1267704419262232
CAF vs AFC,CAF,AFC,2020-12,-0.04359934606377964,-0.09412614687144219,0.0006407832706823259,-65.38537423487433,-141.7062681179422,0.982089983846187
CAF vs AFC,CAF,AFC,2021-01,-0.043610838619768534,-0.09412659304189415,0.0005789137838228381,-65.40802242167688,-141.72710423770204,0.8781583476796668
CAF vs AFC,CAF,AFC,2021-02,-0.043617965095171435,-0.09418782657892817,0.00045827236791681785,-65.42430579757688,-141.741109806893,0.710087770859563
CAF vs AFC,CAF,AFC,2021-03,-0.043620242703481645,-0.0942435816952801,0.00039589461844523875,-65.43349629186659,-141.74752966578376,0.6080691020443955
CAF vs AFC,CAF,AFC,2021-04,-0.04361718865819256,-0.09429679591459306,0.0003963511729293236,-65.4348654305915,-141.7456081144861,0.6088001706800228
CAF vs AFC,CAF,AFC,2021-05,-0.04360832017279753,-0.09434694306773102,0.00040100019689223384,-65.42768431680024,-141.79811482626525,0.6159756868625873
CAF vs AFC,CAF,AFC,2021-06,-0.04359315446078993,-0.0943022274723317,0.0004102765258317562,-65.41122361117117,-141.76477854650827,0.6302653280006645
CAF vs AFC,CAF,AFC,2021-07,-0.04357120873566307,-0.0941813504453441,0.0004246149952422135,-65.38475351301447,-141.70968322137972,0.6523391089699179
CAF vs AFC,CAF,AFC,2021-08,-0.04354200021091043,-0.0941074566822643,0.0005070925220270462,-65.34754374165071,-141.6674838388007,0.7955569588860184
CAF vs AFC,CAF,AFC,2021-09,-0.04350504610002515,-0.09413690447539795,0.0006428923169344165,-65.29886351816317,-141.61319494068997,1.0092124958928472
CAF vs AFC,CAF,AFC,2021-10,-0.043459863616500796,-0.09415452346638889,0.0007160220847912644,-65.23798154752637,-141.54606274001839,1.0875020242049382
CAF vs AFC,CAF,AFC,2021-11,-0.04340596997383073,-0.0941595131529696,0.0007643668913423962,-65.16416600110573,-141.46533280413388,1.1613388619753617
CAF vs AFC,CAF,AFC,2021-12,-0.04334288238550805,-0.09415107303287415,0.0008194886980421002,-65.07668449952958,-141.38030671489298,1.245496311351608
CAF vs AFC,CAF,AFC,2022-01,-0.043270118065026446,-0.09412840260383333,0.0008817189358750333,-64.97480409593216,-141.28457799367027,1.3404817156832114
CAF vs AFC,CAF,AFC,2022-02,-0.04318719422587916,-0.09409070136358207,0.0009513890358240315,-64.857791259562,-141.17256282588767,1.4468028295122874
CAF vs AFC,CAF,AFC,2022-03,-0.04309362808155932,-0.094035089089498,0.0010217468416130885,-64.72491185975662,-141.0434663475105,1.5517635607256062
CAF vs AFC,CAF,AFC,2022-04,-0.04298893684556068,-0.09395854370185304,0.0010988478795380216,-64.57543115028048,-140.89649301031818,1.6689044437446756
CAF vs AFC,CAF,AFC,2022-05,-0.04287263773137645,-0.09386497870033499,0.0012187808955879803,-64.40861375401822,-140.73084657716217,1.9154432508841674
CAF vs AFC,CAF,AFC,2022-06,-0.042744247952499606,-0.09375361872076135,0.0014642362445718474,-64.22372364802494,-140.54422917778658,2.301886406216426
CAF vs AFC,CAF,AFC,2022-07,-0.04260328472242421,-0.093623688398948,0.0017240572040362746,-64.02002414892765,-140.32514521355026,2.71104278232784
CAF vs AFC,CAF,AFC,2022-08,-0.04244926525464328,-0.09347441237071337,0.001888964959173739,-63.79677789866713,-140.0855456367801,2.928223610773785
CAF vs AFC,CAF,AFC,2022-09,-0.042281706762649696,-0.093305015271874,0.002004622009886189,-63.55324685058345,-139.8246716602924,3.108010065662982
CAF vs AFC,CAF,AFC,2022-10,-0.04210012645993773,-0.09311472173824673,0.002146509415006092,-63.28869225583538,-139.54176380216074,3.310593896721418
CAF vs AFC,CAF,AFC,2022-11,-0.04190404156000034,-0.09290275640565068,0.002540352053523012,-63.00237465014047,-139.23606188637248,3.7684323659793306
CAF vs AFC,CAF,AFC,2022-12,-0.04169296927633024,-0.09266834390990009,0.0029367622113076653,-62.69355384083902,-138.90680504445703,4.355385915240562
CAF vs AFC,CAF,AFC,2023-01,-0.04146642682242196,-0.09241029579890751,0.003333441269247572,-62.36148889427066,-138.55323171810193,4.957503826701479
CAF vs AFC,CAF,AFC,2023-02,-0.041223931411768326,-0.09211835792385563,0.003534118626672454,-62.00543812344391,-138.17457966268532,5.416437924932494
CAF vs AFC,CAF,AFC,2023-03,-0.04096500025786194,-0.09180050676398488,0.0036415304778459174,-61.62465907600559,-137.7700859518014,5.563672776103013
CAF vs AFC,CAF,AFC,2023-04,-0.04068915057419762,-0.091455933439298,0.003734837670927227,-61.21840852249326,-137.49371946191616,5.707253700771291
CAF vs AFC,CAF,AFC,2023-05,-0.04039589957426796,-0.09108382906979177,0.003840123683613755,-60.78594244484767,-137.16671020904926,5.908553816022834
CAF vs AFC,CAF,AFC,2023-06,-0.04008476447156555,-0.09068338477546538,0.004245127213314505,-60.32651602519345,-136.65047725473823,6.701445928756015
CAF vs AFC,CAF,AFC,2023-07,-0.039755262479585364,-0.09025379167631917,0.004697771394446491,-59.83938363486552,-136.11296796999272,7.085219493795426
CAF vs AFC,CAF,AFC,2023-08,-0.03940691081181995,-0.08979424089234982,0.004965146110490302,-59.32379882365607,-135.5537634337738,7.478368909649764
CAF vs AFC,CAF,AFC,2023-09,-0.039039226681761664,-0.0893039235435574,0.005245511695528069,-58.779014309289,-134.97244427662665,7.904976841741841
CAF vs AFC,CAF,AFC,2023-10,-0.03865172730290589,-0.08878203074994225,0.005600324023721723,-58.20428196709647,-134.3604173870141,8.413518914545337
CAF vs AFC,CAF,AFC,2023-11,-0.03824392988874496,-0.08822775363150188,0.006056873263062271,-57.59885281986619,-133.71076119555408,9.262168121267575
CAF vs AFC,CAF,AFC,2023-12,-0.037815351652771056,-0.08773942865195564,0.00664265541667576,-56.96197702786836,-133.0365754394953,10.156919168862022
CAF vs AFC,CAF,AFC,2024-01,-0.0373655098084799,-0.08727753600949413,0.007253685978799135,-56.29290387903169,-132.3374155760597,11.08592690557176
CAF vs AFC,CAF,AFC,2024-02,-0.036893921569363684,-0.0866102908923346,0.007697104028907281,-55.590881779231225,-131.61283661998982,12.052221137205775
CAF vs AFC,CAF,AFC,2024-03,-0.03640010414891444,-0.0859112195568728,0.008033445487468503,-54.85515824269854,-130.98952035457506,12.641352666362037
CAF vs AFC,CAF,AFC,2024-04,-0.03588357476062813,-0.08519503360823441,0.008383079347145843,-54.08497988251809,-130.29829938423487,13.192284928954919
CAF vs AFC,CAF,AFC,2024-05,-0.03534385061799687,-0.08457721223021579,0.008746295415202152,-53.279592401167136,-129.33610697777158,13.752362263355694
CAF vs AFC,CAF,AFC,2024-06,-0.03478044893451243,-0.08393086889655134,0.00927580549986356,-52.43824058110977,-128.5156395525097,14.330147420470503
CAF vs AFC,CAF,AFC,2024-07,-0.03419288692367127,-0.08341173340016125,0.009956003829424983,-51.560168275404685,-127.66825622938444,15.174054715266214
CAF vs AFC,CAF,AFC,2024-08,-0.03358068179896519,-0.08310670492939413,0.010339739314574747,-50.644618398275746,-126.73047485732937,15.762982525385869
CAF vs AFC,CAF,AFC,2024-09,-0.03294335077388583,-0.0827873197467865,0.010820146155587476,-49.69083291565958,-125.91033816701295,16.687381724542167
CAF vs AFC,CAF,AFC,2024-10,-0.032280411061930005,-0.08245091462421832,0.011671189549373987,-48.69805283568122,-124.99716922155571,18.004727134068947
CAF vs AFC,CAF,AFC,2024-11,-0.031591379876589366,-0.08210375500132225,0.012561232347850554,-47.66551819900175,-124.05642598151714,19.36706052670413
CAF vs AFC,CAF,AFC,2024-12,-0.030875774431355283,-0.08174565507501104,0.013301322083223422,-46.592468069052565,-123.08577135964471,20.40750728507051
CAF vs AFC,CAF,AFC,2025-01,-0.03013311193972501,-0.08108654941782686,0.014182659158609294,-45.4781405221012,-121.99396395307676,22.184711211990372
CAF vs AFC,CAF,AFC,2025-02,-0.029362909615190048,-0.08026431989965248,0.015074288473223866,-44.321772637085,-121.0493635926903,23.348491021427648
CAF vs AFC,CAF,AFC,2025-03,-0.028564684671241482,-0.07939210573975464,0.01585391017821793,-43.12260048522854,-119.99899213621293,24.30114793222163
CAF vs AFC,CAF,AFC,2025-04,-0.027737954321377045,-0.0784891607549055,0.016667378929720165,-41.87985911938339,-118.91915695977977,25.758886643203294
CAF vs AFC,CAF,AFC,2025-05,-0.026882235779087965,-0.07755497040441228,0.017450186719812553,-40.592782563017906,-117.78394496664215,26.9157071759265
CAF vs AFC,CAF,AFC,2025-06,-0.025997046257865142,-0.07666721262281624,0.018160877865008185,-39.26060379887501,-116.2250480218799,28.103449079353187
CAF vs AFC,CAF,AFC,2025-07,-0.025081902971206764,-0.07560367868563285,0.018954144521378277,-37.88255475722848,-114.5144685606942,29.335966945006316
CAF vs AFC,CAF,AFC,2025-08,-0.02413632313260382,-0.0746900656636547,0.019908500669593585,-36.45786630365779,-113.27768222944549,30.841801877888628
CAF vs AFC,CAF,AFC,2025-09,-0.023159823955547002,-0.07389051799245352,0.02120983093895634,-34.9857682263608,-112.30540781541727,32.77752234716178
CAF vs AFC,CAF,AFC,2025-10,-0.022151922653534918,-0.07286242930066825,0.0222635618672246,-33.4654892229264,-111.29821008655546,34.78061148251723
CAF vs AFC,CAF,AFC,2025-11,-0.021112136440058323,-0.072159380904295,0.02369263107202857,-31.89625688647933,-109.65186996038305,36.21377424350765
CAF vs AFC,CAF,AFC,2025-12,-0.020039982528607683,-0.07136580702909745,0.025067199514244895,-30.277297691217356,-107.63310872573122,37.92782249097866
CAF vs AFC,CAF,AFC,2026-01,-0.01893497813268212,-0.07018375622299064,0.026118348909364538,-28.607836977254596,-105.52606942791918,40.18618441403882
CAF vs AFC,CAF,AFC,2026-02,-0.01779664046577215,-0.06892039665903807,0.02758845294967722,-26.887098934674487,-103.6335229098059,42.51265403486997
CAF vs AFC,CAF,AFC,2026-03,-0.01662448674136789,-0.06747358916667871,0.029006725802495473,-25.1143065868136,-102.32448238859027,44.91246173826221
CAF vs AFC,CAF,AFC,2026-04,-0.015418034172969141,-0.06637151391992328,0.03069101953636037,-23.28868177268224,-100.82895870800854,47.09922647335286
CAF vs AFC,CAF,AFC,2026-05,-0.014176799974066026,-0.06532083062292626,0.03234624131854371,-21.409445128413854,-99.4018667889588,48.59728730047662
CAF vs AFC,CAF,AFC,2026-06,-0.012900301358148444,-0.06415259249891121,0.03333823010307512,-19.475816067768818,-97.89828831658788,51.32250896710995
CAF vs AFC,CAF,AFC,2026-07,-0.011588055538716634,-0.06312565096682184,0.03425323529461912,-17.4870127615864,-95.93092658072732,52.79007130234194
CAF vs AFC,CAF,AFC,2026-08,-0.010239579729260616,-0.06200617612567845,0.03520510228758699,-15.442252116069517,-94.35913535857898,55.17000060035283
CONCACAF vs OFC,CONCACAF,OFC,1992-01,-0.06374967495484743,-0.1180610867623495,-0.015095011593997933,-91.77153628174146,-167.66208783342043,-21.57076206441027
CONCACAF vs OFC,CONCACAF,OFC,1992-02,-0.06676753541809136,-0.12047124769548101,-0.01839445228320069,-96.11595067725644,-170.82326355865615,-26.81439822161458
CONCACAF vs OFC,CONCACAF,OFC,1992-03,-0.06967724479330523,-0.122681543571758,-0.02176169446083019,-100.307309099938,-174.1098121423605,-31.479995973057395
CONCACAF vs OFC,CONCACAF,OFC,1992-04,-0.0724803307225559,-0.12460033291684951,-0.0247846778191883,-104.34788632149028,-177.1197669574967,-35.97120304017544
CONCACAF vs OFC,CONCACAF,OFC,1992-05,-0.07517832084793415,-0.12723842746758235,-0.027688460473170997,-108.23993992419084,-180.67002856505917,-40.48466295655189
CONCACAF vs OFC,CONCACAF,OFC,1992-06,-0.07777274281152971,-0.12944100421035445,-0.03047485065357649,-111.98571128896519,-185.35100256292944,-44.31250343208858
CONCACAF vs OFC,CONCACAF,OFC,1992-07,-0.08026512425541117,-0.1330995191077727,-0.0331934680386877,-115.58742654700168,-189.5265376205536,-48.4197826759524
CONCACAF vs OFC,CONCACAF,OFC,1992-08,-0.08265699282166855,-0.136057284092192,-0.03580403088952711,-119.04729749635031,-193.12613432484721,-52.177206661523876
CONCACAF vs OFC,CONCACAF,OFC,1992-09,-0.08494987615239062,-0.13850550985598598,-0.03850712316002359,-122.36752248462919,-196.93724989153307,-55.65529939770883
CONCACAF vs OFC,CONCACAF,OFC,1992-10,-0.08714530188964764,-0.14024716383235983,-0.04094303886318072,-125.55028725919742,-200.85317819897446,-59.5768907947954
CONCACAF vs OFC,CONCACAF,OFC,1992-11,-0.0892447976755288,-0.14292075641370458,-0.04313317827490458,-128.59776578607455,-203.79824365639607,-62.69804978945408
CONCACAF vs OFC,CONCACAF,OFC,1992-12,-0.09124989115212215,-0.14489734475699137,-0.04542228130901954,-131.51212103860598,-206.83947300222295,-65.90791300968951
CONCACAF vs OFC,CONCACAF,OFC,1993-01,-0.09316210996149944,-0.14676373657179648,-0.04768526707034521,-134.29550575707825,-208.38245444565223,-69.44175127975528
CONCACAF vs OFC,CONCACAF,OFC,1993-02,-0.0949829817457491,-0.14838363942284305,-0.049354716326263544,-136.95006318041789,-211.46311453662273,-71.9229499965747
CONCACAF vs OFC,CONCACAF,OFC,1993-03,-0.09671403414695849,-0.14994390724296242,-0.05107474534361419,-139.47792775085733,-213.99170643073347,-75.02644348093018
CONCACAF vs OFC,CONCACAF,OFC,1993-04,-0.09835679480720082,-0.15158896337895297,-0.052851622582687795,-141.8812257926319,-215.886366645981,-77.3131250031859
CONCACAF vs OFC,CONCACAF,OFC,1993-05,-0.09991279136856371,-0.1527285669092822,-0.05458375626808172,-144.16207616570594,-217.99966208610746,-79.77299794240616
CONCACAF vs OFC,CONCACAF,OFC,1993-06,-0.10138355147313384,-0.15424754187419337,-0.05610860989461682,-146.32259089530638,-219.76205307249967,-81.59960791515772
CONCACAF vs OFC,CONCACAF,OFC,1993-07,-0.10277060276298594,-0.15583277394965278,-0.0575432661429995,-148.36487577819963,-221.45918025834516,-84.1767376259211
CONCACAF vs OFC,CONCACAF,OFC,1993-08,-0.10407547288020684,-0.1571216552035562,-0.05887750924514723,-150.29103096658255,-223.06361926973426,-86.46944336303112
CONCACAF vs OFC,CONCACAF,OFC,1993-09,-0.10529968946688249,-0.15735387963031047,-0.06026630513562865,-152.1031515302741,-224.60442071712797,-88.63678365961702
CONCACAF vs OFC,CONCACAF,OFC,1993-10,-0.10644478016508901,-0.1582986024699098,-0.06130783103443705,-153.80332799802036,-226.03769268821824,-90.0876869242863
CONCACAF vs OFC,CONCACAF,OFC,1993-11,-0.10751227261691262,-0.15943902697468498,-0.06239186372720395,-155.3936468786714,-227.38757930014756,-91.42961773731268
CONCACAF vs OFC,CONCACAF,OFC,1993-12,-0.1085036944644386,-0.16058077783093755,-0.063316608677754,-156.87619116282667,-228.6555354861724,-92.94330471127311
CONCACAF vs OFC,CONCACAF,OFC,1994-01,-0.10942057334974437,-0.16182627496361043,-0.06431253789488163,-158.25304080565414,-229.8430113214781,-94.11104374220594
CONCACAF vs OFC,CONCACAF,OFC,1994-02,-0.11026443691491533,-0.16342485229628792,-0.06531673573266839,-159.52627319153274,-231.74703507418022,-95.09351453275977
CONCACAF vs OFC,CONCACAF,OFC,1994-03,-0.11103681280203638,-0.16404133061417517,-0.06579116405875025,-160.69796358103696,-233.27317972425678,-95.8189895540566
CONCACAF vs OFC,CONCACAF,OFC,1994-04,-0.11173922865318602,-0.16458465925616478,-0.06630108120511684,-161.77018554086445,-234.17827386675057,-96.74628813153012
CONCACAF vs OFC,CONCACAF,OFC,1994-05,-0.1123732121104492,-0.1650726537120793,-0.06698755266136236,-162.74501135726004,-235.83774988685732,-97.8868185993607
CONCACAF vs OFC,CONCACAF,OFC,1994-06,-0.1129402908159101,-0.16551775616829695,-0.0677112119542581,-163.62451243338018,-237.77473489929127,-98.4921025902927
CONCACAF vs OFC,CONCACAF,OFC,1994-07,-0.11344199241164837,-0.16592141050120085,-0.06808123393237119,-164.41075967110564,-239.52425802835106,-99.02668335059238
CONCACAF vs OFC,CONCACAF,OFC,1994-08,-0.11387984453974838,-0.16640261964341954,-0.06827828192740974,-165.10582383776335,-240.16292340182426,-99.47355471452754
CONCACAF vs OFC,CONCACAF,OFC,1994-09,-0.1142553748422939,-0.1669665416737137,-0.06861158178921808,-165.71177591813645,-241.05897843924998,-99.83486798739253
CONCACAF vs OFC,CONCACAF,OFC,1994-10,-0.11457011096136556,-0.1673359992409511,-0.06880692945731999,-166.23068745217984,-241.59170147807583,-100.11276963037767
CONCACAF vs OFC,CONCACAF,OFC,1994-11,-0.11482558053904718,-0.16751398025730513,-0.06882193030169902,-166.66463085882296,-241.40387687015883,-100.30940196778054
CONCACAF vs OFC,CONCACAF,OFC,1994-12,-0.115023311217422,-0.16798205307906913,-0.06872482748208857,-167.01567974617225,-241.60471890464228,-100.42690387093369
CONCACAF vs OFC,CONCACAF,OFC,1995-01,-0.11516483063857176,-0.16819841020718118,-0.0685976114780516,-167.28590920845483,-241.84771507102175,-100.4674114191724
CONCACAF vs OFC,CONCACAF,OFC,1995-02,-0.11525166644457968,-0.16826460655272638,-0.06855183160564984,-167.47739611000435,-242.047449008119,-100.43305853812123
CONCACAF vs OFC,CONCACAF,OFC,1995-03,-0.11528534627752868,-0.16822391989955107,-0.06864939539113017,-167.59221935654807,-242.20486856170305,-100.3259776155386
CONCACAF vs OFC,CONCACAF,OFC,1995-04,-0.11526739777950124,-0.168374757206715,-0.06859868394454507,-167.63246015406082,-242.3209185254489,-100.14830009497042
CONCACAF vs OFC,CONCACAF,OFC,1995-05,-0.11519934859258026,-0.16857617272488662,-0.06847247982871979,-167.60020225541768,-242.3965410750711,-99.92083175091415
CONCACAF vs OFC,CONCACAF,OFC,1995-06,-0.11508272635884806,-0.1687211597099123,-0.06854580275313334,-167.497532195052,-242.6913922254105,-99.68620647802449
CONCACAF vs OFC,CONCACAF,OFC,1995-07,-0.11491905872038818,-0.16873780950085432,-0.0685275123109035,-167.32653951181857,-242.96978544175508,-99.34095084018803
CONCACAF vs OFC,CONCACAF,OFC,1995-08,-0.11470987331928298,-0.16848835546989763,-0.06827959932421865,-167.0893169602275,-242.9925410933492,-99.12195056785524
CONCACAF vs OFC,CONCACAF,OFC,1995-09,-0.11445669779761446,-0.1679382021230297,-0.06794808889413259,-166.78796071021125,-242.31161701954164,-98.89378216567025
CONCACAF vs OFC,CONCACAF,OFC,1995-10,-0.11416105979746682,-0.1676488541548947,-0.06759085875694423,-166.42457053556103,-242.19130685677825,-98.63707393504909
CONCACAF vs OFC,CONCACAF,OFC,1995-11,-0.11382448696092208,-0.16703153618551658,-0.06721536164745348,-166.00124999114277,-242.03517499877194,-98.3412628031355
CONCACAF vs OFC,CONCACAF,OFC,1995-12,-0.11344850693006203,-0.1666947600456902,-0.06684482562440483,-165.5201065790109,-241.83329666278397,-98.00755797544
CONCACAF vs OFC,CONCACAF,OFC,1996-01,-0.11303464734697133,-0.16642108394613225,-0.06638607684204212,-164.9832519035031,-240.94378405760395,-97.6371697426167
CONCACAF vs OFC,CONCACAF,OFC,1996-02,-0.11258443585373186,-0.16612226161559884,-0.06593253565672921,-164.39280181537325,-239.94936044676032,-97.23130989842983
CONCACAF vs OFC,CONCACAF,OFC,1996-03,-0.11209940009242496,-0.1658724930707053,-0.06546289577207585,-163.75087654504404,-239.4700789387639,-96.65606230373461
CONCACAF vs OFC,CONCACAF,OFC,1996-04,-0.111581067705136,-0.165543013821064,-0.06497705180331798,-163.05960082501377,-239.1959266597162,-96.09473016261553
CONCACAF vs OFC,CONCACAF,OFC,1996-05,-0.11103096633394648,-0.16501942394729713,-0.06440948696708891,-162.32110400142906,-238.88673550687815,-95.48148989904935
CONCACAF vs OFC,CONCACAF,OFC,1996-06,-0.11045062362093751,-0.16447295864567107,-0.06376843896868052,-161.53752013487156,-237.6646186860869,-94.56501825402147
CONCACAF vs OFC,CONCACAF,OFC,1996-07,-0.10984156720819495,-0.16389790483769767,-0.06319442427595585,-160.71098809035192,-236.17292478815253,-93.3167672118883
CONCACAF vs OFC,CONCACAF,OFC,1996-08,-0.1092053247378001,-0.16327104917321567,-0.06256606891482998,-159.84365161648216,-234.8505179756311,-92.02041099465588
CONCACAF vs OFC,CONCACAF,OFC,1996-09,-0.10854342385183383,-0.16226877014939314,-0.061707065829839404,-158.93765941384754,-234.36633594719873,-90.95794185156919
CONCACAF vs OFC,CONCACAF,OFC,1996-10,-0.10785739219238245,-0.16129737560608087,-0.0609817396524007,-157.99516519253402,-233.74224871396223,-90.0613499806317
CONCACAF vs OFC,CONCACAF,OFC,1996-11,-0.10714875740152703,-0.16083089810705045,-0.06023327348055992,-157.01832771875013,-233.0868739672988,-89.13296768780016
CONCACAF vs OFC,CONCACAF,OFC,1996-12,-0.10641904712134821,-0.1601673806196752,-0.059487834187234606,-156.0093108505406,-232.3860302199687,-88.18118826225086
CONCACAF vs OFC,CONCACAF,OFC,1997-01,-0.10566978899393273,-0.15916321839492825,-0.05889688851894093,-154.97028356251886,-231.63449227653933,-87.32153683848068
CONCACAF vs OFC,CONCACAF,OFC,1997-02,-0.10490251066136141,-0.15814016096337333,-0.05836765070860364,-153.9034199595281,-230.85371288055245,-86.69719015201918
CONCACAF vs OFC,CONCACAF,OFC,1997-03,-0.10411873976571485,-0.1571005302733937,-0.05768347124988616,-152.81089927921352,-229.8212989982907,-85.96622335322628
CONCACAF vs OFC,CONCACAF,OFC,1997-04,-0.10332000394907997,-0.1561232244589943,-0.0569960732055876,-151.69490588340548,-228.5789477446611,-85.21425391424305
CONCACAF vs OFC,CONCACAF,OFC,1997-05,-0.10250783085353753,-0.15519077564665565,-0.0562556462530254,-150.5576292382068,-227.10513348791608,-83.78987771893517
CONCACAF vs OFC,CONCACAF,OFC,1997-06,-0.1016837481211679,-0.1541835646844536,-0.055520384857074404,-149.4012638827493,-225.2702794521325,-82.03715163806436
CONCACAF vs OFC,CONCACAF,OFC,1997-07,-0.1008492833940584,-0.15296257392565743,-0.05468837909606462,-148.22800938650676,-223.36955313206906,-80.80759300972981
CONCACAF vs OFC,CONCACAF,OFC,1997-08,-0.10000596431428949,-0.15173642134497944,-0.05400603898554715,-147.04007029503936,-221.58048026706072,-79.6669235070273
CONCACAF vs OFC,CONCACAF,OFC,1997-09,-0.09915531852394167,-0.15086317822780596,-0.053254952558427916,-145.83965606413065,-220.261806808662,-78.51215171844355
CONCACAF vs OFC,CONCACAF,OFC,1997-10,-0.09829887366510219,-0.15008180566402446,-0.052557068017014964,-144.62898098219068,-219.2669784575248,-77.36026628671252
CONCACAF vs OFC,CONCACAF,OFC,1997-11,-0.09743815737985162,-0.14929151350467745,-0.05166515820887187,-143.41026408079532,-218.26104392371406,-76.21657736104815
CONCACAF vs OFC,CONCACAF,OFC,1997-12,-0.0965746973102703,-0.14829060486060702,-0.050822016421175085,-142.1857290333182,-216.7782088615087,-75.22065427297251
CONCACAF vs OFC,CONCACAF,OFC,1998-01,-0.09571002109844563,-0.14759493777942018,-0.0496666284964182,-140.95760404152767,-215.8208172631532,-73.92422186425726
CONCACAF vs OFC,CONCACAF,OFC,1998-02,-0.09484565638645806,-0.14665029034379745,-0.04858857090933122,-139.72812171001573,-215.1389443328147,-72.99901142546328
CONCACAF vs OFC,CONCACAF,OFC,1998-03,-0.09398313081638796,-0.14571063080182953,-0.04782257651621299,-138.49951890842058,-213.9481253104273,-71.73857418511373
CONCACAF vs OFC,CONCACAF,OFC,1998-04,-0.09312397203032285,-0.14477780673445423,-0.047071792961986256,-137.2740366213169,-212.1849869937958,-70.31414661289196
CONCACAF vs OFC,CONCACAF,OFC,1998-05,-0.09226970767034307,-0.1438536657225964,-0.04632680398774194,-136.05391978564697,-210.42866225595333,-69.0336791852665
CONCACAF vs OFC,CONCACAF,OFC,1998-06,-0.09142186537852902,-0.1429400553471841,-0.04568750452515396,-134.8414171156652,-208.8665639525502,-67.82973399481172
CONCACAF vs OFC,CONCACAF,OFC,1998-07,-0.0905819727969681,-0.14203882318915353,-0.04504919809216178,-133.6387809152769,-207.835646230345,-66.80702856343706
CONCACAF vs OFC,CONCACAF,OFC,1998-08,-0.08975155756774081,-0.1411518168294294,-0.04433484977520071,-132.44826687766133,-206.78071674579314,-66.04752467133927
CONCACAF vs OFC,CONCACAF,OFC,1998-09,-0.08893214733292759,-0.14026362084249905,-0.04355472991031326,-131.2721338721623,-205.23836245561722,-65.29375357667095
CONCACAF vs OFC,CONCACAF,OFC,1998-10,-0.08812526973461564,-0.1393909415503049,-0.0430136699850897,-130.11264371834773,-203.46785179573445,-64.55363382813485
CONCACAF vs OFC,CONCACAF,OFC,1998-11,-0.0873324524148855,-0.13863540224709986,-0.04232338115377374,-128.97206094714645,-202.13457733166064,-63.3637156859348
CONCACAF vs OFC,CONCACAF,OFC,1998-12,-0.08655522301581783,-0.13786338392474842,-0.041599689744590204,-127.85265254906727,-201.04317648405748,-61.84145416090145
CONCACAF vs OFC,CONCACAF,OFC,1999-01,-0.08579481735660723,-0.13720254420500377,-0.04067556531895127,-126.75626592690882,-200.13440962281524,-60.40767977375314
CONCACAF vs OFC,CONCACAF,OFC,1999-02,-0.08505130396487232,-0.1365003108925978,-0.04005412924791432,-125.68306193877602,-199.36594399870498,-59.53630296520749
CONCACAF vs OFC,CONCACAF,OFC,1999-03,-0.08432445954533958,-0.13577466062542562,-0.039433021366785025,-124.63277778238879,-198.60984403563242,-58.720837135750024
CONCACAF vs OFC,CONCACAF,OFC,1999-04,-0.0836140608027414,-0.13485468599268785,-0.03878621312599746,-123.60514848098427,-197.85532583222044,-57.937509018719396
CONCACAF vs OFC,CONCACAF,OFC,1999-05,-0.08291988444180419,-0.13406435741437242,-0.03821018244885256,-122.59990693637036,-197.1283607399795,-57.08803692681454
CONCACAF vs OFC,CONCACAF,OFC,1999-06,-0.0822417071672545,-0.13332344486754982,-0.037576232315978696,-121.61678398165219,-196.26848501791528,-56.05417571490713
CONCACAF vs OFC,CONCACAF,OFC,1999-07,-0.08157930568382454,-0.13266562091628925,-0.03695639360866535,-120.6555084335865,-195.31579084633626,-54.96726309989683
CONCACAF vs OFC,CONCACAF,OFC,1999-08,-0.08093245669624072,-0.13202843433697137,-0.03635043913376857,-119.7158071445228,-194.16372207604036,-53.90240538678574
CONCACAF vs OFC,CONCACAF,OFC,1999-09,-0.08030093690922988,-0.13141156280413385,-0.03575814169814434,-118.7974050539625,-192.93464810197366,-53.067669232912415
CONCACAF vs OFC,CONCACAF,OFC,1999-10,-0.0796845230275238,-0.1308146839923167,-0.035179274108650835,-117.90002523969277,-191.74266508662868,-52.32985255552482
CONCACAF vs OFC,CONCACAF,OFC,1999-11,-0.0790829917558492,-0.13023747557605675,-0.03460279930072945,-117.02338896845833,-190.57008373794395,-51.632587832707586
CONCACAF vs OFC,CONCACAF,OFC,1999-12,-0.07849611979893288,-0.12966690531251293,-0.03394014071535301,-116.16721574619922,-189.43360979774752,-50.97375784248883
CONCACAF vs OFC,CONCACAF,OFC,2000-01,-0.07792368386150651,-0.12888186969146848,-0.03345862518094292,-115.33122336781577,-188.33277187826013,-50.09128526734071
CONCACAF vs OFC,CONCACAF,OFC,2000-02,-0.07736546064829686,-0.12810970262570248,-0.03299355834911016,-114.51512796642531,-187.30295583719288,-49.22394695179575
CONCACAF vs OFC,CONCACAF,OFC,2000-03,-0.07682122686403084,-0.12735463009130643,-0.03247843209311579,-113.7186440621385,-186.55693312042854,-48.65710772486753
CONCACAF vs OFC,CONCACAF,OFC,2000-04,-0.0762907592134399,-0.126770522084604,-0.03190834739228699,-112.94148461031823,-185.82354425208752,-48.118890840998716
CONCACAF vs OFC,CONCACAF,OFC,2000-05,-0.0757738344012509,-0.12634252218097236,-0.03133892286682181,-112.1833610492892,-184.88455100173044,-47.61550834256951
CONCACAF vs OFC,CONCACAF,OFC,2000-06,-0.07527022913219093,-0.12592210040546795,-0.030848445020051164,-111.44398334752387,-183.88836715649137,-46.716255936872734
CONCACAF vs OFC,CONCACAF,OFC,2000-07,-0.0747797201109912,-0.12549479057058077,-0.030369025054103393,-110.72306005027133,-182.97543749828364,-45.74486147050375
CONCACAF vs OFC,CONCACAF,OFC,2000-08,-0.07430208404237859,-0.12512077549850256,-0.0299048625982836,-110.02029832559884,-182.35978226789925,-44.79246470081845
CONCACAF vs OFC,CONCACAF,OFC,2000-09,-0.07383709763108044,-0.12454766813036437,-0.029456206662477745,-109.33540400987172,-181.9467764301871,-43.85886254480081
CONCACAF vs OFC,CONCACAF,OFC,2000-10,-0.07338453758182761,-0.12394344797001336,-0.02901697306205706,-108.6680816526385,-181.6713182095101,-42.9438496635849
CONCACAF vs OFC,CONCACAF,OFC,2000-11,-0.07294418059934724,-0.12370037476838443,-0.028586983872303292,-108.01803456089684,-180.95148538402773,-42.0472185387286
CONCACAF vs OFC,CONCACAF,OFC,2000-12,-0.0725158033883666,-0.1235370356952092,-0.02816606116850157,-107.38496484276122,-180.09986035419428,-41.25031513014196
CONCACAF vs OFC,CONCACAF,OFC,2001-01,-0.07209918265361645,-0.12325738224686678,-0.02770474661648469,-106.76857345050492,-179.42934374605196,-40.62832709250778
CONCACAF vs OFC,CONCACAF,OFC,2001-02,-0.071694095099824,-0.1229050899004251,-0.02721400616430479,-106.16856022295133,-178.87235503691184,-40.03004563419016
CONCACAF vs OFC,CONCACAF,OFC,2001-03,-0.07130031743171665,-0.12252008238673477,-0.02669990967334246,-105.5846239272369,-178.32490590099513,-39.448676269075264
CONCACAF vs OFC,CONCACAF,OFC,2001-04,-0.0709176263540249,-0.12200700964852648,-0.0263151878530235,-105.0164622999186,-177.78692613515318,-38.87929391732054
CONCACAF vs OFC,CONCACAF,OFC,2001-05,-0.07054579857147619,-0.12151102936198846,-0.025880840817087157,-104.4637720874057,-177.25464166434716,-38.32165991477912
CONCACAF vs OFC,CONCACAF,OFC,2001-06,-0.0701846107887978,-0.12102302554784602,-0.025462902731209273,-103.92624908573302,-176.73209613455612,-37.77553448989592
CONCACAF vs OFC,CONCACAF,OFC,2001-07,-0.06983383971072026,-0.12055179187881757,-0.025061020882151272,-103.40358817965644,-176.22258521867036,-37.24067681692521
CONCACAF vs OFC,CONCACAF,OFC,2001-08,-0.06949326204197095,-0.12009706758039966,-0.02469006721758139,-102.8954833810463,-175.72674907849637,-36.71684506779777
CONCACAF vs OFC,CONCACAF,OFC,2001-09,-0.06916265448727735,-0.11965859187808783,-0.024337124813867607,-102.40162786660092,-175.23655922173847,-36.206157756003854
CONCACAF vs OFC,CONCACAF,OFC,2001-10,-0.06884179375136973,-0.11923610399738545,-0.0241538393611986,-101.92171401485794,-174.75388075653734,-35.70128731937293
CONCACAF vs OFC,CONCACAF,OFC,2001-11,-0.06853045653897558,-0.11882934316378732,-0.023799717986242905,-101.455433442485,-174.278137913585,-35.209073100908846
CONCACAF vs OFC,CONCACAF,OFC,2001-12,-0.06822841955482249,-0.11843804860279153,-0.02345671356750652,-101.0024770398688,-173.82485761970906,-34.72690846243687
CONCACAF vs OFC,CONCACAF,OFC,2002-01,-0.06793545950364056,-0.1180512250484417,-0.023127595074361684,-100.56253500598272,-173.37806606509346,-34.25454729628335
CONCACAF vs OFC,CONCACAF,OFC,2002-02,-0.06765135309015734,-0.11761467488170023,-0.022806055287277527,-100.1352968825174,-172.93783431020537,-33.890995599591534
CONCACAF vs OFC,CONCACAF,OFC,2002-03,-0.0673758770191005,-0.11737571695599333,-0.022632098653512817,-99.72045158729101,-172.4927556993463,-33.5345218284702
CONCACAF vs OFC,CONCACAF,OFC,2002-04,-0.06710880799519998,-0.11708012983170603,-0.022324165837923765,-99.31768744692215,-172.05821058795826,-33.3112331392674
CONCACAF vs OFC,CONCACAF,OFC,2002-05,-0.06684992272318345,-0.11703658406605162,-0.022022354431454488,-98.92669222875128,-171.64315845499195,-32.969443162224024
CONCACAF vs OFC,CONCACAF,OFC,2002-06,-0.06659899790777864,-0.11655717732797001,-0.021725048582956274,-98.54715317202634,-171.23667700040465,-32.483626803238096
CONCACAF vs OFC,CONCACAF,OFC,2002-07,-0.06635581025371529,-0.11624350346596653,-0.0214791806553214,-98.17875701833803,-170.83867974183744,-31.91861038696376
CONCACAF vs OFC,CONCACAF,OFC,2002-08,-0.06612013646572117,-0.11602677513783423,-0.021260325045141533,-97.82119004129126,-170.44907976551264,-31.38931762786068
CONCACAF vs OFC,CONCACAF,OFC,2002-09,-0.06589175324852407,-0.11581411516337993,-0.020999230385792794,-97.47413807542854,-170.51154021950993,-31.150725401971357
CONCACAF vs OFC,CONCACAF,OFC,2002-10,-0.06567043730685365,-0.11559464675794939,-0.02068426446372569,-97.13728654439126,-170.2188323794798,-30.721584679866716
CONCACAF vs OFC,CONCACAF,OFC,2002-11,-0.06545596534543771,-0.11537132247177889,-0.02047304681890059,-96.81032048830842,-169.94117735222656,-30.302109743465838
CONCACAF vs OFC,CONCACAF,OFC,2002-12,-0.06524811406900412,-0.11515155873614681,-0.020199412228832526,-96.49292459042657,-169.6897147074933,-29.90174754277979
CONCACAF vs OFC,CONCACAF,OFC,2003-01,-0.06504666018228238,-0.11493527726888027,-0.019928298007233194,-96.18478320296865,-169.44656352202924,-29.664885201873343
CONCACAF vs OFC,CONCACAF,OFC,2003-02,-0.06485138039000035,-0.11472233582156911,-0.01966830359200422,-95.88558037221337,-169.211364934471,-29.13573657889523
CONCACAF vs OFC,CONCACAF,OFC,2003-03,-0.06466205139688594,-0.11456421576233979,-0.019589526790564856,-95.59499986280696,-168.98375995908768,-29.134361565955622
CONCACAF vs OFC,CONCACAF,OFC,2003-04,-0.06447844990766863,-0.11469268608805931,-0.019274936067842367,-95.3127251812978,-168.76338951080774,-28.79024118273403
CONCACAF vs OFC,CONCACAF,OFC,2003-05,-0.06430035262707628,-0.11482511767681283,-0.019006892919984923,-95.03843959888498,-168.54989442899037,-28.312559496322802
CONCACAF vs OFC,CONCACAF,OFC,2003-06,-0.06412753625983689,-0.11494568536418073,-0.018807940761448677,-94.77182617339393,-168.3601145746305,-27.84039853227887
CONCACAF vs OFC,CONCACAF,OFC,2003-07,-0.06395977751067976,-0.11473091265775563,-0.01861566649099392,-94.51256777046918,-168.3082215205629,-27.373634367233006
CONCACAF vs OFC,CONCACAF,OFC,2003-08,-0.06379685308433283,-0.11450688109264866,-0.01842868122740039,-94.26034708397783,-168.26619859077832,-26.91867694160286
CONCACAF vs OFC,CONCACAF,OFC,2003-09,-0.06363853968552412,-0.11428919664669146,-0.018213800397981494,-94.0148466556347,-168.23767773167216,-26.576889294148263
CONCACAF vs OFC,CONCACAF,OFC,2003-10,-0.06348461401898288,-0.11441818729731193,-0.01800230454392465,-93.77574889384192,-168.22216432664368,-26.245122897994374
CONCACAF vs OFC,CONCACAF,OFC,2003-11,-0.06333485278943715,-0.11429474837320881,-0.017811667621740048,-93.54273609173593,-168.21916399500253,-25.959902771433953
CONCACAF vs OFC,CONCACAF,OFC,2003-12,-0.06318903270161493,-0.11412772989861372,-0.017577514507160347,-93.31549044445364,-168.2281826155559,-25.88045730756758
CONCACAF vs OFC,CONCACAF,OFC,2004-01,-0.06304693046024537,-0.11396357858970733,-0.017361870843597783,-93.09369406561039,-168.21102697512754,-25.381306748550713
CONCACAF vs OFC,CONCACAF,OFC,2004-02,-0.06290832277005656,-0.11380215139703109,-0.017154776075962375,-92.87702900298449,-167.84180458502368,-24.978031940245582
CONCACAF vs OFC,CONCACAF,OFC,2004-03,-0.0627729863357765,-0.11364330527112497,-0.016950271793709528,-92.6651772534186,-167.74389097896585,-24.67483732283289
CONCACAF vs OFC,CONCACAF,OFC,2004-04,-0.06264069786213437,-0.11346445833372662,-0.01674777333070595,-92.45782077693188,-167.98093260154337,-24.376507423764874
CONCACAF vs OFC,CONCACAF,OFC,2004-05,-0.06251123405385821,-0.11328863135770754,-0.016547097383462196,-92.2546415100385,-168.39147203358914,-24.08275885364934
CONCACAF vs OFC,CONCACAF,OFC,2004-06,-0.0623843716156761,-0.11335197603806962,-0.016348060648493735,-92.05532137828168,-168.14307905432273,-23.7933081688022
CONCACAF vs OFC,CONCACAF,OFC,2004-07,-0.06225988725231717,-0.11342055037796506,-0.0161504798223128,-91.85954230797901,-167.897174561538,-23.50787187989354
CONCACAF vs OFC,CONCACAF,OFC,2004-08,-0.062137557668509445,-0.11349399257610568,-0.01595417160143234,-91.66698623717332,-167.74463886338924,-23.226166459393223
CONCACAF vs OFC,CONCACAF,OFC,2004-09,-0.06201715956898103,-0.11357194083120263,-0.015758952682366188,-91.4773351258001,-167.71748188362517,-22.947908347849605
CONCACAF vs OFC,CONCACAF,OFC,2004-10,-0.06189846965846098,-0.11365403334196529,-0.015564639761626574,-91.2902709650655,-167.6860264624412,-22.672813958977954
CONCACAF vs OFC,CONCACAF,OFC,2004-11,-0.06178126464167745,-0.11373990830710476,-0.01537104953572813,-91.10547578603187,-167.65005999904693,-22.400599683561726
CONCACAF vs OFC,CONCACAF,OFC,2004-12,-0.061665321223358445,-0.11382920392533294,-0.015177998701181314,-90.92263166741854,-167.6091002962614,-22.130981892181723
CONCACAF vs OFC,CONCACAF,OFC,2005-01,-0.06155041610823308,-0.11392155839535922,-0.014985303954502668,-90.74142074261586,-167.4715186687285,-21.8636769367632
CONCACAF vs OFC,CONCACAF,OFC,2005-02,-0.06143632600102943,-0.11387168014648759,-0.014792781992204114,-90.56152520590602,-167.13649599758395,-21.5984011509214
CONCACAF vs OFC,CONCACAF,OFC,2005-03,-0.06132282760647561,-0.113669699153739,-0.01460024951079802,-90.38262731790124,-166.79315151196678,-21.33487084916679
CONCACAF vs OFC,CONCACAF,OFC,2005-04,-0.06120969762930069,-0.11346420606335447,-0.014407523206798127,-90.20440941019503,-166.4447104068013,-21.019596147608144
CONCACAF vs OFC,CONCACAF,OFC,2005-05,-0.061096712774232724,-0.11325491652608188,-0.014214419776718317,-90.02655388922167,-166.09080175099615,-20.69035825625703
CONCACAF vs OFC,CONCACAF,OFC,2005-06,-0.06098364974599981,-0.1130365706697745,-0.014000506803876435,-89.84874323933401,-165.73105463124725,-20.367486322862934
CONCACAF vs OFC,CONCACAF,OFC,2005-07,-0.06087028524933106,-0.11296870423013784,-0.013786461862414922,-89.6706600250948,-165.35827297772775,-20.050887780200153
CONCACAF vs OFC,CONCACAF,OFC,2005-08,-0.060756395988954506,-0.1130009356174877,-0.013609018447950485,-89.49198689277709,-165.1294455084298,-19.740469973389658
CONCACAF vs OFC,CONCACAF,OFC,2005-09,-0.06064175866959827,-0.11303696254900095,-0.013431035206076695,-89.3124065710836,-164.98316565611404,-19.438695669404105
CONCACAF vs OFC,CONCACAF,OFC,2005-10,-0.06052614999599142,-0.11307652667812053,-0.013231788491371391,-89.13160187108002,-164.62945877493365,-19.255538765992632
CONCACAF vs OFC,CONCACAF,OFC,2005-11,-0.06040934667286203,-0.1131193696582867,-0.013031294365291449,-88.94925568533789,-164.3632205437765,-19.14512061547321
CONCACAF vs OFC,CONCACAF,OFC,2005-12,-0.06029115769566723,-0.11316524500387279,-0.012829404916360868,-88.76509558921421,-164.1744498143803,-19.000362688055162
CONCACAF vs OFC,CONCACAF,OFC,2006-01,-0.060171521222781174,-0.11321395367298037,-0.0126748924631098,-88.57902766313185,-163.98854825186314,-18.747439428055642
CONCACAF vs OFC,CONCACAF,OFC,2006-02,-0.06005040770330613,-0.113265308484644,-0.012475194318406003,-88.39100270702055,-164.06475952308543,-18.493993353748685
CONCACAF vs OFC,CONCACAF,OFC,2006-03,-0.05992778758634433,-0.11331912225789735,-0.012359178568845457,-88.20097163476112,-163.82659249743887,-18.274081672059186
CONCACAF vs OFC,CONCACAF,OFC,2006-04,-0.05980363132099892,-0.11327876400689312,-0.01220817323180779,-88.00888546760073,-163.58711527815257,-17.99318037980644
CONCACAF vs OFC,CONCACAF,OFC,2006-05,-0.059677909356372155,-0.11318008131149906,-0.012031630710754864,-87.81469532780585,-163.34625645444166,-17.720365597777143
CONCACAF vs OFC,CONCACAF,OFC,2006-06,-0.05955059214156621,-0.11300858926677035,-0.011857745505641804,-87.61835243256071,-163.1812241371605,-17.455377797250208
CONCACAF vs OFC,CONCACAF,OFC,2006-07,-0.059421650125684365,-0.11284397042659329,-0.011756038653900451,-87.41980808810682,-163.02806967676352,-17.197957710760967
CONCACAF vs OFC,CONCACAF,OFC,2006-08,-0.05929105375782883,-0.11268600843724327,-0.011661880072095794,-87.21901368411793,-162.87607533062467,-16.947846321228646
CONCACAF vs OFC,CONCACAF,OFC,2006-09,-0.05915877348710177,-0.11253448694499224,-0.011567071036965316,-87.01592068831913,-162.7251566601404,-16.748709755746724
CONCACAF vs OFC,CONCACAF,OFC,2006-10,-0.05902477976260647,-0.11238918959611728,-0.011325987568069538,-86.81048064134582,-162.56644425323663,-16.61070637713562
CONCACAF vs OFC,CONCACAF,OFC,2006-11,-0.05888904303344513,-0.11224990003689124,-0.011077168728366532,-86.60264515183593,-162.40449039828792,-16.47224384175688
CONCACAF vs OFC,CONCACAF,OFC,2006-12,-0.05875153374871989,-0.11211640191358864,-0.010825768347693512,-86.39236589176555,-162.24385116602056,-16.333292237502295
CONCACAF vs OFC,CONCACAF,OFC,2007-01,-0.05861222235753407,-0.11198847887248324,-0.01063122118442981,-86.1795945920229,-162.15786074310037,-16.00287163949398
CONCACAF vs OFC,CONCACAF,OFC,2007-02,-0.05847107930898985,-0.11186591455985119,-0.010490247758060093,-85.96428303821429,-162.08852936283364,-15.613916075317162
CONCACAF vs OFC,CONCACAF,OFC,2007-03,-0.05832807505218939,-0.11177999652021477,-0.010354203410259149,-85.74638306671261,-162.01356522031196,-15.390023835982614
CONCACAF vs OFC,CONCACAF,OFC,2007-04,-0.05818318003623601,-0.11172992896330602,-0.010221830364311039,-85.5258465609427,-161.93288698106284,-15.182623029244242
CONCACAF vs OFC,CONCACAF,OFC,2007-05,-0.05803636471023187,-0.1116664533521877,-0.010092953898905683,-85.30262544789822,-161.84641333456585,-14.984716950566417
CONCACAF vs OFC,CONCACAF,OFC,2007-06,-0.05788759952327917,-0.1115871897329526,-0.009967399292735563,-85.0766716948998,-161.75406299755292,-14.797443387067803
CONCACAF vs OFC,CONCACAF,OFC,2007-07,-0.057736854924481176,-0.11149717670053261,-0.009844991824487311,-84.84793730658942,-161.6557547174101,-14.626066049930015
CONCACAF vs OFC,CONCACAF,OFC,2007-08,-0.0575841013629401,-0.1113965904092232,-0.009727205278775315,-84.61637432215521,-161.55140727568883,-14.460926072448881
CONCACAF vs OFC,CONCACAF,OFC,2007-09,-0.057429309287758024,-0.11128560701331804,-0.009644383371238165,-84.3819348127971,-161.44093949172137,-14.423947618294171
CONCACAF vs OFC,CONCACAF,OFC,2007-10,-0.057272449148038425,-0.11116440266711347,-0.009675952295538267,-84.14457087942814,-161.22647502536637,-14.470864173805642
CONCACAF vs OFC,CONCACAF,OFC,2007-11,-0.05711349139288333,-0.11103315352490237,-0.009609228037561535,-83.90423465060464,-160.89127370861348,-14.19833980116456
CONCACAF vs OFC,CONCACAF,OFC,2007-12,-0.05695240647139492,-0.11089203574098176,-0.009340895864423174,-83.66087828069787,-160.54875841624676,-13.800381596497493
CONCACAF vs OFC,CONCACAF,OFC,2008-01,-0.056789164832676604,-0.11074875441625162,-0.00917410195904989,-83.41445394829972,-160.27518898517354,-13.626313461661699
CONCACAF vs OFC,CONCACAF,OFC,2008-02,-0.05662373692583045,-0.11066632174787587,-0.009061582818577798,-83.16491385485752,-160.1354249676067,-13.458117921601024
CONCACAF vs OFC,CONCACAF,OFC,2008-03,-0.056456093199958673,-0.1105864567227945,-0.00892905560902465,-82.91221022354922,-159.99561357880384,-13.276875720189803
CONCACAF vs OFC,CONCACAF,OFC,2008-04,-0.0562862041041646,-0.11050894923939651,-0.008722172999635807,-82.65629529839225,-159.84359470729913,-12.967650526641007
CONCACAF vs OFC,CONCACAF,OFC,2008-05,-0.056114040087550394,-0.11043358919607171,-0.008531050039126287,-82.39712134358139,-159.68555097543774,-12.65101115896292
CONCACAF vs OFC,CONCACAF,OFC,2008-06,-0.055939571599218134,-0.11035711001818771,-0.00844462200435095,-82.13464064306571,-159.55237391073175,-12.352552448042832
CONCACAF vs OFC,CONCACAF,OFC,2008-07,-0.055762769088271255,-0.11003315034447003,-0.008361396829125586,-81.86880550036007,-159.41913948848048,-12.222277629804694
CONCACAF vs OFC,CONCACAF,OFC,2008-08,-0.055583603003811925,-0.10961553207708867,-0.008191105412475835,-81.59956823858366,-159.28573460742626,-12.093450360983839
CONCACAF vs OFC,CONCACAF,OFC,2008-09,-0.055402043794942187,-0.10918870307652022,-0.007947587110500098,-81.32688120073819,-159.15083041830135,-11.7405811974912
CONCACAF vs OFC,CONCACAF,OFC,2008-10,-0.0552180619107655,-0.10893974357888428,-0.007820332574968131,-81.05069675021983,-159.00805439202148,-11.380411520022621
CONCACAF vs OFC,CONCACAF,OFC,2008-11,-0.05503162780038396,-0.10868936441276307,-0.007695167539291615,-80.7709672715578,-158.86444195023188,-11.173321104471684
CONCACAF vs OFC,CONCACAF,OFC,2008-12,-0.05484271191289965,-0.1083800157114501,-0.00757023086362036,-80.48764517139222,-158.71540659429567,-10.991847090473328
CONCACAF vs OFC,CONCACAF,OFC,2009-01,-0.05465128469741607,-0.10799016057252309,-0.0074285781655907945,-80.20068287968519,-158.55947442377234,-10.810571856711581
CONCACAF vs OFC,CONCACAF,OFC,2009-02,-0.054457316603035356,-0.10767468951326889,-0.00722185599736911,-79.91003285115778,-158.25134620968117,-10.629339865854911
CONCACAF vs OFC,CONCACAF,OFC,2009-03,-0.05426077807885944,-0.10752156815761334,-0.00702056820522163,-79.61564756696598,-157.84506795683677,-10.44926669436181
CONCACAF vs OFC,CONCACAF,OFC,2009-04,-0.05406163957399199,-0.10735173135297287,-0.0068189254948460105,-79.31747953660981,-157.4086775493784,-10.271672189826434
CONCACAF vs OFC,CONCACAF,OFC,2009-05,-0.053859871537534965,-0.10706903044781799,-0.006616974871224645,-79.01548130006663,-156.85213061612492,-9.966811848189446
CONCACAF vs OFC,CONCACAF,OFC,2009-06,-0.0536554444185904,-0.10677935455481498,-0.006414763339339397,-78.7096054301641,-156.55795897888075,-9.661594901965469
CONCACAF vs OFC,CONCACAF,OFC,2009-07,-0.053448328666261966,-0.10648288091010297,-0.006212337904173595,-78.39980453518469,-156.144558128726,-9.203212398891312
CONCACAF vs OFC,CONCACAF,OFC,2009-08,-0.05323849472965167,-0.10617978674982313,-0.006030685539583925,-78.08603126169413,-155.72371678450824,-8.755616893518892
CONCACAF vs OFC,CONCACAF,OFC,2009-09,-0.05302591305786142,-0.10587024931011384,-0.005794450633712516,-77.76823829760866,-155.29089121903053,-8.573179634120475
CONCACAF vs OFC,CONCACAF,OFC,2009-10,-0.05281055409999498,-0.10555444582711616,-0.005580532651292247,-77.44637837549335,-154.85670379240304,-8.388739588326935
CONCACAF vs OFC,CONCACAF,OFC,2009-11,-0.05259238830515431,-0.10523255353696852,-0.0053665941274317844,-77.120404276083,-154.4213808558497,-8.083087330818131
CONCACAF vs OFC,CONCACAF,OFC,2009-12,-0.05237138612244132,-0.10490474967581105,-0.0051526955277753535,-76.79026883204135,-153.9851485526257,-7.765769679829132
CONCACAF vs OFC,CONCACAF,OFC,2010-01,-0.05214751800095982,-0.10457004602761301,-0.004947425933365967,-76.4559249319505,-153.54466617136757,-7.4652893885976805
CONCACAF vs OFC,CONCACAF,OFC,2010-02,-0.05192075438981173,-0.1042154849827689,-0.004694022579832258,-76.11732552452133,-152.99636949061147,-7.0915279428839035
CONCACAF vs OFC,CONCACAF,OFC,2010-03,-0.05169106573809902,-0.10385567733954577,-0.004391178537442296,-75.77442362304183,-152.24484317815572,-6.621644252697755
CONCACAF vs OFC,CONCACAF,OFC,2010-04,-0.05145842249492537,-0.1034908125393645,-0.004332019745663165,-75.42717231005379,-151.48912509651146,-6.5255133260703175
CONCACAF vs OFC,CONCACAF,OFC,2010-05,-0.05122279510939285,-0.10312108002363897,-0.004133664344069354,-75.07552474225027,-150.7240874102437,-6.229614410867055
CONCACAF vs OFC,CONCACAF,OFC,2010-06,-0.050984154030603294,-0.1031060197826513,-0.003931098647739891,-74.71943415560814,-149.9551628907232,-5.924120328736531
CONCACAF vs OFC,CONCACAF,OFC,2010-07,-0.05074246970766055,-0.10263244790087152,-0.0037286967272136154,-74.35885387074939,-149.1826201013112,-5.618899185194008
CONCACAF vs OFC,CONCACAF,OFC,2010-08,-0.05049771258966655,-0.10212837510773677,-0.0035265021988988327,-73.99373729851983,-148.40672765615895,-5.314016522737745
CONCACAF vs OFC,CONCACAF,OFC,2010-09,-0.050249853125723096,-0.10176249625954333,-0.0033245586791980776,-73.62403794580293,-147.62775421876898,-5.009537991632257
CONCACAF vs OFC,CONCACAF,OFC,2010-10,-0.049998861764934156,-0.10162273721863939,-0.003122909784519613,-73.24970942155988,-147.12681177566208,-4.705529351198124
CONCACAF vs OFC,CONCACAF,OFC,2010-11,-0.049744708956401595,-0.10147858544223198,-0.0029215991312675714,-72.87070544308523,-147.3834955073608,-4.402056471020869
CONCACAF vs OFC,CONCACAF,OFC,2010-12,-0.04948736514922724,-0.10132993568728735,-0.002729949850179825,-72.48697984249604,-147.54015534432102,-4.099185332125482
CONCACAF vs OFC,CONCACAF,OFC,2011-01,-0.049226800792515055,-0.10117668271077625,-0.002533894208692234,-72.09848657344523,-146.89482191873597,-3.7969820280968323
CONCACAF vs OFC,CONCACAF,OFC,2011-02,-0.04896298633536693,-0.10085754188435248,-0.0023309334464276968,-71.70517971804819,-146.24852908685412,-3.4955287488450297
CONCACAF vs OFC,CONCACAF,OFC,2011-03,-0.04869589222688461,-0.1004595116525679,-0.0021206775185147464,-71.30701349404082,-145.60386772870692,-3.1948438680602216
CONCACAF vs OFC,CONCACAF,OFC,2011-04,-0.04842548891617215,-0.10006680067831616,-0.0019216460606001915,-70.90394226215955,-144.9610760602713,-2.8950417712949776
CONCACAF vs OFC,CONCACAF,OFC,2011-05,-0.04815174685233139,-0.09967774909186629,-0.0017232808004244338,-70.49592053373176,-144.32039209853937,-2.59617302973025
CONCACAF vs OFC,CONCACAF,OFC,2011-06,-0.047874636484464064,-0.09929163781203511,-0.0015255590965131778,-70.08290297849526,-144.03496180148926,-2.2983043145917548
CONCACAF vs OFC,CONCACAF,OFC,2011-07,-0.047594128261674286,-0.09889889586683402,-0.0013302858656011154,-69.6648444326372,-143.4325010005781,-2.0032375905967554
CONCACAF vs OFC,CONCACAF,OFC,2011-08,-0.047310192633063824,-0.09851082590524585,-0.001116907278789285,-69.24169990703982,-142.82660205313007,-1.6285512757672282
CONCACAF vs OFC,CONCACAF,OFC,2011-09,-0.04702280004773447,-0.09812771164188051,-0.000817830794387134,-68.8134245957532,-142.21752567929076,-1.1927865981720216
CONCACAF vs OFC,CONCACAF,OFC,2011-10,-0.04673192095479034,-0.09774983679134816,-0.0005971970111020216,-68.37997388468345,-141.95264909026403,-0.8712363614325122
CONCACAF vs OFC,CONCACAF,OFC,2011-11,-0.04643752580333315,-0.09737748506825876,-0.0003742393372016318,-67.94130336048472,-141.78066470781962,-0.545832767714301
CONCACAF vs OFC,CONCACAF,OFC,2011-12,-0.04613958504246468,-0.0970109401872206,-0.0001453113039246696,-67.49736881967493,-141.5944317555661,-0.21177371816909046
CONCACAF vs OFC,CONCACAF,OFC,2012-01,-0.045838069121289085,-0.09665048586284715,8.973468067144359e-05,-67.04812627796308,-141.23522847639867,0.1311478893434333
CONCACAF vs OFC,CONCACAF,OFC,2012-02,-0.04553294848890817,-0.09629640580974498,0.00033104620852524524,-66.59353197977674,-140.62517715857916,0.48313854973391007
CONCACAF vs OFC,CONCACAF,OFC,2012-03,-0.045224193594423576,-0.09594898374252496,0.0005787708715802465,-66.13354240800886,-140.01220608325764,0.8444041243241139
CONCACAF vs OFC,CONCACAF,OFC,2012-04,-0.04491177488693952,-0.09560850337579807,0.0008627165322676347,-65.66811429397309,-139.39636539803908,1.2843018764451903
CONCACAF vs OFC,CONCACAF,OFC,2012-05,-0.044595662815557775,-0.09527524842417168,0.0011735427224350127,-65.19720462755376,-138.77770536042138,1.7470014667313838
CONCACAF vs OFC,CONCACAF,OFC,2012-06,-0.04427582782938002,-0.09494950260225661,0.0014816621288961935,-64.72077066757167,-138.14933717411955,2.2055630971520763
CONCACAF vs OFC,CONCACAF,OFC,2012-07,-0.04395224037751046,-0.09463154962466387,0.0017869722545509473,-64.2387699523533,-137.5170870524243,2.659830786728607
CONCACAF vs OFC,CONCACAF,OFC,2012-08,-0.043624870909050845,-0.09432167320600256,0.0020893706023067276,-63.75116031048999,-136.882022330013,3.1096484858924756
CONCACAF vs OFC,CONCACAF,OFC,2012-09,-0.04329368987310281,-0.09402015706088256,0.002388754675065037,-63.25789987180788,-136.2441944245757,3.554860081040264
CONCACAF vs OFC,CONCACAF,OFC,2012-10,-0.042958667718770716,-0.09361014317630012,0.002685021975727289,-62.75894707853644,-135.8106871177653,3.9953093993032187
CONCACAF vs OFC,CONCACAF,OFC,2012-11,-0.0426198065591599,-0.09340090231999927,0.0029761178497810007,-62.254308029051906,-135.37537647957663,4.424922612616883
CONCACAF vs OFC,CONCACAF,OFC,2012-12,-0.042277235163390416,-0.09319708150882419,0.003260295965553171,-61.74417837643874,-134.93133015073767,4.84700877629469
CONCACAF vs OFC,CONCACAF,OFC,2013-01,-0.04193111396458879,-0.09294786359776111,0.003657396428641583,-61.22880113791052,-134.47873944630658,5.367751799699419
CONCACAF vs OFC,CONCACAF,OFC,2013-02,-0.04158160339587877,-0.0927070560530288,0.0040578837401935445,-60.70841932079336,-134.01779566720194,5.955159809566665
CONCACAF vs OFC,CONCACAF,OFC,2013-03,-0.041228863890384077,-0.09247450574385851,0.004453442166517944,-60.1832759074163,-133.54869008661632,6.535251542441976
CONCACAF vs OFC,CONCACAF,OFC,2013-04,-0.040873055881231295,-0.09224930809790663,0.0048441058362757,-59.653613840342175,-133.06114171981557,7.108082038540671
CONCACAF vs OFC,CONCACAF,OFC,2013-05,-0.04051433980154414,-0.09201454965385358,0.005229908878128845,-59.11967600792594,-132.5619067672655,7.6737058704215295
CONCACAF vs OFC,CONCACAF,OFC,2013-06,-0.04015287608444629,-0.09178742092779339,0.005610885420743536,-58.58170523022617,-132.05508048907228,8.232177155109918
CONCACAF vs OFC,CONCACAF,OFC,2013-07,-0.03978882516306445,-0.0914870920375502,0.005987069592780028,-58.0399442452579,-131.5408459509101,8.783549566032926
CONCACAF vs OFC,CONCACAF,OFC,2013-08,-0.03942234747052227,-0.09101518474522301,0.00635849552290195,-57.494635695572114,-131.01938613059718,9.325339185061694
CONCACAF vs OFC,CONCACAF,OFC,2013-09,-0.039053603439943366,-0.09053847588780779,0.006670440153813082,-56.94602211518955,-130.7464046879185,9.699136247789173
CONCACAF vs OFC,CONCACAF,OFC,2013-10,-0.03868275350445451,-0.09005716157877912,0.006923364261387991,-56.39434591687535,-130.53965622448234,10.065784385426293
CONCACAF vs OFC,CONCACAF,OFC,2013-11,-0.038309958097179325,-0.08957143793160957,0.007171478812487683,-55.83984937973919,-130.29318336211506,10.425357894475233
CONCACAF vs OFC,CONCACAF,OFC,2013-12,-0.03793537765124148,-0.0890815010597695,0.007409714048772094,-55.282774637189775,-129.50465882297067,10.777930936044868
CONCACAF vs OFC,CONCACAF,OFC,2014-01,-0.037559172599767716,-0.088587547076735,0.007637298660134418,-54.723363665228014,-128.7969773094251,11.116268090601533
CONCACAF vs OFC,CONCACAF,OFC,2014-02,-0.03718150337588163,-0.08808977209597803,0.007969541174250904,-54.161858271065356,-128.5403021431756,11.633423558091934
CONCACAF vs OFC,CONCACAF,OFC,2014-03,-0.036802530412706855,-0.0875883722309688,0.008348525104748062,-53.59850008209414,-127.98602157850291,12.20741116605867
CONCACAF vs OFC,CONCACAF,OFC,2014-04,-0.03642241414337023,-0.08708335880872385,0.008745492999586534,-53.03353053519539,-127.21896959991892,12.689522836718204
CONCACAF vs OFC,CONCACAF,OFC,2014-05,-0.03604131500099531,-0.08677368908490259,0.009139040239321126,-52.46719086636888,-126.44710899651284,13.256976331882067
CONCACAF vs OFC,CONCACAF,OFC,2014-06,-0.035659393418705734,-0.08653473299328271,0.009535311641010534,-51.89972210071371,-125.67074212120644,13.828008718936195
CONCACAF vs OFC,CONCACAF,OFC,2014-07,-0.0352768098296283,-0.08629737383985371,0.009934083703980877,-51.331365042743485,-125.0559564093236,14.402287114594202
CONCACAF vs OFC,CONCACAF,OFC,2014-08,-0.034893724666886644,-0.08610577326682956,0.010335132927561963,-50.762360267021286,-124.58921415086489,14.979479198659243
CONCACAF vs OFC,CONCACAF,OFC,2014-09,-0.03451029836360435,-0.08591380450189047,0.010733668147635012,-50.19294810914194,-124.3236247151665,15.55925323226756
CONCACAF vs OFC,CONCACAF,OFC,2014-10,-0.03412669135290817,-0.08572141819846499,0.011121179013339377,-49.62336865704613,-124.0435394505921,16.141278075245232
CONCACAF vs OFC,CONCACAF,OFC,2014-11,-0.033743064067921796,-0.08552856500998049,0.011472090950505718,-49.05386174265148,-123.76271685399853,16.72522320258812
CONCACAF vs OFC,CONCACAF,OFC,2014-12,-0.03335957694176886,-0.08533519558986442,0.011779331633503485,-48.48466693382689,-123.48108980319712,17.16510298507655
CONCACAF vs OFC,CONCACAF,OFC,2015-01,-0.03297639040757609,-0.08488583336583289,0.012071439307351018,-47.91602352669559,-123.1985912568349,17.512680936658047
CONCACAF vs OFC,CONCACAF,OFC,2015-02,-0.03259366489846711,-0.08466918285805085,0.012310270735256253,-47.348170538251594,-122.91515425658106,17.856921447619616
CONCACAF vs OFC,CONCACAF,OFC,2015-03,-0.03221156084756557,-0.08445274816057022,0.01254694617677225,-46.781346699316046,-122.63071192946511,18.19792128048022
CONCACAF vs OFC,CONCACAF,OFC,2015-04,-0.03183023868799819,-0.08423653207587142,0.012781532896129147,-46.21579044781776,-122.34414388707556,18.53577711863685
CONCACAF vs OFC,CONCACAF,OFC,2015-05,-0.03144985885288869,-0.08401864012404578,0.013014098157559884,-45.65173992238406,-122.04147973295859,18.870585566462385
CONCACAF vs OFC,CONCACAF,OFC,2015-06,-0.031070581775360637,-0.08378358613977795,0.013244709225298022,-45.089432956266485,-121.48547925746493,19.20244314932584
CONCACAF vs OFC,CONCACAF,OFC,2015-07,-0.030692567888540783,-0.0833353741234748,0.013702314775039687,-44.52910707158798,-120.65182466408643,20.007958304112925
CONCACAF vs OFC,CONCACAF,OFC,2015-08,-0.03031597762555283,-0.08315981319383528,0.014088820724418916,-43.97099947389504,-119.81141836327136,20.64164825592105
CONCACAF vs OFC,CONCACAF,OFC,2015-09,-0.029940971419520332,-0.08299146410022233,0.014371576191313129,-43.41534704704143,-119.35096038444868,21.035993209485014
CONCACAF vs OFC,CONCACAF,OFC,2015-10,-0.02956770970357006,-0.08283041448259088,0.014634451214086554,-42.86238634838865,-119.08345931156357,21.560998348029862
CONCACAF vs OFC,CONCACAF,OFC,2015-11,-0.029196352910825694,-0.08267675198089655,0.015174356903182137,-42.31235360430736,-118.42398736541796,21.912865314812276
CONCACAF vs OFC,CONCACAF,OFC,2015-12,-0.02882706147441088,-0.08248109353737773,0.015485699838530773,-41.765484706006156,-117.74435083420123,22.23113788443653
CONCACAF vs OFC,CONCACAF,OFC,2016-01,-0.028459995827452247,-0.08226943039217405,0.015702755117425294,-41.2220152056724,-117.07228606950555,22.59335618772138
CONCACAF vs OFC,CONCACAF,OFC,2016-02,-0.028095316403073563,-0.08205848280759516,0.01591504985083343,-40.68218031291057,-116.61302884547933,23.092043081483325
CONCACAF vs OFC,CONCACAF,OFC,2016-03,-0.027733183634398462,-0.08184826136601867,0.016127518012790592,-40.146214891502815,-116.28268161126535,23.79393982666645
CONCACAF vs OFC,CONCACAF,OFC,2016-04,-0.027373757954553594,-0.08163877664982584,0.016513573536111784,-39.614353456477865,-115.95284050803743,24.487483824464306
CONCACAF vs OFC,CONCACAF,OFC,2016-05,-0.027017199796662644,-0.0814300392413927,0.01692456656166001,-39.086830171473004,-115.62353486043459,24.89664486871346
CONCACAF vs OFC,CONCACAF,OFC,2016-06,-0.026663669593849325,-0.08121908542343288,0.017279834886202435,-38.56387884641445,-115.29479401925971,25.184874771275535
CONCACAF vs OFC,CONCACAF,OFC,2016-07,-0.026313327779240267,-0.08100120734401291,0.0176991767710025,-38.04573293550135,-114.9666473615019,25.925903480452515
CONCACAF vs OFC,CONCACAF,OFC,2016-08,-0.02596633478595918,-0.08078402949118879,0.018044219384198795,-37.53262553547936,-114.63523815384049,26.56400800119148
CONCACAF vs OFC,CONCACAF,OFC,2016-09,-0.025622851047129726,-0.08056757428641745,0.018353477474899092,-37.02478938422821,-114.26125136920052,27.261692280678307
CONCACAF vs OFC,CONCACAF,OFC,2016-10,-0.025283036995878545,-0.080351864151155,0.01886963967010859,-36.52245685964938,-113.42200544299315,27.801549687132304
CONCACAF vs OFC,CONCACAF,OFC,2016-11,-0.02494705306532931,-0.08013574576496212,0.019383319215853942,-36.025859978839165,-112.59003140103883,28.20339950981456
CONCACAF vs OFC,CONCACAF,OFC,2016-12,-0.02461505968860583,-0.07977433328620047,0.019715423962783873,-35.535230397572484,-111.96096823089387,28.636748100986097
CONCACAF vs OFC,CONCACAF,OFC,2017-01,-0.02428721729883459,-0.07921871877016348,0.020007218519369277,-35.050799410082234,-111.64149028866883,29.02445626078121
CONCACAF vs OFC,CONCACAF,OFC,2017-02,-0.023963686329139353,-0.07866964319721807,0.02028156719362449,-34.57279794912188,-111.3266970220421,29.41036939412549
CONCACAF vs OFC,CONCACAF,OFC,2017-03,-0.02364462721264389,-0.07812764230356958,0.02056075491447935,-34.10145658633423,-111.0166379936953,29.808668388105872
CONCACAF vs OFC,CONCACAF,OFC,2017-04,-0.023330200382474686,-0.07759325182543106,0.020837682918438124,-33.637005532913115,-110.71136269846797,30.203405827211384
CONCACAF vs OFC,CONCACAF,OFC,2017-05,-0.023020566271755517,-0.07706700749900705,0.021112271575466593,-33.17967464054528,-110.41092055915352,30.59446281579798
CONCACAF vs OFC,CONCACAF,OFC,2017-06,-0.02271588531361016,-0.07654944506050722,0.021384441255529657,-32.72969340265513,-110.1153609222593,30.991395269942128
CONCACAF vs OFC,CONCACAF,OFC,2017-07,-0.022416317941165057,-0.07604110024614034,0.02165411232858956,-32.28729095593992,-109.82473305370615,31.539191482142243
CONCACAF vs OFC,CONCACAF,OFC,2017-08,-0.022122024587543955,-0.07554250879211434,0.021943004563311195,-31.85269608218235,-109.53908613446548,32.07950912258156
CONCACAF vs OFC,CONCACAF,OFC,2017-09,-0.02183316568587084,-0.07505420643463627,0.022313268649847017,-31.426137210364374,-109.25846925616732,32.612017088453406
CONCACAF vs OFC,CONCACAF,OFC,2017-10,-0.02154990166927186,-0.07484291156759716,0.02267660148416386,-31.00784241906721,-108.98293141664767,33.13638476798096
CONCACAF vs OFC,CONCACAF,OFC,2017-11,-0.02127239297087099,-0.07466782606766359,0.023019873955763097,-30.598039439149858,-108.71252151544111,33.652282045481606
CONCACAF vs OFC,CONCACAF,OFC,2017-12,-0.021000800023792142,-0.07449564553028999,0.023357414587267238,-30.196955656723922,-108.44728834922607,34.15937930628629
CONCACAF vs OFC,CONCACAF,OFC,2018-01,-0.020735283261161416,-0.07432800114173412,0.023689008096399355,-29.804818116415007,-108.18728060723164,34.641228268140594
CONCACAF vs OFC,CONCACAF,OFC,2018-02,-0.0204760031161028,-0.07416495450586263,0.023808180398385028,-29.421853524900662,-107.93254686657399,35.10707200675278
CONCACAF vs OFC,CONCACAF,OFC,2018-03,-0.020223120021740294,-0.07400656722654295,0.02411438596135914,-29.04828825474361,-107.6693863306549,35.36015495485515
CONCACAF vs OFC,CONCACAF,OFC,2018-04,-0.019976794411199893,-0.07385290090764601,0.024409873443505946,-28.684348348510174,-107.40484904683007,35.532959918621266
CONCACAF vs OFC,CONCACAF,OFC,2018-05,-0.019737186717605635,-0.07370014135703955,0.02469441170156575,-28.330259523165658,-106.82340105498966,35.93601397223374
CONCACAF vs OFC,CONCACAF,OFC,2018-06,-0.019504457374081526,-0.07354958520585998,0.024967769592279757,-27.986247174763584,-106.13141536793867,36.32249400079042
CONCACAF vs OFC,CONCACAF,OFC,2018-07,-0.019278766813753477,-0.07340360958752154,0.02522971597238482,-27.65253638342072,-105.44282911754135,36.69207759337659
CONCACAF vs OFC,CONCACAF,OFC,2018-08,-0.01906027546974563,-0.07326227028504174,0.025480019698622968,-27.329351918569326,-104.74864702941868,37.04444291541742
CONCACAF vs OFC,CONCACAF,OFC,2018-09,-0.018849143775182046,-0.07312562308143744,0.025915619989113722,-27.016918244503277,-104.06157113632956,37.37926871252706
CONCACAF vs OFC,CONCACAF,OFC,2018-10,-0.018645532163188473,-0.07299372375972654,0.026417304855182164,-26.715459526210726,-103.38146724302861,37.93463305266552
CONCACAF vs OFC,CONCACAF,OFC,2018-11,-0.018449601066889122,-0.07286662810292573,0.026789584462306986,-26.425199635486077,-102.70832099661065,38.63403360222302
CONCACAF vs OFC,CONCACAF,OFC,2018-12,-0.01826151091940809,-0.07274439189405277,0.027060300140723147,-26.14636215733624,-102.04342525800986,39.32548012275558
CONCACAF vs OFC,CONCACAF,OFC,2019-01,-0.018081422153871086,-0.0726270709161263,0.027312746413447893,-25.879170396675423,-101.79025572413674,39.768105524575425
CONCACAF vs OFC,CONCACAF,OFC,2019-02,-0.017909495203402268,-0.07249956725350773,0.027555923351672094,-25.623847385301538,-101.74867712237214,40.134924106758255
CONCACAF vs OFC,CONCACAF,OFC,2019-03,-0.01774589050112589,-0.07208055490905849,0.027705857084823732,-25.38061588916967,-101.73570740151264,40.475857456382464
CONCACAF vs OFC,CONCACAF,OFC,2019-04,-0.017590768480167485,-0.07166653171287166,0.02782411052975763,-25.14969841595554,-101.75190129640215,40.7894420060029
CONCACAF vs OFC,CONCACAF,OFC,2019-05,-0.01744428957365133,-0.071300152665339,0.027927509265866252,-24.93131722290569,-101.79781321633604,41.0882644985322
CONCACAF vs OFC,CONCACAF,OFC,2019-06,-0.01730661421470167,-0.0709023155040064,0.02800046586847217,-24.725694324986524,-101.8239101294241,41.372001574022626
CONCACAF vs OFC,CONCACAF,OFC,2019-07,-0.01717790283644395,-0.07052725294077597,0.027895022518099246,-24.53305150332822,-101.50737856567325,41.2830050012363
CONCACAF vs OFC,CONCACAF,OFC,2019-08,-0.017058315872002475,-0.07016254272619017,0.028052481349089393,-24.353610313959578,-101.2322739375019,40.8723400697521
CONCACAF vs OFC,CONCACAF,OFC,2019-09,-0.016948013754501643,-0.06980844631695735,0.028151209350927246,-24.187592096846448,-100.92118571827335,40.867580641685485
CONCACAF vs OFC,CONCACAF,OFC,2019-10,-0.016847041055412924,-0.06946516702771056,0.02816676303946916,-24.03505200527012,-100.64248049063458,40.64932320162626
CONCACAF vs OFC,CONCACAF,OFC,2019-11,-0.016754978899591978,-0.06913267560475793,0.02816731066861475,-23.895381360870697,-100.38238881778825,40.659017753019334
CONCACAF vs OFC,CONCACAF,OFC,2019-12,-0.0166712925502407,-0.0688108846523288,0.02817018143778987,-23.76780610109113,-100.1403915301776,41.03694683156251
CONCACAF vs OFC,CONCACAF,OFC,2020-01,-0.016595447270561704,-0.06884382197318883,0.028160112381845893,-23.65155283673994,-99.91448337595462,41.40688340590748
CONCACAF vs OFC,CONCACAF,OFC,2020-02,-0.01652690832375697,-0.06897750907615445,0.028379813098631707,-23.54584885742109,-99.7087260784696,41.52881880360152
CONCACAF vs OFC,CONCACAF,OFC,2020-03,-0.016465140973028397,-0.06911343678302648,0.028713523894751965,-23.449922136260174,-99.51808251035307,41.40568858885532
CONCACAF vs OFC,CONCACAF,OFC,2020-04,-0.016409610481578567,-0.06925812077300204,0.028763660129258004,-23.363001333921616,-99.34358257815526,41.27221363025771
CONCACAF vs OFC,CONCACAF,OFC,2020-05,-0.016359782112609408,-0.06929160309823494,0.028702089374599307,-23.28431580191144,-99.18474032015807,41.30342187152422
CONCACAF vs OFC,CONCACAF,OFC,2020-06,-0.016315121129322964,-0.06952391144781411,0.028634448544291837,-23.213095585170894,-99.02099643710035,41.35107291021055
CONCACAF vs OFC,CONCACAF,OFC,2020-07,-0.016275092794921703,-0.06973726924699494,0.028802966748058125,-23.148571423956568,-98.89929116926278,41.30562733779302
CONCACAF vs OFC,CONCACAF,OFC,2020-08,-0.016239162372607568,-0.06999175783728187,0.02904483342945427,-23.089974755006416,-98.7177233229681,41.2101283891073
CONCACAF vs OFC,CONCACAF,OFC,2020-09,-0.01620679512558264,-0.06960380712277855,0.029283974202619856,-23.036537711996594,-98.1465608450949,41.39242653986937
CONCACAF vs OFC,CONCACAF,OFC,2020-10,-0.016177456317049338,-0.06915907001913442,0.029440312705304623,-22.987493125288015,-97.57469167742497,41.57080454980513
CONCACAF vs OFC,CONCACAF,OFC,2020-11,-0.016150611210209595,-0.06920969096798828,0.02959634635046115,-22.942074520963306,-96.99462436361472,41.836059915295166
CONCACAF vs OFC,CONCACAF,OFC,2020-12,-0.016125725068265626,-0.06935053216090137,0.029753386165076178,-22.89951611916059,-96.77285998478976,42.1439242021198
CONCACAF vs OFC,CONCACAF,OFC,2021-01,-0.01610226315441967,-0.0693362741413619,0.029911807379741556,-22.85905283170319,-96.73841164461352,42.44767369075165
CONCACAF vs OFC,CONCACAF,OFC,2021-02,-0.01607969073187381,-0.06918089415994011,0.03007198522505157,-22.819920259029313,-96.89488374951218,42.7472953185019
CONCACAF vs OFC,CONCACAF,OFC,2021-03,-0.016057473063830173,-0.06936417337391121,0.030234294931599792,-22.781354686425665,-96.96735042483978,43.04277654221434
CONCACAF vs OFC,CONCACAF,OFC,2021-04,-0.016035075413490977,-0.06928025354505638,0.030399111729978733,-22.742593079567325,-96.90754888902431,43.334105316607655
CONCACAF vs OFC,CONCACAF,OFC,2021-05,-0.016011963044058372,-0.06906499955692098,0.030561490775705757,-22.702873079366896,-96.775306116189,43.638800348783214
CONCACAF vs OFC,CONCACAF,OFC,2021-06,-0.015987601218734437,-0.06884464101128689,0.030724670669504555,-22.661432996136774,-96.5434810439968,43.93593807627807
CONCACAF vs OFC,CONCACAF,OFC,2021-07,-0.015961455200721463,-0.0685979218084043,0.030906155021088056,-22.61751180306787,-96.81269656411493,44.205048963892814
CONCACAF vs OFC,CONCACAF,OFC,2021-08,-0.015932990253221563,-0.06834587788842365,0.031210449310289812,-22.57034912902585,-97.0822478146832,44.46996674157585
CONCACAF vs OFC,CONCACAF,OFC,2021-09,-0.015901671639436708,-0.06819804883449661,0.031276865836725676,-22.519185250669526,-97.28743478920656,44.562507743599525
CONCACAF vs OFC,CONCACAF,OFC,2021-10,-0.015866964622569354,-0.06824054424873256,0.03143432661638323,-22.463261083893663,-97.35770326528485,44.762557244089066
CONCACAF vs OFC,CONCACAF,OFC,2021-11,-0.01582833446582148,-0.06827766482803899,0.03161993323084173,-22.401818174594766,-97.42001783361265,45.016931652741505
CONCACAF vs OFC,CONCACAF,OFC,2021-12,-0.015785246432395192,-0.06830878831190809,0.03173894191656283,-22.334098688765863,-97.47341732481057,45.27334119195492
CONCACAF vs OFC,CONCACAF,OFC,2022-01,-0.015737165785492863,-0.06833329243983219,0.03181380282508822,-22.259345401918164,-97.48843613885126,45.391637569185484
CONCACAF vs OFC,CONCACAF,OFC,2022-02,-0.015683557788316482,-0.06828877046260082,0.031897215103956295,-22.17680168782902,-97.51762457441991,45.494888307445585
CONCACAF vs OFC,CONCACAF,OFC,2022-03,-0.015623887704068076,-0.06824175414841287,0.032164568152441834,-22.08571150661846,-97.51351751982843,45.77532137562444
CONCACAF vs OFC,CONCACAF,OFC,2022-04,-0.0155576207959502,-0.06817779120414147,0.032071500978423276,-21.98531939215151,-97.50310302000797,46.021712483357
CONCACAF vs OFC,CONCACAF,OFC,2022-05,-0.015484222327164702,-0.06820106706621831,0.03212428028981171,-21.87487043876122,-97.17286297847008,45.79800318088726
CONCACAF vs OFC,CONCACAF,OFC,2022-06,-0.015403157560913676,-0.06807752036260965,0.03195192685765486,-21.753610287295277,-96.68433605156538,45.64622462234902
CONCACAF vs OFC,CONCACAF,OFC,2022-07,-0.0153138917603996,-0.0681477954702677,0.031915009425139376,-21.620785110477303,-96.19022355885852,45.67632635888441
CONCACAF vs OFC,CONCACAF,OFC,2022-08,-0.015215890188824467,-0.06818570607840475,0.03202184235900151,-21.47564159757768,-96.32243593053344,45.443830755501054
CONCACAF vs OFC,CONCACAF,OFC,2022-09,-0.01510861810939014,-0.0681483659653328,0.032177002922085314,-21.317426938390454,-96.44493400231156,45.93167840116902
CONCACAF vs OFC,CONCACAF,OFC,2022-10,-0.01499154078529928,-0.06808807563982122,0.03233723120396692,-21.145388806508155,-96.55701821921475,46.31548039021503
CONCACAF vs OFC,CONCACAF,OFC,2022-11,-0.01486412347975388,-0.06800747550369515,0.03250286120915193,-20.958775341880894,-96.65798922718565,46.572722418549624
CONCACAF vs OFC,CONCACAF,OFC,2022-12,-0.014725831455955645,-0.06790563353494075,0.03266479138716529,-20.756835132656132,-96.74714780503152,46.848134030897754
CONCACAF vs OFC,CONCACAF,OFC,2023-01,-0.014576129977107517,-0.06778161771154596,0.03285473691681191,-20.53881719628607,-96.74007731753412,47.072743458944075
CONCACAF vs OFC,CONCACAF,OFC,2023-02,-0.014414484306411237,-0.06763449601149785,0.03304888939396834,-20.303970959882385,-96.47797185304412,47.29331055427613
CONCACAF vs OFC,CONCACAF,OFC,2023-03,-0.014240359707068535,-0.06746333641278265,0.033392633988645885,-20.05154623981437,-96.06386410919333,47.52932358924422
CONCACAF vs OFC,CONCACAF,OFC,2023-04,-0.014053221442282448,-0.06726720689338497,0.03374856337002602,-19.780793220529205,-95.6497901800122,47.7654108050166
CONCACAF vs OFC,CONCACAF,OFC,2023-05,-0.013852534775254721,-0.06704517543129591,0.034100281498662524,-19.490962432570356,-95.23570194889778,47.95960157676151
CONCACAF vs OFC,CONCACAF,OFC,2023-06,-0.013637764969186925,-0.06679631000449762,0.034316406162109285,-19.181304729785328,-94.8215507368194,48.3027434336524
CONCACAF vs OFC,CONCACAF,OFC,2023-07,-0.013408377287282343,-0.06651967859098055,0.03441363560946734,-18.851071265696707,-94.40296148159749,48.60848129158946
CONCACAF vs OFC,CONCACAF,OFC,2023-08,-0.013163836992742609,-0.06621434916873001,0.03451709295503247,-18.499513469004462,-93.98162938228612,48.93167742421972
CONCACAF vs OFC,CONCACAF,OFC,2023-09,-0.012903609348769128,-0.06587938971573223,0.03454234556637003,-18.12588301820799,-93.56189528681128,49.26192100988454
CONCACAF vs OFC,CONCACAF,OFC,2023-10,-0.012627159618565469,-0.06550619344497356,0.03478464252325999,-17.72943181531502,-93.14377079796304,49.42979094110973
CONCACAF vs OFC,CONCACAF,OFC,2023-11,-0.012333953065333076,-0.06539680815736722,0.03499910514032267,-17.309411958596552,-92.72726688893641,49.541043865328255
CONCACAF vs OFC,CONCACAF,OFC,2023-12,-0.012023454952273298,-0.06543101910673359,0.03521704662125433,-16.865075714374417,-92.30964387826721,49.90083501318669
CONCACAF vs OFC,CONCACAF,OFC,2024-01,-0.011695130542589962,-0.06539982408993823,0.0355166589223598,-16.395675487799018,-91.87433175240552,50.27656904523802
CONCACAF vs OFC,CONCACAF,OFC,2024-02,-0.011348445099484381,-0.06506901971732733,0.035879910100284226,-15.900463792569003,-91.61291147993353,50.96098102128303
CONCACAF vs OFC,CONCACAF,OFC,2024-03,-0.010982863886157691,-0.06469412966941261,0.03625964764604705,-15.378693219575299,-91.58578918836523,51.706456974169406
CONCACAF vs OFC,CONCACAF,OFC,2024-04,-0.010597852165814058,-0.06438924315428363,0.03661097565952385,-14.8296164044187,-90.74894847620672,52.21629126574316
CONCACAF vs OFC,CONCACAF,OFC,2024-05,-0.010192875201654674,-0.06387831218120144,0.037249304627449964,-14.25248599374278,-90.24724943110564,52.88885295551536
CONCACAF vs OFC,CONCACAF,OFC,2024-06,-0.009767398256880501,-0.06344549414354303,0.037944991491271944,-13.64655461036113,-89.82834245672915,53.76155943222529
CONCACAF vs OFC,CONCACAF,OFC,2024-07,-0.009320886594696053,-0.06295452067318723,0.038681292581603355,-13.011074817118606,-88.66456742079019,54.20873721628671
CONCACAF vs OFC,CONCACAF,OFC,2024-08,-0.008852805478302262,-0.06258064773170897,0.03861736608933011,-12.345299079417723,-87.21805533031842,54.63131684608226
CONCACAF vs OFC,CONCACAF,OFC,2024-09,-0.008362620170899997,-0.06216014470903164,0.03892644402389698,-11.648479726386027,-85.69588256203969,55.06304031287463
CONCACAF vs OFC,CONCACAF,OFC,2024-10,-0.007849795935694097,-0.061349391296309314,0.03944283972232368,-10.919868910612513,-85.19699183673038,55.71140863745955
CONCACAF vs OFC,CONCACAF,OFC,2024-11,-0.007313798035885371,-0.06072350852445041,0.04006957161005391,-10.158718566374421,-84.91773174871618,56.1556787731313
CONCACAF vs OFC,CONCACAF,OFC,2024-12,-0.006754091734674414,-0.05942212587286102,0.04034851884164334,-9.364280366325048,-83.49684623357315,57.09381294815512
CONCACAF vs OFC,CONCACAF,OFC,2025-01,-0.006170142295266457,-0.058421445674253246,0.04088454522022928,-8.535805676560415,-82.7856470697626,58.17568289808356
CONCACAF vs OFC,CONCACAF,OFC,2025-02,-0.005561414980862161,-0.057403070614084624,0.04129226009279962,-7.6725455099736655,-81.26108305963612,58.882155625960294
CONCACAF vs OFC,CONCACAF,OFC,2025-03,-0.0049273750546619255,-0.05718782758127041,0.041790081787894805,-6.773750477863429,-81.50757037933995,60.07790762731654
CONCACAF vs OFC,CONCACAF,OFC,2025-04,-0.004267487779871349,-0.05646824021960395,0.04243176109981714,-5.8386707397023425,-79.52307640942877,61.627732811194406
CONCACAF vs OFC,CONCACAF,OFC,2025-05,-0.003581218419690868,-0.05532274477236854,0.04333071158488977,-4.866555950962069,-76.98389287813089,62.18399672121929
CONCACAF vs OFC,CONCACAF,OFC,2025-06,-0.002868032237320721,-0.054420730960299576,0.04418271504834264,-3.856655208956233,-76.22658317963177,62.67488969051725
CONCACAF vs OFC,CONCACAF,OFC,2025-07,-0.0021273944959669367,-0.05345702292080508,0.04504179974956207,-2.808216996594481,-74.63343109828438,63.47501414274212
CONCACAF vs OFC,CONCACAF,OFC,2025-08,-0.001358770458829761,-0.05273762055842712,0.04589666338759039,-1.7204891239314373,-73.75832239826548,64.47535375763539
CONCACAF vs OFC,CONCACAF,OFC,2025-09,-0.0005616253891091271,-0.05247340908184759,0.04647011584037111,-0.5927186674662789,-73.20717259417314,65.6168115769074
CONCACAF vs OFC,CONCACAF,OFC,2025-10,0.0002645754499884667,-0.05153323245888428,0.04752688631789511,0.5758480929265124,-71.83232066595448,67.66725280379362
CONCACAF vs OFC,CONCACAF,OFC,2025-11,0.0011203667952629749,-0.0507467490472548,0.048758388104096405,1.7859657395660713,-70.10340776476433,69.77183537453024
CONCACAF vs OFC,CONCACAF,OFC,2025-12,0.002006283383514721,-0.050081872411228544,0.05022269412045176,3.038389785083234,-68.95061051689959,72.45097054806098
CONCACAF vs OFC,CONCACAF,OFC,2026-01,0.0029228599515366983,-0.04862519605399056,0.05225355637932151,4.333876743220838,-69.02214553272897,74.66119354607545
CONCACAF vs OFC,CONCACAF,OFC,2026-02,0.003870631236129115,-0.04842716647486793,0.053061330420927394,5.673184202462457,-67.93553141526394,76.9034074931694
CONCACAF vs OFC,CONCACAF,OFC,2026-03,0.004850131974092531,-0.048268271849498175,0.055589126753499654,7.05707090254394,-67.68718752959956,79.15989956222442
CONCACAF vs OFC,CONCACAF,OFC,2026-04,0.005861896902219503,-0.048102018971283744,0.05697692743565527,8.486296813996525,-67.45279965703229,81.15994605095055
CONCACAF vs OFC,CONCACAF,OFC,2026-05,0.006906460757310416,-0.04793379410351726,0.05840412480940878,9.961623220881911,-67.05033900502016,82.99218639409955
CONCACAF vs OFC,CONCACAF,OFC,2026-06,0.007984358276166144,-0.045987051798348895,0.06051545708516779,11.483812806781238,-63.826693465430466,85.32228038265501
CONCACAF vs OFC,CONCACAF,OFC,2026-07,0.00909612419557868,-0.04495035734202744,0.062384646230899475,13.053629744200478,-63.79495085619883,88.67873830658701
CONCACAF vs OFC,CONCACAF,OFC,2026-08,0.010242293252348694,-0.044311275423455095,0.06379392206262804,14.671839787570345,-61.92023551444834,91.02123804900702
CONCACAF vs AFC,CONCACAF,AFC,1992-01,-0.07439924890256906,-0.12461521916892022,-0.029306463614480242,-107.5942887167673,-178.55029423542783,-42.83645494451296
CONCACAF vs AFC,CONCACAF,AFC,1992-02,-0.07657465829751982,-0.12689317359504543,-0.03184156926195333,-110.70247752942254,-182.0652765223599,-46.65080778721338
CONCACAF vs AFC,CONCACAF,AFC,1992-03,-0.07866914704665157,-0.12848907744808308,-0.03417636452760157,-113.6945319382038,-184.62541561181558,-49.408858358192944
CONCACAF vs AFC,CONCACAF,AFC,1992-04,-0.08068388509795327,-0.13030213960236203,-0.03564634913050806,-116.5724673191163,-187.0902034153599,-51.56981253927836
CONCACAF vs AFC,CONCACAF,AFC,1992-05,-0.0826200423994311,-0.13204773095214323,-0.03788990112505951,-119.33827057545328,-189.01550786576604,-54.358803464847696
CONCACAF vs AFC,CONCACAF,AFC,1992-06,-0.08447878889909038,-0.13426538477030986,-0.03950010205220725,-121.99390134880097,-191.35873287002525,-56.68230949069458
CONCACAF vs AFC,CONCACAF,AFC,1992-07,-0.0862612945449214,-0.1363017495122836,-0.04107057253664218,-124.54129319583328,-193.98268572698322,-59.222459360245566
CONCACAF vs AFC,CONCACAF,AFC,1992-08,-0.08796872928492964,-0.13870268146144946,-0.04261775229013677,-126.98235473207392,-196.4263653926959,-62.27046312143846
CONCACAF vs AFC,CONCACAF,AFC,1992-09,-0.08960226306711991,-0.14024979751294894,-0.04406775002010095,-129.31897074356615,-199.65736078210972,-64.28328052242952
CONCACAF vs AFC,CONCACAF,AFC,1992-10,-0.09116306583948358,-0.14211299591870338,-0.04545147061935544,-131.55300326754409,-202.230116073516,-66.8889369815334
CONCACAF vs AFC,CONCACAF,AFC,1992-11,-0.09265230755002563,-0.14370262985455154,-0.047265758507359666,-133.6862926431337,-205.09627525639974,-69.08161613975521
CONCACAF vs AFC,CONCACAF,AFC,1992-12,-0.09407115814675013,-0.1448129028035813,-0.04910073010982489,-135.7206585329017,-206.49823533825452,-71.7700560135049
CONCACAF vs AFC,CONCACAF,AFC,1993-01,-0.0954207875776498,-0.14633151800917235,-0.05084008450843617,-137.65790091620664,-207.6874052568111,-73.68684170767968
CONCACAF vs AFC,CONCACAF,AFC,1993-02,-0.09670236579072893,-0.147333405901535,-0.052203783514834574,-139.4998010552448,-209.1015171936071,-75.54223480337647
CONCACAF vs AFC,CONCACAF,AFC,1993-03,-0.09791706273399114,-0.14813560744522794,-0.053764027343415545,-141.24812243450197,-210.50893313471178,-77.81241934770806
CONCACAF vs AFC,CONCACAF,AFC,1993-04,-0.09906604835543012,-0.14951581418862925,-0.054960580366719206,-142.904611674438,-211.68009954919575,-79.51945775609425
CONCACAF vs AFC,CONCACAF,AFC,1993-05,-0.10015049260304972,-0.15071530866831212,-0.05599342943291297,-144.47099942017695,-212.77112053406256,-81.00596205666275
CONCACAF vs AFC,CONCACAF,AFC,1993-06,-0.10117156542485294,-0.1514469926868077,-0.056909359934490804,-145.94900120581534,-213.85069349675186,-82.39344297792539
CONCACAF vs AFC,CONCACAF,AFC,1993-07,-0.10213043676883464,-0.15222620746604182,-0.05775681554198076,-147.34031829506333,-215.37968275946955,-84.07026640324246
CONCACAF vs AFC,CONCACAF,AFC,1993-08,-0.10302827658299801,-0.15325325965979175,-0.05863363504851581,-148.6466384988804,-216.8754957720045,-85.37318229201459
CONCACAF vs AFC,CONCACAF,AFC,1993-09,-0.1038662548153456,-0.1539917046292031,-0.059456840294243495,-149.8696369706332,-218.0483877992781,-86.59841778993272
CONCACAF vs AFC,CONCACAF,AFC,1993-10,-0.1046455414138733,-0.15452513280516764,-0.060232604507996904,-151.0109769793862,-218.86698330517396,-87.68740699624186
CONCACAF vs AFC,CONCACAF,AFC,1993-11,-0.10536730632658382,-0.15500895747091029,-0.060923023203389465,-152.07231066188731,-219.58924860480525,-88.4167621834825
CONCACAF vs AFC,CONCACAF,AFC,1993-12,-0.1060327195014792,-0.1556684136500283,-0.0615592578893292,-153.05527975370015,-220.59282365836094,-89.06709768523936
CONCACAF vs AFC,CONCACAF,AFC,1994-01,-0.10664295088655626,-0.1563471190343952,-0.062142538720267516,-153.96151629999815,-221.4921586999306,-89.64020230983128
CONCACAF vs AFC,CONCACAF,AFC,1994-02,-0.10719917042981723,-0.15696773560913901,-0.06278228054888918,-154.7926433464949,-222.03609649709588,-90.24374315521102
CONCACAF vs AFC,CONCACAF,AFC,1994-03,-0.10770254807926374,-0.1575313247974119,-0.06337341893955482,-155.55027561089054,-222.57854263952797,-90.8564458178693
CONCACAF vs AFC,CONCACAF,AFC,1994-04,-0.1081542537828935,-0.1580330292573263,-0.06378138369677995,-156.23602013526678,-223.33369906859414,-91.73167465804521
CONCACAF vs AFC,CONCACAF,AFC,1994-05,-0.10855545748870828,-0.15847297460215404,-0.064161036102501,-156.85147691982104,-223.82249526405946,-92.55826306945472
CONCACAF vs AFC,CONCACAF,AFC,1994-06,-0.10890732914470934,-0.1588611524532589,-0.06426794639401696,-157.39823953826007,-224.09124251180634,-92.70178679413824
CONCACAF vs AFC,CONCACAF,AFC,1994-07,-0.10921103869889513,-0.1591987415009113,-0.06453834134477497,-157.87789573520465,-224.60204421577805,-92.86206053672747
CONCACAF vs AFC,CONCACAF,AFC,1994-08,-0.10946775609926704,-0.15948692043538934,-0.06477955822995246,-158.29202800592594,-225.17494793165105,-93.37415837901473
CONCACAF vs AFC,CONCACAF,AFC,1994-09,-0.10967865129382598,-0.15969655576506808,-0.06498135015817934,-158.64221415867388,-225.6715534211043,-93.83830060609537
CONCACAF vs AFC,CONCACAF,AFC,1994-10,-0.10984489423057119,-0.15979814332138637,-0.06512857148406544,-158.93002785988193,-226.09375964622893,-94.23628309286974
CONCACAF vs AFC,CONCACAF,AFC,1994-11,-0.10996765485750355,-0.16002077836499354,-0.06529049673276836,-159.15703916250015,-226.3642338455195,-94.56970791428229
CONCACAF vs AFC,CONCACAF,AFC,1994-12,-0.11004810312262375,-0.16019151900802092,-0.06530834145385453,-159.324815017667,-226.5549307841241,-94.88261733943098
CONCACAF vs AFC,CONCACAF,AFC,1995-01,-0.11008740897393164,-0.16025884808751978,-0.06533461806347987,-159.43491976994056,-226.70194743088126,-95.1878610916147
CONCACAF vs AFC,CONCACAF,AFC,1995-02,-0.11008674235942781,-0.16028295003279736,-0.06532359405164181,-159.48891563627996,-226.79989924223227,-95.34955738251594
CONCACAF vs AFC,CONCACAF,AFC,1995-03,-0.11004727322711265,-0.16026503166601697,-0.06527669818417743,-159.488363168943,-226.74337257134613,-95.35833319598659
CONCACAF vs AFC,CONCACAF,AFC,1995-04,-0.1099701715249866,-0.1602062998093464,-0.06534267587763752,-159.43482170246162,-226.57314304003455,-95.32842867183416
CONCACAF vs AFC,CONCACAF,AFC,1995-05,-0.10985660720105002,-0.16012759778119806,-0.06520734539159614,-159.32984978483307,-226.58931326304054,-95.36406954533315
CONCACAF vs AFC,CONCACAF,AFC,1995-06,-0.10970775020330276,-0.16007818193351744,-0.06509350697963381,-159.17500559305023,-226.57102119088367,-95.19206118429246
CONCACAF vs AFC,CONCACAF,AFC,1995-07,-0.10952477047974611,-0.15997467827164008,-0.06508116434081199,-158.9718473330829,-226.40995820300404,-95.05575338519782
CONCACAF vs AFC,CONCACAF,AFC,1995-08,-0.10930883797838004,-0.15981872732443803,-0.06504078367442052,-158.7219336243969,-226.24823023352457,-94.87222476802981
CONCACAF vs AFC,CONCACAF,AFC,1995-09,-0.10906112264720415,-0.15960381231382517,-0.06497523419026215,-158.42682386909902,-226.03305590624842,-94.64042365319786
CONCACAF vs AFC,CONCACAF,AFC,1995-10,-0.10878279443422023,-0.15933966103774494,-0.06486759613567308,-158.088078605774,-225.76356527005774,-94.3619304842482
CONCACAF vs AFC,CONCACAF,AFC,1995-11,-0.10847502328742799,-0.15902866455524206,-0.06453400054769982,-157.70725984805506,-225.43921356697405,-93.99244173021276
CONCACAF vs AFC,CONCACAF,AFC,1995-12,-0.10813897915482684,-0.15866968981719465,-0.06417226340409436,-157.2859314079857,-225.06647839506525,-93.49893754426391
CONCACAF vs AFC,CONCACAF,AFC,1996-01,-0.10777583198441903,-0.15821622962304455,-0.06378355766285428,-156.82565920419609,-224.7103682973782,-93.10637549353827
CONCACAF vs AFC,CONCACAF,AFC,1996-02,-0.10738675172420396,-0.1577369562252378,-0.06336905628197292,-156.3280115548988,-224.23636900742426,-92.81271568644695
CONCACAF vs AFC,CONCACAF,AFC,1996-03,-0.10697290832218091,-0.15723313366579833,-0.06292114330970079,-155.79455945573278,-223.709337703279,-92.21436467918359
CONCACAF vs AFC,CONCACAF,AFC,1996-04,-0.10653547172635246,-0.1567540377023804,-0.06244037317403148,-155.22687684244204,-223.17956119339163,-91.70129207662468
CONCACAF vs AFC,CONCACAF,AFC,1996-05,-0.10607561188471795,-0.1562888161016697,-0.061942334775566564,-154.62654083836284,-222.6107310968723,-91.13951873466644
CONCACAF vs AFC,CONCACAF,AFC,1996-06,-0.10559449874527636,-0.15577720593273106,-0.061364364629530516,-153.9951319867214,-221.9983556916052,-90.4038739525972
CONCACAF vs AFC,CONCACAF,AFC,1996-07,-0.1050933022560307,-0.15523521947391564,-0.060766616416415974,-153.33423446770044,-221.65024882049403,-89.64066388376365
CONCACAF vs AFC,CONCACAF,AFC,1996-08,-0.10457319236498003,-0.15484989989387513,-0.06015036221169971,-152.645436300218,-221.2986855045829,-88.8515668527972
CONCACAF vs AFC,CONCACAF,AFC,1996-09,-0.10403533902012327,-0.15413333188299178,-0.059647772040647556,-151.93032952840156,-220.9272014693793,-87.92417597475473
CONCACAF vs AFC,CONCACAF,AFC,1996-10,-0.10348091216946372,-0.15344711771504885,-0.05910919841857406,-151.19051039268993,-220.51945401633768,-87.10710867324342
CONCACAF vs AFC,CONCACAF,AFC,1996-11,-0.10291108176100025,-0.15283244326058248,-0.058459781956156184,-150.42757948548262,-219.8474606436324,-86.31589460329764
CONCACAF vs AFC,CONCACAF,AFC,1996-12,-0.10232701774273165,-0.15215230465052945,-0.057959085927351654,-149.6431418913048,-218.89131926087555,-85.42290692672219
CONCACAF vs AFC,CONCACAF,AFC,1997-01,-0.10172989006266157,-0.15156538542910697,-0.057329681343674437,-148.8388073113981,-218.3991787584867,-84.51274149749271
CONCACAF vs AFC,CONCACAF,AFC,1997-02,-0.10112086866878867,-0.1509177594352316,-0.056688439289215485,-148.01619017264034,-217.88518491451268,-83.58712054337853
CONCACAF vs AFC,CONCACAF,AFC,1997-03,-0.10050112350911167,-0.15025714065550963,-0.05603655817056433,-147.17690972074905,-217.35627190803078,-82.66555116990804
CONCACAF vs AFC,CONCACAF,AFC,1997-04,-0.0998718245316343,-0.14958471605015983,-0.05538939156085112,-146.3225900976653,-216.80130573707584,-81.73876823795521
CONCACAF vs AFC,CONCACAF,AFC,1997-05,-0.09923414168435532,-0.1489016725793948,-0.054917663775130084,-145.45486040300568,-215.89612499779406,-80.80153196773445
CONCACAF vs AFC,CONCACAF,AFC,1997-06,-0.09858924491527325,-0.1482091972034297,-0.05444199907317382,-144.57535473953192,-214.85634075094174,-79.85553374390926
CONCACAF vs AFC,CONCACAF,AFC,1997-07,-0.097938304172392,-0.14750847688248325,-0.05379635783578449,-143.68571224252236,-214.26502601093821,-79.18413408031887
CONCACAF vs AFC,CONCACAF,AFC,1997-08,-0.09728248940371025,-0.1468006985767681,-0.05310180702564324,-142.7875770929275,-213.3307213894516,-78.48347677495937
CONCACAF vs AFC,CONCACAF,AFC,1997-09,-0.09662297055722649,-0.146203111807512,-0.052402946698395576,-141.88259851425346,-212.33108179646115,-77.47147471563663
CONCACAF vs AFC,CONCACAF,AFC,1997-10,-0.09596091758094469,-0.1456166888649543,-0.05170091743495583,-140.9724307530551,-211.30941591480362,-76.46070523984359
CONCACAF vs AFC,CONCACAF,AFC,1997-11,-0.09529750042286349,-0.14502782767987427,-0.05099685981623302,-140.05873304291657,-210.3542061735609,-75.45272794007874
CONCACAF vs AFC,CONCACAF,AFC,1997-12,-0.09463388903098144,-0.14443761433657687,-0.050291914423135395,-139.143169551866,-209.5681827790685,-74.44910779037036
CONCACAF vs AFC,CONCACAF,AFC,1998-01,-0.09397125335330245,-0.1438471349193716,-0.049587221836577204,-138.227409313105,-208.64467119966037,-73.45141502388749
CONCACAF vs AFC,CONCACAF,AFC,1998-02,-0.09331076333782513,-0.14325219934903508,-0.04888392263746675,-137.31312613893598,-207.5123581070804,-72.46122499009682
CONCACAF vs AFC,CONCACAF,AFC,1998-03,-0.09265358893254808,-0.14241539932695674,-0.048200528055739336,-136.40199851783748,-206.50475427220337,-71.45102758271832
CONCACAF vs AFC,CONCACAF,AFC,1998-04,-0.09200090008547526,-0.14158513308318077,-0.04755748543090848,-135.4957094945766,-205.798355615981,-70.33938354975496
CONCACAF vs AFC,CONCACAF,AFC,1998-05,-0.09135386674460523,-0.140762918728151,-0.046857302178180585,-134.59594653324788,-204.89524768946364,-69.23974657523934
CONCACAF vs AFC,CONCACAF,AFC,1998-06,-0.09071365885793657,-0.1399502743723103,-0.04616881294584303,-133.70440136320224,-203.90928284492378,-68.44924906378654
CONCACAF vs AFC,CONCACAF,AFC,1998-07,-0.09008144637347319,-0.1391487181261105,-0.045494991377195634,-132.82276980776433,-203.02119101328026,-67.59602931139099
CONCACAF vs AFC,CONCACAF,AFC,1998-08,-0.08945839923921374,-0.13835976809999448,-0.044949852302511854,-131.95275159564414,-202.36511242500723,-66.63082088729095
CONCACAF vs AFC,CONCACAF,AFC,1998-09,-0.08884568740315692,-0.13767597615145058,-0.04425472663452661,-131.0960501550202,-201.45404337598842,-65.83769022608135
CONCACAF vs AFC,CONCACAF,AFC,1998-10,-0.08824448081330635,-0.13729805705604953,-0.0435592307943868,-130.25437239021173,-200.64247113214125,-64.92967652592218
CONCACAF vs AFC,CONCACAF,AFC,1998-11,-0.08765594941766083,-0.13692858904432006,-0.04289376576142199,-129.42942844086585,-199.78677953429076,-64.04988028022882
CONCACAF vs AFC,CONCACAF,AFC,1998-12,-0.08708126316421914,-0.13656823802070434,-0.04225409650211729,-128.62293142365658,-198.81433317160403,-63.19931452791385
CONCACAF vs AFC,CONCACAF,AFC,1999-01,-0.08652136525273148,-0.13619921376595273,-0.041648848391613626,-127.8362758079949,-198.13992667370502,-62.37765543992469
CONCACAF vs AFC,CONCACAF,AFC,1999-02,-0.08597629188993032,-0.135544219362409,-0.0410609759375014,-127.06957155974871,-197.53127947329614,-61.53866162034365
CONCACAF vs AFC,CONCACAF,AFC,1999-03,-0.08544585253429489,-0.13491114224044312,-0.04049050836011295,-126.32260539157633,-196.78148316399637,-60.6994785153134
CONCACAF vs AFC,CONCACAF,AFC,1999-04,-0.08492985664430883,-0.1344315850011814,-0.03993603572605618,-125.59516177488804,-196.03808775923343,-59.911195352696566
CONCACAF vs AFC,CONCACAF,AFC,1999-05,-0.08442811367845138,-0.13405063205830214,-0.039397335586630534,-124.88702300070138,-195.3011518435814,-59.124068056271916
CONCACAF vs AFC,CONCACAF,AFC,1999-06,-0.08394043309520204,-0.1336763785000906,-0.038876176206510946,-124.1979692399691,-194.57073283174674,-58.36141734395203
CONCACAF vs AFC,CONCACAF,AFC,1999-07,-0.08346662435304406,-0.1333083627818135,-0.03837043401073071,-123.52777860334142,-193.84688698054637,-57.67602388914843
CONCACAF vs AFC,CONCACAF,AFC,1999-08,-0.08300649691045688,-0.1329352413344182,-0.03787987127944002,-122.87622720032992,-193.12966940107097,-57.00863869667022
CONCACAF vs AFC,CONCACAF,AFC,1999-09,-0.08255986022592002,-0.13256914431409328,-0.03740426275115279,-122.24308919788837,-192.40647677482633,-56.35903972884648
CONCACAF vs AFC,CONCACAF,AFC,1999-10,-0.08212652375791663,-0.13221001535235274,-0.03694338316438751,-121.62813687837641,-191.68568150100356,-55.727002648216384
CONCACAF vs AFC,CONCACAF,AFC,1999-11,-0.08170629696492615,-0.13185779808070625,-0.03649700725766146,-121.03114069687436,-190.9729016185514,-55.11230089215339
CONCACAF vs AFC,CONCACAF,AFC,1999-12,-0.08129898930542831,-0.13151243613066352,-0.03606490976948616,-120.45186933786565,-190.26816462668828,-54.514705746580404
CONCACAF vs AFC,CONCACAF,AFC,2000-01,-0.08090441023790597,-0.13117387313373685,-0.03564686543838254,-119.8900897712529,-189.57219134147414,-53.93398641876599
CONCACAF vs AFC,CONCACAF,AFC,2000-02,-0.08052236922083872,-0.13084205272143676,-0.03524264900286207,-119.34556730768159,-188.997218096841,-53.36991010913343
CONCACAF vs AFC,CONCACAF,AFC,2000-03,-0.0801526757127063,-0.13051691852527464,-0.034852035201442984,-118.81806565318355,-188.4421708130907,-52.8222420821222
CONCACAF vs AFC,CONCACAF,AFC,2000-04,-0.07979513917199152,-0.1301984141767611,-0.03447773845936051,-118.30734696311215,-187.90679239729587,-52.29074573604535
CONCACAF vs AFC,CONCACAF,AFC,2000-05,-0.079449569057174,-0.12988648330740843,-0.034147407344422655,-117.81317189534289,-187.3908240732238,-51.7751826719229
CONCACAF vs AFC,CONCACAF,AFC,2000-06,-0.07911577482673353,-0.12958106954872622,-0.0338651593516254,-117.33529966275279,-186.89400543842063,-51.275312761292206
CONCACAF vs AFC,CONCACAF,AFC,2000-07,-0.07879356593915278,-0.12920747344491673,-0.033548948041530795,-116.87348808495182,-186.41607452058258,-50.79089421296686
CONCACAF vs AFC,CONCACAF,AFC,2000-08,-0.07848275185291143,-0.1287481207357967,-0.03327502530058784,-116.42749363924298,-186.02408298444738,-50.32929361503978
CONCACAF vs AFC,CONCACAF,AFC,2000-09,-0.0781831420264894,-0.12829434594537462,-0.033094887357253994,-115.99707151082356,-185.6753800266219,-49.888525540880536
CONCACAF vs AFC,CONCACAF,AFC,2000-10,-0.07789454591836914,-0.127847299687642,-0.03285849542399509,-115.58197564220309,-185.34211476417747,-49.599231934925484
CONCACAF vs AFC,CONCACAF,AFC,2000-11,-0.07761677298703049,-0.12748258847997262,-0.03263291257104598,-115.18195878181716,-185.024010596825,-49.19893540355548
CONCACAF vs AFC,CONCACAF,AFC,2000-12,-0.07734963269095338,-0.12725154782646725,-0.03241793106152226,-114.79677253184873,-184.72078953776003,-48.77771591157476
CONCACAF vs AFC,CONCACAF,AFC,2001-01,-0.07709293448862009,-0.12702897734672947,-0.03221334315854466,-114.4261673952347,-184.43055221622143,-48.37612075914972
CONCACAF vs AFC,CONCACAF,AFC,2001-02,-0.07684648783851054,-0.12681471381395829,-0.032018941125231376,-114.06989282183949,-184.07801458309365,-48.07220883875801
CONCACAF vs AFC,CONCACAF,AFC,2001-03,-0.0766101021991049,-0.12660859400135274,-0.03183451722469883,-113.72769725380613,-183.7489999260664,-47.87402111871203
CONCACAF vs AFC,CONCACAF,AFC,2001-04,-0.07638358702888505,-0.12641045468211284,-0.031660490870929855,-113.39932817006455,-183.44299712330812,-47.7024530537402
CONCACAF vs AFC,CONCACAF,AFC,2001-05,-0.07616675178633119,-0.12621894800875838,-0.03150013838694356,-113.0845321299828,-183.15949355711234,-47.55635308344024
CONCACAF vs AFC,CONCACAF,AFC,2001-06,-0.07595940592992338,-0.1260344377295574,-0.03134931340696034,-112.78305481616763,-182.89797519373633,-47.35765757257858
CONCACAF vs AFC,CONCACAF,AFC,2001-07,-0.07576135891814353,-0.1258571309087531,-0.03120775978785116,-112.49464107640023,-182.6579266614843,-47.03305090101013
CONCACAF vs AFC,CONCACAF,AFC,2001-08,-0.07557242020947177,-0.12568687617242125,-0.031008317949357125,-112.21903496469098,-182.43883132702834,-46.69848552513364
CONCACAF vs AFC,CONCACAF,AFC,2001-09,-0.07539239926238833,-0.12552352214663523,-0.030926904591541467,-111.95597978146266,-182.2401713699304,-46.37671353524482
CONCACAF vs AFC,CONCACAF,AFC,2001-10,-0.0752211055353749,-0.12536691745747017,-0.030822568696120243,-111.70521811284641,-182.06142785536062,-46.075774190580866
CONCACAF vs AFC,CONCACAF,AFC,2001-11,-0.07505834848691173,-0.12521691073100025,-0.030707563241419513,-111.4664918690793,-181.90208080500312,-45.90564350182701
CONCACAF vs AFC,CONCACAF,AFC,2001-12,-0.07490393757547914,-0.12507335059329971,-0.03060054494109387,-111.23954232200998,-181.7616092661406,-45.74722926123484
CONCACAF vs AFC,CONCACAF,AFC,2002-01,-0.07475768225955866,-0.12491912633817873,-0.030501311373807093,-111.02411014169978,-181.63949137888335,-45.600243769162546
CONCACAF vs AFC,CONCACAF,AFC,2002-02,-0.07461939199763058,-0.12473154487572091,-0.030409660118219575,-110.81993543210982,-181.53520444156248,-45.464398791474494
CONCACAF vs AFC,CONCACAF,AFC,2002-03,-0.0744888762481753,-0.12454914907652812,-0.030325388752994956,-110.62675776587949,-181.4482249742518,-45.33940559192165
CONCACAF vs AFC,CONCACAF,AFC,2002-04,-0.07436594446967425,-0.12437188880086869,-0.030250496319822268,-110.44431621818622,-181.37802878042248,-45.22497496366305
CONCACAF vs AFC,CONCACAF,AFC,2002-05,-0.07425040612060775,-0.1241997139090032,-0.030121973122531044,-110.27234939967734,-181.42373467466277,-44.99551039459972
CONCACAF vs AFC,CONCACAF,AFC,2002-06,-0.0741420706594563,-0.12403257426119829,-0.02997683158047748,-110.11059548848083,-181.49030619889504,-44.64147133461756
CONCACAF vs AFC,CONCACAF,AFC,2002-07,-0.07404074754470108,-0.12387041971771881,-0.029839191947788075,-109.95879226128423,-181.42010817743457,-44.29763736933428
CONCACAF vs AFC,CONCACAF,AFC,2002-08,-0.07394624623482265,-0.1237202706626583,-0.029708901650496125,-109.81667712347682,-181.25481137343684,-43.963921158587965
CONCACAF vs AFC,CONCACAF,AFC,2002-09,-0.07385837618830149,-0.12369568843539644,-0.029585808114633412,-109.6839871383576,-181.26040724557754,-43.640234911406424
CONCACAF vs AFC,CONCACAF,AFC,2002-10,-0.07377694686361866,-0.12370439122658809,-0.02944470772857697,-109.5604590554037,-181.23910135309438,-43.326490405338674
CONCACAF vs AFC,CONCACAF,AFC,2002-11,-0.07370176771925478,-0.12372116964647617,-0.029354304660951108,-109.44582933759312,-181.19590096998343,-43.02259900547724
CONCACAF vs AFC,CONCACAF,AFC,2002-12,-0.07363264821369034,-0.1237457058337379,-0.029245459149619187,-109.3398341877849,-181.05406639064782,-42.88847812634056
CONCACAF vs AFC,CONCACAF,AFC,2003-01,-0.07356939780540644,-0.12376579693485978,-0.029152942027355834,-109.24220957415237,-180.86388687482545,-42.787159270784365
CONCACAF vs AFC,CONCACAF,AFC,2003-02,-0.07351182595288357,-0.12370542429690859,-0.029121273832614362,-109.15269125466415,-180.68001254312634,-42.840637353218675
CONCACAF vs AFC,CONCACAF,AFC,2003-03,-0.07345974211460234,-0.12369548930013319,-0.029014883104136094,-109.07101480061769,-180.50239028970043,-42.9173552326297
CONCACAF vs AFC,CONCACAF,AFC,2003-04,-0.07341295574904379,-0.12381221848269393,-0.028913915341121046,-108.99691561921864,-180.330966801502,-42.96919710705549
CONCACAF vs AFC,CONCACAF,AFC,2003-05,-0.07337127631468846,-0.12393430887153793,-0.02881828857399018,-108.93012897520533,-180.30201239795088,-42.82613419233365
CONCACAF vs AFC,CONCACAF,AFC,2003-06,-0.07333451327001698,-0.12406140094499159,-0.028744385542526407,-108.87039001151985,-180.35197121797802,-42.690749309688286
CONCACAF vs AFC,CONCACAF,AFC,2003-07,-0.07330247607351023,-0.1241463179049346,-0.02867945785610675,-108.81743376902268,-180.40804155598204,-42.562924554480425
CONCACAF vs AFC,CONCACAF,AFC,2003-08,-0.07327497418364891,-0.12418500662835719,-0.028599826589118218,-108.7709952052493,-180.46985806600577,-42.442541837718004
CONCACAF vs AFC,CONCACAF,AFC,2003-09,-0.07325181705891363,-0.12411617032982698,-0.028515989290969126,-108.73080921221009,-180.53705542882543,-42.329482905431554
CONCACAF vs AFC,CONCACAF,AFC,2003-10,-0.0732328141577852,-0.12404840700139527,-0.028518837593080673,-108.69661063323228,-180.6092683719561,-42.4536179934741
CONCACAF vs AFC,CONCACAF,AFC,2003-11,-0.07321777493874433,-0.12400000576418843,-0.028476128378067594,-108.6681342788425,-180.68613168823254,-42.634206561151196
CONCACAF vs AFC,CONCACAF,AFC,2003-12,-0.07320650886027175,-0.12405136782051356,-0.028442333633137997,-108.64511494169086,-180.7672802529645,-42.47671655176097
CONCACAF vs AFC,CONCACAF,AFC,2004-01,-0.07319882538084815,-0.12404819970806798,-0.02844170834778841,-108.62728741051649,-180.85234903964732,-42.32550722409348
CONCACAF vs AFC,CONCACAF,AFC,2004-02,-0.07319453395895426,-0.12401192571818784,-0.028381211722507783,-108.61438648315342,-180.94097313426226,-42.180346232015204
CONCACAF vs AFC,CONCACAF,AFC,2004-03,-0.07319344405307082,-0.12397827998265151,-0.028354462882942282,-108.60614697857798,-181.02954021702408,-42.143931420390146
CONCACAF vs AFC,CONCACAF,AFC,2004-04,-0.07319536512167849,-0.12394316185252494,-0.028332101366543946,-108.60230374799707,-181.0911610765977,-42.145679391710715
CONCACAF vs AFC,CONCACAF,AFC,2004-05,-0.07320010662325804,-0.12390694185715515,-0.028318185575342988,-108.60259168497846,-180.92542106935875,-42.16028282752793
CONCACAF vs AFC,CONCACAF,AFC,2004-06,-0.07320747801629023,-0.12387294157072462,-0.028311639904968017,-108.60674573462231,-180.90418137054976,-42.222951875902396
CONCACAF vs AFC,CONCACAF,AFC,2004-07,-0.0732172887592557,-0.12384100779092022,-0.02830898567674094,-108.61450090177503,-181.06248034057586,-42.28760497130851
CONCACAF vs AFC,CONCACAF,AFC,2004-08,-0.07322934831063524,-0.12381098731542468,-0.02831305278341456,-108.62559225828618,-181.22281579957723,-42.35382929080978
CONCACAF vs AFC,CONCACAF,AFC,2004-09,-0.07324346612890953,-0.12378272694192413,-0.028303037628324385,-108.63975494930797,-181.38475207766356,-42.421212226848866
CONCACAF vs AFC,CONCACAF,AFC,2004-10,-0.07325945167255923,-0.12375607346810376,-0.02830207259231462,-108.65672419863873,-181.54769969612346,-42.48934138820471
CONCACAF vs AFC,CONCACAF,AFC,2004-11,-0.07327711440006522,-0.12373087369164804,-0.028304622087375112,-108.67623531311074,-181.70933968902438,-42.51939705502862
CONCACAF vs AFC,CONCACAF,AFC,2004-12,-0.07329626376990808,-0.1237021465686516,-0.028312723550770986,-108.69802368602224,-181.85810245565364,-42.38163913294361
CONCACAF vs AFC,CONCACAF,AFC,2005-01,-0.07331670924056854,-0.12368868815313201,-0.028326656571743245,-108.72182479961577,-181.9273871901655,-42.411471552065876
CONCACAF vs AFC,CONCACAF,AFC,2005-02,-0.0733382602705274,-0.12367331139549656,-0.02834365737409008,-108.74737422660174,-181.9945912028482,-42.51774119807701
CONCACAF vs AFC,CONCACAF,AFC,2005-03,-0.07336072631826535,-0.12365859250549689,-0.02836358478050551,-108.77440763072896,-182.05577765762865,-42.592547720826985
CONCACAF vs AFC,CONCACAF,AFC,2005-04,-0.07338391684226309,-0.12364436877176291,-0.028386297613682807,-108.80266076640217,-182.1150643190413,-42.61933217547007
CONCACAF vs AFC,CONCACAF,AFC,2005-05,-0.07340764130100133,-0.12362549448856522,-0.028411654696316034,-108.83186947734752,-182.08560267644341,-42.6530336952931
CONCACAF vs AFC,CONCACAF,AFC,2005-06,-0.07343170915296081,-0.12360596244036053,-0.028439514851098323,-108.86176969432597,-182.05494566790267,-42.69355048780451
CONCACAF vs AFC,CONCACAF,AFC,2005-07,-0.07345592985662225,-0.12358682966378742,-0.028469736900723783,-108.89209743189565,-182.0248117274463,-42.74078079694002
CONCACAF vs AFC,CONCACAF,AFC,2005-08,-0.07348011287046638,-0.12356794784889033,-0.02850217966788573,-108.92258878422304,-181.99456827813472,-42.794622910646616
CONCACAF vs AFC,CONCACAF,AFC,2005-09,-0.07350406765297399,-0.12354916868571131,-0.028536701975277197,-108.95297991994416,-181.95831731941476,-42.85497516818723
CONCACAF vs AFC,CONCACAF,AFC,2005-10,-0.07352760366262558,-0.12353034386429566,-0.028573162645593238,-108.98300707607433,-182.03168935969632,-42.92173596719242
CONCACAF vs AFC,CONCACAF,AFC,2005-11,-0.07355053035790206,-0.12351355689974489,-0.02861142050152614,-109.01240655096998,-182.15059015319534,-42.994803770404495
CONCACAF vs AFC,CONCACAF,AFC,2005-12,-0.0735726866796733,-0.12352297144457411,-0.028651346269317264,-109.04095432515456,-182.09535783773902,-43.074058759377124
CONCACAF vs AFC,CONCACAF,AFC,2006-01,-0.07359402949836591,-0.1235339783702786,-0.02869285828939618,-109.0685849189213,-182.03548933357666,-43.159307768048485
CONCACAF vs AFC,CONCACAF,AFC,2006-02,-0.07361454516679578,-0.12354650564073162,-0.02873588680573899,-109.0952724658994,-181.9782361358172,-43.250339318072186
CONCACAF vs AFC,CONCACAF,AFC,2006-03,-0.07363422003777878,-0.12356048121980141,-0.028780362062321676,-109.12099107895182,-181.92339368184736,-43.22567017368786
CONCACAF vs AFC,CONCACAF,AFC,2006-04,-0.0736530404641306,-0.12357583307135873,-0.028826214303120257,-109.14571485037905,-181.86995053370512,-43.20266299780212
CONCACAF vs AFC,CONCACAF,AFC,2006-05,-0.0736709927986672,-0.12359248915927519,-0.0288733737721124,-109.16941785214166,-181.81882801304474,-43.18579919121063
CONCACAF vs AFC,CONCACAF,AFC,2006-06,-0.07368806339420443,-0.1236103774474198,-0.02892177071327425,-109.19207413609973,-181.7699540008756,-43.17493758074038
CONCACAF vs AFC,CONCACAF,AFC,2006-07,-0.07370423860355803,-0.12362942589966419,-0.028971335370580862,-109.21365773427051,-181.7232564135703,-43.16993704690502
CONCACAF vs AFC,CONCACAF,AFC,2006-08,-0.07371950477954389,-0.12364956247987582,-0.02902199798800927,-109.23414265910475,-181.67866320057135,-43.17065652042958
CONCACAF vs AFC,CONCACAF,AFC,2006-09,-0.0737338482749779,-0.12367071515192873,-0.029073688809537007,-109.25350290378054,-181.6361023421785,-43.17695497885432
CONCACAF vs AFC,CONCACAF,AFC,2006-10,-0.07374725544267582,-0.12369281187968947,-0.029126338079139384,-109.27171244251511,-181.5955018473805,-43.18869144324061
CONCACAF vs AFC,CONCACAF,AFC,2006-11,-0.0737597126354535,-0.12371578062703308,-0.02917987604079149,-109.28874523089561,-181.55678975176465,-43.154007443488176
CONCACAF vs AFC,CONCACAF,AFC,2006-12,-0.07377120620612684,-0.12373954935782519,-0.029234232938472805,-109.30457520622764,-181.51989411549607,-42.988238929642336
CONCACAF vs AFC,CONCACAF,AFC,2007-01,-0.07378172250751158,-0.1237640460359383,-0.02928564598867003,-109.31917628790183,-181.48474302134932,-42.814669071882896
CONCACAF vs AFC,CONCACAF,AFC,2007-02,-0.07379124789242361,-0.12378919862524307,-0.029329861975803395,-109.33252237777971,-181.4758076598187,-42.84814932294891
CONCACAF vs AFC,CONCACAF,AFC,2007-03,-0.07379976871367878,-0.12381493508960953,-0.029359016218703377,-109.34458736059707,-181.48767488791736,-42.95814831495479
CONCACAF vs AFC,CONCACAF,AFC,2007-04,-0.07380727132409294,-0.12384118339290748,-0.029380294216195618,-109.35534510438625,-181.4465154587029,-43.07237618071849
CONCACAF vs AFC,CONCACAF,AFC,2007-05,-0.07381374207648189,-0.12386787149900695,-0.029406559553204287,-109.36476946091683,-181.4058358338955,-43.18391201467221
CONCACAF vs AFC,CONCACAF,AFC,2007-06,-0.07381916732366146,-0.1238949273717795,-0.029385187474815465,-109.37283426615518,-181.36058327553715,-43.21165547811853
CONCACAF vs AFC,CONCACAF,AFC,2007-07,-0.07382353341844752,-0.12392175517547628,-0.029361811878291028,-109.37951334074224,-181.33311964047869,-43.25519676066498
CONCACAF vs AFC,CONCACAF,AFC,2007-08,-0.0738268267136559,-0.1239438498095697,-0.02933650141211045,-109.38478049049023,-181.31025215926056,-43.33275187391224
CONCACAF vs AFC,CONCACAF,AFC,2007-09,-0.0738290335621024,-0.12396597190657163,-0.02930932472474962,-109.38860950689795,-181.28777738821867,-43.41449436407054
CONCACAF vs AFC,CONCACAF,AFC,2007-10,-0.07383014031660293,-0.12398805653049597,-0.02928035046468707,-109.39097416768527,-181.26528782618934,-43.49980685670592
CONCACAF vs AFC,CONCACAF,AFC,2007-11,-0.07383013332997329,-0.12401003874535714,-0.02924964728040047,-109.39184823734558,-181.2437774518778,-43.585310996954014
CONCACAF vs AFC,CONCACAF,AFC,2007-12,-0.07382899895502927,-0.12403185361517059,-0.02930676055870927,-109.391205467718,-181.22317709302206,-43.670903595286894
CONCACAF vs AFC,CONCACAF,AFC,2008-01,-0.0738267235445868,-0.12405343620395178,-0.029369080016498083,-109.38901959857814,-181.203417581216,-43.75648139473518
CONCACAF vs AFC,CONCACAF,AFC,2008-02,-0.07382329345146164,-0.12407345973172106,-0.029431551226615952,-109.38526435824762,-181.1844297509017,-43.84194106796429
CONCACAF vs AFC,CONCACAF,AFC,2008-03,-0.07381869502846969,-0.12409254472258965,-0.029494082237506512,-109.37991346422302,-181.16614443841192,-43.927179214575624
CONCACAF vs AFC,CONCACAF,AFC,2008-04,-0.07381291462842675,-0.12407794908521756,-0.029559116380982454,-109.37294062382345,-181.14849248110255,-44.01209235865433
CONCACAF vs AFC,CONCACAF,AFC,2008-05,-0.07380593860414866,-0.12400530076765874,-0.029626233361325815,-109.36431953485727,-181.21663829441317,-44.09657694654946
CONCACAF vs AFC,CONCACAF,AFC,2008-06,-0.07379775330845124,-0.12392774576558704,-0.029693079497411668,-109.35402388630825,-181.33736873949607,-44.18052934488432
CONCACAF vs AFC,CONCACAF,AFC,2008-07,-0.07378834509415037,-0.12384791851862924,-0.029759556899715836,-109.3420273590406,-181.34225290199544,-44.26384583881225
CONCACAF vs AFC,CONCACAF,AFC,2008-08,-0.07377770031406188,-0.12376606755826196,-0.029825567678712365,-109.32830362652282,-181.30157369881093,-44.346422630498324
CONCACAF vs AFC,CONCACAF,AFC,2008-09,-0.07376580532100156,-0.12368223824417304,-0.029765792447190197,-109.31282635557154,-181.260262553218,-44.428155837846674
CONCACAF vs AFC,CONCACAF,AFC,2008-10,-0.07375264646778533,-0.12359647593605513,-0.02969880681172616,-109.29556920711399,-181.21556846637077,-44.49336915226824
CONCACAF vs AFC,CONCACAF,AFC,2008-11,-0.07373821010722895,-0.1235088259935961,-0.029629782694774242,-109.27650583696973,-181.16633516059326,-44.569409832781304
CONCACAF vs AFC,CONCACAF,AFC,2008-12,-0.07372248259214827,-0.12341933377648692,-0.029558768771887463,-109.25560989665209,-181.11641463828127,-44.65279977533587
CONCACAF vs AFC,CONCACAF,AFC,2009-01,-0.07370545027535914,-0.12332804464441631,-0.02948581371861958,-109.23285503418847,-181.06580081235165,-44.72243071472387
CONCACAF vs AFC,CONCACAF,AFC,2009-02,-0.07368709950967749,-0.12323500395707611,-0.02947525555021713,-109.20821489496022,-181.03336032640547,-44.76479553500502
CONCACAF vs AFC,CONCACAF,AFC,2009-03,-0.07366741664791895,-0.12313975121158123,-0.02949364640860873,-109.18166312256126,-181.0207792718208,-44.72450926179562
CONCACAF vs AFC,CONCACAF,AFC,2009-04,-0.07364638804289958,-0.12312529742655039,-0.029509277433166593,-109.15317335967742,-181.00734715201278,-44.602413821808916
CONCACAF vs AFC,CONCACAF,AFC,2009-05,-0.07362400004743509,-0.12312008062201563,-0.029519507154583884,-109.12271924898322,-180.98732951467258,-44.485317956300264
CONCACAF vs AFC,CONCACAF,AFC,2009-06,-0.0736002390143413,-0.12311416586654715,-0.0294813140793346,-109.09027443405961,-180.96695996868397,-44.438761442423335
CONCACAF vs AFC,CONCACAF,AFC,2009-07,-0.07357509129643416,-0.12310749481245589,-0.029442616671714335,-109.0558125603306,-180.94617028485493,-44.55173425068117
CONCACAF vs AFC,CONCACAF,AFC,2009-08,-0.07354854324652943,-0.12310000911205451,-0.029402763333579784,-109.01930727601852,-180.9248922324169,-44.66376470536208
CONCACAF vs AFC,CONCACAF,AFC,2009-09,-0.07352058121744288,-0.12308378683635599,-0.029465912244347386,-108.98073223311967,-180.90305757920314,-44.55935853297923
CONCACAF vs AFC,CONCACAF,AFC,2009-10,-0.0734911915619905,-0.12297726483473755,-0.029539723836507704,-108.94006108839916,-180.8805980918794,-44.323103920767906
CONCACAF vs AFC,CONCACAF,AFC,2009-11,-0.07346036063298805,-0.12287007824962584,-0.0295706553311789,-108.89726750440434,-180.7792766298257,-44.08380242746427
CONCACAF vs AFC,CONCACAF,AFC,2009-12,-0.0734280747832513,-0.12280504487415449,-0.02948613431966455,-108.85232515049807,-180.63672493408683,-43.844991598542855
CONCACAF vs AFC,CONCACAF,AFC,2010-01,-0.07339432036559623,-0.12277436367036096,-0.029323330274805635,-108.80520770391227,-180.49326205216488,-43.60347669450029
CONCACAF vs AFC,CONCACAF,AFC,2010-02,-0.0733590837328386,-0.12281455896168306,-0.029158858636878816,-108.75588885081868,-180.46727236882208,-43.43145250697123
CONCACAF vs AFC,CONCACAF,AFC,2010-03,-0.07332235123779421,-0.12285334708896704,-0.029042639414296058,-108.70434228742077,-180.52518587008535,-43.34163399458515
CONCACAF vs AFC,CONCACAF,AFC,2010-04,-0.07328410923327898,-0.12289064009745058,-0.028980619638279987,-108.65054172106439,-180.58098222556603,-43.25384773347612
CONCACAF vs AFC,CONCACAF,AFC,2010-05,-0.07324434407210875,-0.12292635003237118,-0.02892903975587693,-108.59446087136699,-180.6345303534998,-43.16550935825579
CONCACAF vs AFC,CONCACAF,AFC,2010-06,-0.0732030421070992,-0.12296038893896406,-0.02894302218474421,-108.5360734713669,-180.68569916214597,-43.07528285638229
CONCACAF vs AFC,CONCACAF,AFC,2010-07,-0.0731601896910664,-0.12299266741992013,-0.029004666762553918,-108.47535326869182,-180.69804355212761,-42.99021753025756
CONCACAF vs AFC,CONCACAF,AFC,2010-08,-0.07311577317682608,-0.12294833782807135,-0.029064473093032922,-108.41227402674544,-180.675869409857,-42.908960388718526
CONCACAF vs AFC,CONCACAF,AFC,2010-09,-0.0730697789171939,-0.12289541978363232,-0.029122333111706998,-108.34680952591411,-180.652215641061,-42.82569081938974
CONCACAF vs AFC,CONCACAF,AFC,2010-10,-0.07302219326498605,-0.12284148288464417,-0.029178138754105312,-108.27893356479308,-180.62700632328833,-42.87341103457935
CONCACAF vs AFC,CONCACAF,AFC,2010-11,-0.07297300257301814,-0.12278650128501992,-0.02923178195575534,-108.20861996142946,-180.5976526060707,-42.95258428167558
CONCACAF vs AFC,CONCACAF,AFC,2010-12,-0.07292219319410596,-0.12272809626362861,-0.02924661534161123,-108.1358425545867,-180.56079132019903,-43.0284271658841
CONCACAF vs AFC,CONCACAF,AFC,2011-01,-0.07286975148106553,-0.12266762036339544,-0.029197856034542717,-108.06057520502699,-180.52220106051323,-43.100779570660926
CONCACAF vs AFC,CONCACAF,AFC,2011-02,-0.07281566378671264,-0.12260604647340285,-0.02914549349231063,-107.98279179681168,-180.47532686487375,-43.083299938392734
CONCACAF vs AFC,CONCACAF,AFC,2011-03,-0.07275991646386293,-0.12254335347096901,-0.029089488015139813,-107.90246623862134,-180.33968135452966,-42.96849362892766
CONCACAF vs AFC,CONCACAF,AFC,2011-04,-0.07270249586533256,-0.12247508058033083,-0.029029799903256576,-107.81957246509529,-180.12375718983688,-42.85482258744573
CONCACAF vs AFC,CONCACAF,AFC,2011-05,-0.07264338834393717,-0.12237895316219057,-0.028966389456885715,-107.73408443818724,-179.90594790863426,-42.74239066921495
CONCACAF vs AFC,CONCACAF,AFC,2011-06,-0.07258258025249248,-0.12231890698154291,-0.028880842707286185,-107.64597614854199,-179.68867861874224,-42.63130180875735
CONCACAF vs AFC,CONCACAF,AFC,2011-07,-0.07252005794381464,-0.12228740674625675,-0.02875253100228207,-107.55522161689008,-179.47206893084788,-42.521660013545365
CONCACAF vs AFC,CONCACAF,AFC,2011-08,-0.07245580777071935,-0.1222232213120313,-0.02862547725481054,-107.461794895459,-179.2562385228598,-42.41356935732488
CONCACAF vs AFC,CONCACAF,AFC,2011-09,-0.0723898160860222,-0.12215773756487218,-0.028499786209762977,-107.36567006940447,-179.04130713836696,-42.30713397311134
CONCACAF vs AFC,CONCACAF,AFC,2011-10,-0.07232206924253949,-0.12209093156873677,-0.028375562612028456,-107.26682125826079,-178.93053580859842,-42.20245804580401
CONCACAF vs AFC,CONCACAF,AFC,2011-11,-0.0722525535930868,-0.12202277938757936,-0.028252911206496673,-107.16522261740548,-178.88371635262962,-42.09964580446024
CONCACAF vs AFC,CONCACAF,AFC,2011-12,-0.07218125549047975,-0.12195325708535734,-0.028131936738056654,-107.06084833954556,-178.83702025504698,-41.998801514205915
CONCACAF vs AFC,CONCACAF,AFC,2012-01,-0.07210816128753463,-0.121882340726025,-0.028012743951599875,-106.95367265622124,-178.79045808572664,-41.90002946779952
CONCACAF vs AFC,CONCACAF,AFC,2012-02,-0.0720332573370671,-0.12181000637353975,-0.027895437592013586,-106.84366983932453,-178.71563770930803,-41.803433976833
CONCACAF vs AFC,CONCACAF,AFC,2012-03,-0.07195652999189271,-0.12173623009185489,-0.027780122404190144,-106.73081420263799,-178.56241801134405,-41.63773498027983
CONCACAF vs AFC,CONCACAF,AFC,2012-04,-0.07187796560482776,-0.12166098794492797,-0.02766690313301765,-106.61508010339172,-178.4075623714093,-41.46868291636627
CONCACAF vs AFC,CONCACAF,AFC,2012-05,-0.07179755052868789,-0.12164707359989886,-0.02755588452338593,-106.49644194383413,-178.32093829861833,-41.3029212950005
CONCACAF vs AFC,CONCACAF,AFC,2012-06,-0.0717152711162887,-0.1216350819177355,-0.027447171320184725,-106.37487417282284,-178.24010321233493,-41.140606116380255
CONCACAF vs AFC,CONCACAF,AFC,2012-07,-0.07163111372044648,-0.12161778457087395,-0.027340868268304747,-106.25035128743286,-178.15858568047423,-40.986961743433945
CONCACAF vs AFC,CONCACAF,AFC,2012-08,-0.07154506469397683,-0.12159497512809944,-0.027237080112634943,-106.12284783457861,-178.07638633009103,-40.83724546604738
CONCACAF vs AFC,CONCACAF,AFC,2012-09,-0.07145711038969532,-0.12156515426785686,-0.027139282512876155,-105.99233841265558,-177.99350582996624,-40.691340396771146
CONCACAF vs AFC,CONCACAF,AFC,2012-10,-0.07136723716041833,-0.12152812459878115,-0.027044261988777376,-105.85879767319871,-177.90994489070297,-40.549399206469666
CONCACAF vs AFC,CONCACAF,AFC,2012-11,-0.07127545996565264,-0.12148490519480437,-0.026951990766751754,-105.7222440279914,-177.82327802390174,-40.41156392954063
CONCACAF vs AFC,CONCACAF,AFC,2012-12,-0.07118190819166975,-0.12143624738646608,-0.026862535729920686,-105.58287075423243,-177.7466207507561,-40.277933990581566
CONCACAF vs AFC,CONCACAF,AFC,2013-01,-0.07108673983143311,-0.12138237282127404,-0.02677595665017001,-105.44091485483963,-177.69374014730167,-40.14859816986961
CONCACAF vs AFC,CONCACAF,AFC,2013-02,-0.07099011287790542,-0.12126502154053057,-0.026693197130251357,-105.29661334599923,-177.64171320046677,-40.02364525810122
CONCACAF vs AFC,CONCACAF,AFC,2013-03,-0.07089218532404941,-0.12114381601213298,-0.02661166544944389,-105.15020325312493,-177.59062779945805,-39.92482602189665
CONCACAF vs AFC,CONCACAF,AFC,2013-04,-0.07079311516282855,-0.12101819632411943,-0.026541802827962615,-105.00192160687044,-177.5405718147906,-39.851069989461955
CONCACAF vs AFC,CONCACAF,AFC,2013-05,-0.07069306038720548,-0.12088978029533579,-0.02649112292058189,-104.85200543919146,-177.29963978299975,-39.77458814399808
CONCACAF vs AFC,CONCACAF,AFC,2013-06,-0.07059217899014297,-0.1207072474669709,-0.02643881270541657,-104.70069177946466,-177.18468481175128,-39.58787029437841
CONCACAF vs AFC,CONCACAF,AFC,2013-07,-0.0704906289646045,-0.12050462469871474,-0.026385036303452174,-104.5482176506596,-177.0467698730597,-39.45334305598291
CONCACAF vs AFC,CONCACAF,AFC,2013-08,-0.0703885683035527,-0.12047267599104772,-0.02632995783567327,-104.39482006556038,-176.8838821067649,-39.360145309133635
CONCACAF vs AFC,CONCACAF,AFC,2013-09,-0.0702861549999503,-0.120405397096456,-0.026273741423067824,-104.24073602304443,-176.71577839037425,-39.35176349094118
CONCACAF vs AFC,CONCACAF,AFC,2013-10,-0.07018354704676082,-0.12038618232447926,-0.026216551186619655,-104.08620250441447,-176.54751022321267,-39.18220032614797
CONCACAF vs AFC,CONCACAF,AFC,2013-11,-0.07008090243694691,-0.12036826941485046,-0.0261526559861224,-103.93145646977966,-176.3392706757574,-39.093579464614145
CONCACAF vs AFC,CONCACAF,AFC,2013-12,-0.06997837916347127,-0.120351711391158,-0.02609010579812785,-103.77673485449414,-176.0521057905001,-39.01026540237629
CONCACAF vs AFC,CONCACAF,AFC,2014-01,-0.06987613521929743,-0.1202979934957277,-0.02603276101409824,-103.62227456564818,-175.7670133004587,-38.93235243223961
CONCACAF vs AFC,CONCACAF,AFC,2014-02,-0.069774328597388,-0.12019197476861732,-0.025975160071490814,-103.46831247860901,-175.48430301360045,-38.859934831285976
CONCACAF vs AFC,CONCACAF,AFC,2014-03,-0.06967311729070572,-0.12008169890418748,-0.0258942096461531,-103.31508543361815,-175.20428486151826,-38.793106858348146
CONCACAF vs AFC,CONCACAF,AFC,2014-04,-0.06957265929221414,-0.11997045339165391,-0.025852291228476574,-103.16283023244155,-174.92698904626988,-38.73196275145491
CONCACAF vs AFC,CONCACAF,AFC,2014-05,-0.06947311259487579,-0.1198590496579361,-0.025786702314893276,-103.01178363506845,-174.65256134814385,-38.603596047460776
CONCACAF vs AFC,CONCACAF,AFC,2014-06,-0.06937463519165352,-0.11974766833585901,-0.025721302796062214,-102.86218235646734,-174.38178469795014,-38.450770815813165
CONCACAF vs AFC,CONCACAF,AFC,2014-07,-0.06927738507551076,-0.11963483420364551,-0.02565626631917348,-102.71426306339337,-174.11496834435883,-38.29907739994324
CONCACAF vs AFC,CONCACAF,AFC,2014-08,-0.06918152023941021,-0.11952098759879375,-0.025591766531413932,-102.56826237124505,-173.85242164441058,-38.14870139522267
CONCACAF vs AFC,CONCACAF,AFC,2014-09,-0.06908719867631455,-0.11940792646050391,-0.025527977079975346,-102.42441684097665,-173.63563396791358,-37.999828431478065
CONCACAF vs AFC,CONCACAF,AFC,2014-10,-0.06899457837918722,-0.11926409083441177,-0.025465071612044445,-102.28296297606255,-173.4926203031759,-37.85264417129342
CONCACAF vs AFC,CONCACAF,AFC,2014-11,-0.06890381734099103,-0.11910555736456759,-0.025403223774809806,-102.1441372195101,-173.35146197285096,-37.707334308137945
CONCACAF vs AFC,CONCACAF,AFC,2014-12,-0.06881507355468862,-0.11895093510205465,-0.02534260721546144,-102.0081759509274,-173.21235456200552,-37.564084564313404
CONCACAF vs AFC,CONCACAF,AFC,2015-01,-0.06872850501324343,-0.11880041649725906,-0.025283395581187886,-101.87531548364286,-173.07549354426322,-37.423080688744754
CONCACAF vs AFC,CONCACAF,AFC,2015-02,-0.0686442697096182,-0.11865419400056995,-0.025225762519176746,-101.74579206187326,-172.9410742793851,-37.28450845457246
CONCACAF vs AFC,CONCACAF,AFC,2015-03,-0.06856252563677565,-0.11851246006237175,-0.025169881676619852,-101.61984185794545,-172.80929201110123,-37.14922937240365
CONCACAF vs AFC,CONCACAF,AFC,2015-04,-0.06848343078767916,-0.11839563006224281,-0.02510348293181398,-101.4977009695703,-172.68034186514348,-37.0197380146158
CONCACAF vs AFC,CONCACAF,AFC,2015-05,-0.06840714315529152,-0.11831767215873276,-0.025018243833525144,-101.3796054171638,-172.5544188475304,-36.89407254979172
CONCACAF vs AFC,CONCACAF,AFC,2015-06,-0.0683338207325754,-0.11824938437890808,-0.024935087723886758,-101.26579114122225,-172.43171784304946,-36.77178922858841
CONCACAF vs AFC,CONCACAF,AFC,2015-07,-0.06826362151249431,-0.1182429139548932,-0.0248541368017925,-101.15649399974873,-172.36827130734463,-36.652721422223244
CONCACAF vs AFC,CONCACAF,AFC,2015-08,-0.06819670348801087,-0.11823891417208943,-0.024775513266132393,-101.05194976572642,-172.34071354647168,-36.537047710593875
CONCACAF vs AFC,CONCACAF,AFC,2015-09,-0.06813322465208786,-0.11814540254876923,-0.02469653721093579,-100.95239412464643,-172.32043001295534,-36.42494668528469
CONCACAF vs AFC,CONCACAF,AFC,2015-10,-0.06807334299768869,-0.11802448895608922,-0.024571307726850258,-100.85806267208521,-172.30755760165943,-36.24842112145171
CONCACAF vs AFC,CONCACAF,AFC,2015-11,-0.06801721651777605,-0.1179082651273935,-0.024450774204462174,-100.76919091132999,-172.302233113208,-36.06795224367902
CONCACAF vs AFC,CONCACAF,AFC,2015-12,-0.06796500320531285,-0.11785369619357558,-0.024335150970455504,-100.68601425105746,-172.3045932524941,-35.89470443759067
CONCACAF vs AFC,CONCACAF,AFC,2016-01,-0.0679168610532622,-0.11780372232799627,-0.024224652351508114,-100.60876800306193,-172.3147746272174,-35.72899427488446
CONCACAF vs AFC,CONCACAF,AFC,2016-02,-0.06787294805458705,-0.11774727039058068,-0.024119492674303966,-100.53768738003248,-172.33291374646262,-35.5711381426521
CONCACAF vs AFC,CONCACAF,AFC,2016-03,-0.06783342220225017,-0.11768792070039176,-0.024019886265524343,-100.47300749338156,-172.3591470192873,-35.42145224238509
CONCACAF vs AFC,CONCACAF,AFC,2016-04,-0.06779844148921473,-0.11764364440242256,-0.0239260474518497,-100.41496335112426,-172.3936107533585,-35.28025258924649
CONCACAF vs AFC,CONCACAF,AFC,2016-05,-0.06776816390844359,-0.11760226854343805,-0.02383819055996319,-100.3637898558061,-172.39165090834905,-35.147855011603426
CONCACAF vs AFC,CONCACAF,AFC,2016-06,-0.06774274745289967,-0.11755885667228823,-0.02375652991654522,-100.31972180248248,-172.3017257250852,-35.02457515079786
CONCACAF vs AFC,CONCACAF,AFC,2016-07,-0.06772235011554606,-0.11750889953597769,-0.02368127984827805,-100.28299387674855,-172.22280692932097,-34.910728461188334
CONCACAF vs AFC,CONCACAF,AFC,2016-08,-0.06770712988934563,-0.11746365370293219,-0.023612654681841254,-100.25384065281821,-172.155183274588,-34.8066302104316
CONCACAF vs AFC,CONCACAF,AFC,2016-09,-0.06769724476726129,-0.11742329481483975,-0.023550868743919616,-100.23249659165512,-172.09914330781845,-34.712595480037024
CONCACAF vs AFC,CONCACAF,AFC,2016-10,-0.06769285274225612,-0.11738799851338846,-0.023496136361191865,-100.21919603915387,-172.05497537416497,-34.62893916614899
CONCACAF vs AFC,CONCACAF,AFC,2016-11,-0.06769411180729294,-0.11744550896221022,-0.023448671860340217,-100.21417322437121,-172.02296762222437,-34.55597598061081
CONCACAF vs AFC,CONCACAF,AFC,2016-12,-0.06770117995533485,-0.11744065873387814,-0.02340868956804694,-100.21766225780976,-172.00033108645533,-34.49637803642572
CONCACAF vs AFC,CONCACAF,AFC,2017-01,-0.06771421517934469,-0.11743794035011401,-0.02337640381099413,-100.22989712975169,-172.00907769320077,-34.5039925229618
CONCACAF vs AFC,CONCACAF,AFC,2017-02,-0.06773337547228547,-0.1174692252965209,-0.02335202891586059,-100.2511117086446,-171.99645604846958,-34.61473871238136
CONCACAF vs AFC,CONCACAF,AFC,2017-03,-0.0677588188271202,-0.11758081493147614,-0.023393592754472614,-100.28153973953911,-172.022205683831,-34.73559007824119
CONCACAF vs AFC,CONCACAF,AFC,2017-04,-0.0677907032368117,-0.11769698103004296,-0.023484723284539304,-100.32141484257781,-172.05540376852994,-34.86563526602416
CONCACAF vs AFC,CONCACAF,AFC,2017-05,-0.06782918669432304,-0.11777332279755814,-0.02358149154886818,-100.37097051153816,-172.10239797507003,-35.00702838318578
CONCACAF vs AFC,CONCACAF,AFC,2017-06,-0.06787442719261721,-0.11782519853984144,-0.02368401101870391,-100.43044011242655,-172.16356441954753,-35.15737282143899
CONCACAF vs AFC,CONCACAF,AFC,2017-07,-0.06792658272465701,-0.11788286838280974,-0.023792395165296402,-100.50005688212623,-172.23918991250508,-35.23405901586378
CONCACAF vs AFC,CONCACAF,AFC,2017-08,-0.06798581128340547,-0.11794782978098799,-0.023904481457574463,-100.58005392709968,-172.32956113237668,-35.25699898410228
CONCACAF vs AFC,CONCACAF,AFC,2017-09,-0.06805227086182578,-0.11802022599913826,-0.02392375722239494,-100.67066422214437,-172.4349646345972,-35.28783747444347
CONCACAF vs AFC,CONCACAF,AFC,2017-10,-0.06812611945288043,-0.11810020030202262,-0.023948537544821104,-100.77212060920196,-172.5556868611052,-35.32674860191612
CONCACAF vs AFC,CONCACAF,AFC,2017-11,-0.06820751504953268,-0.11818789595439907,-0.023980851175441274,-100.8846557962264,-172.69201415023716,-35.44168945317617
CONCACAF vs AFC,CONCACAF,AFC,2017-12,-0.06829661564474568,-0.11828345622103136,-0.024019462056934022,-101.00850235610442,-172.8442327470177,-35.61854001643675
CONCACAF vs AFC,CONCACAF,AFC,2018-01,-0.0683935792314819,-0.11838621524891883,-0.024063869553035213,-101.14389272563304,-173.0111890253943,-35.805815497191844
CONCACAF vs AFC,CONCACAF,AFC,2018-02,-0.06849856380270451,-0.11849258239518301,-0.02415216749647793,-101.29105920455694,-173.19314292820863,-36.005823224755325
CONCACAF vs AFC,CONCACAF,AFC,2018-03,-0.06861172735137684,-0.11855107696696225,-0.024286836270884044,-101.4502339546616,-173.3395759118186,-36.219897961311844
CONCACAF vs AFC,CONCACAF,AFC,2018-04,-0.06873322787046117,-0.11859317135863309,-0.02442696462376067,-101.62164899892359,-173.45784847785148,-36.445051441500866
CONCACAF vs AFC,CONCACAF,AFC,2018-05,-0.06886322335292083,-0.1186423349094801,-0.024572629991688914,-101.80553622072578,-173.58771333794311,-36.62582578557219
CONCACAF vs AFC,CONCACAF,AFC,2018-06,-0.06900187179171909,-0.11869873674335855,-0.02472578333821224,-102.00212736312835,-173.72812245453432,-36.73527058503624
CONCACAF vs AFC,CONCACAF,AFC,2018-07,-0.06914933117981818,-0.11878553131285927,-0.024885889468061535,-102.21165402820122,-173.8763470414772,-36.85877645911323
CONCACAF vs AFC,CONCACAF,AFC,2018-08,-0.06930575951018143,-0.11899554324410064,-0.025052933408752958,-102.43434767642383,-174.03530334502122,-36.99659783654913
CONCACAF vs AFC,CONCACAF,AFC,2018-09,-0.06947131477577234,-0.11921811410598764,-0.02522595967520435,-102.67043962614362,-174.20732583996298,-37.156017851270974
CONCACAF vs AFC,CONCACAF,AFC,2018-10,-0.06964615496955277,-0.11945185689778626,-0.025405047616502214,-102.92016105309817,-174.39266773957442,-37.430090373908726
CONCACAF vs AFC,CONCACAF,AFC,2018-11,-0.06983043808448629,-0.11969814797224587,-0.025590276581730468,-103.18374299001037,-174.53887106968014,-37.72297962620684
CONCACAF vs AFC,CONCACAF,AFC,2018-12,-0.07002432211353632,-0.11995782212473047,-0.025781725919976597,-103.46141632624307,-174.66904043657442,-38.03030700018148
CONCACAF vs AFC,CONCACAF,AFC,2019-01,-0.07022796504966478,-0.1201456490346156,-0.02598241063319896,-103.75341180752268,-174.88523337637147,-38.35229566575434
CONCACAF vs AFC,CONCACAF,AFC,2019-02,-0.07044152488583516,-0.12033695010886145,-0.02618016996961959,-104.05996003573885,-175.21984418178386,-38.68916839597945
CONCACAF vs AFC,CONCACAF,AFC,2019-03,-0.07066515961501102,-0.12053133677489355,-0.026371556232234507,-104.3812914688083,-175.55098221664196,-39.041147554601004
CONCACAF vs AFC,CONCACAF,AFC,2019-04,-0.07089902723015408,-0.12068747381547511,-0.02659933195394704,-104.71763642061049,-175.8311813422913,-39.411897939332974
CONCACAF vs AFC,CONCACAF,AFC,2019-05,-0.07114328572422796,-0.12085192396392985,-0.026812546046625932,-105.0692250610056,-176.12653076872817,-39.80364039269269
CONCACAF vs AFC,CONCACAF,AFC,2019-06,-0.07139809309019625,-0.12101975594618622,-0.027042888369292365,-105.43628741591928,-176.47890974434324,-40.211830450047685
CONCACAF vs AFC,CONCACAF,AFC,2019-07,-0.07166360732102053,-0.12119366425372861,-0.027290658672460923,-105.81905336750486,-176.75857502501816,-40.69782429032092
CONCACAF vs AFC,CONCACAF,AFC,2019-08,-0.07193998640966451,-0.1213754518752959,-0.027546775944756654,-106.21775265439304,-177.10596108936235,-41.261938044655075
CONCACAF vs AFC,CONCACAF,AFC,2019-09,-0.07222738834909186,-0.12156802176132579,-0.02783190851702906,-106.63261487201284,-177.51584813151305,-41.8497964794961
CONCACAF vs AFC,CONCACAF,AFC,2019-10,-0.07252582922488804,-0.12177584943835362,-0.02812567810499838,-107.06366076692596,-178.0753453754139,-42.461427911988395
CONCACAF vs AFC,CONCACAF,AFC,2019-11,-0.07283475749313678,-0.12199191206649318,-0.028439051011561613,-107.51007633419952,-178.6556471030426,-43.03167683632259
CONCACAF vs AFC,CONCACAF,AFC,2019-12,-0.07315347970254597,-0.12240065778889324,-0.02879769814585882,-107.97083932139053,-179.2553597732511,-43.50753960051234
CONCACAF vs AFC,CONCACAF,AFC,2020-01,-0.07348130240182088,-0.12286982260321037,-0.029171895926622952,-108.44492800658351,-179.87309071939598,-43.994744979847965
CONCACAF vs AFC,CONCACAF,AFC,2020-02,-0.07381753213966945,-0.12326193113077863,-0.0295293192291374,-108.93132121575537,-180.40537911210018,-44.492466948332535
CONCACAF vs AFC,CONCACAF,AFC,2020-03,-0.07416147546479956,-0.12362766517792712,-0.029895352659308653,-109.42899833824349,-180.97403121752933,-44.99988041593874
CONCACAF vs AFC,CONCACAF,AFC,2020-04,-0.07451243892591634,-0.12399978302944245,-0.030269351526047886,-109.93693934033166,-181.43713422807647,-45.516161280740135
CONCACAF vs AFC,CONCACAF,AFC,2020-05,-0.07486972907172776,-0.12437485606379743,-0.030650671138269695,-110.45412477697234,-181.97681320421557,-46.040486475997476
CONCACAF vs AFC,CONCACAF,AFC,2020-06,-0.07523265245094182,-0.12475839764363168,-0.03103866680488796,-110.97953580162513,-182.5158748637935,-46.57203401219371
CONCACAF vs AFC,CONCACAF,AFC,2020-07,-0.07560051561226354,-0.12524182852977933,-0.031432693834815464,-111.5121541742314,-183.06166370921827,-47.10998301403396
CONCACAF vs AFC,CONCACAF,AFC,2020-08,-0.07597262510440092,-0.12555772667182047,-0.03183210753696506,-112.05096226734331,-183.6047627730449,-47.65351375242879
CONCACAF vs AFC,CONCACAF,AFC,2020-09,-0.07634828747606197,-0.12589259734104546,-0.032236263220251526,-112.59494307039087,-184.15211222799462,-48.201807671453786
CONCACAF vs AFC,CONCACAF,AFC,2020-10,-0.07672680927595175,-0.1262720591338053,-0.03265284092475986,-113.14308019210591,-184.52852497798239,-48.75404741030413
CONCACAF vs AFC,CONCACAF,AFC,2020-11,-0.07710749705277814,-0.1266582893267203,-0.033083971507340285,-113.6943578611255,-184.89671281355328,-49.309416820274336
CONCACAF vs AFC,CONCACAF,AFC,2020-12,-0.0774896573552493,-0.12705321695114766,-0.03351938112083577,-114.24776092475733,-185.2676195876624,-49.87016519914114
CONCACAF vs AFC,CONCACAF,AFC,2021-01,-0.07787259673207016,-0.12744886001600492,-0.0339581979433639,-114.80227484592757,-185.63672147990656,-50.54227527408135
CONCACAF vs AFC,CONCACAF,AFC,2021-02,-0.0782556217319487,-0.12784459338370935,-0.03439955015304515,-115.3568856983355,-185.99704758727438,-51.05833690242064
CONCACAF vs AFC,CONCACAF,AFC,2021-03,-0.07863803890359301,-0.12823979191667903,-0.03484256592800255,-115.91058015979566,-186.35813431681805,-51.64154961343766
CONCACAF vs AFC,CONCACAF,AFC,2021-04,-0.07901915479570804,-0.12863383047732943,-0.035286373446353644,-116.4623455037909,-186.71934263069983,-52.1313239591502
CONCACAF vs AFC,CONCACAF,AFC,2021-05,-0.07939827595700173,-0.12902534708266974,-0.0355533539086208,-117.0111695892586,-187.07968289443644,-52.64464712552195
CONCACAF vs AFC,CONCACAF,AFC,2021-06,-0.07977470893618226,-0.12941008154299766,-0.03595831336767291,-117.55604084859235,-187.54851680022975,-53.192771049882566
CONCACAF vs AFC,CONCACAF,AFC,2021-07,-0.08014776028195449,-0.12979005369147995,-0.03636176563275606,-118.09594827388075,-187.95948145523286,-53.73741966869151
CONCACAF vs AFC,CONCACAF,AFC,2021-08,-0.08051673654302655,-0.13016582291306333,-0.03676310375690249,-118.62988140140624,-188.3381046369925,-54.27778256477093
CONCACAF vs AFC,CONCACAF,AFC,2021-09,-0.08088094426810631,-0.13053736482536987,-0.0371617207931461,-119.15683029438428,-188.7940326223922,-54.49917489084993
CONCACAF vs AFC,CONCACAF,AFC,2021-10,-0.08123969000589888,-0.13082659017623377,-0.037329665697815304,-119.67578552396579,-189.46695298791283,-54.88076374226975
CONCACAF vs AFC,CONCACAF,AFC,2021-11,-0.08159228030511226,-0.13110268299852224,-0.03747177626101814,-120.18573814852134,-190.12952631909548,-55.33840194322487
CONCACAF vs AFC,CONCACAF,AFC,2021-12,-0.08193802171445438,-0.13145190151929365,-0.03761333254997049,-120.68567969118965,-190.78050578546225,-56.09764673924878
CONCACAF vs AFC,CONCACAF,AFC,2022-01,-0.08227622078263039,-0.13185349857736478,-0.03793900234300143,-121.17460211570874,-191.34901936539086,-56.45889407090599
CONCACAF vs AFC,CONCACAF,AFC,2022-02,-0.08260618405834821,-0.1321188147593541,-0.03823522519347287,-121.65149780054855,-191.887224950661,-56.98805747918294
CONCACAF vs AFC,CONCACAF,AFC,2022-03,-0.0829272180903157,-0.13236731893012516,-0.038657206096615646,-122.11535951132427,-192.42015682981224,-57.418447696134564
CONCACAF vs AFC,CONCACAF,AFC,2022-04,-0.08323862942723817,-0.13266259393724175,-0.03908016649502349,-122.56518037150862,-192.94706829090586,-57.84594915176863
CONCACAF vs AFC,CONCACAF,AFC,2022-05,-0.08353972461782348,-0.13295866030449277,-0.039509503472507736,-122.99995383145571,-193.46721320160307,-58.266779408894664
CONCACAF vs AFC,CONCACAF,AFC,2022-06,-0.08382981021077947,-0.1332807334521374,-0.03987956247160959,-123.41867363571784,-193.96629702780598,-58.68019495285512
CONCACAF vs AFC,CONCACAF,AFC,2022-07,-0.08410819275481149,-0.1335738508032648,-0.04016161487086815,-123.82033378866733,-194.45458353710714,-59.09139528180484
CONCACAF vs AFC,CONCACAF,AFC,2022-08,-0.08437417879862741,-0.1338529909802301,-0.040412425970048405,-124.20392851843444,-194.9345250791977,-59.502868956941576
CONCACAF vs AFC,CONCACAF,AFC,2022-09,-0.08462707489093495,-0.13411228962796168,-0.040627994771651806,-124.56845223913912,-195.3801063216738,-59.83975989118863
CONCACAF vs AFC,CONCACAF,AFC,2022-10,-0.0848661875804396,-0.13435389377864554,-0.040829771032879575,-124.91289951142636,-195.78976491114653,-60.26785702231399
CONCACAF vs AFC,CONCACAF,AFC,2022-11,-0.08509082341584921,-0.13456163616643774,-0.04101705594723686,-125.2362650013106,-196.16193895379533,-60.62648905669367
CONCACAF vs AFC,CONCACAF,AFC,2022-12,-0.08530028894587126,-0.13469530861607418,-0.04118915070822597,-125.53754343730489,-196.48960018155526,-60.9736197991165
CONCACAF vs AFC,CONCACAF,AFC,2023-01,-0.0854938907192117,-0.13483492009371784,-0.04132402529178504,-125.81572956584164,-196.77144554388298,-61.308530777989354
CONCACAF vs AFC,CONCACAF,AFC,2023-02,-0.08567093528457803,-0.13507574821927598,-0.04138792429276102,-126.06981810498121,-197.0104454185426,-61.63142827364124
CONCACAF vs AFC,CONCACAF,AFC,2023-03,-0.08583072919067775,-0.1353025872023347,-0.041440382175729165,-126.29880369638691,-197.2050223258159,-61.944683722406424
CONCACAF vs AFC,CONCACAF,AFC,2023-04,-0.08597257898621696,-0.1354765372597063,-0.041615165712119324,-126.5016808555631,-197.35359894668719,-62.17244321981831
CONCACAF vs AFC,CONCACAF,AFC,2023-05,-0.08609579121990313,-0.13560169002084463,-0.04178899787866764,-126.67744392034925,-197.45459805648457,-62.31383007921587
CONCACAF vs AFC,CONCACAF,AFC,2023-06,-0.08619967244044358,-0.1357062187270087,-0.04185405317123028,-126.82508699764514,-197.50644245584823,-62.42753964533529
CONCACAF vs AFC,CONCACAF,AFC,2023-07,-0.08628352919654464,-0.13578432269775945,-0.04190082608927655,-126.94360390835747,-197.50755489897975,-62.512637869778644
CONCACAF vs AFC,CONCACAF,AFC,2023-08,-0.08634666803691374,-0.135836632220857,-0.04199671792251128,-127.03198813055451,-197.45635801914338,-62.5681898906174
CONCACAF vs AFC,CONCACAF,AFC,2023-09,-0.08638839551025797,-0.1358651138091381,-0.04207042842046951,-127.08923274079949,-197.3512742513503,-62.5932599769938
CONCACAF vs AFC,CONCACAF,AFC,2023-10,-0.08640801816528403,-0.13577036894488353,-0.04212122802623629,-127.11433035364897,-197.19072575219653,-62.590902444294066
CONCACAF vs AFC,CONCACAF,AFC,2023-11,-0.0864048425506991,-0.13562539115291855,-0.04214838718290112,-127.10627305929088,-197.04660216034225,-62.57031293658922
CONCACAF vs AFC,CONCACAF,AFC,2023-12,-0.08637817521521012,-0.13547895195264986,-0.04215117633355258,-127.06405235929437,-197.00633124765972,-62.51804132478188
CONCACAF vs AFC,CONCACAF,AFC,2024-01,-0.08632732270752422,-0.1353861054922004,-0.04214213840787294,-126.98665910044623,-196.92565692601588,-62.43318943071298
CONCACAF vs AFC,CONCACAF,AFC,2024-02,-0.08625159157634839,-0.1353417645591477,-0.04213075529258688,-126.87308340664171,-196.80337939287486,-62.31485793882839
CONCACAF vs AFC,CONCACAF,AFC,2024-03,-0.08615028837038931,-0.13528320747043568,-0.04212728876443213,-126.72231460879806,-196.63829786435468,-62.315735809959946
CONCACAF vs AFC,CONCACAF,AFC,2024-04,-0.08602271963835452,-0.13520838798155035,-0.041982805330101236,-126.53334117275782,-196.6634770888798,-62.567245640745675
CONCACAF vs AFC,CONCACAF,AFC,2024-05,-0.08586819192895082,-0.13511687520529034,-0.041813102394070344,-126.30515062513794,-196.3752474042528,-62.43892959508937
CONCACAF vs AFC,CONCACAF,AFC,2024-06,-0.08568601179088468,-0.13500569414738184,-0.041655871137890314,-126.03672947709224,-196.0454516240735,-62.09171781262905
CONCACAF vs AFC,CONCACAF,AFC,2024-07,-0.08547548577286414,-0.1347736646960694,-0.04148435063991633,-125.72706314594262,-195.87861173190538,-61.700562648241736
CONCACAF vs AFC,CONCACAF,AFC,2024-08,-0.08523592042359565,-0.13451113764406553,-0.04137620660803512,-125.37513587462527,-195.75085492980196,-61.274281359933305
CONCACAF vs AFC,CONCACAF,AFC,2024-09,-0.08496662229178555,-0.1342173908441296,-0.04104534062458596,-124.9799306489162,-195.59545620090762,-61.116487834799
CONCACAF vs AFC,CONCACAF,AFC,2024-10,-0.08466689792614225,-0.1339697808377974,-0.04092742558745855,-124.54042911238066,-195.03308391837788,-61.30799710533039
CONCACAF vs AFC,CONCACAF,AFC,2024-11,-0.08433605387537209,-0.1339057144872295,-0.04085555350812489,-124.05561147898044,-194.68659164816518,-61.073709102110094
CONCACAF vs AFC,CONCACAF,AFC,2024-12,-0.08397339668818106,-0.13382445740758028,-0.04076643180352036,-123.52445644330064,-194.2739838620934,-60.43017848788804
CONCACAF vs AFC,CONCACAF,AFC,2025-01,-0.08357823291327811,-0.13352513498181523,-0.04057566969141316,-122.94594108832902,-193.3343378204714,-60.09656602745948
CONCACAF vs AFC,CONCACAF,AFC,2025-02,-0.08314986909936936,-0.132902202538635,-0.04038848322647205,-122.31904079070787,-192.54959390077028,-59.5670563700378
CONCACAF vs AFC,CONCACAF,AFC,2025-03,-0.08268761179516047,-0.13263941688693381,-0.039985254304325604,-121.64272912341795,-192.04533131110742,-59.055933449992395
CONCACAF vs AFC,CONCACAF,AFC,2025-04,-0.08219076754936097,-0.1323449573182205,-0.03910462773014435,-120.91597775581394,-191.3666560860074,-58.30360296137169
CONCACAF vs AFC,CONCACAF,AFC,2025-05,-0.08165864291067666,-0.13198109171322012,-0.03839019418535489,-120.13775635091802,-190.72720549961275,-57.42176522239554
CONCACAF vs AFC,CONCACAF,AFC,2025-06,-0.081090544427813,-0.13130547667602227,-0.037523421883726725,-119.30703245992682,-190.20283359185888,-56.425035190006895
CONCACAF vs AFC,CONCACAF,AFC,2025-07,-0.08048577864947998,-0.13057934317183614,-0.03673838403785062,-118.4227714138378,-189.63337016427224,-55.363290069546444
CONCACAF vs AFC,CONCACAF,AFC,2025-08,-0.07984365212438324,-0.12981184921060201,-0.03613298912942429,-117.48393621208696,-188.55668793537973,-53.8728524606314
CONCACAF vs AFC,CONCACAF,AFC,2025-09,-0.07916347140122784,-0.12924959361656288,-0.035368808391021626,-116.48948740814835,-187.99003425931127,-52.25017660787375
CONCACAF vs AFC,CONCACAF,AFC,2025-10,-0.07844454302872444,-0.12869575333066335,-0.03464908879467476,-115.4383829919875,-187.10083560655713,-51.26178048884604
CONCACAF vs AFC,CONCACAF,AFC,2025-11,-0.07768617355557832,-0.12775678113962147,-0.0337357868642648,-114.32957826924348,-185.71492629845196,-50.29481293860542
CONCACAF vs AFC,CONCACAF,AFC,2025-12,-0.07688766953049422,-0.1267765764479234,-0.03276615900214495,-113.16202573708732,-184.65472490846537,-48.84635358442669
CONCACAF vs AFC,CONCACAF,AFC,2026-01,-0.0760483375021835,-0.12673244967289427,-0.031930945287401806,-111.9346749566308,-183.31650772274716,-47.33167662012502
CONCACAF vs AFC,CONCACAF,AFC,2026-02,-0.07516748401935107,-0.12614819236617167,-0.03125687948485406,-110.64647242174502,-182.5280531087148,-45.97638328544271
CONCACAF vs AFC,CONCACAF,AFC,2026-03,-0.07424441563070137,-0.12512636533172644,-0.030176459936006997,-109.29636142423028,-181.64654358378945,-44.63213137207124
CONCACAF vs AFC,CONCACAF,AFC,2026-04,-0.07327843888494642,-0.12452457296298278,-0.029224443823140787,-107.88328191519537,-180.71771661265817,-43.227273645388756
CONCACAF vs AFC,CONCACAF,AFC,2026-05,-0.07226886033079079,-0.12341849173078798,-0.028142158161285957,-106.4061703624854,-178.77909038897687,-41.065049881310635
CONCACAF vs AFC,CONCACAF,AFC,2026-06,-0.07121498651693856,-0.1226252476920604,-0.02656453621260569,-104.86395960409688,-178.5404300848477,-39.526588003028266
CONCACAF vs AFC,CONCACAF,AFC,2026-07,-0.07011612399210242,-0.12142355113017933,-0.025110918519467257,-103.25557869741708,-178.6828576243073,-37.12154671392987
CONCACAF vs AFC,CONCACAF,AFC,2026-08,-0.06897157930498662,-0.1210748321310731,-0.02356388816151572,-101.57995276410918,-177.4094191505643,-35.68189084730083
OFC vs AFC,OFC,AFC,1992-01,-0.01064957394772163,-0.03674750692525306,0.015885717366717626,-15.822752435025837,-54.38180236722227,24.09285485737443
OFC vs AFC,OFC,AFC,1992-02,-0.009807122879428462,-0.034519664638507044,0.015293955257187923,-14.586526852166084,-51.42753221068237,23.208134631689866
OFC vs AFC,OFC,AFC,1992-03,-0.008991902253346345,-0.03272394925385669,0.014638167537640377,-13.387222838265824,-48.642075875945395,22.090953933246777
OFC vs AFC,OFC,AFC,1992-04,-0.008203554375397371,-0.031083778774570137,0.014220527155475124,-12.224580997626006,-46.08586435950085,21.358952578676394
OFC vs AFC,OFC,AFC,1992-05,-0.007441721551496956,-0.028833302382890922,0.014233266399238474,-11.098330651262417,-43.343896473199834,21.042565901665135
OFC vs AFC,OFC,AFC,1992-06,-0.006706046087560689,-0.027050881013394257,0.01411568160793619,-10.008190059835766,-40.50387630657268,21.21258622757555
OFC vs AFC,OFC,AFC,1992-07,-0.005996170289510228,-0.025374706060849395,0.014224154267032893,-8.953866648831607,-38.100131428105115,21.782450259709385
OFC vs AFC,OFC,AFC,1992-08,-0.005311736463261107,-0.023990211729597144,0.014289642922548706,-7.9350572357236056,-35.903908048184405,22.22579383891657
OFC vs AFC,OFC,AFC,1992-09,-0.0046523869147293,-0.02274539490835372,0.014332469927751864,-6.951448258936956,-33.911952906083044,22.086196986299523
OFC vs AFC,OFC,AFC,1992-10,-0.004017763949835933,-0.021511880344257772,0.014878446012157863,-6.0027160083466615,-32.11797286700566,22.23311190931245
OFC vs AFC,OFC,AFC,1992-11,-0.0034075098744968256,-0.02031511928948122,0.01497452306334938,-5.088526857059153,-30.369218604826106,22.828917170071335
OFC vs AFC,OFC,AFC,1992-12,-0.0028212669946279766,-0.01926103467357936,0.01532765888437901,-4.208537494295692,-29.043491686962035,23.505832958704445
OFC vs AFC,OFC,AFC,1993-01,-0.0022586776161503588,-0.01829383687758601,0.015300397429737829,-3.3623951591284165,-27.6313654680069,23.543229311830576
OFC vs AFC,OFC,AFC,1993-02,-0.001719384044979827,-0.01745658066850355,0.015386839225419934,-2.549737874826927,-26.586638560530275,23.715949645642482
OFC vs AFC,OFC,AFC,1993-03,-0.0012030285870326485,-0.01695345462055391,0.015384941297808784,-1.7701946836446458,-25.567592993943105,23.568713752702056
OFC vs AFC,OFC,AFC,1993-04,-0.0007092535482292972,-0.016264786214057914,0.015421869313936165,-1.0233858818060764,-24.423737854705838,23.69404878730429
OFC vs AFC,OFC,AFC,1993-05,-0.00023770123448600412,-0.01581124368570439,0.015485086819730482,-0.30892325447102165,-23.790235299640653,24.039841056782212
OFC vs AFC,OFC,AFC,1993-06,0.00021198604828090995,-0.0153597392821613,0.01568681659140818,0.37358968949107807,-23.185576010595888,24.021424112971086
OFC vs AFC,OFC,AFC,1993-07,0.0006401659941513005,-0.014762265160284338,0.016025178595516505,1.0245574831362632,-22.129896203903787,24.34977421554901
OFC vs AFC,OFC,AFC,1993-08,0.0010471962972088212,-0.014029570852008622,0.016346043289543786,1.6443924677021409,-21.10615540018698,24.91376558819855
OFC vs AFC,OFC,AFC,1993-09,0.0014334346515368856,-0.013580254911651402,0.01665438208185046,2.2335145596408883,-20.91580655017532,25.343273589620736
OFC vs AFC,OFC,AFC,1993-10,0.0017992387512157182,-0.013086306838149398,0.01694665841583798,2.7923510186342035,-19.96057805426179,25.865966509324867
OFC vs AFC,OFC,AFC,1993-11,0.0021449662903288047,-0.012686656665961093,0.01722312158306427,3.3213362167841094,-19.192261084630125,26.608339979358437
OFC vs AFC,OFC,AFC,1993-12,0.0024709749629593836,-0.012142882469330419,0.017910262852740375,3.820911409126525,-18.442350304025386,27.715014057029162
OFC vs AFC,OFC,AFC,1994-01,0.0027776224631880886,-0.011741685276164924,0.018224800700754024,4.291524505655978,-18.113681178429385,28.1900125229664
OFC vs AFC,OFC,AFC,1994-02,0.003065266485098098,-0.011425487156705216,0.01865139961832365,4.733629845037824,-17.44689909915629,28.635463747725534
OFC vs AFC,OFC,AFC,1994-03,0.003334264722772635,-0.011326020097768773,0.01896884165740262,5.14768797014641,-17.124081693383697,28.813159615289354
OFC vs AFC,OFC,AFC,1994-04,0.003584974870292507,-0.011064213437006297,0.019052588151442285,5.534165405597675,-16.879064663671226,28.870287025728707
OFC vs AFC,OFC,AFC,1994-05,0.0038177546217409153,-0.011028304501430197,0.018857673429373323,5.8935344374389835,-16.665561984385626,29.108906020849027
OFC vs AFC,OFC,AFC,1994-06,0.004032961671200753,-0.010813497810310935,0.019252787081995668,6.22627289512013,-16.523921767547197,29.678843614045565
OFC vs AFC,OFC,AFC,1994-07,0.004230953712753244,-0.01076029352707839,0.019755036302920585,6.532863935900945,-16.44303993610142,30.570294695888013
OFC vs AFC,OFC,AFC,1994-08,0.004412088440481349,-0.010431420322324757,0.019726609944195762,6.8137958318374015,-16.139363286847605,30.936918806826
OFC vs AFC,OFC,AFC,1994-09,0.00457672354846791,-0.010338087652428428,0.020016894395096768,7.0695617594625375,-15.8985121152705,31.19237328254073
OFC vs AFC,OFC,AFC,1994-10,0.004725216730794371,-0.010421428021924006,0.020320251129935983,7.300659592297891,-16.0476480383709,31.17282895538911
OFC vs AFC,OFC,AFC,1994-11,0.004857925681543605,-0.010405871214386986,0.020385434772854254,7.50759169632282,-15.944039018056662,31.31163814428954
OFC vs AFC,OFC,AFC,1994-12,0.004975208094798256,-0.010272977446122366,0.02064034102211387,7.690864728505217,-15.765102441683586,31.536303669569783
OFC vs AFC,OFC,AFC,1995-01,0.0050774216646401115,-0.01013656935069247,0.020745009009495382,7.850989438514246,-15.562726879918637,32.21454383835015
OFC vs AFC,OFC,AFC,1995-02,0.005164924085151864,-0.010098395441389263,0.02096874826716694,7.988480473724387,-15.372253853813254,32.60473145559875
OFC vs AFC,OFC,AFC,1995-03,0.005238073050416031,-0.010096100219373572,0.021212822214098058,8.103856187605084,-15.437104558824752,32.57442299072233
OFC vs AFC,OFC,AFC,1995-04,0.005297226254514622,-0.01024270055071832,0.02114867325655844,8.197638451599214,-15.342698757354537,32.59988109538648
OFC vs AFC,OFC,AFC,1995-05,0.005342741391530232,-0.010198822652329432,0.02116382259392191,8.270352470584617,-15.434593655087905,32.52040531159229
OFC vs AFC,OFC,AFC,1995-06,0.005374976155545292,-0.010136946695194826,0.02110814479635329,8.322526602001775,-15.500421982502019,32.655199500052376
OFC vs AFC,OFC,AFC,1995-07,0.00539428824064207,-0.009892504387851097,0.02118116677183717,8.354692178735661,-15.165509241581354,32.636597568164696
OFC vs AFC,OFC,AFC,1995-08,0.005401035340902935,-0.009975129239744395,0.020999149349688204,8.367383335830654,-15.296284917691878,32.758762537129954
OFC vs AFC,OFC,AFC,1995-09,0.005395575150410304,-0.010098387680421749,0.02102880463252554,8.361136841112222,-15.506099785223956,32.82817448576178
OFC vs AFC,OFC,AFC,1995-10,0.005378265363246572,-0.010235983994980246,0.020973777302479842,8.336491929786996,-15.751907868889248,32.45712306105351
OFC vs AFC,OFC,AFC,1995-11,0.0053494636734940934,-0.010419950845876347,0.021047073861795204,8.293990143087678,-16.049132598785285,32.443645731732374
OFC vs AFC,OFC,AFC,1995-12,0.005309527775235163,-0.010663953267633319,0.02101578830499541,8.234175171025202,-16.333648639630827,32.46224807011293
OFC vs AFC,OFC,AFC,1996-01,0.005258815362552306,-0.010784295804544718,0.020967937548743258,8.157592699307,-16.370155005405955,32.539166359827945
OFC vs AFC,OFC,AFC,1996-02,0.005197684129527896,-0.010690956095880244,0.02090940740575928,8.064790260474412,-16.37054116560781,32.347090025633904
OFC vs AFC,OFC,AFC,1996-03,0.005126491770244041,-0.010605835086338722,0.020840621844242423,7.956317089311243,-16.306740868079352,32.075228458413406
OFC vs AFC,OFC,AFC,1996-04,0.00504559597878352,-0.010724371550548329,0.020678734442344113,7.8327239825717685,-16.32941146035454,31.666941026482274
OFC vs AFC,OFC,AFC,1996-05,0.004955354449228519,-0.010865455127882617,0.020437386293057132,7.694563163066236,-16.544019434287122,31.686040566123072
OFC vs AFC,OFC,AFC,1996-06,0.004856124875661119,-0.010846877081088602,0.020323323287610506,7.542388148150159,-16.679246084103397,31.357668023455524
OFC vs AFC,OFC,AFC,1996-07,0.0047482649521642635,-0.010940285202295286,0.02011751391662669,7.376753622651477,-16.77218150110151,31.00542549899369
OFC vs AFC,OFC,AFC,1996-08,0.004632132372820055,-0.011045029348603429,0.020090317896018246,7.198215316264144,-16.748998574235316,30.634743533350562
OFC vs AFC,OFC,AFC,1996-09,0.004508084831710548,-0.011129458352157905,0.01961630993334936,7.007329885445962,-17.09823063890684,30.188565755082944
OFC vs AFC,OFC,AFC,1996-10,0.004376480022918747,-0.011136047452023633,0.019336745266711197,6.804654799844083,-17.245069203100968,29.745483696398203
OFC vs AFC,OFC,AFC,1996-11,0.004237675640526769,-0.011245841171145753,0.01904411322643934,6.590748233267465,-17.375553747082336,29.434617156540735
OFC vs AFC,OFC,AFC,1996-12,0.004092029378616531,-0.011397691270304922,0.018911231309449536,6.366168959235833,-17.532416075900333,29.244245984837647
OFC vs AFC,OFC,AFC,1997-01,0.0039398989312711815,-0.011516475739310028,0.01878262041218308,6.131476251120733,-17.67232220065673,29.032594444880065
OFC vs AFC,OFC,AFC,1997-02,0.003781641992572742,-0.011638207358770547,0.018469906186121935,5.887229786887733,-17.804533596756073,28.393712294491447
OFC vs AFC,OFC,AFC,1997-03,0.003617616256603181,-0.011674162535535881,0.01819500736979349,5.633989558464432,-17.834339525336418,28.313730293574267
OFC vs AFC,OFC,AFC,1997-04,0.003448179417445665,-0.011868311328830839,0.01797001236897343,5.372315785740209,-18.227282881959102,28.150469383917837
OFC vs AFC,OFC,AFC,1997-05,0.0032736891691822023,-0.012061038583819262,0.018039503552471012,5.102768835201126,-18.555798393225608,27.831736254355356
OFC vs AFC,OFC,AFC,1997-06,0.0030945032058946388,-0.012093634992931078,0.017884093091087374,4.8259091432173955,-18.389350838355153,27.905918656077766
OFC vs AFC,OFC,AFC,1997-07,0.0029109792216663864,-0.012211590183643527,0.01783748825814899,4.54229714398442,-18.54181960810173,27.674740606966015
OFC vs AFC,OFC,AFC,1997-08,0.0027234749105792557,-0.01249666291266398,0.017731443618971,4.2524932021118484,-19.02417537109361,27.42999474215215
OFC vs AFC,OFC,AFC,1997-09,0.002532347966715186,-0.01285471142298844,0.017554564868912284,3.9570575498772005,-19.590501497338504,27.189125183042552
OFC vs AFC,OFC,AFC,1997-10,0.0023379560841575078,-0.012910378322709271,0.017407553498288125,3.65655022913561,-19.771924275218314,27.105971761507742
OFC vs AFC,OFC,AFC,1997-11,0.0021406569569881505,-0.012984654175005472,0.017192824083186585,3.3515310378787366,-19.877181861251756,26.715605949374233
OFC vs AFC,OFC,AFC,1997-12,0.001940808279288856,-0.013058216808094956,0.01700906293065949,3.042559481452197,-19.991784954660908,26.543589499875576
OFC vs AFC,OFC,AFC,1998-01,0.0017387677451431904,-0.013250563797335956,0.01682295612468998,2.730194728422681,-20.37538126569017,26.532775172847806
OFC vs AFC,OFC,AFC,1998-02,0.0015348930486329293,-0.013444088973680745,0.016686361473278486,2.4149955710797415,-20.578633467096996,26.3316668961569
OFC vs AFC,OFC,AFC,1998-03,0.0013295418838398787,-0.013652354775018959,0.01664051297331852,2.0975203905830915,-20.9267122239813,26.121756671005784
OFC vs AFC,OFC,AFC,1998-04,0.0011230719448475967,-0.013850082583712009,0.016559570911361773,1.778327126740294,-21.450952191751448,26.102152571376596
OFC vs AFC,OFC,AFC,1998-05,0.0009158409257378431,-0.014197341845333167,0.01658682273751646,1.4579732523990794,-22.041805062516254,25.91978043633601
OFC vs AFC,OFC,AFC,1998-06,0.0007082065205924625,-0.014555426304468932,0.01637595255581363,1.1370157524629525,-22.584424893261097,25.739258048941288
OFC vs AFC,OFC,AFC,1998-07,0.0005005264234948947,-0.014747877840001556,0.016445327607568977,0.8160111075125426,-23.205715559354054,25.651730235209232
OFC vs AFC,OFC,AFC,1998-08,0.0002931583285270656,-0.015083027220843447,0.01623732883264507,0.4955152820171961,-23.645230307901308,25.460706007213386
OFC vs AFC,OFC,AFC,1998-09,8.645992977066697e-05,-0.015403559909924569,0.016136179479594972,0.17608371714208118,-23.81159670389961,25.273786982326296
OFC vs AFC,OFC,AFC,1998-10,-0.0001192110786907119,-0.015714857961804184,0.01609623046436055,-0.14172867186400737,-24.286002140047174,25.067766635998744
OFC vs AFC,OFC,AFC,1998-11,-0.0003234970027753425,-0.016037833014820445,0.01588365943053267,-0.4573674937193769,-25.004321748943152,24.824293879654018
OFC vs AFC,OFC,AFC,1998-12,-0.00052604014840131,-0.016348654151575916,0.01568175550723735,-0.7702788745893073,-25.413040639307678,24.604083323559916
OFC vs AFC,OFC,AFC,1999-01,-0.0007265478961242577,-0.01656210034289929,0.015774170902326242,-1.0800098810860903,-25.69755147506986,24.360998518041193
OFC vs AFC,OFC,AFC,1999-02,-0.0009249879250579907,-0.016781832788036244,0.01570350378308673,-1.3865096209726848,-25.944494083552524,24.186944281398656
OFC vs AFC,OFC,AFC,1999-03,-0.0011213929889552876,-0.01701450540603764,0.015570595434989752,-1.6898276091875228,-26.29133229866247,24.07480445578542
OFC vs AFC,OFC,AFC,1999-04,-0.0013157958415674265,-0.017232219486204903,0.015412605433104697,-1.9900132939037565,-26.59247143358821,23.861152100158947
OFC vs AFC,OFC,AFC,1999-05,-0.0015082292366472227,-0.017435290340283505,0.015217888330741577,-2.287116064331027,-26.838191784198056,23.428525170827275
OFC vs AFC,OFC,AFC,1999-06,-0.001698725927947512,-0.017624033280023266,0.015012699812516801,-2.581185258316891,-26.932657502870153,23.09318507154513
OFC vs AFC,OFC,AFC,1999-07,-0.001887318669219542,-0.017798763617170543,0.014842973955625142,-2.872270169754911,-27.464150064285604,23.02608315800951
OFC vs AFC,OFC,AFC,1999-08,-0.002074040214216174,-0.01795979666347427,0.01468379573264821,-3.1604200558071067,-27.745860173770392,22.848131094364447
OFC vs AFC,OFC,AFC,1999-09,-0.002258923316690146,-0.01806552470125178,0.014607844268222342,-3.4456841439258783,-27.910721608927382,22.674736829000643
OFC vs AFC,OFC,AFC,1999-10,-0.002442000730392825,-0.01824142033840128,0.014561727636645382,-3.7281116386836306,-27.971656030669692,22.558942722206865
OFC vs AFC,OFC,AFC,1999-11,-0.0026233052090769513,-0.018338594001824315,0.014444204904371547,-4.00775172841602,-28.027185412852553,22.361506427965168
OFC vs AFC,OFC,AFC,1999-12,-0.002802869506495416,-0.018419436087232687,0.01427730726661287,-4.284653591666434,-28.19193217125303,22.159509247525573
OFC vs AFC,OFC,AFC,2000-01,-0.0029807263763994398,-0.018484402035048707,0.014128403375036003,-4.558866403437145,-28.575173951669445,21.994366656580233
OFC vs AFC,OFC,AFC,2000-02,-0.0031569085725418676,-0.01864923239442806,0.014017105109269633,-4.830439341256266,-28.83738526810663,21.645838733660327
OFC vs AFC,OFC,AFC,2000-03,-0.003331448848675482,-0.018750790829019558,0.013846239870859242,-5.099421591045043,-28.97365272751996,21.175545703715894
OFC vs AFC,OFC,AFC,2000-04,-0.0035043799585516224,-0.01882889765055209,0.013733926911670878,-5.365862352793917,-29.06734323487152,20.97828713279934
OFC vs AFC,OFC,AFC,2000-05,-0.0036757346559230784,-0.018994645095906825,0.01344632880662701,-5.62981084605371,-29.142441802379096,20.632803228371312
OFC vs AFC,OFC,AFC,2000-06,-0.0038455456945425993,-0.01922993800266686,0.013257380430168414,-5.8913163152289325,-29.201317915646257,20.34017988153143
OFC vs AFC,OFC,AFC,2000-07,-0.0040138458281615726,-0.01934941513041579,0.013061610237043152,-6.150428034680492,-29.332945644735492,20.187359628481094
OFC vs AFC,OFC,AFC,2000-08,-0.004180667810532831,-0.019452925954432397,0.012785522509443667,-6.407195313644141,-29.536666748013353,19.787513250387963
OFC vs AFC,OFC,AFC,2000-09,-0.004346044395408956,-0.019634332343411918,0.012454085452120322,-6.6616675009518245,-29.415593726343864,19.212946012550592
OFC vs AFC,OFC,AFC,2000-10,-0.0045100083365415215,-0.01980496130837328,0.012076847282280444,-6.913893989564586,-29.539081168360585,18.627033079929014
OFC vs AFC,OFC,AFC,2000-11,-0.004672592387683237,-0.01983720134960083,0.01179635477049334,-7.163924220920336,-30.018364975776045,18.260475911019906
OFC vs AFC,OFC,AFC,2000-12,-0.004833829302586777,-0.01997852221052123,0.011713062126406456,-7.411807689087509,-30.49918111060549,18.11116834773014
OFC vs AFC,OFC,AFC,2001-01,-0.004993751835003638,-0.020156167396034784,0.011627574941917506,-7.657593944729802,-30.981349223942253,17.90490692790708
OFC vs AFC,OFC,AFC,2001-02,-0.005152392738686543,-0.020193584111268457,0.0115060783128333,-7.901332598888177,-31.3454851247668,17.754088964869947
OFC vs AFC,OFC,AFC,2001-03,-0.005309784767388225,-0.020209548185759197,0.011216272581540202,-8.143073326569235,-31.36703735405515,17.286612400383014
OFC vs AFC,OFC,AFC,2001-04,-0.0054659606748601545,-0.020346486720341648,0.011138727936069818,-8.382865870145949,-31.39614578296538,17.216160200900635
OFC vs AFC,OFC,AFC,2001-05,-0.005620953214855002,-0.020500762679896842,0.011057934437803538,-8.620760042577102,-31.56796157256374,16.982985622139015
OFC vs AFC,OFC,AFC,2001-06,-0.005774795141125586,-0.020644108585781362,0.010725707653071207,-8.856805730434603,-31.78674085462684,16.639208082218975
OFC vs AFC,OFC,AFC,2001-07,-0.005927519207423264,-0.020782060038593463,0.010561250207145576,-9.091052896743761,-32.03206584865894,16.326773853093293
OFC vs AFC,OFC,AFC,2001-08,-0.0060791581675008095,-0.02093747180023384,0.010347002765700929,-9.32355158364467,-32.29091928953396,16.06851696891577
OFC vs AFC,OFC,AFC,2001-09,-0.006229744775110985,-0.020972244745211865,0.010078514544059116,-9.554351914861735,-32.229152321568904,15.776328753092773
OFC vs AFC,OFC,AFC,2001-10,-0.006379311784005173,-0.021137815555487195,0.009815665596807473,-9.783504097988459,-32.247835262393004,15.339000388286932
OFC vs AFC,OFC,AFC,2001-11,-0.006527891947936154,-0.021246556525356876,0.009549900259087196,-10.01105842659431,-32.47975076869691,14.897121636669405
OFC vs AFC,OFC,AFC,2001-12,-0.006675518020656641,-0.02133501376537037,0.009339382389864629,-10.23706528214118,-32.65501770235593,14.640247843976415
OFC vs AFC,OFC,AFC,2002-01,-0.006822222755918091,-0.021312901208971845,0.009271721502726872,-10.461575135717048,-32.9271570315614,14.63822006844921
OFC vs AFC,OFC,AFC,2002-02,-0.006968038907473252,-0.02130218366772918,0.009205037122511328,-10.684638549592407,-33.04358803877185,14.444118466145198
OFC vs AFC,OFC,AFC,2002-03,-0.007112999229074796,-0.021289737916953565,0.009152990892769351,-10.906306178588475,-33.19504007120023,14.35603772466018
OFC vs AFC,OFC,AFC,2002-04,-0.007257136474474264,-0.021463790633817537,0.009103722172119383,-11.126628771264047,-33.348000195703015,14.26410755954489
OFC vs AFC,OFC,AFC,2002-05,-0.007400483397424296,-0.021523015815513833,0.008884616655910796,-11.345657170926057,-33.414293020179876,14.062956087659925
OFC vs AFC,OFC,AFC,2002-06,-0.007543072751677651,-0.021655083744430304,0.008664303823215688,-11.563442316454466,-33.42007643301324,13.505263442436851
OFC vs AFC,OFC,AFC,2002-07,-0.007684937290985791,-0.02189369885093,0.008555558541582485,-11.780035242946198,-33.67510576812001,13.324401543372483
OFC vs AFC,OFC,AFC,2002-08,-0.007826109769101511,-0.02196023602481536,0.008532931617273663,-11.995487082185555,-33.98654131923058,13.280786186588669
OFC vs AFC,OFC,AFC,2002-09,-0.007966622939777405,-0.022160986494456924,0.008329826288289287,-12.20984906292903,-34.047572848972244,12.97922205443799
OFC vs AFC,OFC,AFC,2002-10,-0.008106509556765014,-0.02230600151741009,0.008223311158247702,-12.423172511012453,-34.34155591855794,12.723566356085241
OFC vs AFC,OFC,AFC,2002-11,-0.008245802373817068,-0.022496756602302305,0.008079028891382742,-12.63550884928469,-34.63294366059086,12.439480101825634
OFC vs AFC,OFC,AFC,2002-12,-0.008384534144686212,-0.022699358010518367,0.00795617051839663,-12.846909597358328,-34.921630545280756,12.374655425367582
OFC vs AFC,OFC,AFC,2003-01,-0.008522737623124065,-0.022948170813759283,0.00789430083397029,-13.05742637118371,-35.20751117851747,12.224951622066358
OFC vs AFC,OFC,AFC,2003-02,-0.008660445562883208,-0.023125437915103752,0.007540111096471935,-13.267110882450789,-35.643987912757645,11.657237765785942
OFC vs AFC,OFC,AFC,2003-03,-0.008797690717716397,-0.023313644382967968,0.007295730263789034,-13.476014937810724,-36.240232644991885,11.236524727262259
OFC vs AFC,OFC,AFC,2003-04,-0.008934505841375156,-0.023494861169100954,0.007079728795423838,-13.684190437920842,-36.504297919382665,10.905319038277078
OFC vs AFC,OFC,AFC,2003-05,-0.009070923687612165,-0.023670545351424765,0.0068996214021021995,-13.891689376320342,-36.52369219052009,10.653899626976008
OFC vs AFC,OFC,AFC,2003-06,-0.009206977010180101,-0.023865978716275115,0.006650034507545257,-14.098563838125934,-37.00065308847944,10.413850810918825
OFC vs AFC,OFC,AFC,2003-07,-0.009342698562830487,-0.024162251840699867,0.006422103231879989,-14.3048659985535,-37.12048227214317,9.880247707404477
OFC vs AFC,OFC,AFC,2003-08,-0.009478121099316077,-0.024378435019467657,0.006197759808386121,-14.510648121271476,-37.63769935755657,9.518965221785614
OFC vs AFC,OFC,AFC,2003-09,-0.009613277373389514,-0.024630847580523564,0.005995397416737026,-14.715962556575386,-37.933900994408624,9.23093575519261
OFC vs AFC,OFC,AFC,2003-10,-0.00974820013880231,-0.02481427772072995,0.005828225490733037,-14.920861739390373,-38.41883776357512,9.074324740588892
OFC vs AFC,OFC,AFC,2003-11,-0.009882922149307189,-0.025038180991949408,0.005708713477606767,-15.125398187106553,-38.92707272741053,8.890157643283416
OFC vs AFC,OFC,AFC,2003-12,-0.010017476158656825,-0.02538854116279152,0.005587765714002968,-15.32962449723721,-39.378196033907784,8.700725455394306
OFC vs AFC,OFC,AFC,2004-01,-0.010151894920602764,-0.02555705025854609,0.00532173571624605,-15.53359334490608,-39.50395387328846,8.319513415274743
OFC vs AFC,OFC,AFC,2004-02,-0.010286211188897703,-0.025598454760627786,0.005153078556871272,-15.737357480168912,-39.68189828301913,7.889005713047017
OFC vs AFC,OFC,AFC,2004-03,-0.010420457717294315,-0.025723783622388384,0.005060807529155689,-15.940969725159373,-39.92928847077896,7.75860977748577
OFC vs AFC,OFC,AFC,2004-04,-0.010554667259544112,-0.025999334643547912,0.004989003350301008,-16.14448297106519,-40.29107231864327,7.6479778864549965
OFC vs AFC,OFC,AFC,2004-05,-0.010688872569399828,-0.026246102486459533,0.004920761226898927,-16.347950174939992,-40.61894851839744,7.542814569469684
OFC vs AFC,OFC,AFC,2004-06,-0.010823106400614124,-0.02647294763311585,0.004832518240433579,-16.551424356340636,-40.68636148239831,7.4424092894744005
OFC vs AFC,OFC,AFC,2004-07,-0.01095740150693854,-0.026691603273766563,0.004683656840729266,-16.754958593796026,-40.91427036492149,7.212950303310466
OFC vs AFC,OFC,AFC,2004-08,-0.011091790642125792,-0.026878728810806905,0.004495733533198496,-16.958606021112857,-41.082981499324816,6.923172319543055
OFC vs AFC,OFC,AFC,2004-09,-0.011226306559928498,-0.027206070745199273,0.004401056735037029,-17.162419823507882,-41.5172284754496,6.842825982859522
OFC vs AFC,OFC,AFC,2004-10,-0.011360982014098272,-0.027330994234891604,0.004272002730259669,-17.366453233573203,-41.67670525181425,6.611197971195771
OFC vs AFC,OFC,AFC,2004-11,-0.011495849758387777,-0.02755950322861973,0.004081851041580897,-17.570759527078863,-42.04218895880706,6.583653671578506
OFC vs AFC,OFC,AFC,2004-12,-0.011630942546549639,-0.02771666964391195,0.0040003014705457685,-17.775392018603714,-42.18268091939499,6.227440191283027
OFC vs AFC,OFC,AFC,2005-01,-0.011766293132335476,-0.027955469871102468,0.003956956844605652,-17.9804040569999,-42.67603373240276,6.088306349755078
OFC vs AFC,OFC,AFC,2005-02,-0.011901934269497958,-0.028193724594885294,0.003912976534110186,-18.185849020695716,-42.950870995961566,6.020570236373139
OFC vs AFC,OFC,AFC,2005-03,-0.012037898711789738,-0.028337574130918995,0.0038625789657156097,-18.391780312827724,-43.18186791395639,5.9277068727461675
OFC vs AFC,OFC,AFC,2005-04,-0.012174219212962387,-0.028480781280858826,0.003801482909544558,-18.59825135620715,-43.40744610668504,5.833216628821219
OFC vs AFC,OFC,AFC,2005-05,-0.012310928526768598,-0.028619471584276555,0.0036376496107114633,-18.805315588125865,-43.69250360446963,5.651959913789797
OFC vs AFC,OFC,AFC,2005-06,-0.012448059406961006,-0.028805154898017358,0.0035287502077168066,-19.01302645499197,-43.94577999391896,5.544494320276817
OFC vs AFC,OFC,AFC,2005-07,-0.012585644607291203,-0.028989390950605997,0.003498425713625549,-19.221437406800842,-44.20021911025801,5.495835419490765
OFC vs AFC,OFC,AFC,2005-08,-0.012723716881511884,-0.02916753402995651,0.003355590243820924,-19.430601891445978,-44.38327148630593,5.168246461120001
OFC vs AFC,OFC,AFC,2005-09,-0.012862308983375708,-0.02937336078199313,0.0032464114523235808,-19.64057334886055,-44.558558286327944,5.046528384132337
OFC vs AFC,OFC,AFC,2005-10,-0.013001453666634147,-0.029590209576959837,0.003254844187736781,-19.85140520499431,-44.72855597050076,5.04197587056985
OFC vs AFC,OFC,AFC,2005-11,-0.013141183685040034,-0.029798995811625862,0.003260264532115275,-20.063150865632103,-44.972152920601886,5.047863364119871
OFC vs AFC,OFC,AFC,2005-12,-0.013281528984006065,-0.03000288516518377,0.003021470910402202,-20.275858735940325,-45.412521460331746,4.6403814696162415
OFC vs AFC,OFC,AFC,2006-01,-0.013422508275584732,-0.03021709725703481,0.0028228685537774723,-20.489557255789446,-45.785026923463114,4.457333836090716
OFC vs AFC,OFC,AFC,2006-02,-0.013564137463489638,-0.030399676412555986,0.0027186423261591265,-20.704269758878855,-46.035632342837026,4.398517162162101
OFC vs AFC,OFC,AFC,2006-03,-0.01370643245143445,-0.030592729761825366,0.0027528056315289846,-20.920019444190704,-46.280726751815,4.45583259664504
OFC vs AFC,OFC,AFC,2006-04,-0.01384940914313169,-0.030782322565121634,0.0027787407605573276,-21.136829382778316,-46.52039796253625,4.405316115372325
OFC vs AFC,OFC,AFC,2006-05,-0.013993083442295046,-0.030966085356904836,0.002629037720357801,-21.354722524335813,-46.79366986676261,4.082974161536211
OFC vs AFC,OFC,AFC,2006-06,-0.014137471252638216,-0.031146422298374297,0.002413073428127175,-21.57372170353902,-47.169701577521515,3.7472802584485168
OFC vs AFC,OFC,AFC,2006-07,-0.01428258847787367,-0.03129858527716025,0.0021405070275444223,-21.79384964616368,-47.52641889512802,3.3007721687414744
OFC vs AFC,OFC,AFC,2006-08,-0.014428451021715057,-0.03144363271367308,0.0018585826735379946,-22.01512897498683,-47.88873019539096,2.9337172127136952
OFC vs AFC,OFC,AFC,2006-09,-0.014575074787876128,-0.03164240629135393,0.001711638846073213,-22.237582215461398,-48.29070617297483,2.6614551871972894
OFC vs AFC,OFC,AFC,2006-10,-0.014722475680069355,-0.03177850580104966,0.0015638520898308941,-22.46123180116928,-48.511901945952104,2.417515831520413
OFC vs AFC,OFC,AFC,2006-11,-0.014870669602008375,-0.03194092342570287,0.0014814519077988,-22.686100079059692,-48.7399454269965,2.293277141372082
OFC vs AFC,OFC,AFC,2006-12,-0.015019672457406952,-0.03209191707587231,0.0013564989056096663,-22.912209314462086,-49.123052936918256,2.08062707865003
OFC vs AFC,OFC,AFC,2007-01,-0.015169500149977507,-0.03221812613988724,0.001150320859303989,-23.139581695878913,-49.338864268319334,1.7757583263140049
OFC vs AFC,OFC,AFC,2007-02,-0.015320168583433762,-0.03249140973785121,0.0010796612290470708,-23.368239339565413,-49.64296022519835,1.6504108893248013
OFC vs AFC,OFC,AFC,2007-03,-0.015471693661489394,-0.03268277283898104,0.0011497617598512193,-23.598204293884464,-49.961893959368886,1.7311041572610386
OFC vs AFC,OFC,AFC,2007-04,-0.015624091287856946,-0.032905925424379756,0.0008648665262663099,-23.829498543443542,-50.025601854216085,1.3035393110487903
OFC vs AFC,OFC,AFC,2007-05,-0.015777377366250008,-0.033120031981883756,0.0005742038589329116,-24.062144013018596,-50.204590303166796,0.8655351708605024
OFC vs AFC,OFC,AFC,2007-06,-0.015931567800382306,-0.03332532561756927,0.0003420210635670366,-24.296162571255376,-50.50308751594616,0.5283691018349371
OFC vs AFC,OFC,AFC,2007-07,-0.016086678493966344,-0.03351944975592582,0.00016221123280062036,-24.531576034152828,-50.79965677461606,0.2505736459523572
OFC vs AFC,OFC,AFC,2007-08,-0.01624272535071579,-0.03357443930648478,-7.204322554588823e-07,-24.768406168335005,-51.09437704627281,-0.00085139946246429
OFC vs AFC,OFC,AFC,2007-09,-0.016399724274344357,-0.03360345017937174,-0.0002055145027515273,-25.006674694100848,-51.37745101126774,-0.3173901813339891
OFC vs AFC,OFC,AFC,2007-10,-0.01655769116856451,-0.03367392544558338,-0.00035636961533006917,-25.246403288257152,-51.58734942407657,-0.5649506341759669
OFC vs AFC,OFC,AFC,2007-11,-0.016716641937089948,-0.03382789341115191,-0.0004601248219009049,-25.487613586740945,-51.78979738228268,-0.7285825582964894
OFC vs AFC,OFC,AFC,2007-12,-0.01687659248363435,-0.03402646160274632,-0.0006824808873072964,-25.730327187020116,-51.975280519201064,-1.0592707261962082
OFC vs AFC,OFC,AFC,2008-01,-0.017037558711910202,-0.034122299856917684,-0.0007185487790123649,-25.97456565027841,-52.123457193506454,-1.1217478987036462
OFC vs AFC,OFC,AFC,2008-02,-0.017199556525631196,-0.03421936670157137,-0.0007811424592828693,-26.2203505033901,-52.33874025404938,-1.214920942787241
OFC vs AFC,OFC,AFC,2008-03,-0.017362601828511015,-0.03431857083644583,-0.0010270237528571776,-26.4677032406738,-52.51409835802185,-1.538153824751244
OFC vs AFC,OFC,AFC,2008-04,-0.017526710524262162,-0.03448948329544392,-0.0012254494516046805,-26.7166453254312,-52.800731876308156,-1.8598215118406478
OFC vs AFC,OFC,AFC,2008-05,-0.017691898516598262,-0.034896874434384675,-0.0014300917533152588,-26.967198191275894,-53.037824186990214,-2.160518476477597
OFC vs AFC,OFC,AFC,2008-06,-0.017858181709233107,-0.0349962632750231,-0.0016061605577880461,-27.21938324324255,-53.36697104265498,-2.4934728167500815
OFC vs AFC,OFC,AFC,2008-07,-0.018025576005879125,-0.035021479764474825,-0.00172585486952271,-27.473221858680535,-53.687193517298795,-2.665566214045466
OFC vs AFC,OFC,AFC,2008-08,-0.018194097310249947,-0.03511394084809161,-0.0017084251823754847,-27.728735387939178,-53.913002838779526,-2.647877845855241
OFC vs AFC,OFC,AFC,2008-09,-0.018363761526059386,-0.03511184622333698,-0.0019399733436878351,-27.985945154833367,-54.09775094666743,-3.0066891982436927
OFC vs AFC,OFC,AFC,2008-10,-0.018534584557019826,-0.03525553977816091,-0.0020828897760143484,-28.24487245689414,-54.28542919414196,-3.2331670483849204
OFC vs AFC,OFC,AFC,2008-11,-0.018706582306844993,-0.03550134158291476,-0.0022418887211392417,-28.505538565411943,-54.469054170457696,-3.462472138349291
OFC vs AFC,OFC,AFC,2008-12,-0.018879770679248616,-0.03575382314450013,-0.002327982614465585,-28.767964725259862,-54.61215592579733,-3.6151421791526133
OFC vs AFC,OFC,AFC,2009-01,-0.01905416557794306,-0.035833234079402976,-0.002627667425206998,-29.032172154503286,-54.971669871135,-4.033414194528366
OFC vs AFC,OFC,AFC,2009-02,-0.01922978290664212,-0.035957942484894145,-0.0029453241516391566,-29.29818204380245,-55.2570975386304,-4.520576486799856
OFC vs AFC,OFC,AFC,2009-03,-0.01940663856905951,-0.0362952973256133,-0.0032658985782526863,-29.566015555595285,-55.38039731233713,-5.012117945737848
OFC vs AFC,OFC,AFC,2009-04,-0.019584748468907596,-0.03661386907820887,-0.003442236338882055,-29.835693823067594,-55.79449575278848,-5.309659993821948
OFC vs AFC,OFC,AFC,2009-05,-0.019764128509900135,-0.036780402923007306,-0.00359227142321541,-30.10723794891658,-55.90621129548432,-5.504767540518756
OFC vs AFC,OFC,AFC,2009-06,-0.019944794595750902,-0.037043813921578295,-0.0037277862447880764,-30.38066900389551,-55.99037029067296,-5.717479016176088
OFC vs AFC,OFC,AFC,2009-07,-0.020126762630172185,-0.03711383720974193,-0.00388489503134593,-30.65600802514591,-56.07312211369526,-5.952463697949853
OFC vs AFC,OFC,AFC,2009-08,-0.020310048516877757,-0.03712586773550468,-0.004087199385251418,-30.933276014324377,-56.22360122870739,-6.200291809582604
OFC vs AFC,OFC,AFC,2009-09,-0.020494668159581463,-0.037112446393392506,-0.004311109257313155,-31.212493935511016,-56.60144083205544,-6.52346280198531
OFC vs AFC,OFC,AFC,2009-10,-0.020680637461995513,-0.03715332574130783,-0.004559558899177283,-31.493682712905823,-56.979703938111584,-6.767040088796626
OFC vs AFC,OFC,AFC,2009-11,-0.020867972327833755,-0.037423033672242444,-0.004746675908425331,-31.77686322832132,-57.15402081436622,-7.163958297411569
OFC vs AFC,OFC,AFC,2009-12,-0.021056688660809987,-0.037510681143501756,-0.004887509253868673,-32.06205631845672,-57.271070548508,-7.557633347927074
OFC vs AFC,OFC,AFC,2010-01,-0.021246802364636413,-0.037718644958718614,-0.005137710851393697,-32.349282771961754,-57.37940249042187,-7.893197379719373
OFC vs AFC,OFC,AFC,2010-02,-0.021438329343026873,-0.037860037959980095,-0.005335706278094507,-32.63856332629735,-57.53331085229954,-8.219944540625884
OFC vs AFC,OFC,AFC,2010-03,-0.021631285499695185,-0.03794680944333804,-0.005483692692031469,-32.92991866437894,-57.64016483899049,-8.384874013673262
OFC vs AFC,OFC,AFC,2010-04,-0.021825686738353608,-0.03802786302155377,-0.005584297899819829,-33.223369411010566,-57.8619278461837,-8.47747150185627
OFC vs AFC,OFC,AFC,2010-05,-0.022021548962715888,-0.0382366488895741,-0.005651637731121495,-33.518936129116724,-58.0904760168135,-8.701313104756128
OFC vs AFC,OFC,AFC,2010-06,-0.022218888076495916,-0.03848566907790194,-0.005817686343173811,-33.816639315758756,-58.34983903242703,-9.021502361734656
OFC vs AFC,OFC,AFC,2010-07,-0.022417719983405852,-0.03878971164147371,-0.006044094349077156,-34.11649939794242,-58.65370227933103,-9.464331573082713
OFC vs AFC,OFC,AFC,2010-08,-0.02261806058715951,-0.03908743757720727,-0.0062955487338626475,-34.4185367282256,-59.14992577937581,-9.887030253836182
OFC vs AFC,OFC,AFC,2010-09,-0.02281992579147081,-0.03937492710920463,-0.0065500751716757455,-34.7227715801112,-59.543190625009956,-10.230278282008488
OFC vs AFC,OFC,AFC,2010-10,-0.023023331500051886,-0.0396620885415158,-0.006807598517505882,-35.02922414323318,-59.9388536885232,-10.616125027159041
OFC vs AFC,OFC,AFC,2010-11,-0.02322829361661655,-0.03995056355202875,-0.007067742489364554,-35.337914518344235,-60.3359219986938,-10.75759455527033
OFC vs AFC,OFC,AFC,2010-12,-0.023434828044878717,-0.04022222241621285,-0.0072944904558982105,-35.64886271209066,-60.684589474567495,-10.956340279015208
OFC vs AFC,OFC,AFC,2011-01,-0.023642950688550476,-0.040483898920900874,-0.007451627629934256,-35.96208863158177,-60.87173274181402,-11.231052763735637
OFC vs AFC,OFC,AFC,2011-02,-0.023852677451345717,-0.04073925654953525,-0.007656147777302769,-36.277612078763504,-61.077384554657804,-11.59484359623929
OFC vs AFC,OFC,AFC,2011-03,-0.024064024236978315,-0.040917367603420726,-0.007818375562719962,-36.595452744580534,-61.457635042355435,-11.917690390898409
OFC vs AFC,OFC,AFC,2011-04,-0.02427700694916041,-0.041079197610291864,-0.00791007794155627,-36.91563020293573,-61.96722354438117,-12.262268908415336
OFC vs AFC,OFC,AFC,2011-05,-0.024491641491605785,-0.04120763904096401,-0.008313557003022937,-37.238163904455476,-62.57592871078357,-12.67368900597523
OFC vs AFC,OFC,AFC,2011-06,-0.024707943768028415,-0.04133420300798316,-0.008568411928454039,-37.56307317004675,-62.7983166902751,-13.033531012309982
OFC vs AFC,OFC,AFC,2011-07,-0.02492592968214034,-0.04157789872219562,-0.008807945256073852,-37.89037718425286,-63.0072946707626,-13.386272124822794
OFC vs AFC,OFC,AFC,2011-08,-0.02514561513765552,-0.041757116578676624,-0.0088878189075577,-38.220094988419156,-63.56538882477256,-13.582698336057385
OFC vs AFC,OFC,AFC,2011-09,-0.025367016038287737,-0.04203550624548469,-0.00893579223977056,-38.55224547365128,-64.13358121611687,-13.710648217391363
OFC vs AFC,OFC,AFC,2011-10,-0.025590148287749158,-0.042533284094989465,-0.008962530944073467,-38.88684737357733,-64.42936013147614,-13.850116843820095
OFC vs AFC,OFC,AFC,2011-11,-0.025815027789753652,-0.04274893416143773,-0.009162980610108343,-39.22391925692074,-64.63035494902175,-14.066114549449436
OFC vs AFC,OFC,AFC,2011-12,-0.02604167044801507,-0.042942495815961566,-0.009319204958169494,-39.56347951987064,-64.96867716508015,-14.390136278395198
OFC vs AFC,OFC,AFC,2012-01,-0.02627009216624554,-0.04311501007633387,-0.009548899592820357,-39.905546378258165,-65.24388518333691,-14.750323526422461
OFC vs AFC,OFC,AFC,2012-02,-0.02650030884815894,-0.04348369915509944,-0.009783026738488779,-40.25013785954779,-65.53072355151387,-15.05799730739908
OFC vs AFC,OFC,AFC,2012-03,-0.02673233639746913,-0.043600409047263214,-0.010021615278842398,-40.597271794629116,-65.85028148539001,-15.399041459461403
OFC vs AFC,OFC,AFC,2012-04,-0.02696619071788823,-0.04387940817360736,-0.010252389408641854,-40.94696580941864,-66.13038445788827,-15.74838803364913
OFC vs AFC,OFC,AFC,2012-05,-0.0272018877131301,-0.044025906636258536,-0.01044220014945339,-41.299237316280376,-66.47485116451634,-16.113642191521894
OFC vs AFC,OFC,AFC,2012-06,-0.027439443286908696,-0.04416224703634493,-0.010655412060390203,-41.65410350525117,-66.81621830351774,-16.488375550094602
OFC vs AFC,OFC,AFC,2012-07,-0.02767887334293603,-0.044449352331292415,-0.01082593997733259,-42.01158133507956,-67.1469819621854,-16.86550597401894
OFC vs AFC,OFC,AFC,2012-08,-0.02792019378492598,-0.04481080904448982,-0.011024127752346142,-42.37168752408863,-67.4013365114798,-17.257223630039213
OFC vs AFC,OFC,AFC,2012-09,-0.028163420516592517,-0.04521540337114258,-0.011236719925805086,-42.73443854084771,-67.65863486178094,-17.6579520604986
OFC vs AFC,OFC,AFC,2012-10,-0.02840856944164763,-0.04548206717203822,-0.011587809455353565,-43.09985059466228,-68.05374384234025,-18.066586999905837
OFC vs AFC,OFC,AFC,2012-11,-0.028655653406492742,-0.04555758026122838,-0.01195433646241547,-43.46793599893948,-68.44103297296971,-18.48161962323226
OFC vs AFC,OFC,AFC,2012-12,-0.028904673028279336,-0.045634856901256925,-0.01206255901303437,-43.83869237779367,-68.78602350816858,-18.906469536871114
OFC vs AFC,OFC,AFC,2013-01,-0.029155625866844323,-0.04571390444516483,-0.01232829867049805,-44.21211371692911,-69.11012783233862,-19.259338202768728
OFC vs AFC,OFC,AFC,2013-02,-0.029408509482026654,-0.04588870203454878,-0.012660290732597146,-44.58819402520585,-69.43174687083184,-19.70153333478772
OFC vs AFC,OFC,AFC,2013-03,-0.029663321433665332,-0.046174666709045284,-0.012971071861759512,-44.96692734570861,-69.88782614557212,-20.14988645344464
OFC vs AFC,OFC,AFC,2013-04,-0.029920059281597248,-0.046451620840555166,-0.013286768406389909,-45.34830776652825,-70.2765774091526,-20.391778766323707
OFC vs AFC,OFC,AFC,2013-05,-0.03017872058566134,-0.046618659246074445,-0.013544519224074996,-45.73232943126553,-70.75639891681168,-20.637883305406028
OFC vs AFC,OFC,AFC,2013-06,-0.030439302905696682,-0.0468929654085569,-0.013696032114433541,-46.11898654923851,-71.22371978682575,-20.88835469637613
OFC vs AFC,OFC,AFC,2013-07,-0.03070180380154004,-0.04724447206596647,-0.013833648813010238,-46.50827340540169,-71.6692153638451,-21.151779090964183
OFC vs AFC,OFC,AFC,2013-08,-0.030966220833030435,-0.0475064842239612,-0.014075929645643904,-46.90018436998827,-72.11479611835601,-21.38424511895094
OFC vs AFC,OFC,AFC,2013-09,-0.03123255156000693,-0.047735024270587845,-0.014327102868194034,-47.29471390785486,-72.43307679946895,-21.68618705768471
OFC vs AFC,OFC,AFC,2013-10,-0.0315007935423063,-0.047969139482033095,-0.014537650721029798,-47.691856587539114,-72.77711392387337,-21.946577775593497
OFC vs AFC,OFC,AFC,2013-11,-0.03177094433976758,-0.04829750303777449,-0.014753464242991005,-48.091607090040476,-73.02059448454625,-22.1261448571153
OFC vs AFC,OFC,AFC,2013-12,-0.03204300151222979,-0.04874704571501183,-0.015015124454561511,-48.493960217304355,-73.53847736864876,-22.63274067161125
OFC vs AFC,OFC,AFC,2014-01,-0.03231696261952972,-0.04904678192285927,-0.015268390895747797,-48.89891090042018,-73.91818990968474,-23.154138243038357
OFC vs AFC,OFC,AFC,2014-02,-0.032592825221506375,-0.04937598259366451,-0.015480601480891655,-49.306454207543666,-74.51428452584189,-23.502350984512407
OFC vs AFC,OFC,AFC,2014-03,-0.03287058687799886,-0.049768131038754014,-0.01578160772162432,-49.71658535152401,-75.10518779732338,-23.821089295272134
OFC vs AFC,OFC,AFC,2014-04,-0.033150245148843904,-0.0501774523542009,-0.016000149544646684,-50.12929969724619,-75.6195479202137,-24.107079872668216
OFC vs AFC,OFC,AFC,2014-05,-0.03343179759388048,-0.050477558733578044,-0.016223407228186566,-50.54459276869957,-75.97183825760895,-24.175246893936063
OFC vs AFC,OFC,AFC,2014-06,-0.03371524177294778,-0.050634245934817114,-0.016451384943935925,-50.96246025575364,-76.23128962703873,-24.633850542839287
OFC vs AFC,OFC,AFC,2014-07,-0.03400057524588246,-0.05094141824267897,-0.016540818315282473,-51.38289802064989,-76.74291438332295,-25.17703131946612
OFC vs AFC,OFC,AFC,2014-08,-0.034287795572523566,-0.05118454232399081,-0.016796809163971638,-51.80590210422377,-77.13507458344509,-25.528750328197187
OFC vs AFC,OFC,AFC,2014-09,-0.03457690031271019,-0.051364806809413244,-0.017075848057664315,-52.23146873183471,-77.5100409246642,-25.943631660408563
OFC vs AFC,OFC,AFC,2014-10,-0.03486788702627906,-0.05153864519751892,-0.017232717387683838,-52.659594319016435,-77.70806247363416,-26.497309749719204
OFC vs AFC,OFC,AFC,2014-11,-0.03516075327306923,-0.051725265308655954,-0.01756658267422591,-53.09027547685862,-78.06666831197865,-27.05146494956334
OFC vs AFC,OFC,AFC,2014-12,-0.03545549661291977,-0.05196489207359378,-0.017942980786152998,-53.52350901710051,-78.4389627086373,-27.25817932147002
OFC vs AFC,OFC,AFC,2015-01,-0.03575211460566733,-0.05233435862800051,-0.018323222942142618,-53.959291956947276,-78.71031676749803,-27.83294105822694
OFC vs AFC,OFC,AFC,2015-02,-0.03605060481115111,-0.052606733867101595,-0.018622938300382204,-54.39762152362166,-79.11383381217868,-28.527711434019906
OFC vs AFC,OFC,AFC,2015-03,-0.03635096478921008,-0.052817372832763755,-0.018988865135513067,-54.838495158629414,-79.31243274310212,-29.230817993791316
OFC vs AFC,OFC,AFC,2015-04,-0.03665319209968096,-0.053037077873487125,-0.019358808968115475,-55.28191052175254,-79.79268800876622,-29.403277628599223
OFC vs AFC,OFC,AFC,2015-05,-0.036957284302402825,-0.05346886505775319,-0.0197250948489725,-55.72786549477974,-80.19677444485922,-29.88142249099804
OFC vs AFC,OFC,AFC,2015-06,-0.037263238957214784,-0.05375420920471763,-0.01987587463492284,-56.176358184955774,-80.7687765640131,-30.192280824807998
OFC vs AFC,OFC,AFC,2015-07,-0.03757105362395352,-0.054084623894300195,-0.020225904079658946,-56.62738692816076,-81.34000036819276,-30.648004814715986
OFC vs AFC,OFC,AFC,2015-08,-0.03788072586245803,-0.05443251118267382,-0.02044155770533665,-57.080950291831385,-81.86576140090986,-30.934866365129228
OFC vs AFC,OFC,AFC,2015-09,-0.03819225323256753,-0.05478914989491912,-0.020548517079200492,-57.53704707760501,-82.10422458674962,-31.17830306886008
OFC vs AFC,OFC,AFC,2015-10,-0.03850563329411862,-0.055151860263032,-0.020744223619852464,-57.995676323696586,-82.64551477836888,-31.374793304375366
OFC vs AFC,OFC,AFC,2015-11,-0.038820863606950355,-0.05546896631213909,-0.02104610247657162,-58.45683730702263,-83.14439656371556,-31.69069944386167
OFC vs AFC,OFC,AFC,2015-12,-0.03913794173090197,-0.05590679046789564,-0.02137549071930294,-58.9205295450513,-83.63900851096187,-32.114726862931185
OFC vs AFC,OFC,AFC,2016-01,-0.03945686522580995,-0.05628144119322172,-0.02169442320801292,-59.386752797389505,-84.30086088044725,-32.60406054341554
OFC vs AFC,OFC,AFC,2016-02,-0.03977763165151348,-0.056659722593905615,-0.02198783683915813,-59.8555070671219,-84.87285039566225,-33.08807650806891
OFC vs AFC,OFC,AFC,2016-03,-0.04010023856785171,-0.05687922529289091,-0.02223316948319952,-60.32679260187874,-85.49922532878904,-33.57446090962369
OFC vs AFC,OFC,AFC,2016-04,-0.04042468353466113,-0.05728841730445473,-0.022518268991696518,-60.80060989464639,-86.05170590508828,-34.07894471687378
OFC vs AFC,OFC,AFC,2016-05,-0.040750964111780946,-0.05754395821790652,-0.022813992249957418,-61.276959684333086,-86.46792973036727,-34.5724295342176
OFC vs AFC,OFC,AFC,2016-06,-0.04107907785905034,-0.057804654512961885,-0.023230073546994676,-61.755842956068015,-86.87948132855334,-35.06740989009635
OFC vs AFC,OFC,AFC,2016-07,-0.041409022336305806,-0.058063697021349545,-0.02356541100264247,-62.23726094124721,-87.2292083871145,-35.57571250739117
OFC vs AFC,OFC,AFC,2016-08,-0.04174079510338645,-0.05837581954952879,-0.02390190662827463,-62.72121511733885,-87.94412808092524,-36.05685457918002
OFC vs AFC,OFC,AFC,2016-09,-0.04207439372013156,-0.05885322332085452,-0.024389755831850664,-63.20770720742693,-88.4721322161272,-36.61370984744915
OFC vs AFC,OFC,AFC,2016-10,-0.04240981574637756,-0.05923423757861017,-0.02477246360357413,-63.69673917950449,-88.91525710741942,-37.15026683237634
OFC vs AFC,OFC,AFC,2016-11,-0.04274705874196363,-0.05972505125792047,-0.024991067980970973,-64.18831324553204,-89.57403118043031,-37.63751166208989
OFC vs AFC,OFC,AFC,2016-12,-0.04308612026672902,-0.060164560901674324,-0.025345868635297822,-64.68243186023729,-90.30059176938835,-38.16774902138207
OFC vs AFC,OFC,AFC,2017-01,-0.043426997880510104,-0.06059829940708879,-0.025629058055285193,-65.17909771966946,-90.80722187737345,-38.552826916361134
OFC vs AFC,OFC,AFC,2017-02,-0.043769689143146114,-0.06098156441352583,-0.025991816679667903,-65.67831375952272,-91.22532323531694,-39.04613776323673
OFC vs AFC,OFC,AFC,2017-03,-0.04411419161447631,-0.06132161692404212,-0.02627466970995984,-66.18008315320486,-91.68480253655387,-39.461357716229635
OFC vs AFC,OFC,AFC,2017-04,-0.044460502854337024,-0.06178128804077816,-0.02650122700707156,-66.6844093096647,-92.2229628297293,-40.01261048068868
OFC vs AFC,OFC,AFC,2017-05,-0.04480862042256753,-0.06233507947658592,-0.026755658274709982,-67.19129587099289,-92.75537883386667,-40.21486974869936
OFC vs AFC,OFC,AFC,2017-06,-0.04515854187900706,-0.06277528989551961,-0.026958122044758472,-67.70074670977141,-93.32926323648589,-40.747306323528505
OFC vs AFC,OFC,AFC,2017-07,-0.045510264783491954,-0.0632138412956332,-0.02726776433245637,-68.21276592618631,-94.05309322015928,-41.199419964265616
OFC vs AFC,OFC,AFC,2017-08,-0.04586378669586152,-0.06363602977399911,-0.027642651872920174,-68.72735784491734,-94.6012354482906,-41.68168033182299
OFC vs AFC,OFC,AFC,2017-09,-0.04621910517595494,-0.06395319216525301,-0.027946708688115874,-69.24452701178,-95.19347326318379,-42.049109146965726
OFC vs AFC,OFC,AFC,2017-10,-0.04657621778360857,-0.0643927801101392,-0.028264878733498797,-69.76427819013473,-95.65611554279394,-42.558338444436544
OFC vs AFC,OFC,AFC,2017-11,-0.0469351220786617,-0.06486203447584118,-0.028594387298812054,-70.28661635707653,-96.12611967133098,-42.899137846201235
OFC vs AFC,OFC,AFC,2017-12,-0.04729581562095354,-0.06532566569632259,-0.02891631756178957,-70.8115466993805,-96.58886384925081,-43.34865833426141
OFC vs AFC,OFC,AFC,2018-01,-0.04765829597032049,-0.06565626334179875,-0.02917542892939299,-71.33907460921802,-97.04412245763028,-43.757739355965306
OFC vs AFC,OFC,AFC,2018-02,-0.048022560686601705,-0.06600801435144973,-0.029338699086166032,-71.8692056796563,-97.50194214602969,-44.1695176053313
OFC vs AFC,OFC,AFC,2018-03,-0.04838860732963655,-0.06648170778252868,-0.029518109799732132,-72.401945699918,-98.21380631704814,-44.59182425636597
OFC vs AFC,OFC,AFC,2018-04,-0.04875643345926128,-0.06685490526871556,-0.02982099055181631,-72.9373006504134,-98.51557309609692,-45.02248008713307
OFC vs AFC,OFC,AFC,2018-05,-0.04912603663531519,-0.06719092770980706,-0.030192338947370702,-73.47527669756012,-99.02366462073351,-45.50500937964403
OFC vs AFC,OFC,AFC,2018-06,-0.04949741441763756,-0.0675267981456519,-0.03061022123705515,-74.01588018836475,-99.55840923078259,-46.05538516628672
OFC vs AFC,OFC,AFC,2018-07,-0.0498705643660647,-0.06785865587530844,-0.03103604506263321,-74.5591176447805,-100.08811403370491,-46.60333084866003
OFC vs AFC,OFC,AFC,2018-08,-0.05024548404043581,-0.06818622501292011,-0.031366755379089464,-75.10499575785451,-100.61264897721924,-47.221946569018904
OFC vs AFC,OFC,AFC,2018-09,-0.0506221710005903,-0.0684273842842638,-0.03169221703645664,-75.65352138164032,-101.16043481833864,-47.6908965299849
OFC vs AFC,OFC,AFC,2018-10,-0.05100062280636429,-0.06868694902546531,-0.03208445971577048,-76.20470152688742,-101.96207205697907,-48.13280955110908
OFC vs AFC,OFC,AFC,2018-11,-0.05138083701759717,-0.06906063015821137,-0.03246353940514189,-76.75854335452429,-102.58759910754858,-48.74461312569216
OFC vs AFC,OFC,AFC,2018-12,-0.05176281119412823,-0.06936987256633986,-0.032894717794675815,-77.31505416890681,-102.95780543884675,-49.41227222300703
OFC vs AFC,OFC,AFC,2019-01,-0.052146542895793686,-0.06965591003482463,-0.03336690903521111,-77.87424141084726,-103.42628628625148,-50.07401367957983
OFC vs AFC,OFC,AFC,2019-02,-0.052532029682432896,-0.0700040073780523,-0.03387816414614285,-78.43611265043732,-104.06147538895488,-50.672887530417896
OFC vs AFC,OFC,AFC,2019-03,-0.052919269113885135,-0.07045228066323013,-0.034223147393328504,-79.00067557963862,-104.65590539821261,-51.37879425717086
OFC vs AFC,OFC,AFC,2019-04,-0.05330825874998659,-0.0708781430111944,-0.03465377016328524,-79.56793800465495,-104.87026572283274,-52.021359334990485
OFC vs AFC,OFC,AFC,2019-05,-0.05369899615057663,-0.07123192343222517,-0.03509460729813295,-80.1379078380999,-105.0746558538247,-52.69139696168635
OFC vs AFC,OFC,AFC,2019-06,-0.054091478875494585,-0.07157823779232371,-0.03548976618233568,-80.71059309093275,-105.5884313799035,-53.273547258193624
OFC vs AFC,OFC,AFC,2019-07,-0.05448570448457659,-0.07191982462095456,-0.035886513377155496,-81.28600186417665,-106.19432832692682,-53.87619206352395
OFC vs AFC,OFC,AFC,2019-08,-0.05488167053766204,-0.0722565458586514,-0.03621608824827681,-81.86414234043345,-106.61530895778455,-54.47785430887466
OFC vs AFC,OFC,AFC,2019-09,-0.05527937459459021,-0.07258826344595377,-0.036568435095968965,-82.4450227751664,-107.12755515853196,-54.76855445217542
OFC vs AFC,OFC,AFC,2019-10,-0.05567878816947513,-0.07291489540086737,-0.03703839437543333,-83.02860876165585,-107.76172221379231,-55.56965108029308
OFC vs AFC,OFC,AFC,2019-11,-0.05607977859354481,-0.07321780636530795,-0.037276660482906544,-83.61469497332884,-108.40096303555043,-55.906143131548795
OFC vs AFC,OFC,AFC,2019-12,-0.05648218715230527,-0.07353607595855963,-0.03758974668844024,-84.2030332202994,-109.04034989294672,-56.79317749996109
OFC vs AFC,OFC,AFC,2020-01,-0.05688585513125918,-0.07385949804105194,-0.0381242204646358,-84.79337516984357,-109.65639507922967,-57.34492755685787
OFC vs AFC,OFC,AFC,2020-02,-0.05729062381591248,-0.07430607068360215,-0.038527423912054735,-85.3854723583343,-110.13855019003904,-57.894162391789024
OFC vs AFC,OFC,AFC,2020-03,-0.05769633449177116,-0.07485858273474708,-0.03882527326079793,-85.97907620198332,-110.69725667035985,-58.44079018230078
OFC vs AFC,OFC,AFC,2020-04,-0.05810282844433777,-0.07542244892096339,-0.039127923700974294,-86.57393800641006,-111.26385827127874,-58.97915149646603
OFC vs AFC,OFC,AFC,2020-05,-0.05850994695911835,-0.07582845464890542,-0.039509687848177766,-87.1698089750609,-111.8395044217702,-59.509362957834966
OFC vs AFC,OFC,AFC,2020-06,-0.058917531321618845,-0.07625934980871327,-0.040096373065395874,-87.76644021645424,-112.61711590795093,-59.99129897926387
OFC vs AFC,OFC,AFC,2020-07,-0.059325422817341836,-0.0767486451027092,-0.04033516803531679,-88.36358275027483,-113.4094195220529,-60.63687161388511
OFC vs AFC,OFC,AFC,2020-08,-0.05973346273179336,-0.07716259986349505,-0.040635997379567315,-88.96098751233693,-114.16634814176871,-61.25756332949011
OFC vs AFC,OFC,AFC,2020-09,-0.06014149235047933,-0.0775233785605621,-0.041258583096231406,-89.55840535839427,-114.80596109026285,-61.69039648549806
OFC vs AFC,OFC,AFC,2020-10,-0.06054935295890241,-0.0779737068072817,-0.04176863332919885,-90.1555870668179,-115.56402261409552,-62.38357080871751
OFC vs AFC,OFC,AFC,2020-11,-0.06095688584256855,-0.07841445800815752,-0.0421066105690136,-90.7522833401622,-116.4652985034785,-62.68566435268657
OFC vs AFC,OFC,AFC,2020-12,-0.06136393228698369,-0.07898377952216058,-0.04235535737326157,-91.34824480559674,-116.9350118214949,-63.36176927202512
OFC vs AFC,OFC,AFC,2021-01,-0.06177033357765047,-0.07926042364512727,-0.04290371696600774,-91.94322201422439,-117.3270488642522,-64.05995432315613
OFC vs AFC,OFC,AFC,2021-02,-0.062175931000074874,-0.07956601142771533,-0.04346655267518619,-92.53696543930619,-117.72181530868853,-64.75306220572772
OFC vs AFC,OFC,AFC,2021-03,-0.06258056583976285,-0.08019055460633968,-0.043622987381588076,-93.12922547336998,-118.17623633411584,-65.455916528725
OFC vs AFC,OFC,AFC,2021-04,-0.06298407938221705,-0.08061932065711126,-0.04372985147560172,-93.71975242422359,-118.74687944442431,-66.13972146840212
OFC vs AFC,OFC,AFC,2021-05,-0.06338631291294336,-0.08126973647084737,-0.04437757919852583,-94.3082965098917,-119.57438616230021,-66.85001422231315
OFC vs AFC,OFC,AFC,2021-06,-0.06378710771744782,-0.08155109981451529,-0.04486341154970275,-94.89460785245555,-120.4383271804325,-67.41041635117534
OFC vs AFC,OFC,AFC,2021-07,-0.06418630508123302,-0.08212216314064649,-0.04476682627878188,-95.47843647081287,-121.39219125290346,-67.75279363804457
OFC vs AFC,OFC,AFC,2021-08,-0.06458374628980498,-0.08268743257787112,-0.04520127460869352,-96.05953227238038,-122.00926906892494,-68.43127264154965
OFC vs AFC,OFC,AFC,2021-09,-0.0649792726286696,-0.08305249405102857,-0.045671510617909174,-96.63764504371473,-122.78494846691139,-68.8000699889106
OFC vs AFC,OFC,AFC,2021-10,-0.06537272538332953,-0.08340127638846347,-0.04619344596166419,-97.21252444007212,-123.55262013172528,-68.89725510848267
OFC vs AFC,OFC,AFC,2021-11,-0.06576394583929078,-0.0837360103679905,-0.046640745982153224,-97.78391997392659,-124.32511835743092,-69.23687761968279
OFC vs AFC,OFC,AFC,2021-12,-0.0661527752820592,-0.0840802388694006,-0.04701932188016502,-98.35158100242379,-124.82660379031901,-69.86810448045277
OFC vs AFC,OFC,AFC,2022-01,-0.06653905499713753,-0.08456180408610288,-0.04753424356977907,-98.91525671379057,-125.65543357980687,-70.38802483518984
OFC vs AFC,OFC,AFC,2022-02,-0.06692262627003172,-0.08481687085915524,-0.04785990327881589,-99.47469611271953,-126.37436058231302,-71.1547540994085
OFC vs AFC,OFC,AFC,2022-03,-0.06730333038624763,-0.0853488112552581,-0.047893057310892974,-100.02964800470579,-127.25522391884343,-71.71987329620319
OFC vs AFC,OFC,AFC,2022-04,-0.067681008631288,-0.08575511633356556,-0.04802884674317297,-100.57986097935711,-127.91051412894906,-72.05276471953346
OFC vs AFC,OFC,AFC,2022-05,-0.06805550229065879,-0.08605862956590524,-0.04833888501628354,-101.12508339269446,-128.3269410154723,-72.59320560093681
OFC vs AFC,OFC,AFC,2022-06,-0.06842665264986579,-0.08649630204339127,-0.0488580917290396,-101.66506334842254,-128.83689105001554,-73.04239451698247
OFC vs AFC,OFC,AFC,2022-07,-0.0687943009944119,-0.0868901508047959,-0.04924615640947409,-102.19954867819003,-129.30347738575955,-73.42303373358963
OFC vs AFC,OFC,AFC,2022-08,-0.06915828860980294,-0.08729574178072293,-0.049462281079949794,-102.72828692085676,-129.86250537331648,-73.84955260759153
OFC vs AFC,OFC,AFC,2022-09,-0.0695184567815448,-0.08793859132100601,-0.049691562824669425,-103.25102530074867,-130.52192563217113,-74.30704836574029
OFC vs AFC,OFC,AFC,2022-10,-0.06987464679514033,-0.08857148231031435,-0.04996117594862222,-103.76751070491821,-130.99758859228504,-74.78390012342365
OFC vs AFC,OFC,AFC,2022-11,-0.07022669993609534,-0.0886147469777625,-0.05036829115134607,-104.2774896594297,-131.45512297601715,-75.42297137805208
OFC vs AFC,OFC,AFC,2022-12,-0.07057445748991562,-0.08900593411892244,-0.050848714171963794,-104.78070830464875,-132.03237710103394,-76.01823940440569
OFC vs AFC,OFC,AFC,2023-01,-0.07091776074210417,-0.08946000043432312,-0.05137408703431104,-105.27691236955556,-132.60425044571014,-76.50127130871586
OFC vs AFC,OFC,AFC,2023-02,-0.0712564509781668,-0.08984390695638433,-0.05181148521706116,-105.76584714509882,-133.12261079682773,-77.27865635960146
OFC vs AFC,OFC,AFC,2023-03,-0.07159036948360921,-0.09011797582508008,-0.05217323529753362,-106.24725745657256,-133.64820935937973,-78.18272350393697
OFC vs AFC,OFC,AFC,2023-04,-0.07191935754393451,-0.09048389215846017,-0.05253483530150348,-106.7208876350339,-134.04497946433926,-78.70961563036762
OFC vs AFC,OFC,AFC,2023-05,-0.07224325644464841,-0.09080928436908789,-0.05293141339308458,-107.1864814877789,-134.5866304568864,-79.49898185990784
OFC vs AFC,OFC,AFC,2023-06,-0.07256190747125665,-0.09104736977846795,-0.05340463600674155,-107.6437822678598,-135.09076634439214,-80.01114113582572
OFC vs AFC,OFC,AFC,2023-07,-0.07287515190926232,-0.09130110149091845,-0.053928132524233,-108.09253264266077,-135.44471019176484,-80.46039769584242
OFC vs AFC,OFC,AFC,2023-08,-0.07318283104417116,-0.09145977977449782,-0.05434881730470364,-108.53247466155004,-135.59896053644837,-80.82839999454707
OFC vs AFC,OFC,AFC,2023-09,-0.07348478616148885,-0.09170958123284349,-0.054591493157040066,-108.9633497225915,-136.0314025572266,-81.26856334897822
OFC vs AFC,OFC,AFC,2023-10,-0.07378085854671858,-0.09192621698932926,-0.05489783382507963,-109.38489853833394,-136.43211837498038,-81.78862859794339
OFC vs AFC,OFC,AFC,2023-11,-0.07407088948536604,-0.09211678627775174,-0.05546433635546082,-109.79686110069433,-136.92513946359287,-82.25939953060104
OFC vs AFC,OFC,AFC,2023-12,-0.07435472026293682,-0.09229136588624294,-0.05577267248333633,-110.19897664491992,-137.20316813553643,-83.12122997695133
OFC vs AFC,OFC,AFC,2024-01,-0.07463219216493426,-0.09260117110258129,-0.0561236065224763,-110.59098361264722,-137.2697469641224,-83.27542184461085
OFC vs AFC,OFC,AFC,2024-02,-0.07490314647686401,-0.09314442512435539,-0.0564471684950489,-110.9726196140727,-137.62531470966547,-83.84218577174805
OFC vs AFC,OFC,AFC,2024-03,-0.07516742448423161,-0.0932667572387503,-0.056695308469196126,-111.34362138922279,-137.59531635151635,-84.44867643645105
OFC vs AFC,OFC,AFC,2024-04,-0.07542486747254046,-0.09357580087005464,-0.0574537149048275,-111.7037247683391,-138.01671291272189,-85.14756677145536
OFC vs AFC,OFC,AFC,2024-05,-0.07567531672729613,-0.09376086877210295,-0.05776260277084924,-112.05266463139519,-138.29550549894824,-85.69616210120519
OFC vs AFC,OFC,AFC,2024-06,-0.07591861353400418,-0.09392999648447535,-0.058058928716075146,-112.3901748667311,-138.5687526086431,-86.29475023367988
OFC vs AFC,OFC,AFC,2024-07,-0.07615459917816807,-0.09425101556209121,-0.0585090457901734,-112.71598832882403,-138.86430606655844,-86.7844357287593
OFC vs AFC,OFC,AFC,2024-08,-0.07638311494529339,-0.09432626528064465,-0.058592748788548255,-113.02983679520754,-138.91748455187718,-87.279755387403
OFC vs AFC,OFC,AFC,2024-09,-0.07660400212088554,-0.09450247511213243,-0.05871067684606786,-113.33145092253017,-139.18650236721538,-87.67077592871182
OFC vs AFC,OFC,AFC,2024-10,-0.07681710199044817,-0.09481608437439774,-0.05910618358496964,-113.62056020176814,-139.54130440559308,-87.95818777162886
OFC vs AFC,OFC,AFC,2024-11,-0.07702225583948674,-0.09510018809201717,-0.0593210193618262,-113.89689291260602,-140.16896721198805,-88.08133621959983
OFC vs AFC,OFC,AFC,2024-12,-0.07721930495350664,-0.09523598615680288,-0.05966014358333768,-114.16017607697559,-140.4477420793133,-88.08663064098877
OFC vs AFC,OFC,AFC,2025-01,-0.07740809061801165,-0.09533644555610503,-0.059267452935864155,-114.41013541176861,-140.8811831703686,-88.13056661609512
OFC vs AFC,OFC,AFC,2025-02,-0.07758845411850719,-0.09549313070569329,-0.05929189416785934,-114.6464952807342,-141.1168103384175,-88.3667171767484
OFC vs AFC,OFC,AFC,2025-03,-0.07776023674049855,-0.09548959478283595,-0.05932216111838105,-114.86897864555452,-141.24121994679237,-88.57205423931211
OFC vs AFC,OFC,AFC,2025-04,-0.07792327976948962,-0.0959306475081918,-0.05934312946257055,-115.0773070161116,-141.9304069290202,-88.61758620409054
OFC vs AFC,OFC,AFC,2025-05,-0.07807742449098579,-0.09631668691675203,-0.059744375032869015,-115.27120039995594,-142.4443320352995,-88.72853693459722
OFC vs AFC,OFC,AFC,2025-06,-0.07822251219049227,-0.09680784273918439,-0.05960251059719499,-115.45037725097058,-142.877933530244,-88.07289614678302
OFC vs AFC,OFC,AFC,2025-07,-0.07835838415351304,-0.09749883742485851,-0.059200398060514206,-115.61455441724334,-143.3835225782578,-88.20897083034713
OFC vs AFC,OFC,AFC,2025-08,-0.07848488166555348,-0.09769230708284962,-0.05873746739041441,-115.76344708815552,-144.12648245438012,-87.54376520569268
OFC vs AFC,OFC,AFC,2025-09,-0.0786018460121187,-0.09817081186515778,-0.058095059040728675,-115.89676874068208,-144.94254894392594,-86.76741277464238
OFC vs AFC,OFC,AFC,2025-10,-0.07870911847871291,-0.09867428468325681,-0.05743426616895664,-116.014231084914,-145.27594076640295,-85.77676736085867
OFC vs AFC,OFC,AFC,2025-11,-0.0788065403508413,-0.09937505547002172,-0.057252606120454096,-116.11554400880955,-145.4249503299283,-85.1049551638991
OFC vs AFC,OFC,AFC,2025-12,-0.07889395291400896,-0.10001356537644317,-0.05706711616319798,-116.20041552217054,-146.46443862865672,-84.06684914474835
OFC vs AFC,OFC,AFC,2026-01,-0.07897119745372021,-0.10090986033520517,-0.05648434847162235,-116.26855169985166,-147.4067845791216,-83.25119935588852
OFC vs AFC,OFC,AFC,2026-02,-0.07903811525548018,-0.10173988932962268,-0.055728957786745525,-116.3196566242075,-148.36271046021676,-83.0011423200547
OFC vs AFC,OFC,AFC,2026-03,-0.0790945476047939,-0.10278324810811537,-0.055579192727626084,-116.35343232677424,-150.1980832802467,-82.4481188922637
OFC vs AFC,OFC,AFC,2026-04,-0.07914033578716592,-0.10380069879765212,-0.05520554507890725,-116.36957872919189,-151.19533090819402,-81.6402652483133
OFC vs AFC,OFC,AFC,2026-05,-0.0791753210881012,-0.10447447461517419,-0.05463183193140974,-116.36779358336732,-152.28808345605236,-80.50179306333341
OFC vs AFC,OFC,AFC,2026-06,-0.0791993447931047,-0.10569232075442518,-0.053652765641763946,-116.34777241087812,-153.3084900568845,-78.8728567914209
OFC vs AFC,OFC,AFC,2026-07,-0.07921224818768109,-0.10681186043035815,-0.05235785044732903,-116.30920844161756,-155.05440070141356,-76.7826539904963
OFC vs AFC,OFC,AFC,2026-08,-0.07921387255733534,-0.10811456785017182,-0.05143860289205949,-116.25179255167954,-156.57467405677016,-75.04261026802291
