confederation,month,log_mean,log_p5,log_p95,elo_mean,elo_p5,elo_p95
UEFA,1992-01,7.250276276274244,7.222384715276201,7.281442981118291,1408.725932618697,1369.7516370424032,1453.0832847926608
UEFA,1992-02,7.250204098386679,7.222222114497687,7.280949059797479,1408.6229324061383,1369.5289322473022,1452.3657550360167
UEFA,1992-03,7.250139659711709,7.22204578554025,7.280862930336948,1408.5309657463865,1369.2874657672585,1452.2406673574267
UEFA,1992-04,7.250082870449916,7.2219809824632835,7.2807208501296055,1408.4498948773958,1369.1987350429597,1452.0343472629327
UEFA,1992-05,7.250033640801874,7.222166285104304,7.280513807361487,1408.3795827958877,1369.4524754948688,1451.733747110678
UEFA,1992-06,7.249991880968163,7.222156326128819,7.280441240809731,1408.3198932313244,1369.4388362576608,1451.6284023740611
UEFA,1992-07,7.249957501149362,7.222175787340352,7.280403781906182,1408.2706906203198,1369.4654883058497,1451.5740261618698
UEFA,1992-08,7.249930411546051,7.221930872766756,7.280184523890913,1408.2318400814856,1369.1301261990518,1451.2557923577158
UEFA,1992-09,7.249910522358807,7.222058821678188,7.280183949495255,1408.203207390704,1369.305318171459,1451.2549582221263
UEFA,1992-10,7.249897743788207,7.222134237581141,7.280258682728196,1408.184658956821,1369.4085875293435,1451.3634192232364
UEFA,1992-11,7.2498919860348305,7.222256586637707,7.28028573445316,1408.1760617977675,1369.576144114949,1451.402681629058
UEFA,1992-12,7.2498931592992575,7.2223872685700155,7.2800600561603614,1408.1772835170848,1369.7551340418474,1451.0751695868755
UEFA,1993-01,7.2499011737820656,7.222629586874838,7.2798385303199025,1408.1881922808707,1370.0870910234319,1450.7537539185491
UEFA,1993-02,7.249915939683832,7.22272818625369,7.279706882124318,1408.208656795127,1370.2221875500925,1450.562777022455
UEFA,1993-03,7.249937367205135,7.222674779943269,7.2796643557219864,1408.2385462835123,1370.1490108755622,1450.5011006574305
UEFA,1993-04,7.249965366546556,7.222702191729953,7.279602341419982,1408.2777304654958,1370.186569672413,1450.4111481134414
UEFA,1993-05,7.249999847908672,7.2227859432573185,7.279549252951783,1408.3260795349045,1370.3013296750216,1450.3341471184413
UEFA,1993-06,7.250040721492059,7.222836504731998,7.279693749368417,1408.3834641388678,1370.3706158880873,1450.54372776361
UEFA,1993-07,7.250087897497299,7.222850868778641,7.279800128716166,1408.4497553571473,1370.390300026415,1450.6980433567355
UEFA,1993-08,7.250141286124968,7.2229523548862655,7.279724719999254,1408.5248246818574,1370.5293826914356,1450.5886539602513
UEFA,1993-09,7.250200797575648,7.223130457583364,7.279884852196682,1408.6085439975684,1370.7734996527895,1450.820956666035
UEFA,1993-10,7.250266342049913,7.2232371380093845,7.279837827155275,1408.7007855617894,1370.9197422916156,1450.7527340013496
UEFA,1993-11,7.250337829748343,7.22331057036618,7.279942438027113,1408.8014219858326,1371.0204155374488,1450.9045059970608
UEFA,1993-12,7.250415170871518,7.223395587827828,7.2799907335129355,1408.9103262160513,1371.1369814944815,1450.9745810817572
UEFA,1994-01,7.250498275620015,7.223466076076951,7.27993554242506,1409.027371515452,1371.2336335276716,1450.894508955596
UEFA,1994-02,7.250587054194413,7.223630070889037,7.280098064291049,1409.152431445678,1371.4585274663507,1451.1303231176512
UEFA,1994-03,7.250681416795291,7.223676969842931,7.280137092899507,1409.2853798493638,1371.5228486609888,1451.1869595293053
UEFA,1994-04,7.250781273623225,7.223795621572775,7.280264229908871,1409.4260908328513,1371.6855918925032,1451.3714713368618
UEFA,1994-05,7.250886534878797,7.223942192726959,7.280423649347123,1409.5744387492784,1371.8866562552332,1451.602866724611
UEFA,1994-06,7.250997110762582,7.224096402046999,7.280625472471357,1409.7302981820246,1372.0982304494785,1451.8958628594773
UEFA,1994-07,7.251112911475162,7.224264600028896,7.28083120077099,1409.89354392852,1372.3290337200053,1452.1945892450274
UEFA,1994-08,7.2512338472171125,7.224393856892443,7.280959808665973,1410.0640509844163,1372.5064281322102,1452.381364792111
UEFA,1994-09,7.251359828189013,7.224498006292758,7.280965600521151,1410.2416945281132,1372.64938129673,1452.3897781955134
UEFA,1994-10,7.251490764591444,7.224618010783138,7.281106428580284,1410.4263499056408,1372.8141152797875,1452.5943288159772
UEFA,1994-11,7.251626566624979,7.224739660729705,7.281250589135406,1410.6178926159023,1372.9811282151188,1452.8037501878484
UEFA,1994-12,7.251767144490203,7.224832254920836,7.281368981825414,1410.8161982962652,1373.1082641680573,1452.975761660208
UEFA,1995-01,7.251912408387689,7.224954584594834,7.28152339294679,1411.0211427085083,1373.2762464548298,1453.2001345951664
UEFA,1995-02,7.252062268518017,7.225052041803402,7.2816367566465505,1411.2326017251207,1373.410088702148,1453.3648842002442
UEFA,1995-03,7.252216635081768,7.225124896535141,7.281812997957215,1411.450451315952,1373.5101515772317,1453.6210496456058
UEFA,1995-04,7.252375418279517,7.225279746250463,7.282023392705104,1411.6745675352072,1373.7228559193884,1453.9269160426438
UEFA,1995-05,7.252538528311843,7.22545289976499,7.282238653745149,1411.9048265088015,1373.96074128009,1454.2399234702061
UEFA,1995-06,7.252705875379326,7.225648852700012,7.282349977950781,1412.1411044220529,1374.2299992664312,1454.4018250152021
UEFA,1995-07,7.252877369682545,7.2258192679510165,7.2825133828711515,1412.383277507725,1374.4642089627228,1454.6395006718103
UEFA,1995-08,7.253052921422076,7.225979617264481,7.282678905140699,1412.6312220344234,1374.6846210497336,1454.8802957143369
UEFA,1995-09,7.253232440798499,7.226189150283264,7.282888599905612,1412.8848142953311,1374.9726930861327,1455.1854083506648
UEFA,1995-10,7.253415838012392,7.226384553007699,7.283045244156135,1413.1439305972901,1375.2413928450978,1455.4133726722514
UEFA,1995-11,7.253603023264335,7.226584685122822,7.283204512068928,1413.4084472502357,1375.516650500194,1455.645191741232
UEFA,1995-12,7.253793906754905,7.226789408592253,7.283375109826457,1413.6782405569688,1375.798280059157,1455.8935430110814
UEFA,1996-01,7.25398839868468,7.227000830065465,7.283549548228057,1413.9531868032757,1376.0891839746362,1456.1475293742735
UEFA,1996-02,7.254186409254238,7.227218273981997,7.283727227553661,1414.2331622483953,1376.3884384621142,1456.4062798629684
UEFA,1996-03,7.254387848664161,7.2274398922356555,7.2839099991103655,1414.5180431158283,1376.693504974399,1456.6724940443169
UEFA,1996-04,7.254592627115024,7.227633483846131,7.284097750361997,1414.8077055844892,1376.9600472116858,1456.9460120340232
UEFA,1996-05,7.254800654807405,7.227798470369817,7.284288755916891,1415.1020257802095,1377.1872460786105,1457.2243231932387
UEFA,1996-06,7.255011841941886,7.227972900010755,7.284483280330732,1415.4008797675804,1377.4274890659242,1457.5078160160156
UEFA,1996-07,7.255226098719042,7.228153071540871,7.284682380899344,1415.7041435421381,1377.6756844885251,1457.7980351841481
UEFA,1996-08,7.2554433353394545,7.228378497057484,7.284885951591909,1416.0116930229035,1377.9862828120365,1458.09483010458
UEFA,1996-09,7.2556634620036995,7.228621332442016,7.285109485157721,1416.3234040452578,1378.3209472066073,1458.420799557195
UEFA,1996-10,7.255886388912357,7.2288601123118585,7.285313746705023,1416.6391523541643,1378.650101799066,1458.7187297887153
UEFA,1996-11,7.2561120262660035,7.229080451987311,7.285537007262748,1416.9588135977438,1378.953906639563,1459.0444415726035
UEFA,1996-12,7.256340284265219,7.229331835524047,7.285766176397256,1417.282263321188,1379.300596484855,1459.378848086828
UEFA,1997-01,7.256571073110583,7.229582715498125,7.286046241079508,1417.6093769610184,1379.6466788033454,1459.7876248723433
UEFA,1997-02,7.256804303002671,7.229833087630481,7.286328529578588,1417.9400298397015,1379.9921471046086,1460.1997637027123
UEFA,1997-03,7.257039884142066,7.230078086022183,7.286612883531296,1418.2740971606015,1380.330284381081,1460.6150360314223
UEFA,1997-04,7.25727772672934,7.230316780165572,7.2868702809712795,1418.6114540032818,1380.659800524854,1460.991042994413
UEFA,1997-05,7.257517740965079,7.230524347163266,7.287121124452206,1418.9519753191632,1380.9464096143502,1461.3575691981387
UEFA,1997-06,7.257759837049854,7.230776640654252,7.287417349374342,1419.2955359275206,1381.2948575592536,1461.79052366093
UEFA,1997-07,7.258003925184249,7.2309807419348076,7.287619069656765,1419.6420105118314,1381.5768105177285,1462.0854262078453
UEFA,1997-08,7.258249915568841,7.2311600657967094,7.28780972779501,1419.9912736164802,1381.8245821838518,1462.3642112683501
UEFA,1997-09,7.258497718404207,7.231352166936315,7.288032773991393,1420.3431996438073,1382.0900576635659,1462.6904224307305
UEFA,1997-10,7.2587472438909275,7.231594681182135,7.288248009314855,1420.6976628515067,1382.4252750265136,1463.0052790464365
UEFA,1997-11,7.258998402229579,7.231801875543916,7.288467704127501,1421.0545373503849,1382.7117355803225,1463.3267291818372
UEFA,1997-12,7.259251103620741,7.2319705047596505,7.288711549483464,1421.4136971024654,1382.9449205725332,1463.683598179911
UEFA,1998-01,7.2595052582649915,7.232164208266241,7.288972518287569,1421.775015919444,1383.2128277337645,1464.0656237524138
UEFA,1998-02,7.25976077636291,7.232407311817063,7.289240594563462,1422.138367461507,1383.5491326111578,1464.45815756947
UEFA,1998-03,7.260017568115075,7.232668695009764,7.289511133413638,1422.5036252364964,1383.910816304629,1464.8544039466733
UEFA,1998-04,7.260275543722064,7.232899660268948,7.289793804474786,1422.8706625994305,1384.230488533439,1465.2685343425176
UEFA,1998-05,7.260534613384454,7.233091526529633,7.290110133711228,1423.2393527523875,1384.4961011417508,1465.7321148331418
UEFA,1998-06,7.260794687302829,7.233361295835066,7.290387265642316,1423.609568744741,1384.8696462658952,1466.1383723598246
UEFA,1998-07,7.261055675677761,7.233633321965077,7.290663236332088,1423.9811834737468,1385.246418325301,1466.5430396127554
UEFA,1998-08,7.26131748870983,7.233880312321615,7.290941745683686,1424.3540696855039,1385.5886029987341,1466.9515427487777
UEFA,1998-09,7.261580036599618,7.2341277242765,7.29121908692889,1424.7280999762613,1385.9314564833037,1467.3584450626606
UEFA,1998-10,7.2618432295477,7.234374901563038,7.29149674744093,1425.1031467940868,1386.2740695389089,1467.765928841301
UEFA,1998-11,7.262106977754656,7.23463098555931,7.291713331718414,1425.479082440902,1386.629117593223,1468.08385834029
UEFA,1998-12,7.262371191421065,7.234904520521371,7.291944588661109,1425.8557790748757,1387.0084610664715,1468.423402466861
UEFA,1999-01,7.262635787959451,7.235178969252152,7.292231252958386,1426.2331190455407,1387.3891760730091,1468.84440738884
UEFA,1999-02,7.262900713630136,7.2354540345686225,7.292519396145392,1426.611025925406,1387.7708512374704,1469.267705897253
UEFA,1999-03,7.263165921905384,7.235731230356514,7.292808926422394,1426.989433568869,1388.1555886886372,1469.6931649878097
UEFA,1999-04,7.263431366257464,7.236024923166925,7.293099751989659,1427.3682757863291,1388.563339853811,1470.1206515099277
UEFA,1999-05,7.263697000158643,7.236343497621745,7.293391781047451,1427.747486342635,1389.0057712517746,1470.5500321648262
UEFA,1999-06,7.263962777081189,7.236602015084407,7.293684921796041,1428.1269989555794,1389.3648998544722,1470.981173503735
UEFA,1999-07,7.264228650497367,7.236848244597825,7.293979082435694,1428.5067472944509,1389.7070445597742,1471.4139419262183
UEFA,1999-08,7.264494573879447,7.2371056839544785,7.294274171166676,1428.8866649786546,1390.0648559192375,1471.8482036786277
UEFA,1999-09,7.264760500699693,7.237355984433265,7.294569050492527,1429.2666855763794,1390.412833402243,1472.2822851393948
UEFA,1999-10,7.265026384430373,7.237606906284822,7.294862741599724,1429.6467426033234,1390.7617621372478,1472.7147445932542
UEFA,1999-11,7.265292178543754,7.237869529730904,7.295131590979709,1430.0267695214884,1391.127056696249,1473.1107362259588
UEFA,1999-12,7.265557836512104,7.238144383041167,7.295357441754362,1430.4066997380187,1391.5094651447746,1473.4434770061648
UEFA,2000-01,7.26582331180769,7.238400896504418,7.2956332630862555,1430.7864666041037,1391.8664518174776,1473.8499401968843
UEFA,2000-02,7.266088557902778,7.23866889543772,7.295880350586183,1431.1660034139425,1392.2395205568646,1474.2141551252214
UEFA,2000-03,7.266353528269636,7.2389323625817195,7.296151565389273,1431.5452434037609,1392.6063783195157,1474.614038014301
UEFA,2000-04,7.266618176380531,7.239186170279505,7.296411107284648,1431.9241197508861,1392.9598774546319,1474.996811890086
UEFA,2000-05,7.266882455707728,7.2394285794942945,7.29669713867442,1432.3025655728882,1393.297584705817,1475.4187675674896
UEFA,2000-06,7.267146319723499,7.23967196229376,7.296980804465295,1432.6805139267706,1393.636730648989,1475.8373527381186
UEFA,2000-07,7.267409721900106,7.239916432111248,7.297248091550853,1433.0578978082208,1393.9774744013605,1476.2318777257697
UEFA,2000-08,7.267672615709818,7.240163792748214,7.29745382221114,1433.4346501509283,1394.322332069772,1476.5356152232384
UEFA,2000-09,7.267934954624903,7.240433183343173,7.297651953654555,1433.8107038259514,1394.697999989995,1476.8281926649004
UEFA,2000-10,7.268196692117627,7.240725116289723,7.297848476910278,1434.1859916411436,1395.1052178741215,1477.1184528005924
UEFA,2000-11,7.268457781660258,7.2409888164856655,7.298096424495374,1434.5604463406482,1395.473155996545,1477.4847461309228
UEFA,2000-12,7.268718176725062,7.241231519214545,7.298352416205487,1434.934000604443,1395.8118821614548,1477.8630182310042
UEFA,2001-01,7.268977830784306,7.241474873384768,7.298606855388354,1435.3065870479436,1396.1516000198092,1478.2390921669278
UEFA,2001-02,7.26923669731026,7.241718125575864,7.298859711024626,1435.678138221676,1396.4912582076502,1478.612920353571
UEFA,2001-03,7.269494729775186,7.241981382404018,7.2991109520949555,1436.0485866109989,1396.8589424749875,1478.9844551699073
UEFA,2001-04,7.269751881651355,7.24225170942621,7.299360547579993,1436.4178646358866,1397.2366023139248,1479.3536489596172
UEFA,2001-05,7.270008106411033,7.242487684668002,7.299608466460391,1436.7859046507785,1397.5663544471647,1479.7204540317307
UEFA,2001-06,7.270263357526487,7.242723899344374,7.299854677716802,1437.1526389444832,1397.8965191113023,1480.084822661278
UEFA,2001-07,7.270517588469982,7.242960520442755,7.300091145969013,1437.5179997401376,1398.2273300362365,1480.434857107703
UEFA,2001-08,7.27077075271379,7.243241755831414,7.300307991997746,1437.8819191952396,1398.620616369848,1480.7559183834346
UEFA,2001-09,7.271022803730174,7.243553685095848,7.300521799267741,1438.2443294017287,1399.056955569132,1481.0725487231568
UEFA,2001-10,7.271273694991401,7.243856705612856,7.300732606850205,1438.6051623861297,1399.4809635136166,1481.3848031425966
UEFA,2001-11,7.271523379969742,7.244062691787365,7.300940453816351,1438.9643501097623,1399.7692665546583,1481.6927367451
UEFA,2001-12,7.2717718121374615,7.244266012808197,7.30115703991694,1439.3218244690056,1400.053897600227,1482.0136857680902
UEFA,2002-01,7.272018944966825,7.244468647768587,7.301471738852197,1439.6775172956227,1400.3376257595082,1482.4801466337842
UEFA,2002-02,7.272264731930101,7.244730254854481,7.301771704803863,1440.0313603571512,1400.7040120617457,1482.924906742269
UEFA,2002-03,7.272509126499557,7.245016529762884,7.302007196035136,1440.3832853573515,1401.1050563320414,1483.2741640119048
UEFA,2002-04,7.27275208214746,7.245303249823017,7.302240715118486,1440.7332239367113,1401.5068392855012,1483.6205781165231
UEFA,2002-05,7.272993552346077,7.24559033372154,7.302472223081297,1441.0811076730229,1401.9092472818927,1483.964089191855
UEFA,2002-06,7.2732334905676765,7.24587706111054,7.302701680950961,1441.4268680820112,1402.3112707170499,1484.3046373349605
UEFA,2002-07,7.273471850284522,7.246162681755651,7.302929049754861,1441.7704366180242,1402.711856990099,1484.6421626053898
UEFA,2002-08,7.273708584968883,7.246422458800239,7.303146752449782,1442.1117446747917,1403.0762963595728,1484.9654064903466
UEFA,2002-09,7.273943648093027,7.246654412325138,7.303361470653451,1442.4507235862397,1403.4017820866443,1485.2842879010534
UEFA,2002-10,7.274176993129219,7.246884116189532,7.30357398445848,1442.787304627365,1403.7241855979198,1485.599963419004
UEFA,2002-11,7.274408573549728,7.247111511264374,7.303784264221549,1443.1214190151773,1404.0434217296836,1485.912386931226
UEFA,2002-12,7.2746383428268215,7.247332865243105,7.304024095644893,1443.4529979097001,1404.3542467431791,1486.268797706601
UEFA,2003-01,7.274866254432764,7.247551213687581,7.30420714515646,1443.7819724150295,1404.660918851849,1486.5408839514907
UEFA,2003-02,7.275092261839825,7.247767029971683,7.304415189125567,1444.108273580464,1404.9641003762617,1486.850182069736
UEFA,2003-03,7.275316318520272,7.247980260122262,7.304618011605414,1444.4318324016892,1405.2637131794488,1487.1517789013237
UEFA,2003-04,7.275538377946369,7.248193553713148,7.304818484386761,1444.7525798220238,1405.563478725243,1487.449942017685
UEFA,2003-05,7.275758393590386,7.248404450135282,7.305012049802333,1445.070446733736,1405.8599381642066,1487.7378886901017
UEFA,2003-06,7.275976318924589,7.248612558756443,7.305215623139006,1445.385363979414,1406.152540133292,1488.0407832944618
UEFA,2003-07,7.2761921074212434,7.248844199500932,7.305412770604958,1445.6972623534007,1406.4783001107307,1488.3341757625894
UEFA,2003-08,7.27640571255262,7.249060358340217,7.305638769019004,1446.0060726032943,1406.7823556871158,1488.670574938356
UEFA,2003-09,7.276617087790982,7.249280463459101,7.305871790463682,1446.311725431511,1407.0920298177705,1489.0175074942426
UEFA,2003-10,7.2768261866086,7.249525180863477,7.306102646531297,1446.6141514969017,1407.4364121226472,1489.3612958756291
UEFA,2003-11,7.2770329624777395,7.249756718115616,7.306331249526924,1446.9132814164457,1407.7623238544688,1489.7018072297867
UEFA,2003-12,7.277237368870667,7.249977323183611,7.306557511755637,1447.2090457669967,1408.0729175919614,1490.0389086055686
UEFA,2004-01,7.27743935925965,7.250194418978394,7.30677611765193,1447.5013750870908,1408.3786374506822,1490.3646755023483
UEFA,2004-02,7.277638887116955,7.250407940709315,7.306985836105893,1447.7901998788282,1408.6793889589912,1490.6772652658906
UEFA,2004-03,7.277835905914851,7.250617823585727,7.307191578050978,1448.0754506098062,1408.9750776198437,1490.9839916518013
UEFA,2004-04,7.278030369125603,7.250824393570919,7.3073339788611955,1448.357057715118,1409.2661595541301,1491.1963242325696
UEFA,2004-05,7.27822223022148,7.251029246136891,7.307488399258498,1448.6349515994207,1409.554880772892,1491.4266134353359
UEFA,2004-06,7.278411442674748,7.251280955222789,7.307692967974739,1448.9090626390584,1409.9097233060634,1491.7317438083026
UEFA,2004-07,7.278597959957672,7.251529132190442,7.307894231474718,1449.1793211842507,1410.2596741741038,1492.032005116521
UEFA,2004-08,7.278781735542523,7.2516640570074316,7.3080921257463,1449.445657561348,1410.4499656153832,1492.3272988678118
UEFA,2004-09,7.278962722901566,7.251877561954731,7.308286586777348,1449.708002075146,1410.7511360194603,1492.617526543335
UEFA,2004-10,7.279140875507068,7.252003805654869,7.308476551347397,1449.9662850112593,1410.9292454887543,1492.9010977971461
UEFA,2004-11,7.279316146831295,7.252200789150613,7.308662743464987,1450.2204366385708,1411.2072027147187,1493.1790900175697
UEFA,2004-12,7.279488490346519,7.252398610787082,7.308832430622836,1450.470387211731,1411.4863976104336,1493.4324848291376
UEFA,2005-01,7.279657859525001,7.252594442148263,7.308983483675598,1450.716066973724,1411.7628379432892,1493.6580894197814
UEFA,2005-02,7.279824207839012,7.252782970449533,7.309131570578846,1450.957406158504,1412.0290204577811,1493.8792970047527
UEFA,2005-03,7.279987488760818,7.2529679594842,7.309307285244717,1451.1943349936832,1412.290255114374,1494.141816543149
UEFA,2005-04,7.2801476557626845,7.253152520558623,7.309456079950682,1451.4267837032896,1412.5509333434472,1494.3641536372584
UEFA,2005-05,7.2803046623168814,7.253301007528424,7.309630800023538,1451.6546825105884,1412.7606942980628,1494.6252718696644
UEFA,2005-06,7.280458461895674,7.2534307253643515,7.309808273400385,1451.877961640961,1412.9439662460143,1494.8905514589735
UEFA,2005-07,7.280609007971329,7.253557804225375,7.309970339278605,1452.0965513248518,1413.1235328084713,1495.1328418195183
UEFA,2005-08,7.280756254016113,7.253682237170569,7.310105125212101,1452.310381800776,1413.2993827510875,1495.334378349622
UEFA,2005-09,7.280900153502296,7.2538040943121,7.310237392919581,1452.51938331839,1413.471613763811,1495.5321760224726
UEFA,2005-10,7.281040659902144,7.253925167014953,7.310366464459412,1452.7234861416225,1413.642756625759,1495.7252192138415
UEFA,2005-11,7.281177726687923,7.254043674620649,7.3104928123977,1452.9226205518726,1413.810293791543,1495.914213006113
UEFA,2005-12,7.281311329464841,7.254169503777471,7.310616710276204,1453.1167490145779,1413.9882035050816,1496.0995651318522
UEFA,2006-01,7.281441532369875,7.254323657771173,7.310738213071847,1453.3059627063392,1414.2061923372041,1496.2813564902706
UEFA,2006-02,7.281568421672939,7.254436380803471,7.310872754206649,1453.4903850838625,1414.3656148808388,1496.4826813008112
UEFA,2006-03,7.281692083643952,7.25454374602958,7.311007413991016,1453.6701397246004,1414.5174766644122,1496.684210742524
UEFA,2006-04,7.281812604552827,7.254670700485197,7.311138624315897,1453.8453503219355,1414.6970673807534,1496.8806039445353
UEFA,2006-05,7.281930070669483,7.254799982751566,7.3112664817166655,1454.0161406804948,1414.879974536375,1497.0720033926234
UEFA,2006-06,7.282044568263835,7.254922007060949,7.311381437587522,1454.1826347115823,1415.0526347528412,1497.2441104973745
UEFA,2006-07,7.282156183605799,7.255039258095542,7.311481067320198,1454.344956428736,1415.2185608930151,1497.3932879983474
UEFA,2006-08,7.282265002965291,7.255171782259641,7.311584432239991,1454.503229943416,1415.4061239215662,1497.5480739397915
UEFA,2006-09,7.282371112612229,7.255291131177693,7.311709862537101,1454.6575794608113,1415.575061179026,1497.7359235737524
UEFA,2006-10,7.282474598816527,7.255400152124628,7.31181087112824,1454.8081292757727,1415.7293969514653,1497.8872154299881
UEFA,2006-11,7.282575547848103,7.255508099072082,7.311902898672023,1454.955003768876,1415.8822289476395,1498.0250687469877
UEFA,2006-12,7.282674045976872,7.2556129396877065,7.311991762492371,1455.0983274026066,1416.030678818587,1498.1581950382379
UEFA,2007-01,7.282770179472752,7.255714782194827,7.312075951913403,1455.2382247176702,1416.1748984363041,1498.2843293803824
UEFA,2007-02,7.282864034605658,7.255813734816775,7.312157267411956,1455.3748203294333,1416.3150397750596,1498.4061680292125
UEFA,2007-03,7.282955697645506,7.2559099057768774,7.312235807728626,1455.508238924488,1416.4512549068468,1498.5238579026072
UEFA,2007-04,7.2830452548622135,7.256003403298461,7.312326726092606,1455.6386052573403,1416.5836959970188,1498.660107342911
UEFA,2007-05,7.283132792525696,7.256084785830704,7.312423466767545,1455.7660441472335,1416.698985954572,1498.80509570391
UEFA,2007-06,7.283218396905869,7.256141506952079,7.312507598377358,1455.8906804750902,1416.7793447960223,1498.9311979272932
UEFA,2007-07,7.283302154272649,7.256196080924599,7.312599105250738,1456.0126391805852,1416.8566659965556,1499.0683667280134
UEFA,2007-08,7.283384150895954,7.256248625824086,7.312688256223909,1456.1320452593468,1416.931116368651,1499.2020160487932
UEFA,2007-09,7.283464473045698,7.256299259726366,7.312775525920631,1456.2490237602835,1417.0028627780666,1499.3328566496145
UEFA,2007-10,7.283543206991799,7.256348100707262,7.312843288510412,1456.3636997830388,1417.0720721405032,1499.434458787302
UEFA,2007-11,7.283620439004171,7.256395266842596,7.312909242926001,1456.4761984755748,1417.1389114184688,1499.5333564264213
UEFA,2007-12,7.283696255352734,7.25644141258681,7.312973497693746,1456.5866450318824,1417.2043077509193,1499.6297117849717
UEFA,2008-01,7.283770742307401,7.256510508910761,7.313039029285113,1456.6951646898187,1417.3022347350347,1499.7279882478897
UEFA,2008-02,7.28384398613809,7.256591387314473,7.313121259487903,1456.8018827290757,1417.4168686055095,1499.8513162760844
UEFA,2008-03,7.283916073114715,7.256604763168713,7.313216086404072,1456.906924469274,1417.4358277789252,1499.9935491168874
UEFA,2008-04,7.283987089507195,7.256665210021788,7.3132816115827195,1457.0104152681856,1417.5215099531433,1500.0918397069934
UEFA,2008-05,7.2840571215854455,7.256730711679299,7.3133632753630815,1457.112480520085,1417.6143629816982,1500.2143481122207
UEFA,2008-06,7.284126255619381,7.256795891034763,7.313442598285962,1457.2132456542301,1417.7067651680516,1500.3333542517742
UEFA,2008-07,7.28419457787892,7.2568508105012794,7.3135213512955275,1457.312836133468,1417.7846269918991,1500.4515147076395
UEFA,2008-08,7.284262174633979,7.256905196621122,7.313596601487215,1457.4113774529737,1417.8617369036433,1500.5644278829907
UEFA,2008-09,7.284329132154471,7.256924961108309,7.31363957729632,1457.5089951391153,1417.8897605115858,1500.6289171573278
UEFA,2008-10,7.284395536710315,7.256959978400581,7.313629212664355,1457.6058147484448,1417.9394122191093,1500.613364292708
UEFA,2008-11,7.284461474571428,7.256998817237637,7.313675563182391,1457.7019618668244,1417.9944842617067,1500.682920434876
UEFA,2008-12,7.284527032007723,7.257047635858036,7.313778570061792,1457.797562108676,1418.0637104249126,1500.837508776051
UEFA,2009-01,7.28459229528912,7.2571357985409675,7.313881404293302,1457.89274111636,1418.1887363738056,1500.9918539536363
UEFA,2009-02,7.284657350685533,7.257223970395779,7.313984114594333,1457.9876245596863,1418.3137865523686,1501.146029021586
UEFA,2009-03,7.284722284466879,7.25731222485218,7.314086749682297,1458.0823381355501,1418.4389651206507,1501.3001070638618
UEFA,2009-04,7.284787182903072,7.257400635339883,7.314189358274604,1458.1770075676995,1418.5643762749728,1501.4541611943605
UEFA,2009-05,7.284852132264032,7.2574892752886,7.314283071948052,1458.2717586066308,1418.6901242480671,1501.5948745645585
UEFA,2009-06,7.284917218819673,7.257532358584333,7.314360695929854,1458.366717029613,1418.7512475207564,1501.7114389091944
UEFA,2009-07,7.284982528839912,7.257540712888179,7.314452685493275,1458.4620086408406,1418.7630996763035,1501.8495870834136
UEFA,2009-08,7.285048148594663,7.257551005968344,7.314571827459379,1458.5577592717177,1418.7777022904386,1502.0285310081333
UEFA,2009-09,7.285114164353847,7.257563113344457,7.314691078170128,1458.6540947812684,1418.7948792131856,1502.2076596282695
UEFA,2009-10,7.2851806623873765,7.25757607797292,7.314776712572921,1458.751141056678,1418.8132730750974,1502.3363058228822
UEFA,2009-11,7.285247728965169,7.257635511515086,7.314826812286341,1458.8490240139633,1418.8976007199944,1502.4115745995382
UEFA,2009-12,7.285315450357141,7.257728854867163,7.3148758915799705,1458.9478695987718,1419.0300515799013,1502.4853139230927
UEFA,2010-01,7.285383912833208,7.2578235367620065,7.314925646773371,1459.0478037873106,1419.1644144197255,1502.560072503512
UEFA,2010-02,7.285453202663285,7.257919615905893,7.314988209546993,1459.1489525874035,1419.3007731027994,1502.6540799468182
UEFA,2010-03,7.28552340611729,7.258017173462336,7.315068122372917,1459.2514420396803,1419.439243407117,1502.7741660621386
UEFA,2010-04,7.285594609465141,7.258117447361317,7.315148788513901,1459.3553982188907,1419.58158317867,1502.895393933204
UEFA,2010-05,7.285666898976753,7.258207789336203,7.3152299468563315,1459.460947235353,1419.709836693639,1503.0173713024449
UEFA,2010-06,7.285740360922039,7.258255260020302,7.315311935981398,1459.5682152365298,1419.7772328684368,1503.1406073524684
UEFA,2010-07,7.285815081570919,7.258316272689864,7.315395741399391,1459.677328408732,1419.8638599284707,1503.266583881547
UEFA,2010-08,7.285891147193308,7.25840916750534,7.315489835164903,1459.7884129789566,1419.9957642972,1503.408038395436
UEFA,2010-09,7.285968644059123,7.258503469109922,7.3155819013339,1459.9015952168506,1420.1296790080835,1503.5464573231
UEFA,2010-10,7.286047658438279,7.2585992668609975,7.315659784176199,1460.0170014368052,1420.2657315452134,1503.6635622637932
UEFA,2010-11,7.286128276600692,7.258697441637735,7.315733389617565,1460.134758000182,1420.4051734402287,1503.7742442100007
UEFA,2010-12,7.286210584816281,7.258799176315361,7.315822674934233,1460.2549913176695,1420.549685448935,1503.9085151958939
UEFA,2011-01,7.28629466935496,7.258902657663038,7.3159132408058865,1460.3778278517643,1420.696693669986,1504.0447241870565
UEFA,2011-02,7.286380616486644,7.259007972145677,7.316005149960186,1460.5033941193926,1420.8463217313872,1504.1829660612782
UEFA,2011-03,7.286468512481253,7.259078103000977,7.316098465124794,1460.6318166946517,1420.9459698948826,1504.3233357390538
UEFA,2011-04,7.286558443608701,7.25913578817113,7.316193249027367,1460.7632222116893,1421.0279390834182,1504.4659281848815
UEFA,2011-05,7.286650496138904,7.2591969451268294,7.316289564395567,1460.8977373677094,1421.1148469381005,1504.6108384086424
UEFA,2011-06,7.286744756341779,7.259261719294917,7.316387473957056,1461.0354889261137,1421.2069010286743,1504.7581614670241
UEFA,2011-07,7.286841310487241,7.259330256102233,7.316487040439493,1461.176603719767,1421.3043090331485,1504.9079924650084
UEFA,2011-08,7.286940244845208,7.259402700975615,7.316588326570538,1461.3212086544008,1421.4072787456334,1505.0604265574182
UEFA,2011-09,7.287041645685596,7.259479199341905,7.316691395077852,1461.4694307121458,1421.5160180844937,1505.2155589505326
UEFA,2011-10,7.287145599278319,7.259559896627941,7.316795790067892,1461.6213969551925,1421.6307351007997,1505.3727040890014
UEFA,2011-11,7.287252191893296,7.2596335407104515,7.3169019191514915,1461.7772345295898,1421.7354335765347,1505.5324763344775
UEFA,2011-12,7.287361509800444,7.2597240926091455,7.317010121877131,1461.9370706691723,1421.8641802555346,1505.695387825461
UEFA,2012-01,7.287473639269676,7.259825898111342,7.317120463750825,1462.1010326996175,1422.0089412910904,1505.8615382188468
UEFA,2012-02,7.287588666570909,7.259923316322799,7.317233010278591,1462.269248042641,1422.1474776860302,1506.0310272362708
UEFA,2012-03,7.287706677974062,7.260025817927612,7.317347826966443,1462.441844220321,1422.293257663216,1506.2039546663557
UEFA,2012-04,7.287827759749048,7.260133553102773,7.317464979320396,1462.618948859554,1422.4464970674876,1506.3804203670313
UEFA,2012-05,7.287951998165785,7.260246672025276,7.317584532846466,1462.8006896966501,1422.607411950971,1506.560524267922
UEFA,2012-06,7.288079479494189,7.260365324872113,7.317706553050669,1462.9871945820548,1422.7762185845086,1506.7443663727997
UEFA,2012-07,7.288210290004176,7.260489661820278,7.3178311054390175,1463.1785914852087,1422.953133469425,1506.932046762108
UEFA,2012-08,7.288344515965663,7.260619833046763,7.317958255517531,1463.3750084995418,1423.1383733496189,1507.1236655955627
UEFA,2012-09,7.288482243648565,7.260746537955719,7.318088068792222,1463.5765738476007,1423.3187033736654,1507.3193231148105
UEFA,2012-10,7.288623559322797,7.260871336760628,7.318220610769107,1463.783415886309,1423.4963426553106,1507.51911964616
UEFA,2012-11,7.288768515855342,7.260998167307112,7.31835592352272,1463.995614241828,1423.676896671141,1507.7231202748458
UEFA,2012-12,7.288917032501423,7.26112699270183,7.318534981211055,1464.2130531433181,1423.8603139991171,1507.9931135292118
UEFA,2013-01,7.289068995113333,7.261257759269705,7.31871748205423,1464.4355679292064,1424.0465193097384,1508.2683482110306
UEFA,2013-02,7.289224289543359,7.261390413335664,7.318902167857457,1464.662993896388,1424.235437250161,1508.5469293572512
UEFA,2013-03,7.289382801643791,7.261524901224631,7.319088921405938,1464.8951662934949,1424.4269924426942,1508.828681946189
UEFA,2013-04,7.289544417266917,7.2616611692615285,7.3192776254848715,1465.1319203143883,1424.6211094833525,1509.113430844524
UEFA,2013-05,7.289709022265031,7.2618130805761325,7.3194430692293935,1465.37309109188,1424.8375419826184,1509.3631248984075
UEFA,2013-06,7.289876502490419,7.261995500202054,7.319599229891891,1465.6185136916702,1425.0974840278568,1509.5988465865212
UEFA,2013-07,7.29004674379537,7.262188020494739,7.319757140581823,1465.8680231065057,1425.3718706645764,1509.8372474563241
UEFA,2013-08,7.290219632032175,7.262383964283817,7.319916707093794,1466.1214542505704,1425.6511908754503,1510.0781865062124
UEFA,2013-09,7.290395053053123,7.262538362421454,7.320077835222409,1466.37864195409,1425.8713256775743,1510.3215226567916
UEFA,2013-10,7.290572892710504,7.262714644025402,7.320240430762267,1466.6394209581595,1426.1227027205011,1510.567114748568
UEFA,2013-11,7.290753036856606,7.262930211382178,7.320404399507973,1466.9036259098007,1426.4301615095035,1510.8148215397753
UEFA,2013-12,7.290935371343721,7.263149737785324,7.320568978344853,1467.1710913572363,1426.743335117002,1511.0634906538924
UEFA,2014-01,7.291119782024138,7.263346474715697,7.3207574719844795,1467.441651745386,1427.0240556153692,1511.3483418494952
UEFA,2014-02,7.291306154750144,7.263523242035076,7.320996258609518,1467.715141411594,1427.2763290008256,1511.709273359709
UEFA,2014-03,7.29149437537403,7.263751898971504,7.3211776128710015,1467.9913945815729,1427.6027231644503,1511.983453127947
UEFA,2014-04,7.291684329748087,7.263913112298744,7.32129699133908,1468.2702453655709,1427.8328902811556,1512.163963574728
UEFA,2014-05,7.2918759037246,7.264075928271088,7.321417746613528,1468.5515277547697,1428.0653831895866,1512.3465792661361
UEFA,2014-06,7.292068983155865,7.264240250718861,7.321576996711685,1468.835075617902,1428.3000656542529,1512.5874414922057
UEFA,2014-07,7.292263453894168,7.264406491822541,7.321744891785845,1469.1207226980891,1428.537527514287,1512.8414177284942
UEFA,2014-08,7.292459201791797,7.2645747164799594,7.321913287387074,1469.408302609915,1428.7778628870815,1513.0961940314019
UEFA,2014-09,7.292656112701042,7.264744164482395,7.3220820929708115,1469.6976488367152,1429.0199869239898,1513.3516337742824
UEFA,2014-10,7.292854072474196,7.264941290744335,7.322280045700512,1469.9885947280918,1429.3017120588183,1513.6512341737573
UEFA,2014-11,7.293052966963545,7.265168468709666,7.322497390083001,1470.2809734976634,1429.6264547994551,1513.980252316175
UEFA,2014-12,7.2932526820213806,7.265399656223018,7.322715947525461,1470.5746182210296,1429.9570048146054,1514.3111795236125
UEFA,2015-01,7.293453103499991,7.265632600827677,7.322888661248197,1470.8693618339664,1430.2901444167162,1514.5727444623978
UEFA,2015-02,7.2936541172516645,7.265866759693688,7.323021776767351,1471.1650371308508,1430.625098797338,1514.7743717231363
UEFA,2015-03,7.293855609128694,7.266066902932237,7.323242864882378,1471.4614767633109,1430.9114573268375,1515.109307417312
UEFA,2015-04,7.294057464983365,7.266257234029783,7.323467608373632,1471.7585132390968,1431.1838301618263,1515.449856666131
UEFA,2015-05,7.294259570667971,7.26647838900904,7.3236923409458905,1472.0559789211918,1431.5003786517811,1515.7904659163898
UEFA,2015-06,7.294461812034799,7.266702447331457,7.323916902428399,1472.353706027141,1431.8211541221433,1516.1308923348554
UEFA,2015-07,7.294664074936139,7.266926819791141,7.324141132650404,1472.6515266286115,1432.1424513800584,1516.4708928703303
UEFA,2015-08,7.294866245224281,7.267148511641591,7.324364871441148,1472.9492726511844,1432.4599809711656,1516.8102242541404
UEFA,2015-09,7.295068208751514,7.267371706105951,7.3245861006770445,1473.2467758743721,1432.7797338303296,1517.1458237844813
UEFA,2015-10,7.2952698513701275,7.2676057945212165,7.324806395268743,1473.5438679318652,1433.115170101123,1517.480079320611
UEFA,2015-11,7.29547105893241,7.267870611973199,7.325025732621856,1473.840380312012,1433.4947343534654,1517.8129556750976
UEFA,2015-12,7.295671717290654,7.26807243525172,7.325243316715886,1474.1361443585286,1433.7840760966458,1518.1432433925763
UEFA,2016-01,7.295871712297146,7.268305027194773,7.325460204053968,1474.4309912714316,1434.1176014764862,1518.4725451124625
UEFA,2016-02,7.296070929804175,7.26857480510812,7.325627472516329,1474.7247521082156,1434.504546923607,1518.7265589952938
UEFA,2016-03,7.2962692556640345,7.268834728642158,7.3257999830509775,1475.017257785249,1434.8774568844515,1518.9885780040913
UEFA,2016-04,7.296466575729012,7.269053694803574,7.325973741824945,1475.3083390794066,1435.1916808868978,1519.252538630712
UEFA,2016-05,7.296662775851394,7.269284569308185,7.326187202692548,1475.597826629938,1435.5230683684483,1519.5768740942663
UEFA,2016-06,7.296857741883474,7.2695163183763105,7.326427511820811,1475.885550940563,1435.8557880283724,1519.9420860378648
UEFA,2016-07,7.29705135967754,7.269746423075701,7.326632428473037,1476.171342381797,1436.1862231904538,1520.253579442866
UEFA,2016-08,7.2972435150858805,7.269974735007279,7.326858947494303,1476.4550311935213,1436.5141590641522,1520.597984782051
UEFA,2016-09,7.297434093960788,7.270201105771965,7.327081341186992,1476.7364474877743,1436.8393806765055,1520.9361938459372
UEFA,2016-10,7.297622982154549,7.2704295353876764,7.327339680087289,1477.0154212517784,1437.1676348343112,1521.329161498372
UEFA,2016-11,7.297810065519454,7.270646377067941,7.327510666106644,1477.2917823512105,1437.4793064711907,1521.5893097823143
UEFA,2016-12,7.297995229907793,7.270863916496023,7.327658145737653,1477.5653605336934,1437.7920489740482,1521.8137299381954
UEFA,2017-01,7.298178361171853,7.271079149733098,7.327804730492093,1477.8359854325288,1438.1015430391897,1522.0368213039221
UEFA,2017-02,7.298359345163928,7.271295811941041,7.327989532934085,1478.103486570665,1438.4131588830733,1522.3181234180333
UEFA,2017-03,7.298538067736303,7.27150548735714,7.328178713903666,1478.367693364898,1438.7147904702883,1522.6061438116662
UEFA,2017-04,7.298714414741272,7.271710392889324,7.3283286082707875,1478.6284351303045,1439.009621724081,1522.83439100942
UEFA,2017-05,7.29888827203112,7.271853983004942,7.328438888623239,1478.885541084917,1439.2162641904802,1523.0023393140511
UEFA,2017-06,7.29905952545814,7.271996077976447,7.328570849725168,1479.1388403546298,1439.4207838580714,1523.2033296829536
UEFA,2017-07,7.2992280608746185,7.272137375592263,7.328797661414515,1479.3881619783374,1439.6241847573785,1523.5488487510784
UEFA,2017-08,7.299393764132848,7.272278673104811,7.328941377329207,1479.6333349133176,1439.8276142969355,1523.7678229744552
UEFA,2017-09,7.299556521085115,7.2724527780963015,7.329070598472293,1479.874188040842,1440.078317335678,1523.9647396922178
UEFA,2017-10,7.299716217583713,7.27263860834541,7.329194879998508,1480.1105501720244,1440.345952392325,1524.1541536070695
UEFA,2017-11,7.299872739480927,7.272821258841291,7.329311813718217,1480.342250053909,1440.609056412279,1524.3323897440532
UEFA,2017-12,7.300025972629048,7.273000434158044,7.329424040835017,1480.5691163757897,1440.8672012291906,1524.5034715465042
UEFA,2018-01,7.300175802880367,7.2731175764765,7.329531440736892,1480.790977775765,1441.0359974103446,1524.667212704201
UEFA,2018-02,7.300322116087172,7.273230316452243,7.329633892811829,1481.0076628475347,1441.1984688396776,1524.8234269318432
UEFA,2018-03,7.300464798101753,7.273377730234341,7.32973278290916,1481.2190001474264,1441.410937064769,1524.974225240934
UEFA,2018-04,7.300603734776401,7.273527383171345,7.329859479063914,1481.424818201658,1441.6266647434127,1525.1674456885817
UEFA,2018-05,7.300738811963402,7.273674283377321,7.330014543330276,1481.6249455138407,1441.8384557881081,1525.4039617734752
UEFA,2018-06,7.300869915515049,7.27381833277027,7.330171482701214,1481.8192105727132,1442.0461669868698,1525.6433751908771
UEFA,2018-07,7.300996931283629,7.273961158098909,7.33032381410493,1482.0074418601098,1442.2521423510882,1525.8757951258149
UEFA,2018-08,7.301119745121433,7.274096126187865,7.330471401995574,1482.1894678591693,1442.446813240691,1526.1010115317674
UEFA,2018-09,7.301238242880751,7.274208855026951,7.330614110827297,1482.365117062774,1442.6094274720265,1526.3188143412071
UEFA,2018-10,7.301352310413869,7.274316825716959,7.330751805054248,1482.5342179822223,1442.7651953053507,1526.5289934756142
UEFA,2018-11,7.3014618335730805,7.274464884648476,7.330884349130578,1482.6965991561415,1442.9788254505813,1526.7313388557843
UEFA,2018-12,7.301566698210674,7.2746157076454825,7.331011607510438,1482.8520891596286,1443.196476261035,1526.9256404124174
UEFA,2019-01,7.3016667901789365,7.274749601274161,7.331085242322353,1483.0005166136255,1443.389723982591,1527.0380795362082
UEFA,2019-02,7.301761995330162,7.2748602468325005,7.331144604513778,1483.1417101945299,1443.5494374442014,1527.1287309443703
UEFA,2019-03,7.3018521995166354,7.274979807828725,7.33119661691273,1483.2754986440361,1443.7220400604867,1527.2081633440212
UEFA,2019-04,7.30193728859065,7.2750872725702935,7.331241119980766,1483.4017107792092,1443.8771978122606,1527.2761313513067
UEFA,2019-05,7.3020171484044925,7.275190653015989,7.331342920169787,1483.5201755027892,1444.0264744901951,1527.4316162725775
UEFA,2019-06,7.302091664810454,7.275254353462706,7.331443654684811,1483.6307218137276,1444.1184625432948,1527.5854890208473
UEFA,2019-07,7.302160723660823,7.275286988854489,7.331541975373189,1483.7331788179536,1444.1655922045636,1527.7356895105875
UEFA,2019-08,7.302224210807889,7.27533234298789,7.331670786345535,1483.8273757393686,1444.231092491254,1527.9324905756584
UEFA,2019-09,7.302282012103943,7.275344296701429,7.33180433806744,1483.9131419310718,1444.2483565155976,1528.1365615354648
UEFA,2019-10,7.302334069092809,7.275405016577032,7.331933131345556,1483.9903895403202,1444.3360537514911,1528.3333873580436
UEFA,2019-11,7.3023805460844615,7.275530978975032,7.331954351575234,1484.0593614954423,1444.5179973111321,1528.365819508581
UEFA,2019-12,7.302421663080409,7.27557708474077,7.331992778838224,1484.1203835671256,1444.584599436804,1528.4245514434122
UEFA,2020-01,7.302457640082161,7.275559299320146,7.332078761457312,1484.173781697728,1444.5589070997103,1528.5559751214819
UEFA,2020-02,7.302488697091226,7.275565844258784,7.332161114097307,1484.2198819796681,1444.5683616895815,1528.6818608417504
UEFA,2020-03,7.302515054109114,7.275610588883543,7.332240340010956,1484.25901063485,1444.6329998059425,1528.8029767300218
UEFA,2020-04,7.302536931137334,7.275650220232901,7.332302962134473,1484.2914939951208,1444.6902539845414,1528.8987166023005
UEFA,2020-05,7.302554548177396,7.275588543394886,7.332338106715683,1484.3176584837656,1444.601152494741,1528.95245017584
UEFA,2020-06,7.302568125230808,7.275629251876725,7.332369053501844,1484.337830598039,1444.6599612066323,1528.9997673605653
UEFA,2020-07,7.30257788229908,7.275658641610573,7.3324576217385244,1484.352336892736,1444.7024202438577,1529.13519386471
UEFA,2020-08,7.3025840393837225,7.275632705870422,7.332442066938793,1484.3615039647977,1444.6649515507443,1529.1114087892288
UEFA,2020-09,7.302586816486242,7.275573321696682,7.332429004281836,1484.36565843896,1444.5791638914395,1529.0914345254253
UEFA,2020-10,7.30258643360815,7.275511133480158,7.332440200816045,1484.3651269544405,1444.4893309167774,1529.1085550355772
UEFA,2020-11,7.3025831107509545,7.275446477238285,7.332452478644216,1484.3602361526648,1444.3959387240664,1529.12732929947
UEFA,2020-12,7.3025770679161655,7.275381341897753,7.332375108280225,1484.3513126660325,1444.3018603360517,1529.0090250105452
UEFA,2021-01,7.3025685251052925,7.27531752266973,7.332315107768087,1484.3386831077266,1444.209688676398,1528.917287064217
UEFA,2021-02,7.302557702319844,7.275319713252094,7.332335993076958,1484.3226740625569,1444.212852525091,1528.9492190822532
UEFA,2021-03,7.30254481956133,7.275334094215608,7.332363873545343,1484.3036120788477,1444.2336225844813,1528.9918468363812
UEFA,2021-04,7.3025300968312585,7.275347336260166,7.332260709057205,1484.2818236613655,1444.2527486006907,1528.8341179053511
UEFA,2021-05,7.302513754131141,7.275359633613682,7.332151354563194,1484.2576352652823,1444.2705110155853,1528.6669426981857
UEFA,2021-06,7.302496011462485,7.275305942809894,7.332081885373061,1484.2313732911819,1444.1929669137176,1528.5607511748606
UEFA,2021-07,7.302477088826801,7.275216993886474,7.332034884541692,1484.2033640811023,1444.0645114647964,1528.4889089617288
UEFA,2021-08,7.302457206225595,7.275222756243447,7.332021328395213,1484.1739339156163,1444.0728329323692,1528.4681881265644
UEFA,2021-09,7.3024365836603815,7.275234103539432,7.332046867056489,1484.1434090119517,1444.0892205638029,1528.5072232912814
UEFA,2021-10,7.302415441132666,7.275100644063649,7.331979092479904,1484.1121155231474,1443.8965054563073,1528.4036330776246
UEFA,2021-11,7.302393998643959,7.274974614318976,7.331967392490512,1484.080379538246,1443.7145420577078,1528.3857506766126
UEFA,2021-12,7.30237247619577,7.2749665623253374,7.33191910180612,1484.0485270835225,1443.702917547969,1528.31194584172
UEFA,2022-01,7.302351093789608,7.2749463732637745,7.331858510212043,1484.0168841247507,1443.6737705636467,1528.2193464682466
UEFA,2022-02,7.302330071426983,7.274916109430411,7.331800220781777,1483.985776570503,1443.630080222534,1528.1302711185735
UEFA,2022-03,7.3023096291094,7.274950798437369,7.331747941034708,1483.955530276486,1443.6801602169612,1528.050384273651
UEFA,2022-04,7.3022899868383755,7.274987776561777,7.331734029328021,1483.92647105091,1443.733546475837,1528.0291272239488
UEFA,2022-05,7.302271364615414,7.275023504734495,7.331719319839211,1483.8989246608944,1443.7851300671746,1528.00665146165
UEFA,2022-06,7.302253982442026,7.275012151552465,7.3317047640045585,1483.873216839905,1443.7687368300487,1527.9844107857639
UEFA,2022-07,7.30223806031972,7.274998926831071,7.331750007208628,1483.849673296228,1443.7496428527002,1528.053542153648
UEFA,2022-08,7.302223818250006,7.274998904105592,7.331793704288168,1483.8286197224745,1443.7496104857232,1528.1203141071855
UEFA,2022-09,7.302211476234393,7.2749248785108405,7.331835861797739,1483.8103818061222,1443.6427397382956,1528.1847363601644
UEFA,2022-10,7.30220125427439,7.274880269758781,7.331876486291909,1483.7952852410883,1443.5783418381648,1528.2468186383153
UEFA,2022-11,7.302193372371508,7.274915046460588,7.33191558432524,1483.7836557403398,1443.628546191015,1528.3065706791317
UEFA,2022-12,7.302188050527253,7.274874850869622,7.331964754152232,1483.7758190495344,1443.5705196331023,1528.3817185840444
UEFA,2023-01,7.302185508743139,7.274840544282499,7.33204170921702,1483.7721009617012,1443.5209962482186,1528.4993395144422
UEFA,2023-02,7.30218596702067,7.274812186738108,7.33203927195051,1483.7728273329535,1443.480062003291,1528.4956144223183
UEFA,2023-03,7.302189645361359,7.27480496029283,7.332065471903554,1483.7783240992399,1443.4696308062819,1528.5356618839799
UEFA,2023-04,7.302196763766715,7.2748190287218595,7.33209871453973,1483.788917294134,1443.4899383726497,1528.5864751562992
UEFA,2023-05,7.302207542238245,7.274839260663036,7.332130111652061,1483.8049330676618,1443.51914319816,1528.6344689400269
UEFA,2023-06,7.30222220077746,7.274860504383881,7.332160374638834,1483.8266977061685,1443.5498092544135,1528.6807305877762
UEFA,2023-07,7.302240959385869,7.274866528610441,7.332187468269624,1483.8545376532297,1443.5585059081145,1528.722148431696
UEFA,2023-08,7.302264038064981,7.274865095879109,7.332207189551709,1483.8887795316036,1443.5564375670165,1528.752297027078
UEFA,2023-09,7.302291656816306,7.274844085217278,7.3321865826680925,1483.9297501662318,1443.526107601609,1528.720794621177
UEFA,2023-10,7.302324035641352,7.2748365104546275,7.332211603466892,1483.9777766082846,1443.5151732191605,1528.759044867656
UEFA,2023-11,7.302361394541629,7.274892656526691,7.332224701756934,1484.03318616026,1443.5962232050556,1528.779069248371
UEFA,2023-12,7.302403953518647,7.27493024397228,7.332282332332888,1484.0963064021328,1443.6504853239842,1528.8671760736072
UEFA,2024-01,7.302451932573915,7.274990802299808,7.332332164988429,1484.1674652185632,1443.7379131246737,1528.9433654564784
UEFA,2024-02,7.302505551708941,7.275062580589649,7.332342305403013,1484.2469908271614,1443.8415460135002,1528.9588696517974
UEFA,2024-03,7.302565030925234,7.275150487605752,7.332327966647775,1484.3352118078187,1443.9684751608606,1528.9369465056463
UEFA,2024-04,7.302630590224307,7.2752436300676715,7.332349699331207,1484.4324571331022,1444.1029763368385,1528.970174753041
UEFA,2024-05,7.302702449607666,7.275351953558804,7.332433135968892,1484.5390561997235,1444.259415034279,1529.0977523476868
UEFA,2024-06,7.30278082907682,7.275467170908183,7.332426369730141,1484.6553388610814,1444.425828318731,1529.0874083412764
UEFA,2024-07,7.30286594863328,7.2755110611024065,7.332445063443069,1484.7816354608847,1444.4892258742452,1529.1159960157609
UEFA,2024-08,7.302958028278554,7.275601125383942,7.332459951725012,1484.9182768678634,1444.6193285412053,1529.138764724676
UEFA,2024-09,7.303057288014152,7.275771501974881,7.332543821163502,1485.0655945115666,1444.8654790775752,1529.2670145976308
UEFA,2024-10,7.303163947841583,7.275897219274396,7.332680214842529,1485.2239204192622,1445.0471348494991,1529.4756072525097
UEFA,2024-11,7.303278227762355,7.276099382287118,7.332738517130187,1485.3935872539382,1445.3392997756966,1529.564781451336
UEFA,2024-12,7.303400347777981,7.2762881120326,7.332750211144759,1485.5749283534124,1445.6121038363203,1529.5826704349115
UEFA,2025-01,7.303530527889967,7.276294338631683,7.3329535982119545,1485.7682777705602,1445.6211051082087,1529.8937970436962
UEFA,2025-02,7.303668988099823,7.2763321307243025,7.333177960977733,1485.9739703146709,1445.675739088183,1530.2370867324105
UEFA,2025-03,7.303815948409059,7.276506560730764,7.333390735272733,1486.1923415939314,1445.9279303450285,1530.5627164283012
UEFA,2025-04,7.303971628819183,7.276605538238325,7.333539907399915,1486.4237280590512,1446.0710518974126,1530.7910511147795
UEFA,2025-05,7.304136249331706,7.276752747879544,7.333827974430402,1486.6684670480429,1446.2839430678625,1531.232084885512
UEFA,2025-06,7.304310029948136,7.276947602107906,7.334098628765596,1486.9268968321562,1446.5657849862469,1531.6465755639763
UEFA,2025-07,7.304493190669982,7.2770522222833085,7.3342761941054775,1487.1993566629812,1446.7171328916952,1531.9185669741616
UEFA,2025-08,7.304685951498754,7.277268998342129,7.334495982735397,1487.486186820735,1447.030780545313,1532.2553022652523
UEFA,2025-09,7.304888532435961,7.2774676559492555,7.334675805346452,1487.7877286637347,1447.3182730537114,1532.5308620830015
UEFA,2025-10,7.305101153483113,7.277727817458565,7.334856148727687,1488.1043246790694,1447.6948582111809,1532.807268550273
UEFA,2025-11,7.3053240346417185,7.278061920417525,7.335113557037967,1488.4363185344948,1448.1786181590953,1533.201877808741
UEFA,2025-12,7.305557395913287,7.278370880126034,7.335405855914299,1488.784055131544,1448.6261161453847,1533.6500955287606
UEFA,2026-01,7.305801457299327,7.278603257473317,7.335774593684456,1489.147880659875,1448.9627832077883,1534.215713617307
UEFA,2026-02,7.306056438801349,7.278858964556939,7.336167390595762,1489.5281426528852,1449.333340802537,1534.818467475501
UEFA,2026-03,7.306322560420863,7.279005420366439,7.336567965362024,1489.925190044575,1449.5456193895611,1535.433399933273
UEFA,2026-04,7.306600042159375,7.279324599269386,7.336967859793856,1490.3393732276968,1450.0083588466143,1536.0475339333357
UEFA,2026-05,7.306889104018397,7.279647378796773,7.337415511634916,1490.771044113212,1450.4764667106672,1536.7353023706357
UEFA,2026-06,7.307189965999439,7.279901296507183,7.337919347334211,1491.2205561910448,1450.8448146272162,1537.5097596047751
UEFA,2026-07,7.307502848104007,7.280047865176205,7.338326814075458,1491.6882645921685,1451.0574785958459,1538.136371676519
UEFA,2026-08,7.307827970333612,7.280319831564197,7.338739214821069,1492.1745261520475,1451.4521713828356,1538.7708308342987
CONMEBOL,1992-01,7.369237871213516,7.267436141757142,7.479118662058109,1589.8334563104854,1432.8720596642695,1770.6795224321334
CONMEBOL,1992-02,7.370160359161195,7.268657587422562,7.479361606084714,1591.2918541042818,1434.623362425138,1771.1097761967992
CONMEBOL,1992-03,7.371069183743649,7.26975760457956,7.479829787589814,1592.7307512324517,1436.202328375326,1771.9392287562152
CONMEBOL,1992-04,7.37196445562967,7.27087988813134,7.480897644105501,1594.1502005916325,1437.8150134074303,1773.832411973126
CONMEBOL,1992-05,7.372846285488057,7.271467337531805,7.481997290835001,1595.5502596616825,1438.6599065041935,1775.7840635594155
CONMEBOL,1992-06,7.37371478398761,7.272383513861794,7.482999319109963,1596.9309903993762,1439.9785767181431,1777.564271004685
CONMEBOL,1992-07,7.3745700617971215,7.273430938650242,7.48293429982049,1598.292459132561,1441.4876349188066,1777.4486994825013
CONMEBOL,1992-08,7.375412229585391,7.2744169026935275,7.484079826678435,1599.6347364548612,1442.909590108459,1779.4859839885728
CONMEBOL,1992-09,7.376241398021219,7.27536816361537,7.485092887442463,1600.9578971209,1444.2828285134615,1781.2896331366333
CONMEBOL,1992-10,7.377057677773395,7.276095366050103,7.486582463878088,1602.2620199421235,1445.3334947439969,1783.944976905555
CONMEBOL,1992-11,7.377861179510721,7.277022980089006,7.487878974828407,1603.5471876832949,1446.674829005014,1786.2593709153675
CONMEBOL,1992-12,7.378652013901996,7.278034612436305,7.488422491031762,1604.8134869596418,1448.1390718658072,1787.230507885313
CONMEBOL,1993-01,7.379430291616012,7.279031679083006,7.489023962361099,1606.061008134731,1449.583683356235,1788.3058185712835
CONMEBOL,1993-02,7.38019612332157,7.279888876171167,7.489975857951895,1607.2898452191412,1450.826794961026,1790.0089041583208
CONMEBOL,1993-03,7.380949619687467,7.28055833534815,7.490908181441846,1608.5000957699096,1451.7983906699621,1791.6785338693478
CONMEBOL,1993-04,7.3816908913824975,7.2812008740087295,7.4914809153430415,1609.6918607908362,1452.7315255761064,1792.70497195408
CONMEBOL,1993-05,7.382420049075459,7.281885755644348,7.492352912764104,1610.8652446336969,1453.726817330428,1794.2688872203194
CONMEBOL,1993-06,7.383137203435154,7.2825413215759855,7.493336516338978,1612.0203549003625,1454.680142871725,1796.0346060466368
CONMEBOL,1993-07,7.383842465130373,7.283194080791486,7.494209331605565,1613.1573023458775,1455.6300076411392,1797.602895595618
CONMEBOL,1993-08,7.384535944829915,7.283829025918493,7.495119319700408,1614.2762007825768,1456.554546666317,1799.2394372699216
CONMEBOL,1993-09,7.385217753202582,7.284457033708487,7.496024508093905,1615.3771669852097,1457.4695621443184,1800.868826707162
CONMEBOL,1993-10,7.385888000917163,7.285078127330163,7.4964827908944605,1616.4603205971434,1458.3750690823638,1801.694327362569
CONMEBOL,1993-11,7.38654679864246,7.285567439889875,7.496892419997727,1617.525784037707,1459.0888432147954,1802.4325095224901
CONMEBOL,1993-12,7.3871942570472715,7.286299664743363,7.497462786530363,1618.573682410652,1460.1576187940877,1803.4608455098469
CONMEBOL,1994-01,7.38783048680039,7.28690015487228,7.498029366795894,1619.604143413797,1461.034693001231,1804.4829371316428
CONMEBOL,1994-02,7.388455598570617,7.287495064393471,7.4986306753275604,1620.617297249911,1461.904134991058,1805.5683120306671
CONMEBOL,1994-03,7.389069703026748,7.288093067987479,7.499293750766619,1621.6132765388163,1462.7786170699057,1806.7659388090813
CONMEBOL,1994-04,7.38967291083758,7.288745881966181,7.49993018044584,1622.5922162307738,1463.7338507826764,1807.9161829002558
CONMEBOL,1994-05,7.390265332671908,7.289442134869843,7.500552463670116,1623.5542535211962,1464.753334697531,1809.0415683698727
CONMEBOL,1994-06,7.390847079198535,7.290186768236187,7.501160802585832,1624.4995277666799,1465.84445001853,1810.1424133996306
CONMEBOL,1994-07,7.391418261086253,7.290723987531222,7.501755399339358,1625.4281804024042,1466.6321408947197,1811.2190382234885
CONMEBOL,1994-08,7.391978989003859,7.291230124981361,7.502336456077074,1626.3403548609483,1467.3746445115073,1812.2717650686088
CONMEBOL,1994-09,7.392529373620155,7.29165761928944,7.502849127555885,1627.2361964925137,1468.0020701109936,1813.2011034487548
CONMEBOL,1994-10,7.3930695256039325,7.292247873042295,7.503461732349915,1628.1158524865932,1468.8688207360283,1814.3122193103222
CONMEBOL,1994-11,7.393599555623991,7.29275716224465,7.50408624339737,1628.9794717951422,1469.6170908224265,1815.4456313343023
CONMEBOL,1994-12,7.394119574349131,7.293237595700655,7.504678518956522,1629.8272050572298,1470.3233130285014,1816.521193775886
CONMEBOL,1995-01,7.394629692448144,7.293707311225449,7.505040519618768,1630.659204525216,1471.0141084119825,1817.178896900566
CONMEBOL,1995-02,7.395130020589829,7.294166521897898,7.505707526061938,1631.4756239925018,1471.689768544325,1818.3913690808354
CONMEBOL,1995-03,7.3956206694429865,7.294615440796867,7.506111145437511,1632.2766187228285,1472.350586046894,1819.1254554394925
CONMEBOL,1995-04,7.396101749676409,7.295112865776264,7.506496144413144,1633.0623453811793,1473.083152189906,1819.8259515556695
CONMEBOL,1995-05,7.396573371958895,7.29568108574024,7.506908484380582,1633.8329619663102,1473.9204253573912,1820.5764931877088
CONMEBOL,1995-06,7.397035646959245,7.29624131650536,7.507270070425786,1634.5886277449029,1474.746392295612,1821.234907914958
CONMEBOL,1995-07,7.397488685346252,7.296792714923706,7.507830711424256,1635.3295031873743,1475.559789361512,1822.256252744911
CONMEBOL,1995-08,7.397932597788714,7.2973352388186035,7.508269118178118,1636.055749905381,1476.3605329800994,1823.055323326056
CONMEBOL,1995-09,7.39836749495543,7.297868846013374,7.508695320939107,1636.7675305909986,1477.1485397743957,1823.8324930960953
CONMEBOL,1995-10,7.398793487515195,7.298393494331341,7.509099324216583,1637.465008957616,1477.923726571219,1824.569480419638
CONMEBOL,1995-11,7.399210686136806,7.2989045136763675,7.509513067041298,1638.1483496825742,1478.679167440458,1825.3245406765689
CONMEBOL,1995-12,7.399619201489064,7.299322604923495,7.509971601732403,1638.8177183515336,1479.2975197511694,1826.1617048666933
CONMEBOL,1996-01,7.400019144240763,7.299643306050892,7.510423808852762,1639.4732814046033,1479.7720078651994,1826.9876923282231
CONMEBOL,1996-02,7.400410625060699,7.300024614316169,7.510869613456454,1640.1152060842608,1480.3363647966698,1827.8023506554055
CONMEBOL,1996-03,7.400793754617672,7.300521848592035,7.511308940597557,1640.7436603850472,1481.0726238408413,1828.6055274100697
CONMEBOL,1996-04,7.401168643580477,7.301012812661616,7.511739817445068,1641.3588130050637,1481.7999598122178,1829.3935965043859
CONMEBOL,1996-05,7.401535402617912,7.3014988144481014,7.512163541199822,1641.9608332993023,1482.5202967784307,1830.1689141447246
CONMEBOL,1996-06,7.401894142398775,7.301980506165631,7.512577819139506,1642.5498912347864,1483.2345898318033,1830.9272656381459
CONMEBOL,1996-07,7.402244973591863,7.302455154123243,7.512945940588007,1643.126157347554,1483.9387748891766,1831.601391712586
CONMEBOL,1996-08,7.402588006865971,7.302922635747162,7.512972628182783,1643.6898027015054,1484.632655229511,1831.650274458417
CONMEBOL,1996-09,7.402923352889898,7.303382828463612,7.513019286280252,1644.2409988490974,1485.3160340001984,1831.7357405540413
CONMEBOL,1996-10,7.403251122332442,7.303420446847666,7.513453149431222,1644.7799177939096,1485.3718928359574,1832.530631761173
CONMEBOL,1996-11,7.403571425862397,7.303443678996401,7.513763861538417,1645.3067319551053,1485.4063934001226,1833.1001107956831
CONMEBOL,1996-12,7.403884374148564,7.303679371015676,7.514131080134566,1645.8216141337655,1485.7565346721785,1833.7733845934204
CONMEBOL,1997-01,7.404190077859737,7.304024193584413,7.5144865807521635,1646.3247374811242,1486.26895707574,1834.4254088543212
CONMEBOL,1997-02,7.404488647664715,7.30436287661207,7.514827112526267,1646.8162754687178,1486.7724383814154,1835.0501933401501
CONMEBOL,1997-03,7.404780194232297,7.304655365439713,7.515159365007124,1647.2964018604368,1487.2073699288053,1835.6599934061226
CONMEBOL,1997-04,7.405064828231274,7.304833470030155,7.515384570610736,1647.7652906864955,1487.472265036863,1836.0734408902813
CONMEBOL,1997-05,7.405342660330449,7.305008720202131,7.515466306262027,1648.2231162193384,1487.7329548970658,1836.2235224629069
CONMEBOL,1997-06,7.405613801198617,7.305178532715897,7.515619280808658,1648.6700529514667,1487.98560049998,1836.5044415074187
CONMEBOL,1997-07,7.405878361504576,7.305340867747115,7.515972545336627,1649.106275575202,1488.2271656722119,1837.1533245826636
CONMEBOL,1997-08,7.40613645191712,7.305546979604011,7.5163174163106765,1649.5319589643996,1488.5339370317745,1837.7870130093331
CONMEBOL,1997-09,7.406388183105051,7.305941626786566,7.51660315324503,1649.9472781581,1489.1215024237704,1838.3122115589542
CONMEBOL,1997-10,7.406633665737163,7.306338604388044,7.51692084218476,1650.3524083461286,1489.712771142063,1838.8963158975334
CONMEBOL,1997-11,7.406873010482253,7.306534836496178,7.517322844061478,1650.7475248566595,1490.0051246373644,1839.635704325182
CONMEBOL,1997-12,7.407106328009121,7.30663041997591,7.517639726248619,1651.1328031457285,1490.147548703369,1840.2187442623388
CONMEBOL,1998-01,7.407333728986561,7.306976630312232,7.517833269706264,1651.5084187887037,1490.6635427603642,1840.5749416034919
CONMEBOL,1998-02,7.40755532408337,7.307316391186755,7.517997789458085,1651.874547473731,1491.1700979053549,1840.8777796088518
CONMEBOL,1998-03,7.40777122396835,7.307570592531137,7.51836634936229,1652.2313649971345,1491.549203513689,1841.5563758135088
CONMEBOL,1998-04,7.407981539310293,7.307889773076171,7.518630379677347,1652.5790472607869,1492.0253563410313,1842.0426665563803
CONMEBOL,1998-05,7.408186380777997,7.308185266273153,7.518917055540795,1652.9177702714553,1492.4663112066614,1842.57081141033
CONMEBOL,1998-06,7.408385859040261,7.308314166337659,7.519223167937855,1653.2477101421139,1492.658704049842,1843.1349316768515
CONMEBOL,1998-07,7.408580084765881,7.308445142937524,7.519509958708645,1653.5690430952268,1492.8542156347362,1843.663601356144
CONMEBOL,1998-08,7.408769168623656,7.308576003031339,7.51979525110614,1653.881945468013,1493.0495779643,1844.189659817983
CONMEBOL,1998-09,7.408953221282379,7.308739988946886,7.520062886908872,1654.1865937196824,1493.294435867867,1844.683297069035
CONMEBOL,1998-10,7.40913235341085,7.309066517619566,7.520143168610263,1654.4831644406431,1493.7821215304791,1844.8313985156462
CONMEBOL,1998-11,7.409306675677868,7.30938615901151,7.520341799334634,1654.7718343636961,1494.2596747283653,1845.1978759291205
CONMEBOL,1998-12,7.409476298752226,7.3095487823015155,7.5205344066082995,1655.0527803772,1494.5026933139436,1845.5533095317135
CONMEBOL,1999-01,7.409641345886421,7.309621354152112,7.5207211214643666,1655.3262004521343,1494.6111538407758,1845.8979347110785
CONMEBOL,1999-02,7.409801990667737,7.309814797265246,7.520902128258665,1655.5923764902589,1494.9003045182315,1846.2320856933547
CONMEBOL,1999-03,7.409958419267157,7.310050605255918,7.521071058615362,1655.8516117550548,1495.252858118446,1846.5439940436052
CONMEBOL,1999-04,7.410110817855661,7.310278108204604,7.5213145677489575,1656.1042099637273,1495.5930754387225,1846.993697223139
CONMEBOL,1999-05,7.410259372604231,7.310497554114394,7.5214062076854376,1656.3504752659564,1495.921318540556,1847.1629655218935
CONMEBOL,1999-06,7.410404269683851,7.310673213671842,7.5215722499410695,1656.5907122233702,1496.184118600973,1847.4697009434344
CONMEBOL,1999-07,7.4105456952655,7.310707673862112,7.521741836124732,1656.8252257897384,1496.2356752739033,1847.7830302594778
CONMEBOL,1999-08,7.410683835520164,7.3107444002192565,7.521944964018437,1657.0543212919004,1496.2906212997248,1848.1584025977215
CONMEBOL,1999-09,7.410818876618819,7.3107788289678535,7.522105682104737,1657.2783044114178,1496.3421331598256,1848.4554586637412
CONMEBOL,1999-10,7.4109510047324525,7.310810595760871,7.52218733439273,1657.4974811669626,1496.3896655008666,1848.6063966794986
CONMEBOL,1999-11,7.4110804060320445,7.310849528748498,7.522306944902248,1657.712157897441,1496.4479248886398,1848.8275241705994
CONMEBOL,1999-12,7.411207266688576,7.311002139315432,7.522441743837017,1657.922641245854,1496.6763168786324,1849.0767601871162
CONMEBOL,2000-01,7.411331772873029,7.311145147694533,7.522573009261645,1658.1292381438946,1496.890371445339,1849.3194952390031
CONMEBOL,2000-02,7.411454110756385,7.311281151050098,7.522700938862648,1658.3322557972922,1497.0939691758701,1849.5560924495967
CONMEBOL,2000-03,7.41157446650963,7.311412207143969,7.5228257303265345,1658.5320016718968,1497.290185094822,1849.7869151971192
CONMEBOL,2000-04,7.41169302630374,7.311535057252743,7.522947581339819,1658.7287834805059,1497.474138094734,1850.0123271022123
CONMEBOL,2000-05,7.4118099763097,7.311650049785334,7.523028841070459,1658.922909170445,1497.6463455221758,1850.1626647750559
CONMEBOL,2000-06,7.411925502698492,7.31175753315066,7.5230862233222116,1659.1146869118893,1497.8073252869538,1850.268834754028
CONMEBOL,2000-07,7.412039791641097,7.311857855757634,7.523137445022669,1659.3044250869368,1497.9575958185624,1850.3636119759183
CONMEBOL,2000-08,7.412153029308497,7.311951366015173,7.523289919939532,1659.492432279436,1498.0976760245205,1850.645766985769
CONMEBOL,2000-09,7.412265401871674,7.312038412332194,7.523449831871165,1659.6790172655594,1498.2280852505965,1850.9417305000263
CONMEBOL,2000-10,7.4123770955016095,7.312131167531832,7.523610575482362,1659.8644890051335,1498.367060149501,1851.2392811794432
CONMEBOL,2000-11,7.412488296369287,7.3122691069453625,7.523760315611535,1660.0491566337232,1498.5737585524257,1851.5165066812856
CONMEBOL,2000-12,7.412599190645688,7.312484299833902,7.523872977057029,1660.2333294554717,1498.8962775924358,1851.7251131594296
CONMEBOL,2001-01,7.412709964501792,7.312629275305807,7.523981925912202,1660.4173169366904,1499.113598464836,1851.9268674895766
CONMEBOL,2001-02,7.412820804108583,7.312724539829456,7.524070337322556,1660.6014287002147,1499.2564187704838,1852.0906059886217
CONMEBOL,2001-03,7.412931895637044,7.312822016989664,7.524116187968578,1660.7859745205108,1499.402570686132,1852.17552776806
CONMEBOL,2001-04,7.413043425258154,7.312921865667215,7.524245558443458,1660.97126431954,1499.5522935091744,1852.4151598214642
CONMEBOL,2001-05,7.413155579142897,7.313024244742897,7.524364445853636,1661.1576081633884,1499.7058266643346,1852.6354018253382
CONMEBOL,2001-06,7.413268543462254,7.3131293130974955,7.524445951856372,1661.3453162596486,1499.863409708432,1852.7864090227376
CONMEBOL,2001-07,7.413382504387208,7.313243686699419,7.524621998088471,1661.5346989555653,1500.0349621545515,1853.11261358205
CONMEBOL,2001-08,7.413497648088738,7.313362843502986,7.524733743847605,1661.7260667369405,1500.2137091122472,1853.319703110468
CONMEBOL,2001-09,7.413614160737829,7.313485297441348,7.524846237921508,1661.9197302278017,1500.3974249196579,1853.528203619538
CONMEBOL,2001-10,7.413732228505463,7.313611196352848,7.524969239282859,1662.1160001908252,1500.5863331848052,1853.7562060972548
CONMEBOL,2001-11,7.413852037562619,7.313740688075827,7.525219508297616,1662.315187528531,1500.7806576824266,1854.2202009777104
CONMEBOL,2001-12,7.413973774080283,7.31387392044863,7.5254726814073,1662.5176032852335,1500.98062236186,1854.6896980451104
CONMEBOL,2002-01,7.4140976242294325,7.313927713210086,7.525722685959804,1662.7235586497545,1501.0613647528476,1855.1534351037214
CONMEBOL,2002-02,7.4142237741810515,7.314037831593329,7.5257801749774496,1662.933364958907,1501.2266684657698,1855.2600908541863
CONMEBOL,2002-03,7.4143524101061224,7.314121029719152,7.525816730978344,1663.1473337017349,1501.3515725513528,1855.3279131460818
CONMEBOL,2002-04,7.414483718175625,7.314286783789566,7.52585244240109,1663.3657765245193,1501.6004488127328,1855.3941709239962
CONMEBOL,2002-05,7.414617884560545,7.314492582440947,7.525887681336969,1663.5890052365557,1501.9095103982318,1855.4595544230317
CONMEBOL,2002-06,7.414755095431861,7.314711796141676,7.525922819877258,1663.8173318166905,1502.2387851244544,1855.5247539780007
CONMEBOL,2002-07,7.414895536960556,7.314907338559749,7.525994040291372,1664.0510684206217,1502.5325643292974,1855.6569094448398
CONMEBOL,2002-08,7.415039395317612,7.3150097607521065,7.526116127456853,1664.2905273889764,1502.686463320222,1855.8834739611195
CONMEBOL,2002-09,7.41518685667401,7.315254353005993,7.526240964548263,1664.5360212561484,1503.05405380434,1856.1151708076004
CONMEBOL,2002-10,7.415338107200732,7.3154716036981755,7.526360879433452,1664.7878627599007,1503.380628804429,1856.3377597908914
CONMEBOL,2002-11,7.4154933330687625,7.315615057023623,7.526422412462332,1665.0463648517512,1503.5963092051916,1856.4519897118494
CONMEBOL,2002-12,7.415652720449081,7.315706444141506,7.526486998589338,1665.3118407081126,1503.7337248054052,1856.5718954783417
CONMEBOL,2003-01,7.41581645551267,7.3157786807378,7.526554958712997,1665.5846037422114,1503.8423533675868,1856.698074004399
CONMEBOL,2003-02,7.41598472443051,7.315882468017724,7.526626613731832,1665.8649676167806,1503.99844112402,1856.8311224219772
CONMEBOL,2003-03,7.416157713373584,7.31617858503104,7.5267022845443705,1666.153246257522,1504.4438680129306,1856.9716381020683
CONMEBOL,2003-04,7.416335608512875,7.3163565093158045,7.526782292049136,1666.4497538673384,1504.7115701444206,1857.120218677723
CONMEBOL,2003-05,7.4165185960193645,7.316501797098489,7.526866957144654,1666.754804941355,1504.9302029346159,1857.2774620690313
CONMEBOL,2003-06,7.416706862064033,7.316651810680947,7.527004565520876,1667.0687142827044,1505.1559806406424,1857.5330578790938
CONMEBOL,2003-07,7.416900592817863,7.316806750511782,7.527174822968021,1667.3917970190928,1505.3892082253171,1857.849343461487
CONMEBOL,2003-08,7.417099974451837,7.316966817039605,7.527434311587242,1667.7243686201543,1505.630190945603,1858.3314922863062
CONMEBOL,2003-09,7.4173051931369365,7.317132210713021,7.527696949386511,1668.0667449155792,1505.8792343679097,1858.8196187165777
CONMEBOL,2003-10,7.417516435044143,7.31730313198064,7.527966419397108,1668.4192421140228,1506.1366443840138,1859.3205790474246
CONMEBOL,2003-11,7.417733886344438,7.317479781291066,7.5282260695517325,1668.7821768228137,1506.4027272276162,1859.8034136956503
CONMEBOL,2003-12,7.417957733208807,7.317662359092909,7.528364087725304,1669.1558660684361,1506.6777894915156,1860.0601195038562
CONMEBOL,2004-01,7.418188161808226,7.317851065834773,7.528510670736485,1669.5406273178041,1506.962138145427,1860.3327962317455
CONMEBOL,2004-02,7.418425358313682,7.318046101965269,7.528741016676319,1669.936778500339,1507.2560805544188,1860.761364935672
CONMEBOL,2004-03,7.418669508896155,7.3182476679330035,7.529004681102385,1670.3446380308294,1507.5599244979949,1861.2520448247315
CONMEBOL,2004-04,7.418920799726626,7.318455964186581,7.529275215985936,1670.7645248330914,1507.873978189803,1861.7556454354951
CONMEBOL,2004-05,7.419179416976077,7.3186723142464265,7.52955282767123,1671.196758364436,1508.200242924777,1862.272561461524
CONMEBOL,2004-06,7.419445546815492,7.318901226665221,7.5298377225025215,1671.6416586409348,1508.5455236749667,1862.8031883037345
CONMEBOL,2004-07,7.419719375415851,7.319137433317814,7.530130106824064,1672.0995462634876,1508.9018903570764,1863.3479220986894
CONMEBOL,2004-08,7.420001088948136,7.319381126363858,7.530402340344747,1672.5707424447132,1509.2696408012946,1863.855256927385
CONMEBOL,2004-09,7.42029087358333,7.319632497963002,7.530743148783326,1673.0555690366448,1509.649073371236,1864.4905827453708
CONMEBOL,2004-10,7.420588915492414,7.319891740274897,7.5310662156251045,1673.5543485592393,1510.040486986472,1865.093035497514
CONMEBOL,2004-11,7.42089540084637,7.320159045459193,7.531397579912109,1674.0674042297214,1510.4441811456757,1865.7111640422654
CONMEBOL,2004-12,7.42121051581618,7.320434605675542,7.531737444816554,1674.595059992745,1510.8604559503754,1866.3453630017002
CONMEBOL,2005-01,7.421534446572826,7.320718613083595,7.532086013510652,1675.1376405513786,1511.289612129315,1866.996027920067
CONMEBOL,2005-02,7.4218673792872885,7.321079773501403,7.532434569387423,1675.6954713989435,1511.8355288981306,1867.6468912923483
CONMEBOL,2005-03,7.4222095001305535,7.3214564170635175,7.532790810889522,1676.2688788516782,1512.4050599725538,1868.31234131437
CONMEBOL,2005-04,7.422560995273598,7.321840695940601,7.533120043703952,1676.8581900822448,1512.9863581554755,1868.9275520253364
CONMEBOL,2005-05,7.422922050887406,7.322232710984422,7.533379394821198,1677.4637331541028,1513.5795894660373,1869.4123245363196
CONMEBOL,2005-06,7.423292853142961,7.322632563046751,7.533650238583757,1678.0858370567244,1514.1849204407697,1869.9187144087139
CONMEBOL,2005-07,7.423673588211241,7.3230403529793575,7.5339817274356005,1678.724831741671,1514.802518146367,1870.5386765539547
CONMEBOL,2005-08,7.42406444226323,7.323456181634012,7.5344105845516145,1679.381048159552,1515.4325501926817,1871.3410418385602
CONMEBOL,2005-09,7.424465601469913,7.32388365377342,7.5348500054362315,1680.0548182978453,1516.0804939721372,1872.1635283186108
CONMEBOL,2005-10,7.424877252002267,7.324319461602497,7.535300173585421,1680.746475219598,1516.7413576595775,1873.0065059093133
CONMEBOL,2005-11,7.425299580031276,7.324763505686787,7.535761272495154,1681.45635310303,1517.4150071792062,1873.8703458096993
CONMEBOL,2005-12,7.425732700578565,7.325215835445905,7.536233411278987,1682.184667772086,1518.1015343317827,1874.7552810931304
CONMEBOL,2006-01,7.42617644406832,7.325676306415468,7.536716401520801,1682.9311577869917,1518.8007369108689,1875.6609878615168
CONMEBOL,2006-02,7.426630569775376,7.326144725660094,7.537209980422064,1683.6954422391223,1519.5123389752202,1876.587002647085
CONMEBOL,2006-03,7.427094836974564,7.326620900244403,7.537713885184244,1684.4771401135545,1520.2360643427894,1877.5328616788422
CONMEBOL,2006-04,7.427569004940714,7.327104637233008,7.538227853008807,1685.2758702434562,1520.9716365677361,1878.49810083136
CONMEBOL,2006-05,7.428052832948659,7.327595743690528,7.538751621097218,1686.0912512654945,1521.718778917964,1879.4822555747367
CONMEBOL,2006-06,7.428546080273231,7.3280943379511525,7.539284926650946,1686.922901576229,1522.4776880137324,1880.4848609257288
CONMEBOL,2006-07,7.4290485061892575,7.328601185880153,7.539827506871457,1687.7704392895018,1523.2495470047581,1881.5054514000533
CONMEBOL,2006-08,7.429559869971576,7.329114902417896,7.540379098960217,1688.6334821948508,1524.0322652867392,1882.5435609658732
CONMEBOL,2006-09,7.430079930895015,7.329635294092397,7.540939440118695,1689.5116477168933,1524.8255641969097,1883.5987229984592
CONMEBOL,2006-10,7.430608448234405,7.330162167431671,7.5415082675483545,1690.4045528757106,1525.6291646830084,1884.6704702359962
CONMEBOL,2006-11,7.431145181264579,7.330695328963736,7.54208242906765,1691.3118142482497,1526.44278728358,1885.7528858393966
CONMEBOL,2006-12,7.4316898892603716,7.33123458521661,7.542545450756855,1692.2330479306954,1527.2661521087762,1886.6262332310691
CONMEBOL,2007-01,7.432242331496607,7.3317797427183065,7.543002183837159,1693.1678695018427,1528.0989788216752,1887.4881172459884
CONMEBOL,2007-02,7.432802267248121,7.332330607996843,7.543465901566504,1694.1158939874842,1528.9409866201395,1888.3635863958946
CONMEBOL,2007-03,7.433369455789747,7.332858828854933,7.543936190318159,1695.076735825776,1529.7488174968282,1889.2518775591236
CONMEBOL,2007-04,7.4339436563963135,7.333350807777199,7.544412339484147,1696.0500088335964,1530.5016061135593,1890.151664481212
CONMEBOL,2007-05,7.434524628342653,7.333936601050066,7.544894757854708,1697.0353261739324,1531.3984266415728,1891.063736591966
CONMEBOL,2007-06,7.435112130903599,7.334548799916871,7.54550290302593,1698.0323003242383,1532.3362354698297,1892.2141213820898
CONMEBOL,2007-07,7.435705923353979,7.33514662749178,7.546214935044754,1699.040543045804,1533.2525842111093,1893.561907385775
CONMEBOL,2007-08,7.436305764968627,7.335721502210061,7.546935746769728,1700.059665354143,1534.1342676468498,1894.9272935362787
CONMEBOL,2007-09,7.436911415022376,7.336300699239839,7.547664971325823,1701.08927749037,1535.023093285901,1896.309620973856
CONMEBOL,2007-10,7.437522632790053,7.336885127826933,7.5483297902323905,1702.1289888935871,1535.9204686289231,1897.5707422372666
CONMEBOL,2007-11,7.438139177546494,7.337475892774542,7.548889470667086,1703.178408174302,1536.8281047133105,1898.6330761158822
CONMEBOL,2007-12,7.43876080856653,7.338070361418802,7.549446218997725,1704.237143088843,1537.741972491196,1899.6904324973361
CONMEBOL,2008-01,7.43938728512499,7.338668340824327,7.550005640476457,1705.304800514786,1538.6617855784282,1900.7534574722972
CONMEBOL,2008-02,7.440018366496706,7.339269638055738,7.550567624697982,1706.3809864274342,1539.5872569519872,1901.8219499482686
CONMEBOL,2008-03,7.440653811956514,7.339874060177653,7.551134114806408,1707.4653058772926,1540.5180989389553,1902.8996174436559
CONMEBOL,2008-04,7.44129338077924,7.340481414254684,7.551704930168063,1708.557362968573,1541.4540232060408,1903.9861309558562
CONMEBOL,2008-05,7.4419368322397155,7.341091507351455,7.552279890149281,1709.6567608387584,1542.3947407496607,1905.0811608239608
CONMEBOL,2008-06,7.442583925612778,7.341704146532581,7.5528588141163935,1710.763101639178,1543.3399618865326,1906.1843767133876
CONMEBOL,2008-07,7.443234420173253,7.3423191388626785,7.553441521435731,1711.8759865166217,1544.289396244823,1907.2954476010896
CONMEBOL,2008-08,7.443888075195975,7.342936291406365,7.554027831473626,1712.9950155960257,1545.242752755857,1908.4140417613633
CONMEBOL,2008-09,7.444544649955776,7.3435554112282615,7.554620729313815,1714.1197879641845,1546.1997396463591,1909.5458718657785
CONMEBOL,2008-10,7.445203903727483,7.344181036732422,7.555222651618092,1715.2499016545155,1547.1673810193636,1910.6956173441754
CONMEBOL,2008-11,7.445865595785934,7.3448104243429855,7.5559135893844624,1716.384953632908,1548.1414516600807,1912.0162459865828
CONMEBOL,2008-12,7.446529485405957,7.345441283447678,7.556608072619936,1717.5245397846122,1549.118416314112,1913.34457089069
CONMEBOL,2009-01,7.447195331862384,7.346073415822381,7.557298306774051,1718.6682549021943,1550.097972446152,1914.665681016526
CONMEBOL,2009-02,7.447862894430045,7.346761347144648,7.557987342015377,1719.8156926745962,1551.1647002148384,1915.9854068145837
CONMEBOL,2009-03,7.4485319323837755,7.347515435851554,7.5585608788760945,1720.9664456772443,1552.3348583966524,1917.0846108792007
CONMEBOL,2009-04,7.449202204998403,7.348270558237428,7.5591258093645495,1722.1201053632428,1553.5075064637317,1918.1679371499517
CONMEBOL,2009-05,7.449873471548761,7.348811600074765,7.559692189571257,1723.2762620556869,1554.3482445203304,1919.2546582817488
CONMEBOL,2009-06,7.450545491309682,7.349350595117977,7.560291858088766,1724.4345049410415,1555.1862550249302,1920.405920570964
CONMEBOL,2009-07,7.451218023555994,7.349888645061106,7.561105421077025,1725.59442206362,1556.0232473926715,1921.9689246302753
CONMEBOL,2009-08,7.451890827562533,7.350471581873436,7.561792238576388,1726.7556003211996,1556.930575075831,1923.2894206972137
CONMEBOL,2009-09,7.4525636626041285,7.35109519192821,7.562429390802115,1727.9176254617175,1557.9017961597979,1924.5152435661084
CONMEBOL,2009-10,7.453236287955611,7.351718261002816,7.563067606634179,1729.080082081086,1558.8727805021135,1925.7438993415624
CONMEBOL,2009-11,7.453908462891812,7.352340598839139,7.56370078287696,1730.2425536221579,1559.8432301535508,1926.9636244940402
CONMEBOL,2009-12,7.454579946687567,7.352962015179065,7.564334495704882,1731.4046223747919,1560.8128464257163,1928.1851569733992
CONMEBOL,2010-01,7.455250498617702,7.35353262369895,7.564968763569815,1732.5658694770532,1561.7037154034738,1929.4085350035818
CONMEBOL,2010-02,7.455919877957052,7.354071806670197,7.565603405559095,1733.7258749175794,1562.545987193866,1930.633411810057
CONMEBOL,2010-03,7.456587843980448,7.354612142859236,7.566238240760055,1734.884217539065,1563.3905163446807,1931.8594397357099
CONMEBOL,2010-04,7.457254155962721,7.355158931026391,7.566873088260027,1736.0404750428972,1564.2455905004606,1933.0862702384657
CONMEBOL,2010-05,7.457918573178701,7.355706837055085,7.567505557460592,1737.1942239949735,1565.1028824104505,1934.309275773569
CONMEBOL,2010-06,7.458580854903224,7.356262114816574,7.568134805118147,1738.345039832655,1565.9721863918444,1935.526814688028
CONMEBOL,2010-07,7.4592407604111175,7.356894536839303,7.568763605297631,1739.4924968728837,1566.9628541484967,1936.7442535069092
CONMEBOL,2010-08,7.459898048977215,7.3576727077603366,7.569458188146067,1740.6361683215048,1568.182697343603,1938.089941848407
CONMEBOL,2010-09,7.460552479876349,7.358447181444855,7.570309413490969,1741.7756262837336,1569.3976919389982,1939.7403801431278
CONMEBOL,2010-10,7.4612038123833475,7.359123636974568,7.571156188434281,1742.910441775808,1570.4596852132775,1941.3835912213165
CONMEBOL,2010-11,7.461851805773043,7.359726098857265,7.571916096710343,1744.0401847378548,1571.4061142195749,1942.859424236334
CONMEBOL,2010-12,7.462496219320271,7.360326948281801,7.572509027185531,1745.1644240479222,1572.3505765663606,1944.0117501213974
CONMEBOL,2011-01,7.463136812299858,7.360924355664188,7.573088283960958,1746.2827275372103,1573.290191308512,1945.138157356634
CONMEBOL,2011-02,7.463773343986639,7.361518127162529,7.5736659457328,1747.3946620065278,1574.2246439323324,1946.2621131065778
CONMEBOL,2011-03,7.464405573655443,7.362114082328622,7.574241837305038,1748.4997932439335,1575.1630850291183,1947.3832711868456
CONMEBOL,2011-04,7.465033260581103,7.362706782403541,7.574815783481648,1749.597686043584,1576.0969556238824,1948.5012846370157
CONMEBOL,2011-05,7.465656164038451,7.363295391989325,7.575387609066609,1750.687904225828,1577.0249302338834,1949.615805726024
CONMEBOL,2011-06,7.466274043302319,7.36387971584662,7.575957138863904,1751.7700106584905,1577.9466897430236,1950.7264859581317
CONMEBOL,2011-07,7.466886657647536,7.364459558736065,7.576524197677506,1752.8435672793814,1578.8619143835315,1951.8329760795416
CONMEBOL,2011-08,7.467493766348935,7.365035924753212,7.5770886103113995,1753.9081351200598,1579.7721784234159,1952.9349260856782
CONMEBOL,2011-09,7.468095128681349,7.365722762667933,7.577650201569562,1754.9632743307993,1580.8575992058607,1954.0319852290643
CONMEBOL,2011-10,7.468690503919606,7.366404958745067,7.578197198582132,1756.008544206791,1581.936423913066,1955.1011272711623
CONMEBOL,2011-11,7.469279651338541,7.367082252932562,7.578732417373245,1757.0435032156074,1583.008226373535,1956.1478142615697
CONMEBOL,2011-12,7.469862330212984,7.367754385178373,7.579315645958188,1758.0677090258841,1584.0725793874246,1957.2890282877759
CONMEBOL,2012-01,7.470438299817766,7.368421095430444,7.579871284254637,1759.080718537238,1585.129054745696,1958.376875363683
CONMEBOL,2012-02,7.471007319427719,7.369082123636726,7.580495691867988,1760.0820879114651,1586.177223250474,1959.6000825434098
CONMEBOL,2012-03,7.471569148317678,7.36973720974517,7.581066788269254,1761.0713726049537,1587.2166547365098,1960.7195227976904
CONMEBOL,2012-04,7.472123545762468,7.370374752347852,7.581555674388593,1762.0481274023482,1588.228904385814,1961.6783266100083
CONMEBOL,2012-05,7.472670271036924,7.3707690166359825,7.582130989153054,1763.0119064514936,1588.8552002753675,1962.8072337907656
CONMEBOL,2012-06,7.47320908341588,7.371161278665813,7.582701466913738,1763.9622632995988,1589.478562145656,1963.927291027027
CONMEBOL,2012-07,7.473739742174162,7.371551530144789,7.583266922045071,1764.898750930665,1590.0989730360138,1965.0381176767773
CONMEBOL,2012-08,7.474262006586606,7.3719397627803644,7.583827168921477,1765.8209218041804,1590.7164159799386,1966.1393324065605
CONMEBOL,2012-09,7.474775635928044,7.37232596827999,7.584382021917384,1766.7283278950526,1591.3308740061148,1967.2305532098735
CONMEBOL,2012-10,7.475280389473303,7.372710138351114,7.584931295407218,1767.6205207347964,1591.9423301394716,1968.3113974263185
CONMEBOL,2012-11,7.475776071971628,7.373092255323089,7.585474824089349,1768.497131806849,1592.55075246642,1969.3815217872057
CONMEBOL,2012-12,7.4762626700699,7.373472264012872,7.586004502791653,1769.3581139498874,1593.1560492853816,1970.4249375150043
CONMEBOL,2013-01,7.476740215889408,7.3738500998593155,7.586498165230554,1770.2035008457472,1593.7581138406401,1971.3979025531678
CONMEBOL,2013-02,7.477208741551444,7.374249020026591,7.586981458690707,1771.0333267340673,1594.3940228351225,1972.3508968681608
CONMEBOL,2013-03,7.477668279177301,7.37469010785425,7.587454426176219,1771.8476264019191,1595.0974461181427,1973.2839759611468
CONMEBOL,2013-04,7.478118860888265,7.375126026489915,7.587917110691193,1772.6464351736224,1595.792930635382,1974.1971961029253
CONMEBOL,2013-05,7.478560518805632,7.3755600652487425,7.588369555239738,1773.4297889007712,1596.4857163962515,1975.0906143263223
CONMEBOL,2013-06,7.478993285050691,7.376024767567177,7.588811802825961,1774.1977239524335,1597.2277794165689,1975.9642884185823
CONMEBOL,2013-07,7.479417191744732,7.376518686769503,7.589243896453968,1774.950277205545,1598.0168762803362,1976.8182769137245
CONMEBOL,2013-08,7.479832271009047,7.377004116520169,7.589665879127865,1775.6874860355178,1598.7927904526568,1977.6526390849447
CONMEBOL,2013-09,7.480238554964928,7.377487219511863,7.590077793851759,1776.4093883070323,1599.5653578897627,1978.4674349369693
CONMEBOL,2013-10,7.480636075733663,7.377961531010344,7.590479683629758,1777.1160223650256,1600.3242295779266,1979.2627251984231
CONMEBOL,2013-11,7.481024865436546,7.378427068226816,7.590945627131075,1777.8074270259053,1601.069413253073,1980.1851645411446
CONMEBOL,2013-12,7.481404956194867,7.378916152311268,7.591407551853449,1778.4836415689467,1601.8526623669386,1981.100064629296
CONMEBOL,2014-01,7.481776380129917,7.379420786222486,7.591864969586902,1779.1447057279,1602.6612158579753,1982.0064563133762
CONMEBOL,2014-02,7.482139169362985,7.3799185494423165,7.592317752737081,1779.7906596828198,1603.4591607057325,1982.9040747675208
CONMEBOL,2014-03,7.4824933560153655,7.3803903228676955,7.592765773709638,1780.4215440520913,1604.2158084680455,1983.7926548196024
CONMEBOL,2014-04,7.482838972208347,7.380736879291852,7.593081330589491,1781.037399884666,1604.7718554812545,1984.4187539382822
CONMEBOL,2014-05,7.4831760500632205,7.381203101521753,7.593365371827717,1781.6382686525271,1605.5202115817558,1984.982494426766
CONMEBOL,2014-06,7.483504621701279,7.381668397466853,7.59371361560243,1782.224192243356,1606.2674286221227,1985.673875963698
CONMEBOL,2014-07,7.4838247192438105,7.382128712319479,7.594121630851915,1782.7952129534128,1607.0069890388193,1986.4842277081345
CONMEBOL,2014-08,7.484136374812108,7.38248069925903,7.594522282252031,1783.3513734806536,1607.5727316951052,1987.2802762585877
CONMEBOL,2014-09,7.4844396205274615,7.3827366844282825,7.59491547400168,1783.8927169180479,1607.984297458744,1988.0618137177203
CONMEBOL,2014-10,7.4847344885111635,7.383175873873731,7.595301110299761,1784.41928674712,1608.6906642305735,1988.828632204638
CONMEBOL,2014-11,7.485021010884502,7.383614333858527,7.595679095345175,1784.9311268317238,1609.3961677052262,1989.5805238694538
CONMEBOL,2014-12,7.4852992197687716,7.384047505298478,7.5960493333368255,1785.4282814120315,1610.0934657210173,1990.317280908061
CONMEBOL,2015-01,7.48556914728526,7.384474100055864,7.596411728473608,1785.9107950987411,1610.7804728991061,1991.0386955770864
CONMEBOL,2015-02,7.4858308255552615,7.384893996714124,7.596755403847601,1786.3787128675258,1611.4569801885084,1991.723074726328
CONMEBOL,2015-03,7.4860842867000645,7.385307073856695,7.59708817372273,1786.8320800536965,1612.1227784090195,1992.3859621995814
CONMEBOL,2015-04,7.486329562840962,7.3857132100670135,7.597412627818654,1787.2709423470912,1612.7776582643278,1993.0325014242042
CONMEBOL,2015-05,7.48656668609924,7.386112283928515,7.597556228012755,1787.6953457872048,1613.4214103554082,1993.3187217539153
CONMEBOL,2015-06,7.486795688596196,7.3865041740246395,7.597645353607566,1788.1053367585384,1614.0538251941953,1993.4963853906802
CONMEBOL,2015-07,7.487016602453118,7.386888758938821,7.597908472812896,1788.5009619861748,1614.6746932175242,1994.0209816604863
CONMEBOL,2015-08,7.487229459791296,7.387112191872566,7.5981917324076935,1788.8822685315997,1615.0355000339298,1994.585887480638
CONMEBOL,2015-09,7.487434292732023,7.387182551284298,7.598466953803063,1789.2493037887418,1615.1491218998601,1995.1349161203455
CONMEBOL,2015-10,7.487631133396589,7.387245930184634,7.598730347359067,1789.6021154802436,1615.2514800140905,1995.6604906528144
CONMEBOL,2015-11,7.487820013906284,7.387302484542745,7.59895123441346,1789.940751653981,1615.342824113882,1996.101354600201
CONMEBOL,2015-12,7.488000966382401,7.3873523703277995,7.599085126156963,1790.2652606797967,1615.4234042136977,1996.368635060562
CONMEBOL,2016-01,7.488174022946229,7.38742149340254,7.599210700553861,1790.5756912464785,1615.535069908975,1996.6193460527581
CONMEBOL,2016-02,7.48833921571906,7.387643516698484,7.599332793048217,1790.872092358972,1615.8937982241885,1996.8631368289164
CONMEBOL,2016-03,7.488496576822185,7.387857445399698,7.599690908423528,1791.1545133358231,1616.2395265103924,1997.5783679774406
CONMEBOL,2016-04,7.488646138376896,7.388063309867243,7.600035462561877,1791.423003806857,1616.5722953647107,1998.2667575970333
CONMEBOL,2016-05,7.488787932504481,7.388258875395725,7.600139529353136,1791.6776137110974,1616.8884759925124,1998.4747238491086
CONMEBOL,2016-06,7.488921991326234,7.3883251112823745,7.6001920606162985,1791.9183932949143,1616.9955701599647,1998.5797133178553
CONMEBOL,2016-07,7.489048346963444,7.388386585855532,7.600234118357572,1792.1453931104093,1617.094973033943,1998.6637736379062
CONMEBOL,2016-08,7.489167031537403,7.388443425358594,7.600269247541644,1792.3586640140427,1617.186887211801,1998.733988996588
CONMEBOL,2016-09,7.489278077169401,7.388498512287441,7.600298210026817,1792.5582571654882,1617.2759717978536,1998.7918811919028
CONMEBOL,2016-10,7.489381515980729,7.388541509868774,7.6003211354576035,1792.7442240267267,1617.3455099608902,1998.8377082973282
CONMEBOL,2016-11,7.489477380092682,7.388594364527463,7.600338153478516,1792.9166163613806,1617.4309959797733,1998.8717286320953
CONMEBOL,2016-12,7.489565701626543,7.3886292029432115,7.600351269037179,1793.0754862342774,1617.4873458084344,1998.8979491417947
CONMEBOL,2017-01,7.48964651270361,7.388662515341355,7.600503437413647,1793.220886011252,1617.5412290347172,1999.2021351732992
CONMEBOL,2017-02,7.489719845445171,7.388694195535172,7.600648848630607,1793.3528683591862,1617.5924737603493,1999.492857466121
CONMEBOL,2017-03,7.489785731972517,7.388755125224696,7.600787519747947,1793.4714862462818,1617.6910362213032,1999.7701442115147
CONMEBOL,2017-04,7.489844204406941,7.388811164106823,7.6009194678255545,1793.576792942568,1617.7816923105984,2000.034023887335
CONMEBOL,2017-05,7.489895294869729,7.388893043171834,7.601043546489388,1793.668842020649,1617.9141602456543,2000.282197422465
CONMEBOL,2017-06,7.489939035482179,7.388884190062343,7.601160754909172,1793.7476873566793,1617.8998367023653,2000.5166587663402
CONMEBOL,2017-07,7.489975458365577,7.388900049682016,7.601271179963647,1793.8133831315777,1617.9254964662734,2000.737576964152
CONMEBOL,2017-08,7.4900045956412145,7.388906166939527,7.601326524906147,1793.865983832476,1617.9353938908948,2000.8483107219045
CONMEBOL,2017-09,7.490026479430384,7.388902285823884,7.601321144664193,1793.9055442543993,1617.9291143193345,2000.837545951566
CONMEBOL,2017-10,7.490041141854374,7.388927554218708,7.601306247287233,1793.9321195021769,1617.969997121091,2000.807738765671
CONMEBOL,2017-11,7.490048615034478,7.389016648663589,7.601284708205753,1793.9457649925912,1618.114156674603,2000.7646435311267
CONMEBOL,2017-12,7.490048931091987,7.389055662083716,7.601265937241152,1793.9465364567563,1618.1772865165974,2000.7270876509242
CONMEBOL,2018-01,7.490042122148191,7.388929777439052,7.601230606974806,1793.9344899427258,1617.9735942610398,2000.6564035634024
CONMEBOL,2018-02,7.490028220324381,7.388884605826685,7.601195655649784,1793.909681818333,1617.9005094946094,2000.586480696624
CONMEBOL,2018-03,7.490007257741848,7.388881114744174,7.601154298052933,1793.8721687742625,1617.894861279891,2000.5037450281952
CONMEBOL,2018-04,7.489979266521882,7.388871531835373,7.60110658414887,1793.8220078273482,1617.8793570624757,2000.4082980077098
CONMEBOL,2018-05,7.489944278785776,7.388957403886118,7.601052563902215,1793.7592563241021,1618.018294131577,2000.3002413091863
CONMEBOL,2018-06,7.489902326654819,7.389047666341164,7.600992287277582,1793.6839719444702,1618.1643487447197,2000.1796768252095
CONMEBOL,2018-07,7.489853442250303,7.389137439577928,7.600925804239593,1793.5962127058137,1618.309625958744,2000.0467066611643
CONMEBOL,2018-08,7.4897976576935195,7.389139815232313,7.600853164752863,1793.49603696712,1618.313469710703,1999.9014331294914
CONMEBOL,2018-09,7.489735005105758,7.389037791188738,7.60077441878201,1793.3835034334331,1618.1483681958482,1999.7439587440492
CONMEBOL,2018-10,7.489665516608311,7.388932547061121,7.600689616291653,1793.2586711605159,1617.9780753691214,1999.5743862145107
CONMEBOL,2018-11,7.489589224322468,7.388936265758058,7.60059880724641,1793.1215995597267,1617.984092723752,1999.3928184408371
CONMEBOL,2018-12,7.489506160369522,7.388957066346809,7.600502041610897,1792.9723484031258,1618.0177495616324,1999.1993585078117
CONMEBOL,2019-01,7.489416356870761,7.388974953217958,7.600399369349732,1792.8109778287997,1618.0466917086926,1998.9941096796495
CONMEBOL,2019-02,7.489319845947478,7.3889865216643065,7.600290840427534,1792.6375483464049,1618.0654106506893,1998.777175394657
CONMEBOL,2019-03,7.489216659720963,7.388961084594622,7.600169869841821,1792.4521208429303,1618.0242520450342,1998.5353880048485
CONMEBOL,2019-04,7.489106830312509,7.388707652754706,7.6000425746033935,1792.2547565886837,1617.6142422238627,1998.2809913784524
CONMEBOL,2019-05,7.488990389843405,7.3887325811456055,7.599909855041611,1792.0455172434845,1617.6545673767152,1998.0157906868012
CONMEBOL,2019-06,7.488867370434942,7.388753137796413,7.599771771381166,1791.8244648630814,1617.687821490184,1997.7399105569807
CONMEBOL,2019-07,7.488737804208413,7.388722185282877,7.599628383846745,1791.5916619057805,1617.637750625407,1997.4534757191907
CONMEBOL,2019-08,7.4886017232851065,7.388630020797532,7.599543927594031,1791.3471712392852,1617.488669536928,1997.2847815315256
CONMEBOL,2019-09,7.488459159786313,7.388607268933219,7.599388939608152,1791.09105614775,1617.4518746041747,1996.9752501740718
CONMEBOL,2019-10,7.488310204352744,7.388546247134504,7.599182679929965,1790.823485755721,1617.3531866214623,1996.5633996902131
CONMEBOL,2019-11,7.4881551817027825,7.388330528526548,7.599029756067954,1790.5450510579885,1617.0043344695885,1996.2581033920192
CONMEBOL,2019-12,7.487994475074225,7.3881082265582725,7.598872451559189,1790.2564482431574,1616.6449150162982,1995.9441110048829
CONMEBOL,2020-01,7.487828467704878,7.387879874732796,7.598711156418235,1789.9583731548682,1616.2757976488108,1995.6222049706064
CONMEBOL,2020-02,7.487657542832536,7.387649992569894,7.598565128622038,1789.6515212271124,1615.9042868434924,1995.3308060786856
CONMEBOL,2020-03,7.487482083695004,7.387426353057427,7.5985963050784395,1789.3365874241888,1615.5429345367618,1995.3930053443087
CONMEBOL,2020-04,7.487302473530081,7.387198443374059,7.598250655728127,1789.014266185293,1615.1747699918726,1994.7034264925232
CONMEBOL,2020-05,7.4871190955755695,7.386963734440756,7.598014612889381,1788.685251373731,1614.795714054908,1994.232650221702
CONMEBOL,2020-06,7.486932333069266,7.386725986636751,7.597831166325151,1788.3502362307652,1614.4118449587895,1993.8668456109142
CONMEBOL,2020-07,7.486742569248976,7.386476149989907,7.597646109941594,1788.0099133340777,1614.0085561004398,1993.4978994275991
CONMEBOL,2020-08,7.486550187352496,7.3862240265167936,7.597456070288702,1787.664974560842,1613.6016779565332,1993.1190878466216
CONMEBOL,2020-09,7.48635557061763,7.386106321446899,7.597263785922326,1787.3161110554072,1613.4117601837345,1992.735876818603
CONMEBOL,2020-10,7.486159102282178,7.385976248232695,7.597006225728742,1786.96401320158,1613.2019120198051,1992.222693573154
CONMEBOL,2020-11,7.485961165583938,7.385656555155401,7.596840083897814,1786.6093705994897,1612.6862651432605,1991.891729301019
CONMEBOL,2020-12,7.485762143760713,7.38553230445338,7.596547892356538,1786.2528720470398,1612.4859003289027,1991.3098012343569
CONMEBOL,2021-01,7.485562420050305,7.385516383312195,7.596340399497254,1785.8952055259324,1612.4602292886582,1990.8966621999705
CONMEBOL,2021-02,7.485362377690511,7.38536140206941,7.5962241006052045,1785.5370581922457,1612.2103471117498,1990.6651353018442
CONMEBOL,2021-03,7.485162399919134,7.385061310108694,7.596060347372068,1785.1791163715702,1611.7266076567207,1990.3391840497745
CONMEBOL,2021-04,7.484962869973975,7.384813178946679,7.59583148282145,1784.8220655586879,1611.3267381755832,1989.8837179960217
CONMEBOL,2021-05,7.484764171092834,7.384761280850488,7.595598067925652,1784.4665904217707,1611.2431182253708,1989.4193036585657
CONMEBOL,2021-06,7.484566686513511,7.384663898508927,7.595339122287431,1784.1133748111156,1611.0862284833336,1988.9042190279629
CONMEBOL,2021-07,7.484370799473808,7.384389516176017,7.59508267386508,1783.763101772382,1610.6442375247598,1988.3942334132196
CONMEBOL,2021-08,7.484176893211525,7.384133139472668,7.594829373880173,1783.4164535643279,1610.2313482410552,1987.8906375603794
CONMEBOL,2021-09,7.483985350964462,7.3838226981077275,7.59459085111222,1783.0741116810455,1609.731539191207,1987.4165366819136
CONMEBOL,2021-10,7.483796555970419,7.383599582536223,7.594334134081519,1782.7367568786776,1609.3724266529416,1986.9064005308398
CONMEBOL,2021-11,7.483610891467199,7.383339429571956,7.594094876765854,1782.4050692066023,1608.9537967591018,1986.4310774462913
CONMEBOL,2021-12,7.483428740692602,7.383090047309494,7.593860682746463,1782.0797280430916,1608.5525998922692,1985.9659236738391
CONMEBOL,2022-01,7.483250486884428,7.382993371824554,7.593632893272388,1781.7614121354263,1608.3971007842829,1985.5135955563153
CONMEBOL,2022-02,7.483076513280478,7.382937676310962,7.593412159565202,1781.4507996444618,1608.3075265173218,1985.0753771385866
CONMEBOL,2022-03,7.482907203118551,7.382884818255588,7.593199132846478,1781.1485681936406,1608.2225161199606,1984.6525516045185
CONMEBOL,2022-04,7.482742939636451,7.382601284240569,7.593074521717797,1780.855394922453,1607.7665909691666,1984.4052564697793
CONMEBOL,2022-05,7.482584106071977,7.38250299057256,7.592959428089214,1780.5719565443258,1607.608566707885,1984.1768688329084
CONMEBOL,2022-06,7.482431085662929,7.382298958352651,7.592856062695171,1780.2989294089525,1607.2805973857999,1983.9717789579972
CONMEBOL,2022-07,7.482284261647108,7.382179822183814,7.592767939694836,1780.0369895690615,1607.0891243811436,1983.7969516775913
CONMEBOL,2022-08,7.482144017262315,7.382312527130939,7.592703683247625,1779.7868128516084,1607.3024207179765,1983.6694842138882
CONMEBOL,2022-09,7.482010735746351,7.382354148383502,7.592651670007545,1779.5490749334097,1607.3693300397986,1983.566309854916
CONMEBOL,2022-10,7.481884800337015,7.382320697822956,7.59232399080449,1779.3244514212163,1607.3155699342108,1982.9164469639313
CONMEBOL,2022-11,7.48176659427211,7.382287422812115,7.591954453630199,1779.1136179362213,1607.2620944457724,1982.1838377189931
CONMEBOL,2022-12,7.481656500789435,7.382254332286703,7.591718569118558,1778.9172502030217,1607.208917896652,1981.71634441964
CONMEBOL,2023-01,7.481554903126792,7.3822214351824424,7.591619187103568,1778.7360241430365,1607.1560546052067,1981.51941584029
CONMEBOL,2023-02,7.4814621845219795,7.38218874043506,7.591528790527061,1778.5706159723802,1607.1035188860237,1981.340299287828
CONMEBOL,2023-03,7.4813787282128015,7.382156256980277,7.591458285997793,1778.4217023042245,1607.0513250499707,1981.2006081895793
CONMEBOL,2023-04,7.481304917437054,7.38199075091331,7.591457016569517,1778.289960255641,1606.7853556781233,1981.1980858772517
CONMEBOL,2023-05,7.481241135432543,7.381743396834763,7.591468124662701,1778.176067558949,1606.3879340809672,1981.2200869389558
CONMEBOL,2023-06,7.481187765437063,7.381488669033145,7.5914921155570925,1778.0807026775885,1605.97877445463,1981.2676132151669
CONMEBOL,2023-07,7.481145190688421,7.381231158687309,7.591521666214362,1778.004544926534,1605.5652595799497,1981.3261488845399
CONMEBOL,2023-08,7.481113794424415,7.381091214932793,7.591559858391164,1777.9482745972696,1605.3405846986657,1981.4018117051207
CONMEBOL,2023-09,7.481093959882845,7.381029227903126,7.591459837733938,1777.9125730873554,1605.2410819365673,1981.2036408720448
CONMEBOL,2023-10,7.481086070301512,7.380730899735624,7.591701118291208,1777.898123034609,1604.7622612717566,1981.6817231000668
CONMEBOL,2023-11,7.481090508918216,7.380650428826222,7.591806753410618,1777.9056084559315,1604.6331290832502,1981.8910694455203
CONMEBOL,2023-12,7.4811076589707595,7.380630587239056,7.591772195829833,1777.9357148908125,1604.6012908886053,1981.8225822899415
CONMEBOL,2024-01,7.481137903696941,7.380768846902693,7.591704314159842,1777.9891295495465,1604.823161969744,1981.688062537671
CONMEBOL,2024-02,7.481181626334564,7.380926024277305,7.591826780617543,1778.0665414662067,1605.075424594243,1981.9307686576497
CONMEBOL,2024-03,7.4812392101214265,7.381094036701293,7.591971343925612,1778.1686416564035,1605.3451205255703,1982.2172966601013
CONMEBOL,2024-04,7.481311038295329,7.381269293869488,7.5917392016208,1778.2961232798868,1605.6264936486555,1981.7572027736583
CONMEBOL,2024-05,7.481397494094075,7.381247487454229,7.5915757818890155,1778.4496818080333,1605.591475651926,1981.4333948650344
CONMEBOL,2024-06,7.481498960755464,7.381306960194648,7.591838375898408,1778.6300151962703,1605.686966067563,1981.953773727952
CONMEBOL,2024-07,7.481615821517295,7.381552691612064,7.592112872142256,1778.8378240614863,1606.0815823269622,1982.4978734119036
CONMEBOL,2024-08,7.481748459617369,7.381757539993012,7.592404815451821,1779.0738118645015,1606.4106192586162,1983.07672238941
CONMEBOL,2024-09,7.481897258293489,7.381760272693147,7.592718599887072,1779.3386850976412,1606.4150090825601,1983.699073948098
CONMEBOL,2024-10,7.482062600783452,7.382156205053255,7.592700906011644,1779.6331534774897,1607.0511733087926,1983.663975432715
CONMEBOL,2024-11,7.482244870325062,7.382325520056643,7.592876081946517,1779.9579301428957,1607.323289659401,1984.0114955322836
CONMEBOL,2024-12,7.48244445015612,7.3827130669934755,7.5929912318490045,1780.3137318582963,1607.9463254350262,1984.2399691899836
CONMEBOL,2025-01,7.482661723514422,7.382755386173984,7.593213617054816,1780.701279222438,1608.0143700893752,1984.6812821050416
CONMEBOL,2025-02,7.4828970736377745,7.382971850136246,7.593765892677087,1781.1212968825885,1608.3624847504548,1985.7776761895466
CONMEBOL,2025-03,7.483150883763974,7.382984303128375,7.594433121122989,1781.5745137543147,1608.3825139419368,1987.103085757062
CONMEBOL,2025-04,7.4834235371308235,7.383090886748921,7.594756386247417,1782.061663246914,1608.553950194539,1987.7455630233726
CONMEBOL,2025-05,7.48371541697612,7.383168670420951,7.595342028369017,1782.5834834946213,1608.6790743703853,1988.9100239973745
CONMEBOL,2025-06,7.484026906537671,7.383792916209192,7.595982041735311,1783.1407175936622,1609.6836152326632,1990.1833565198854
CONMEBOL,2025-07,7.484358389053271,7.383955506855637,7.596627303714955,1783.734113845273,1609.9453475045766,1991.467939598627
CONMEBOL,2025-08,7.484710247760722,7.384123038932225,7.596811387410518,1784.3644260048102,1610.2150814759916,1991.8345716719668
CONMEBOL,2025-09,7.4850828658978275,7.384620198786068,7.597133642697837,1785.032413537047,1611.0158201123113,1992.4765531562616
CONMEBOL,2025-10,7.4854766267023845,7.384793140948822,7.5972888031431065,1785.7388418777825,1611.2944504810973,1992.7857372227438
CONMEBOL,2025-11,7.485891913412195,7.385405948447523,7.597940632374125,1786.484482701921,1612.2821675115215,1994.0851184368837
CONMEBOL,2025-12,7.4863291092650615,7.3863176915401425,7.598259332250553,1787.2701141981127,1613.752825842853,1994.7208183364148
CONMEBOL,2026-01,7.48678859749878,7.386571036709887,7.598800024315379,1788.0965213501188,1614.1617114076782,1995.799589771008
CONMEBOL,2026-02,7.487270761351157,7.3866271791393565,7.599363780167726,1788.9644962250684,1614.2523459848394,1996.9250092047373
CONMEBOL,2026-03,7.487775984059989,7.386755972717057,7.599838718352476,1789.8748382687206,1614.4602709381588,1997.8736499639504
CONMEBOL,2026-04,7.488304648863078,7.386924694949102,7.6006739771567675,1790.8283546079108,1614.7326771193927,1999.5430919300186
CONMEBOL,2026-05,7.488857138998226,7.38718512167018,7.601059421996424,1791.8258603603738,1615.1532482602672,2000.3139543553402
CONMEBOL,2026-06,7.489433837703233,7.387280037888347,7.60145757402793,1792.8681789520733,1615.3065612820326,2001.1105373264998
CONMEBOL,2026-07,7.4900351282158955,7.387526045889387,7.601822225929958,1793.9561424422445,1615.7039869539735,2001.8404054694297
CONMEBOL,2026-08,7.490661393774021,7.388138793722536,7.6026153667242875,1795.0905918563594,1616.6943173455552,2003.4287522312236
CAF,1992-01,7.29147774172623,7.260229227714011,7.321391429788509,1468.0534121894789,1422.5825952113914,1512.3067751768415
CAF,1992-02,7.290669321463161,7.259551943166761,7.320586982520842,1466.8651698880806,1421.619428229658,1511.0906934529671
CAF,1992-03,7.2898834408949496,7.258948592264373,7.319511205250935,1465.7111321177467,1420.761951682018,1509.4659704872522
CAF,1992-04,7.289119833904782,7.258424152635845,7.318470412931327,1464.5908140502968,1420.017042999884,1507.895747755901
CAF,1992-05,7.288378234375843,7.25788484044849,7.317454493182289,1463.5037352725908,1419.2514174789524,1506.3646243422113
CAF,1992-06,7.287658376191311,7.25727142659594,7.316467666891814,1462.449419655392,1418.3810954902835,1504.878837084376
CAF,1992-07,7.286959993234376,7.25654214356175,7.315820211519447,1461.4273952248216,1417.3470712956698,1503.9048124457531
CAF,1992-08,7.28628281938822,7.255893375838593,7.315435703209194,1460.4371940363237,1416.4278404823378,1503.3266585642793
CAF,1992-09,7.285626588536024,7.2552068191913115,7.3149348784001145,1459.478352051149,1415.455716395051,1502.5739441952192
CAF,1992-10,7.284991034560976,7.2545704175006716,7.314418280049767,1458.550409015269,1414.5552044385995,1501.7979170665185
CAF,1992-11,7.284375891346257,7.254076644000704,7.314068651250163,1457.6529083406683,1413.8569071405852,1501.2729360567328
CAF,1992-12,7.283780892775051,7.253644122464548,7.313369673347757,1456.7853969889995,1413.2455156694293,1500.2239461736465
CAF,1993-01,7.283205772730543,7.25323458260438,7.312448549094415,1455.9474253575445,1412.666855043477,1498.8426909889747
CAF,1993-02,7.282650265095917,7.252579658925434,7.311820011824517,1455.1385471674128,1411.7419681877393,1497.900908545441
CAF,1993-03,7.282114103754356,7.251933297086798,7.311288674895314,1454.3583193539798,1410.8297664812526,1497.105231670282
CAF,1993-04,7.281597022589043,7.251347803787068,7.310881448963983,1453.6063019595063,1410.0039768115505,1496.4956946212262
CAF,1993-05,7.281098755483164,7.25089061289096,7.310507262663683,1452.882058027877,1409.3594838511417,1495.9358291673964
CAF,1993-06,7.280619036319901,7.250450928874844,7.310147601761294,1452.1851535014675,1408.739947404262,1495.3978963973325
CAF,1993-07,7.280157598982439,7.249963096722948,7.309683016136533,1451.5151571200736,1408.0528858633027,1494.7033173108903
CAF,1993-08,7.27971417735396,7.2494458653108,7.309214587109703,1450.8716403218643,1407.3247846352444,1494.0033198768806
CAF,1993-09,7.279288505317649,7.249022909067243,7.308726678081809,1450.2541771463507,1406.729673670876,1493.2745627245072
CAF,1993-10,7.278880316756691,7.248552425416699,7.308236729162348,1449.6623441393263,1406.0679862967609,1492.543110098842
CAF,1993-11,7.27848934555427,7.248136178080565,7.307772999790927,1449.0957202597313,1405.4828359777812,1491.8511342248732
CAF,1993-12,7.278115325593566,7.2476378626644875,7.307403562947068,1448.5538867884422,1404.7826365703945,1491.3000912725804
CAF,1994-01,7.277757990757766,7.247345654476266,7.307059966053531,1448.0364272389456,1404.3722075187702,1490.7877732263628
CAF,1994-02,7.277417074930054,7.246979050226105,7.306614750737471,1447.5429272698514,1403.8574530185801,1490.1241999475571
CAF,1994-03,7.277092311993612,7.246664701790866,7.306297028649696,1447.07297459925,1403.4162222631462,1489.650829392994
CAF,1994-04,7.276783435831626,7.246368437669722,7.305959632485172,1446.6261589208766,1403.0005017740573,1489.1483116529348
CAF,1994-05,7.276490180327278,7.246158800677965,7.305699326778935,1446.202071822037,1402.7064117609323,1488.760728577099
CAF,1994-06,7.276212279363752,7.2459425995677496,7.305472115690739,1445.800306703311,1402.4031778267574,1488.4225036149078
CAF,1994-07,7.275949466824234,7.245657488443346,7.305261060342771,1445.4204586999872,1402.0033940346473,1488.108397484191
CAF,1994-08,7.275701476591906,7.2454886120938715,7.305050300594326,1445.0621246052021,1401.7666488143066,1487.7947969848608
CAF,1994-09,7.27546804254995,7.2453289464932915,7.304803526631001,1444.7249027947878,1401.5428527815013,1487.427693281035
CAF,1994-10,7.2752488985815535,7.245126530767893,7.30454029985747,1444.408393153791,1401.2591872185262,1487.0362144219796
CAF,1994-11,7.275043778569898,7.24491052310981,7.304344714376779,1444.1121970046424,1400.956537257306,1486.7454001945493
CAF,1994-12,7.274852416398168,7.2447124001055325,7.304177770848884,1443.8359170369781,1400.6790030196553,1486.4972182059632
CAF,1995-01,7.274674545949548,7.244504707394767,7.304028099695242,1443.57915723908,1400.3881223376045,1486.2747489070737
CAF,1995-02,7.27450990110722,7.244349445553145,7.303883123137534,1443.3415228309175,1400.1707123499934,1486.0592894481451
CAF,1995-03,7.274358215754369,7.244202650250921,7.30375554123428,1443.1226201987938,1399.9651889896377,1485.8697072313544
CAF,1995-04,7.27421922377418,7.244019915773363,7.303613872953508,1442.9220568315634,1399.7093904086792,1485.6592215326255
CAF,1995-05,7.274092659049835,7.243879200603041,7.3034949378161444,1442.7394412584174,1399.512443917964,1485.4825349741516
CAF,1995-06,7.2739782554645185,7.243775752101303,7.303373637341703,1442.574382988221,1399.3676739484702,1485.3023561707291
CAF,1995-07,7.273875746901413,7.243698628364067,7.303263044137029,1442.426492450394,1399.2597536421483,1485.1381009120523
CAF,1995-08,7.273784867243704,7.243643234018504,7.3031629522806085,1442.295380937317,1399.1822448821094,1484.9894581287642
CAF,1995-09,7.273705350374575,7.243556882693531,7.303073155850922,1442.1806605482595,1399.061428694576,1484.8561173728292
CAF,1995-10,7.2736369301772115,7.243564017906836,7.302993448926452,1442.0819441348171,1399.0714118279448,1484.7377687854605
CAF,1995-11,7.273579340534794,7.243498108628445,7.302923625585684,1441.998845247846,1398.9792029382784,1484.6341030657186
CAF,1995-12,7.273532315330509,7.243445002682423,7.302862317685533,1441.9309780858896,1398.90491066455,1484.5430860084468
CAF,1996-01,7.273495588447538,7.243404115859977,7.302702611039333,1441.8779574450898,1398.847714965573,1484.306013969268
CAF,1996-02,7.273468893769066,7.243392001598819,7.302607875865694,1441.8393986705696,1398.8307689237292,1484.1654051975506
CAF,1996-03,7.273451965178277,7.2434926559442046,7.302609666430583,1441.8149176092877,1398.971575049717,1484.168062249398
CAF,1996-04,7.273444536558355,7.243503956781346,7.3026219011666464,1441.8041305643521,1398.9873848773332,1484.1862202840662
CAF,1996-05,7.273446341792484,7.243508401214282,7.302648193457165,1441.8066542507909,1398.9936025979155,1484.225243378761
CAF,1996-06,7.273457114763845,7.243465042301097,7.302690478252902,1441.8221057527733,1398.9329444190619,1484.2880048599864
CAF,1996-07,7.273476589355627,7.243484407986452,7.302738473898035,1441.8501024822765,1398.9600358678715,1484.3592459535112
CAF,1996-08,7.273504499451009,7.2434883192883275,7.302794423974644,1441.8902621391915,1398.9655075538326,1484.442298266768
CAF,1996-09,7.273540578933178,7.243545489480617,7.302820544764955,1441.9422026728685,1399.0454889772927,1484.4810736710324
CAF,1996-10,7.2735845616853165,7.243607229943609,7.30284960902564,1442.005542245094,1399.1318695039586,1484.52421955064
CAF,1996-11,7.273636181590607,7.243680598017956,7.302777139059068,1442.0798991944994,1399.2345247289306,1484.4166400440101
CAF,1996-12,7.273695172532236,7.243800153381237,7.302749820047163,1442.1648920023954,1399.4018207491963,1484.376087920192
CAF,1997-01,7.273761268393387,7.243882480040318,7.30277107245302,1442.260139260031,1399.5170335421808,1484.407634980188
CAF,1997-02,7.273834203057242,7.24401836261461,7.302861319003198,1442.3652596372788,1399.7072166294013,1484.5416035126975
CAF,1997-03,7.273913710406985,7.244102385219943,7.302975721575555,1442.4798718527386,1399.8248285058896,1484.7114484915587
CAF,1997-04,7.2739995243258,7.24419140662273,7.303045558394488,1442.6035946452603,1399.9494483407325,1484.815139775831
CAF,1997-05,7.274091378696874,7.244282906153763,7.303193837502813,1442.736046746891,1400.0775489509283,1485.0353230939083
CAF,1997-06,7.274189007403386,7.24433016575057,7.3033462853046895,1442.8768468572325,1400.1437175839883,1485.2617306575105
CAF,1997-07,7.274292144328523,7.2444427785297645,7.3034517955623075,1443.025613619222,1400.3014005367193,1485.4184493763828
CAF,1997-08,7.274400523355468,7.244584733384957,7.303541305412112,1443.1819655963313,1400.500194251015,1485.5514148026946
CAF,1997-09,7.274513878367404,7.244742007939379,7.303669643435797,1443.3455212511792,1400.7204745938773,1485.7420797937943
CAF,1997-10,7.274631943247517,7.244902779848072,7.303839660313353,1443.515898925564,1400.9456892030407,1485.994702480079
CAF,1997-11,7.274754451878987,7.245051524797306,7.304013052985388,1443.692716821917,1401.1540883314296,1486.2523854045362
CAF,1997-12,7.274881138145003,7.245144245000496,7.304183863368516,1443.8755929861716,1401.2840096125078,1486.506274427596
CAF,1998-01,7.275011735928743,7.245278364009785,7.304354556748204,1444.0641452920534,1401.4719610378959,1486.7600328684766
CAF,1998-02,7.275145979113396,7.245422304857993,7.304471921928955,1444.2579914267956,1401.673704619701,1486.9345369704824
CAF,1998-03,7.275283601582143,7.245572156219451,7.304526664853371,1444.45674887827,1401.8837630828764,1487.0159390831247
CAF,1998-04,7.275424337218168,7.245752427594664,7.304620532551974,1444.660034923546,1402.1365053674158,1487.155529327829
CAF,1998-05,7.275567919904656,7.245972529328629,7.304783882783973,1444.8674666188786,1402.445152093402,1487.3984762318016
CAF,1998-06,7.27571408352479,7.246159730057916,7.304949263183847,1445.078660791115,1402.7077154770027,1487.644482991981
CAF,1998-07,7.2758625619617545,7.2462712608608495,7.305155086568436,1445.2932340305344,1402.8641693534983,1487.950705294564
CAF,1998-08,7.276013089098731,7.246445405440315,7.305341936380334,1445.5108026851224,1403.1084918724844,1488.2287549335933
CAF,1998-09,7.276165398818907,7.246577829093059,7.3055376102471135,1445.730982856269,1403.2943087733065,1488.5199907515596
CAF,1998-10,7.276319225005463,7.246712852614221,7.305729934174944,1445.9533903959057,1403.4837992351331,1488.8062960403686
CAF,1998-11,7.276474301541586,7.246862959805962,7.305883461981133,1446.17764090508,1403.6944880607457,1489.034886681813
CAF,1998-12,7.276630362310456,7.247039604473673,7.305985098962232,1446.403349733964,1403.9424651063418,1489.1862359279696
CAF,1999-01,7.276787179803579,7.247218471786332,7.306149317402647,1446.6301878709876,1404.193606979072,1489.4308080775752
CAF,1999-02,7.276944680945726,7.2473825069509745,7.306323733115842,1446.8580496958446,1404.4239630136444,1489.6906106369408
CAF,1999-03,7.277102831269993,7.247598357297048,7.306498879303589,1447.086885469696,1404.7271411825843,1489.9515469390376
CAF,1999-04,7.2772615963094704,7.247748032844348,7.306674720477267,1447.3166454670586,1404.9374101688848,1490.2135646705528
CAF,1999-05,7.277420941597253,7.247902017088935,7.3068512067223015,1447.5472799733386,1405.1537650920336,1490.4765899800675
CAF,1999-06,7.277580832666434,7.2480767417836836,7.307061267299405,1447.7787392824257,1405.399301606902,1490.789713076108
CAF,1999-07,7.2777412350501045,7.248253499852729,7.307249477118532,1448.0109736943418,1405.6477391798412,1491.0703208085195
CAF,1999-08,7.277902114281358,7.248444069273532,7.307415258570342,1448.2439335129577,1405.915638183903,1491.3175330229153
CAF,1999-09,7.278063435893289,7.248645454348518,7.307562604124468,1448.4775690437625,1406.1987971186888,1491.5372882389927
CAF,1999-10,7.278225165418989,7.248853706489702,7.3077411311652645,1448.7118305916931,1406.4916715212266,1491.803591730231
CAF,1999-11,7.278387268391549,7.249075570263645,7.307898377416806,1448.9466684590284,1406.803755723847,1492.0381907140516
CAF,1999-12,7.278549710344067,7.249266367774637,7.308098248593278,1449.1820329433376,1407.0721959738348,1492.3364359281632
CAF,2000-01,7.2787124568096315,7.249435456197221,7.308280005347891,1449.4178743354882,1407.310135690496,1492.6077028069833
CAF,2000-02,7.278875473321337,7.249597622418551,7.308428387819112,1449.6541429177187,1407.5383726020045,1492.8291960768372
CAF,2000-03,7.279038725412276,7.249760453330076,7.308571307608133,1449.890788961768,1407.767582066543,1493.0425661399145
CAF,2000-04,7.279202178615541,7.249924351812946,7.3087007794318275,1450.127762727058,1407.9983316834498,1493.2358856034057
CAF,2000-05,7.279365798464227,7.250124107568699,7.308830483463123,1450.36501445895,1408.2796155782055,1493.429576889835
CAF,2000-06,7.279529550491425,7.250352369425755,7.308990082713717,1450.6024943870493,1408.6011091999771,1493.6679462499476
CAF,2000-07,7.279693400230228,7.2505253235233065,7.309126894165806,1450.8401527235694,1408.8447535375144,1493.8723115149216
CAF,2000-08,7.27985731321373,7.2506764779998765,7.309256596718507,1451.0779396617672,1409.057722566459,1494.0660829162339
CAF,2000-09,7.280021254975023,7.25082849031076,7.309406107365992,1451.3158053744262,1409.2719328440546,1494.2894781726632
CAF,2000-10,7.2801851910472,7.250989810448699,7.309557185959174,1451.5537000124016,1409.4992951045037,1494.515250353255
CAF,2000-11,7.280349086963354,7.251149035390432,7.309669659606213,1451.7915737032342,1409.7237404226073,1494.6833538151357
CAF,2000-12,7.280512908256579,7.251289554060348,7.309809153376037,1452.029376549814,1409.9218468368445,1494.891867890894
CAF,2001-01,7.280676620459966,7.2514546651751886,7.3099584819060075,1452.2670586291065,1410.154659832461,1495.1151151190513
CAF,2001-02,7.28084018910661,7.251631053856601,7.310109586616132,1452.504569990944,1410.403417134668,1495.341051775158
CAF,2001-03,7.281003579729602,7.25180792271146,7.310262379966536,1452.7418606568724,1410.6528956533866,1495.5695481335624
CAF,2001-04,7.281166757862035,7.251986620627163,7.3104146075066465,1452.978880619057,1410.9049988415375,1495.7972322086384
CAF,2001-05,7.281329689037003,7.252190878157803,7.310567201570784,1453.2155798392557,1411.193216272112,1496.0254988227261
CAF,2001-06,7.2814923387876,7.252357955028266,7.310721250463283,1453.4519082478448,1411.4290137007722,1496.255977118962
CAF,2001-07,7.281654672646915,7.252513033016779,7.310876668069519,1453.6878157429082,1411.647912233431,1496.4885392458593
CAF,2001-08,7.281816656148045,7.252656431134374,7.31103336827487,1453.9232521893914,1411.8503544015766,1496.723057280607
CAF,2001-09,7.281978254824081,7.252788214070034,7.311191264964713,1454.1581674183083,1412.0364244498044,1496.9594032273092
CAF,2001-10,7.2821394342081165,7.2529076809033395,7.311350272024422,1454.3925112260133,1412.20512604665,1497.1974490153282
CAF,2001-11,7.282300159833243,7.253071211600688,7.311510303339376,1454.6262333735365,1412.4360838348643,1497.437066497755
CAF,2001-12,7.282460397232557,7.253213888321873,7.31167110081125,1454.859283585975,1412.6376199636693,1497.677869871094
CAF,2002-01,7.2826201119391465,7.2533889338704665,7.31181161894646,1455.0916115519456,1412.8849175507492,1497.8883355765317
CAF,2002-02,7.282779269486107,7.253554211934058,7.311940901517189,1455.3231669231031,1413.1184558086459,1498.0819990611578
CAF,2002-03,7.282937835406533,7.25369341115881,7.3120704593301,1455.5538993137163,1413.315174442527,1498.2761000740563
CAF,2002-04,7.283095775233514,7.253831863675331,7.3122002503229915,1455.783758300301,1413.5108649835329,1498.4705757529534
CAF,2002-05,7.283253054500145,7.253970084502398,7.312330232433668,1456.0126934213274,1413.7062551124689,1498.6653632026832
CAF,2002-06,7.283409638739521,7.254127373857413,7.312458134220085,1456.240654176973,1413.9286335459267,1498.8570573644834
CAF,2002-07,7.28356549348473,7.254285895669783,7.312609906942519,1456.4675900289467,1414.1527898420272,1499.0845598625724
CAF,2002-08,7.283720584268867,7.254444868961507,7.312794670610783,1456.693450400374,1414.3776202378845,1499.3615613187835
CAF,2002-09,7.283874876625027,7.254603542169351,7.3129680164202755,1456.9181846757406,1414.6020618812133,1499.6214917647117
CAF,2002-10,7.284028336086299,7.254762312663886,7.313168439142062,1457.1417422008972,1414.8266767787507,1499.9220801054348
CAF,2002-11,7.284180928185782,7.254920166704446,7.313343091673828,1457.3640722831315,1415.05003052181,1500.1840681685644
CAF,2002-12,7.284332618456562,7.255077235745092,7.313469578390007,1457.5851241912976,1415.2723085548896,1500.3738336891515
CAF,2003-01,7.284483372431735,7.25521883248037,7.3136579975669,1457.8048471560053,1415.472720667126,1500.6565595109132
CAF,2003-02,7.284633155644395,7.255387357533418,7.31384719554715,1458.0231903698786,1415.7112833932572,1500.9405074158933
CAF,2003-03,7.284781933627634,7.2555467202564765,7.3139804579045204,1458.240102987871,1415.93691304132,1501.1405396157568
CAF,2003-04,7.284929671914544,7.255707490606975,7.314094975400263,1458.4555341276414,1416.1645719193002,1501.3124563139108
CAF,2003-05,7.285076336038218,7.255914649516601,7.314210193425462,1458.66943287,1416.4579734238278,1501.485444543735
CAF,2003-06,7.2852218915317515,7.256100244852593,7.314350197587869,1458.8817482594081,1416.7208859493483,1501.695673482226
CAF,2003-07,7.285366303928234,7.256250403209998,7.3144701416375355,1459.0924293045439,1416.9336345165054,1501.8758037239936
CAF,2003-08,7.285509538760761,7.256356770153083,7.31459084586866,1459.3014249789323,1417.08435722597,1502.0570974373443
CAF,2003-09,7.285651561562423,7.256475386188146,7.314709713669913,1459.5086842216367,1417.2524560737845,1502.2356542705954
CAF,2003-10,7.285792337866316,7.256659456476273,7.314827374836408,1459.7141559380082,1417.5133542030349,1502.4124194649455
CAF,2003-11,7.28593183320553,7.256834316760582,7.314944327770872,1459.9177890005053,1417.7612427563051,1502.588141281407
CAF,2003-12,7.286070013113159,7.256941588009043,7.3150600797305305,1460.1195322495735,1417.913335788782,1502.7620788694164
CAF,2004-01,7.286206843122297,7.257067255373703,7.315172135290014,1460.3193344945823,1418.0915324358389,1502.93048115027
CAF,2004-02,7.286342288766035,7.257211410526624,7.315283119876151,1460.5171445148358,1418.295972505441,1503.0972925252136
CAF,2004-03,7.286476315577467,7.257357255538715,7.315392996371832,1460.7129110606359,1418.5028389242361,1503.2624566609586
CAF,2004-04,7.2866088890896865,7.25750336246848,7.315502405230891,1460.9065828544135,1418.7101070698034,1503.4269358891838
CAF,2004-05,7.286739974835784,7.257645491411566,7.315611416828611,1461.0981085919238,1418.9117611728025,1503.590835800029
CAF,2004-06,7.286869538348856,7.257728115447999,7.31573437743653,1461.2874369435021,1419.0290022923525,1503.7757296415964
CAF,2004-07,7.286997545161992,7.2578244675160315,7.315914337525865,1461.4745165553813,1419.1657352150198,1504.0463735804879
CAF,2004-08,7.287123960808289,7.258016447115984,7.31606996637399,1461.6592960510775,1419.4382122756206,1504.280464824789
CAF,2004-09,7.287248750820835,7.2581522599527135,7.316209628358496,1461.8417240328356,1419.6310032437402,1504.4905704666412
CAF,2004-10,7.287371880732726,7.2582668730412845,7.31634787787245,1462.0217490831365,1419.7937209478946,1504.6985802485265
CAF,2004-11,7.287493316077054,7.25836264069878,7.316484679003031,1462.199319766272,1419.9296977384663,1504.9044392344676
CAF,2004-12,7.287613022386913,7.2584838323342264,7.316619219621602,1462.3743846299797,1420.101791730849,1505.1069239597662
CAF,2005-01,7.2877309651953945,7.2586243275175235,7.31674994128416,1462.54689220714,1420.3013232121075,1505.303686625248
CAF,2005-02,7.287847110035591,7.258738413082953,7.316879085120188,1462.7167910175417,1420.46336835855,1505.49809960865
CAF,2005-03,7.287961422440597,7.258852563158931,7.3170133838225935,1462.884029569705,1420.6255241055203,1505.7002993270835
CAF,2005-04,7.288073867943506,7.258969430496412,7.3171573437449355,1463.0485563627708,1420.7915584504995,1505.9170751307172
CAF,2005-05,7.288184412077408,7.259088707255398,7.317298523994558,1463.210319888453,1420.96103561432,1506.1296957431998
CAF,2005-06,7.288293020375399,7.259209017056101,7.317410601039721,1463.369268633056,1421.132001341487,1506.2985077863966
CAF,2005-07,7.28839965837057,7.259320610297933,7.31750386343829,1463.5253510795474,1421.2905989957744,1506.4389955261063
CAF,2005-08,7.288504291596014,7.259433537488078,7.317625325331388,1463.6785157097067,1421.4511106649732,1506.6219816554544
CAF,2005-09,7.288606885584826,7.259546178721008,7.317745013915581,1463.828711006327,1421.611234124931,1506.8023179883728
CAF,2005-10,7.2887074058700945,7.2596524564907225,7.3178628945366295,1463.9758854554818,1421.7623283676858,1506.9799513409266
CAF,2005-11,7.288805817984918,7.25973744648636,7.317978932540296,1464.1199875488603,1421.883169430039,1507.1548285191805
CAF,2005-12,7.288902096503393,7.259820821122301,7.318093100493516,1464.2609790380532,1422.0017237499596,1507.3269072049573
CAF,2006-01,7.288996252163659,7.259902592068063,7.318205399847935,1464.398874703873,1422.1180073466182,1507.496188621009
CAF,2006-02,7.28908830474486,7.259973495910201,7.318315839276373,1464.5337026208606,1422.2188448063487,1507.662684894313
CAF,2006-03,7.28917827402614,7.26003741850448,7.318424427451651,1464.6654909067522,1422.3097597735634,1507.8264081735588
CAF,2006-04,7.289266179786644,7.260099860825477,7.31853117304659,1464.794267720866,1422.398575007577,1507.987370628884
CAF,2006-05,7.2893520418055155,7.260161767969825,7.31863608473401,1464.9200612625261,1422.4866341344114,1508.1455844516152
CAF,2006-06,7.289435879861903,7.260222396222358,7.3187372583567605,1465.04289976951,1422.572879343343,1508.2981763521057
CAF,2006-07,7.289517713734947,7.260281626913308,7.318835921572781,1465.1628115165295,1422.6571415380797,1508.4469968902242
CAF,2006-08,7.2895975632037935,7.2603394865529705,7.318932788265003,1465.2798248137424,1422.7394580846544,1508.593122082301
CAF,2006-09,7.289675448047588,7.260396001651631,7.318991724123678,1465.3939680052968,1422.8198663657631,1508.682034984043
CAF,2006-10,7.289751388045476,7.2604511987195846,7.319035424349794,1465.5052694679002,1422.8984037802613,1508.7479664381872
CAF,2006-11,7.289825402976598,7.260505104267118,7.319076657743497,1465.6137576094288,1422.9751077426452,1508.810179013319
CAF,2006-12,7.2898975126201035,7.26055813698232,7.319183834755612,1465.719460867559,1423.050573680884,1508.9718972885448
CAF,2007-01,7.289967736755136,7.260609920088654,7.319290808765396,1465.8224077084353,1423.1242653131378,1509.1333263834101
CAF,2007-02,7.290036095160838,7.26066047482075,7.319393742179574,1465.922626625368,1423.1962125850775,1509.2886743206586
CAF,2007-03,7.290102607616358,7.260709828915162,7.3194640177479,1466.0201461375607,1423.266454707167,1509.394744124029
CAF,2007-04,7.290167293900836,7.260743831749268,7.3195500678185335,1466.114994788873,1423.314850428025,1509.52463332009
CAF,2007-05,7.290230173793422,7.2607698423956295,7.319665666297209,1466.2072011466082,1423.351872145571,1509.6991421056161
CAF,2007-06,7.290291267073255,7.2608257701955585,7.319705822439231,1466.29679380034,1423.4314793848366,1509.7597671353303
CAF,2007-07,7.290350593519484,7.260891803370981,7.31969637682331,1466.383801360763,1423.5254762162576,1509.7455072087623
CAF,2007-08,7.2904081729112535,7.260936509974021,7.3196828146443425,1466.4682524585817,1423.5891185781834,1509.7250325533062
CAF,2007-09,7.290464025027704,7.2609789583833475,7.319713730352609,1466.5501757434254,1423.6495489192682,1509.7717072431235
CAF,2007-10,7.290518169647986,7.261020406885452,7.319749206223097,1466.6295998827977,1423.7085582666273,1509.8252683461817
CAF,2007-11,7.29057062655124,7.261068493379673,7.31978388378833,1466.7065535610584,1423.777021066607,1509.8776260370025
CAF,2007-12,7.290621415516614,7.261098514897609,7.31981777404013,1466.781065478433,1423.8197656597213,1509.9287967992482
CAF,2008-01,7.290670556323248,7.261135360536765,7.319850887970324,1466.853164350058,1423.8722282079675,1509.9787971217365
CAF,2008-02,7.290718068750292,7.2611727699310356,7.319883236570736,1466.922878905057,1423.9254953844447,1510.0276434982154
CAF,2008-03,7.290763972576888,7.261209299364187,7.319911494358349,1466.9902378856461,1423.977511514171,1510.070314107115
CAF,2008-04,7.2908082875821805,7.261259154855157,7.319949388007517,1467.0552700462752,1424.0485063788744,1510.1275373069218
CAF,2008-05,7.290851033545315,7.2612836828923575,7.319983461542173,1467.1180041527964,1424.083435915482,1510.178993727895
CAF,2008-06,7.290892230245435,7.261379628171477,7.32001764455666,1467.1784689816698,1424.2200767018353,1510.230617352681
CAF,2008-07,7.290931897461687,7.261406335826926,7.320099358949723,1467.2366933191945,1424.2581147390215,1510.3540297439506
CAF,2008-08,7.290970054973215,7.2613950234660685,7.320178120180257,1467.292705960778,1424.242003009445,1510.4729915295582
CAF,2008-09,7.291006722559163,7.261426509839276,7.320197963309527,1467.3465357102336,1424.286847939588,1510.5029643334894
CAF,2008-10,7.291041919998677,7.261460576182212,7.320204963669464,1467.3982113791103,1424.3353690142173,1510.5135384347439
CAF,2008-11,7.291075667070901,7.261494441941414,7.320210123493727,1467.4477617860553,1424.3836060163994,1510.5213324391782
CAF,2008-12,7.291107983554979,7.261525391411359,7.320213482339729,1467.495215756209,1424.4276906234513,1510.5264060562151
CAF,2009-01,7.291138889230057,7.261556181996577,7.3202169835465165,1467.54060212063,1424.4715502550634,1510.5316947512554
CAF,2009-02,7.291168403875278,7.26158558843119,7.320217285650677,1467.583949715755,1424.5134394990964,1510.5321510879999
CAF,2009-03,7.291196547269789,7.261625017046729,7.3202647987387355,1467.6252873828867,1424.56960720389,1510.6039228208888
CAF,2009-04,7.291223339192733,7.261664255028724,7.320291670412069,1467.6646439677183,1424.6255055499853,1510.6445158474571
CAF,2009-05,7.291248799423256,7.261702778846601,7.320317671791433,1467.7020483198864,1424.6803886068342,1510.6837952778842
CAF,2009-06,7.291272947740501,7.2617415649869645,7.320343097238996,1467.7375292925587,1424.7356475283013,1510.722205708093
CAF,2009-07,7.291295803923614,7.261788930216125,7.32036795443088,1467.7711157420501,1424.8031320656887,1510.759758667677
CAF,2009-08,7.29131738775174,7.261835241224119,7.320392251043214,1467.8028365274756,1424.8691176865655,1510.7964656889535
CAF,2009-09,7.291337719004023,7.2618747254682345,7.320415994752123,1467.8327205104308,1424.9253787007801,1510.832338306899
CAF,2009-10,7.291356817459606,7.261864413295283,7.320438776873779,1467.8607965547083,1424.9106846435113,1510.8667588851508
CAF,2009-11,7.291374702897638,7.261851037670527,7.320457894647564,1467.8870935260416,1424.8916257008505,1510.8956430691696
CAF,2009-12,7.29139139509726,7.261870797186502,7.320476453990387,1467.911640291887,1424.919781186387,1510.9236841970255
CAF,2010-01,7.291406913837617,7.2618788000425685,7.320494464187024,1467.9344657212312,1424.9311846549415,1510.9508962571874
CAF,2010-02,7.291421278897856,7.261872053248276,7.320509708417586,1467.9555986844362,1424.9215709537411,1510.9739296499981
CAF,2010-03,7.29143451005712,7.261881896492263,7.320533262999283,1467.975068053114,1424.935596865052,1511.0095204782895
CAF,2010-04,7.291446627094554,7.26188075980988,7.3205540681295185,1467.9929027000312,1424.93397715723,1511.040957721822
CAF,2010-05,7.291457649789302,7.261912573337194,7.320574395861321,1468.0091314990502,1424.979310065962,1511.0716743545577
CAF,2010-06,7.291467597920511,7.26195049067358,7.320594253290521,1468.0237833250999,1425.0333425654044,1511.1016810572394
CAF,2010-07,7.291476491267324,7.261979355820018,7.320613647512952,1468.0368870541774,1425.0744770167573,1511.1309885124942
CAF,2010-08,7.2914843496088855,7.261985461656904,7.320632585624446,1468.0484715633838,1425.083178291667,1511.1596074047754
CAF,2010-09,7.291491192724339,7.261943177125558,7.320650668822856,1468.058565730992,1425.022920492386,1511.1869348699554
CAF,2010-10,7.291497040392833,7.261953932253181,7.320665409948298,1468.0671984365438,1425.0382468743853,1511.2092111714162
CAF,2010-11,7.2915019123935085,7.261969009828396,7.320679694495145,1468.074398560983,1425.0597331568526,1511.2307978450262
CAF,2010-12,7.291505828505513,7.261984585337443,7.320693531436383,1468.0801949868169,1425.0819293643247,1511.2517084231756
CAF,2011-01,7.29150880850799,7.261981750946942,7.320706929745002,1468.0846165983128,1425.077890127252,1511.2719564396662
CAF,2011-02,7.291510872180083,7.26198889869758,7.320719898393991,1468.087692281724,1425.0880762818442,1511.2915554296433
CAF,2011-03,7.2915120393009385,7.261978170641274,7.320732446356338,1468.0894509255486,1425.0727879216377,1511.3105189295354
CAF,2011-04,7.2915123296497,7.261997187442084,7.3207445826050295,1468.0899214208218,1425.099888509309,1511.3288604769905
CAF,2011-05,7.291511763005514,7.262010578743416,7.320756316113055,1468.0891326614383,1425.1189725784893,1511.34659361083
CAF,2011-06,7.291510359147523,7.262004437284411,7.320767655853403,1468.0871135445068,1425.110220341375,1511.3637318709818
CAF,2011-07,7.291508137854873,7.261985621580781,7.320778610799061,1468.0838929707365,1425.083406507563,1511.3802887984386
CAF,2011-08,7.291505118906708,7.261967306917366,7.320789189923018,1468.0794998448584,1425.0573069690454,1511.3962779352016
CAF,2011-09,7.291501322082174,7.261945435963597,7.320780512534412,1468.0739630760731,1425.0261397667794,1511.3831630346895
CAF,2011-10,7.291496767160414,7.261914989384456,7.320768738502405,1468.0673115785353,1424.9827530538955,1511.3653681226529
CAF,2011-11,7.291491473920574,7.261885094692684,7.320770981887153,1468.059574271867,1424.9401541065274,1511.3687587320605
CAF,2011-12,7.291485462141798,7.261880203884853,7.320774064269391,1468.050780081706,1424.933185028131,1511.3734173871132
CAF,2012-01,7.29147875160323,7.261854082921706,7.320775008612419,1468.0409579402833,1424.8959648599007,1511.374844688065
CAF,2012-02,7.2914713620840175,7.2618636442666356,7.32077379090761,1468.0301367870313,1424.9095888478535,1511.3730043438302
CAF,2012-03,7.291463313363303,7.261860681435521,7.320770387146339,1468.0183455692306,1424.905367179246,1511.367860085426
CAF,2012-04,7.291454625220231,7.261844296889785,7.320764773319983,1468.0056132426798,1424.8820208838995,1511.3593756668101
CAF,2012-05,7.291445317433946,7.26183712216694,7.320755901561311,1467.9919687724039,1424.8717977782687,1511.345967286278
CAF,2012-06,7.2914354097835945,7.261861558971373,7.320744543118439,1467.977441133391,1424.9066175305688,1511.328800804447
CAF,2012-07,7.29142492204832,7.261865495475226,7.320730900309855,1467.9620593113625,1424.9122266650256,1511.3081821496417
CAF,2012-08,7.291413874007268,7.26187368860032,7.320714950587004,1467.945852303574,1424.9239011874506,1511.2840773847481
CAF,2012-09,7.291402285439582,7.261902380108094,7.320696671401329,1467.9288491196492,1424.9647849963399,1511.256452599692
CAF,2012-10,7.291390176124407,7.2619065921218695,7.320676040204272,1467.9110787824452,1424.9707869818108,1511.22527391233
CAF,2012-11,7.291377566403586,7.261895299328679,7.3206530498382385,1467.8925711836462,1424.9546951802265,1511.1905307278632
CAF,2012-12,7.291364478869742,7.261897093738437,7.3206277547094905,1467.8733596464608,1424.9572521326493,1511.1523055105336
CAF,2013-01,7.291350936678201,7.261888461024291,7.320600224615253,1467.8534783573155,1424.9449509382234,1511.1107039990009
CAF,2013-02,7.291336962984284,7.261834090555787,7.320582699632921,1467.8329615092118,1424.8674781032432,1511.0842220326474
CAF,2013-03,7.291322580943314,7.261797512442308,7.3205733055537365,1467.8118433002887,1424.815360113702,1511.0700267717789
CAF,2013-04,7.291307813710614,7.261760906006771,7.320564311798178,1467.7901579324337,1424.7632036359641,1511.056436558678
CAF,2013-05,7.291292684441508,7.261781965179309,7.320555715201661,1467.7679396099481,1424.7932084222584,1511.043446596565
CAF,2013-06,7.291277216291318,7.261808390937697,7.320547512599605,1467.7452225382638,1424.8308605671928,1511.0310520895375
CAF,2013-07,7.291261432415365,7.261819094622553,7.320539700827429,1467.7220409227104,1424.8461118104713,1511.019248242542
CAF,2013-08,7.291245355968977,7.261741600953325,7.320532276720549,1467.6984289673364,1424.7356990023704,1511.0080302613476
CAF,2013-09,7.291229010107471,7.261663265506245,7.320524892347392,1467.6744208737794,1424.6240958425838,1510.9968723913018
CAF,2013-10,7.291212417986172,7.261629331966925,7.320514350957609,1467.6500508401916,1424.5757542016604,1510.9809444233006
CAF,2013-11,7.2911956027604035,7.261608303268499,7.32047150635187,1467.6253530602132,1424.5457979084945,1510.916208490616
CAF,2013-12,7.291178587585487,7.261585918240496,7.320428356525579,1467.6003617220008,1424.5139104115915,1510.8510143032274
CAF,2014-01,7.291161395616748,7.261562565704597,7.320384300045455,1467.5751110073065,1424.4806455873425,1510.7844531841909
CAF,2014-02,7.291144050009508,7.261530924476709,7.3203399096216435,1467.5496350906083,1424.4355743980148,1510.7173905461477
CAF,2014-03,7.291126573919088,7.2614929979379825,7.320295301393231,1467.5239681382914,1424.381550737629,1510.6500019128964
CAF,2014-04,7.291108990500812,7.261455755579104,7.320250510714799,1467.4981443078852,1424.3285036862676,1510.5823407358532
CAF,2014-05,7.291091322910004,7.2614187943326405,7.320280115454519,1467.4721977473478,1424.2758592121218,1510.62706119026
CAF,2014-06,7.291073594301985,7.2613821499710784,7.320337016112925,1467.446162594404,1424.2236682169137,1510.7130187390412
CAF,2014-07,7.291055827832079,7.261368252401094,7.320376706687753,1467.4200729759345,1424.203875047705,1510.7729808820325
CAF,2014-08,7.291038046655609,7.261366204251449,7.320359289620072,1467.393963007418,1424.2009581610919,1510.7466679181625
CAF,2014-09,7.291020273927899,7.261302471688233,7.320342325157937,1467.3678667924246,1424.1101929834688,1510.7210392248833
CAF,2014-10,7.291002532804267,7.261332999846827,7.320321259496369,1467.34181842216,1424.153669282891,1510.6892150712272
CAF,2014-11,7.2909848464400415,7.261303796713379,7.32030556662063,1467.3158519750618,1424.112079987583,1510.6655082751606
CAF,2014-12,7.290967237990542,7.261272212322411,7.32027925006752,1467.2900015164473,1424.0671009655975,1510.6257532142192
CAF,2015-01,7.290949730611092,7.261237469733396,7.320204435298933,1467.2643010982154,1424.017626112279,1510.512740486406
CAF,2015-02,7.290932347457016,7.261202010084499,7.32020649212223,1467.2387847585949,1423.9671319779786,1510.5158472647695
CAF,2015-03,7.290915111683634,7.261165881882662,7.320208787803515,1467.213486521951,1423.9156877370579,1510.5193148782348
CAF,2015-04,7.29089804644627,7.2611301659041905,7.320211335939108,1467.1884403986367,1423.8648321845585,1510.5231638666455
CAF,2015-05,7.290881174900249,7.26108508012713,7.320213552678906,1467.1636803849028,1423.8006374842266,1510.526512305448
CAF,2015-06,7.29086452020089,7.260971788148293,7.320215045684973,1467.1392404628516,1423.639341053193,1510.5287675329039
CAF,2015-07,7.290848105503519,7.260915004894036,7.320219529643068,1467.11515460045,1423.558504585503,1510.5355406957522
CAF,2015-08,7.290831953963457,7.260884651004646,7.320223493239967,1467.0914567515892,1423.515294659984,1510.5415278618368
CAF,2015-09,7.290816088736028,7.26085633371644,7.320226943612813,1467.0681808561958,1423.4749850605622,1510.5467398029432
CAF,2015-10,7.2908005329765535,7.260825909211745,7.320225786029206,1467.0453608403984,1423.4316772498066,1510.544991218911
CAF,2015-11,7.290785309840357,7.260797883092432,7.320192869273053,1467.023030616742,1423.3917845364108,1510.4952698555858
CAF,2015-12,7.2907704424827635,7.260772178197085,7.320205535253041,1467.001224084455,1423.3551968201414,1510.5144018506026
CAF,2016-01,7.290755954059092,7.260761936545537,7.320235712788049,1466.9799751297683,1423.3406193825863,1510.5599861242667
CAF,2016-02,7.290741867724668,7.260796735530436,7.320190802148939,1466.959317626284,1423.390151098639,1510.492147496519
CAF,2016-03,7.290728206634813,7.260819676030909,7.320079064951154,1466.9392854353987,1423.4228048398568,1510.323379659853
CAF,2016-04,7.29071499394485,7.260776763929578,7.320059293951852,1466.919912406776,1423.3617239688667,1510.2935196092562
CAF,2016-05,7.290702252810102,7.260754966585719,7.32004881072218,1466.9012323788697,1423.3306988092681,1510.2776870769208
CAF,2016-06,7.290690006385893,7.260749693846854,7.32008373774557,1466.8832791795016,1423.3231940687817,1510.3304363700777
CAF,2016-07,7.290678277827545,7.260746447283451,7.3200860759142685,1466.8660866264868,1423.3185730927264,1510.333967897346
CAF,2016-08,7.290667090290379,7.260742604722926,7.320015755480246,1466.849688528314,1423.3131038802157,1510.2277645172546
CAF,2016-09,7.29065646692972,7.2607355585111435,7.320005312066212,1466.8341186848734,1423.3030749611294,1510.2119923930345
CAF,2016-10,7.290646430900892,7.260729179317683,7.319995476380177,1466.8194108882426,1423.2939954535102,1510.19713830819
CAF,2016-11,7.290637005359214,7.2607332388619525,7.320010698023356,1466.805598923513,1423.299773395152,1510.2201261853745
CAF,2016-12,7.290628213460011,7.2607416171988195,7.319983455096839,1466.7927165696804,1423.3116983253326,1510.1789841681248
CAF,2017-01,7.290620078358608,7.260732346355908,7.319975102445609,1466.7807976005768,1423.2985030886723,1510.16636996797
CAF,2017-02,7.290612623210324,7.260690599270534,7.319967395909746,1466.7698757858593,1423.2390857839966,1510.1547317459235
CAF,2017-03,7.2906058711704835,7.260676678588942,7.319931389348354,1466.7599848920474,1423.2192736096972,1510.100357276424
CAF,2017-04,7.29059984539441,7.260661950210148,7.319883230127204,1466.7511586836154,1423.1983123181856,1510.027633955065
CAF,2017-05,7.290594569037426,7.260600066362709,7.319835588258898,1466.7434309241303,1423.1102419234496,1509.95569547234
CAF,2017-06,7.290590065254853,7.260528083749635,7.319898647918411,1466.7368353774477,1423.007806115283,1510.0509152815594
CAF,2017-07,7.290586357202015,7.260595252059704,7.319909361297887,1466.731405808955,1423.1033904473409,1510.067093105316
CAF,2017-08,7.290583468034234,7.260605708051193,7.319876155901913,1466.7271759868665,1423.1182704564671,1510.016951708034
CAF,2017-09,7.290581420906836,7.260590184262459,7.3198423108663855,1466.7241796835722,1423.0961783765383,1509.9658460176934
CAF,2017-10,7.2905802389751395,7.260598445899877,7.319836617502845,1466.722450677036,1423.1079355523846,1509.9572490376568
CAF,2017-11,7.2905799453944695,7.260614999877555,7.319798635375105,1466.722022752246,1423.131493962136,1509.8998988149046
CAF,2017-12,7.290580563320148,7.260613150514012,7.319747627971799,1466.7229297027159,1423.1288620587932,1509.8228851218953
CAF,2018-01,7.290582115907499,7.260602753501098,7.319719755646498,1466.7252053320399,1423.1140657408946,1509.7808039148754
CAF,2018-02,7.290584626311845,7.260605491648714,7.319693027024619,1466.7288834554968,1423.1179624293618,1509.74045076334
CAF,2018-03,7.2905881176885075,7.26063111154363,7.319667481470079,1466.7339979017072,1423.1544231102587,1509.7018849774333
CAF,2018-04,7.2905926131928105,7.26065814745908,7.319640646847612,1466.7405825143421,1423.1929000892608,1509.6613732923638
CAF,2018-05,7.290598135980077,7.260687887175288,7.31961450811243,1466.7486711538838,1423.2352261474698,1509.6219130434026
CAF,2018-06,7.29060470920563,7.260719094405358,7.319607679530516,1466.758297699436,1423.2796421498083,1509.6116040314243
CAF,2018-07,7.290612356024792,7.260751778090103,7.319630125434322,1466.7694960505903,1423.326161015705,1509.6454881673794
CAF,2018-08,7.290621099592885,7.260783766600928,7.319652759803768,1466.7823001293407,1423.3716918911637,1509.6796578198696
CAF,2018-09,7.290630963065233,7.260803743645608,7.319675585124722,1466.7967438820508,1423.400126870601,1509.7141167559141
CAF,2018-10,7.290641969597158,7.260823893105777,7.319698603883052,1466.812861281475,1423.4288078261425,1509.7488687426849
CAF,2018-11,7.290654142343984,7.260844207381713,7.319683737718467,1466.8306863288296,1423.4577239588693,1509.726424793121
CAF,2018-12,7.290667504461033,7.260854268286311,7.319658495448885,1466.8502530559165,1423.4720451538683,1509.6883166215187
CAF,2019-01,7.290682079103626,7.260865096088762,7.319633969362427,1466.8715955272987,1423.4874581999618,1509.6512908016578
CAF,2019-02,7.29069788942709,7.260877716176491,7.319610184583816,1466.8947478425312,1423.5054227872133,1509.6153851756694
CAF,2019-03,7.290714958586745,7.260900230406401,7.31968096834808,1466.9197441384397,1423.5374722662216,1509.7222446188637
CAF,2019-04,7.290733309737914,7.260936030837953,7.319771030658501,1466.946618591454,1423.588436464078,1509.8582192280196
CAF,2019-05,7.290752966035919,7.260941426574188,7.319867261061607,1466.9754054199934,1423.5961177601994,1510.0035202057306
CAF,2019-06,7.290773950636087,7.260977664858017,7.3199104978232965,1467.0061388869071,1423.6477074146183,1510.0688092694872
CAF,2019-07,7.290796286693735,7.26099705582423,7.3198876612056045,1467.0388533019632,1423.6753135915712,1510.0343248027455
CAF,2019-08,7.290819997364189,7.261014554530081,7.319841220181323,1467.0735830243916,1423.7002262728213,1509.9641989533654
CAF,2019-09,7.290845105802773,7.261036799485859,7.319868379590945,1467.1103624654845,1423.7318967467538,1510.0052092141443
CAF,2019-10,7.290871670196208,7.261066383060328,7.319851369023475,1467.1492775259655,1423.77401644361,1509.9795233527948
CAF,2019-11,7.290899888856812,7.2611774596869925,7.319801048007819,1467.1906198973084,1423.9321735098308,1509.9035416095703
CAF,2019-12,7.290929995128305,7.261218698411508,7.319846919370994,1467.234732749396,1423.9908959116967,1509.972804493468
CAF,2020-01,7.290962222354406,7.261261010274317,7.319943637260601,1467.2819592952817,1424.0511489148546,1510.1188529335257
CAF,2020-02,7.290996803878835,7.261304650053597,7.3200318206944806,1467.3326427930467,1424.113295544179,1510.2520263098313
CAF,2020-03,7.291033973045307,7.261350757900249,7.320126090987583,1467.3871265488156,1424.1789597240418,1510.3944049617055
CAF,2020-04,7.291073963197545,7.261409466989548,7.32020662451349,1467.4457539209234,1424.2625742329637,1510.5160471758952
CAF,2020-05,7.291117007679264,7.261448962924553,7.320246050564346,1467.5088683252466,1424.318827932559,1510.5756023044237
CAF,2020-06,7.2911633398341875,7.261537226678689,7.320309547070301,1467.5768132416792,1424.444549248982,1510.6715220545036
CAF,2020-07,7.29121319300603,7.261584413193721,7.320406146663539,1467.649932221776,1424.5117653722223,1510.8174592370624
CAF,2020-08,7.291266800538511,7.261635134433893,7.320501502094748,1467.7285688975433,1424.5840202188792,1510.9615301607855
CAF,2020-09,7.291324395775351,7.261677355824569,7.320482643592193,1467.8130669913917,1424.6441693834045,1510.9330365919745
CAF,2020-10,7.291386212060266,7.26172988791401,7.320721487290336,1467.9037703272425,1424.7190108844864,1511.2939558918008
CAF,2020-11,7.291452482736979,7.261787897663976,7.320819536651155,1468.0010228427961,1424.8016609201068,1511.4421445628152
CAF,2020-12,7.291523441149206,7.261810545092325,7.320855193507417,1468.1051686029518,1424.8339293418958,1511.496038810462
CAF,2021-01,7.291599320640665,7.261861271501038,7.320942713698716,1468.2165518143918,1424.9062078864229,1511.6283310278257
CAF,2021-02,7.2916803545550755,7.2619754964952365,7.321017754344636,1468.3355168413232,1425.0689771026541,1511.7417688594007
CAF,2021-03,7.291766776236159,7.262095653237891,7.321023670959101,1468.4624082223786,1425.2402190080804,1511.7507136940562
CAF,2021-04,7.29185881902763,7.262245265069814,7.321056623814191,1468.5975706886807,1425.4534677713962,1511.800531640679
CAF,2021-05,7.291956716273211,7.262376040919044,7.321252279066626,1468.7413491830682,1425.6398948605822,1512.0963513978047
CAF,2021-06,7.292060701316619,7.262478215692274,7.3214237040330055,1468.8940888804855,1425.785566716025,1512.3555846130857
CAF,2021-07,7.2921710075015715,7.262663136115365,7.321538822799645,1469.056135209539,1426.0492480458588,1512.5296958845763
CAF,2021-08,7.2922878681717895,7.262801233488754,7.3216968554419415,1469.227833875223,1426.246195226841,1512.7687432471919
CAF,2021-09,7.292411516670992,7.262927414804992,7.321875697707479,1469.4095308828107,1426.4261722116712,1513.039314182267
CAF,2021-10,7.292542186342895,7.2630087839833495,7.321984463110086,1469.6015725629195,1426.542244047261,1513.2038895432595
CAF,2021-11,7.29268011053122,7.263175958756392,7.322080295446828,1469.8043055977532,1426.7807459009334,1513.3489102844633
CAF,2021-12,7.292825522579684,7.26335450623505,7.322221177159117,1470.018077048517,1427.0355167003777,1513.562128531628
CAF,2022-01,7.292978655832006,7.263539356522515,7.322356336097417,1470.2432343840137,1427.2993290178272,1513.7667142713035
CAF,2022-02,7.293139743631907,7.263734217575801,7.322510253531967,1470.4801255104271,1427.57748116216,1513.999726990391
CAF,2022-03,7.293309019323105,7.263936961696135,7.322640973913413,1470.7290988022876,1427.8669434792414,1514.1976503876597
CAF,2022-04,7.293486716249316,7.264149133359117,7.322800301872738,1470.9905031346293,1428.1699286050462,1514.438923709255
CAF,2022-05,7.293673067754262,7.264371014293137,7.32296926268304,1471.2646879163453,1428.4868475853843,1514.6948262665455
CAF,2022-06,7.29386830718166,7.26460466385914,7.323147485985048,1471.5520031247422,1428.8206518941713,1514.9648042833844
CAF,2022-07,7.294072667875229,7.264850332040166,7.323331842946857,1471.8527993412913,1429.1717106263668,1515.2441240543988
CAF,2022-08,7.294286383178689,7.265092322901172,7.323473062841419,1472.1674277886013,1429.5175988815809,1515.4581219008594
CAF,2022-09,7.294509686435758,7.265273528646308,7.323673318104341,1472.4962403685993,1429.7766591609422,1515.7616308000268
CAF,2022-10,7.2947428109901535,7.265465474051539,7.32394746786801,1472.8395897019293,1430.0511245544365,1516.1772332909736
CAF,2022-11,7.294985990185596,7.265753683663811,7.324202022398508,1473.1978291685884,1430.463338479406,1516.5632322506553
CAF,2022-12,7.2952394573658035,7.266058561050319,7.324441031493462,1473.5713129497885,1430.8995210853182,1516.9257481813709
CAF,2023-01,7.295503445874496,7.266294378801309,7.3246970007924155,1473.9603960710588,1431.2369921600393,1517.3140842626167
CAF,2023-02,7.29577818905539,7.266575720021292,7.324965401451405,1474.3654344466063,1431.6397148109493,1517.721386984541
CAF,2023-03,7.296063920252207,7.266788994489677,7.3252438112530385,1474.786784924925,1431.9450795129649,1518.143994138588
CAF,2023-04,7.2963608728086635,7.267053832824746,7.325524407219125,1475.2248053356664,1432.324363697362,1518.5700389929234
CAF,2023-05,7.296669280068478,7.267372336563241,7.3258480546230835,1475.6798545377994,1432.7806370135797,1519.0615998567887
CAF,2023-06,7.296989375375373,7.267762732154768,7.326185495399272,1476.152292469041,1433.3400977270733,1519.5742796242585
CAF,2023-07,7.297321392073065,7.268170363842833,7.326542089858728,1476.6424801965788,1433.9244923389447,1520.1162481423637
CAF,2023-08,7.29766556350527,7.26857296210677,7.326884205435035,1477.1507799691135,1434.5019036255474,1520.6363924910156
CAF,2023-09,7.298022123015711,7.2689290430871285,7.327277273014038,1477.6775552701988,1435.012792933338,1521.2342228689524
CAF,2023-10,7.298391303948104,7.2692946184689315,7.327646452006096,1478.2231708729132,1435.5374943030035,1521.7959350150054
CAF,2023-11,7.29877333964617,7.26959464478142,7.328033432634865,1478.7879928958805,1435.9682578899165,1522.384955365074
CAF,2023-12,7.2991684634536265,7.269890054248128,7.328437858338636,1479.3723888606285,1436.392519099432,1523.000771648668
CAF,2024-01,7.299576908714193,7.270357320399548,7.328861100683141,1479.9767277503126,1437.0638535418914,1523.6455061171569
CAF,2024-02,7.2999989087715855,7.2708425879935925,7.329301223148298,1480.601380069832,1437.7613832964075,1524.3162431773178
CAF,2024-03,7.300434696969527,7.2713273769703575,7.3297454030787605,1481.2467179073253,1438.458563155036,1524.9934639336836
CAF,2024-04,7.300884506651733,7.271741068688509,7.330205489979643,1481.913114997072,1439.0537647362082,1525.695254954661
CAF,2024-05,7.301348571161925,7.27219470445767,7.330698786383555,1482.6009467838348,1439.70671915643,1526.448060679647
CAF,2024-06,7.30182712384382,7.272678230633753,7.331274765017893,1483.3105904886272,1440.4030232036132,1527.3275152516148
CAF,2024-07,7.302320398041137,7.273090073929588,7.331779650140622,1484.0424251759366,1440.996365706564,1528.0988349327579
CAF,2024-08,7.302828627097595,7.273652077151391,7.332351523962364,1484.796831822441,1441.8064379737693,1528.9729647921986
CAF,2024-09,7.303352044356913,7.274171213304117,7.332965317862357,1485.574193387203,1442.55512612664,1529.9117270247204
CAF,2024-10,7.3038908831628095,7.274633458199923,7.333445378698194,1486.374894883374,1443.222093975481,1530.64635417056
CAF,2024-11,7.304445376859002,7.275112711323698,7.334026266642051,1487.1993234514566,1443.9139288092256,1531.535746206866
CAF,2024-12,7.305015758789214,7.275624107780442,7.334559032234127,1488.047868434096,1444.6525297809808,1532.3519131455307
CAF,2025-01,7.305602262297158,7.276203874061484,7.3350494874266925,1488.9209214524515,1445.4903334153255,1533.1036476225233
CAF,2025-02,7.306205120726556,7.276925149920913,7.335686371833359,1489.818876484186,1446.5333081621272,1534.0803686342701
CAF,2025-03,7.306824567421127,7.277390527590228,7.336260489287038,1490.7421299430569,1447.206647741998,1534.9613636022789
CAF,2025-04,7.307460835724588,7.278062269999037,7.336848455383683,1491.6910807601548,1448.1791245738673,1535.8641340243298
CAF,2025-05,7.30811415898066,7.278703794511221,7.337387195012323,1492.6661304668341,1449.1084649164811,1536.6917878255592
CAF,2025-06,7.308784770533062,7.279203377999868,7.338069411091676,1493.667683279321,1449.8325965210106,1537.7405013560576
CAF,2025-07,7.30947290372551,7.279679769690601,7.338768400294652,1494.6961461850447,1450.5234491721735,1538.8157416166353
CAF,2025-08,7.310178791901724,7.280364748630247,7.33950409001889,1495.7519290307466,1451.5173675453068,1539.9482498231362
CAF,2025-09,7.310902668405426,7.2810330073491905,7.340231593974131,1496.8354446123485,1452.4876808733873,1541.068978638122
CAF,2025-10,7.31164476658033,7.281661497663061,7.341030627546777,1497.9471087666298,1453.4008424867586,1542.3008325636822
CAF,2025-11,7.312405319770155,7.282348614131977,7.3419339122312754,1499.0873404647768,1454.399841133732,1543.6945986765268
CAF,2025-12,7.313184561318625,7.282943403751899,7.34286031776153,1500.25656190778,1455.2651603421957,1545.1253485084621
CAF,2026-01,7.3139827245694535,7.283609433158578,7.343773412740914,1501.4551986237402,1456.2347325385115,1546.5368390837773
CAF,2026-02,7.31480004286636,7.2845351128146785,7.3447424840855104,1502.6836795671452,1457.583363961296,1548.0362700559485
CAF,2026-03,7.315636749553067,7.285255942908085,7.345795000301004,1503.9424372200986,1458.6344122233463,1549.666461149372
CAF,2026-04,7.3164930779732895,7.286108615441059,7.3468201899168815,1505.2319076955614,1459.87868018217,1551.2559776035555
CAF,2026-05,7.317369261470747,7.286879627470069,7.347691033295925,1506.5525308426813,1461.0046981735682,1552.6074671483173
CAF,2026-06,7.31826553338916,7.287662084223839,7.348710303091883,1507.9047503541801,1462.1483185263046,1554.1908014267233
CAF,2026-07,7.319182127072244,7.2884428080536665,7.350056601598066,1509.2890138758755,1463.2902982937649,1556.2846135406387
CAF,2026-08,7.32011927586372,7.289209656233104,7.3511098196908975,1510.7057731184132,1464.412850376455,1557.9245844018142
CONCACAF,1992-01,7.240964319987125,7.193442424449566,7.284960732603912,1396.007699234831,1330.676082089494,1458.2038718933188
CONCACAF,1992-02,7.239500781055937,7.19204404724536,7.283380310804003,1393.9638497549165,1328.8165956559228,1455.9011148230684
CONCACAF,1992-03,7.238106442300545,7.190481012528067,7.281920170776128,1392.0195665656174,1326.7412312999177,1453.7768466320126
CONCACAF,1992-04,7.23678022517956,7.189266518527964,7.280359349856745,1390.1729216124597,1325.1308958556915,1451.5095318354765
CONCACAF,1992-05,7.235521051151585,7.187990592521309,7.2790172514137685,1388.422016764767,1323.4412006308366,1449.562769136641
CONCACAF,1992-06,7.2343278416752215,7.187051954489249,7.277816178645922,1386.7649825862338,1322.1995673866752,1447.8227838998346
CONCACAF,1992-07,7.233199518209087,7.185952586394153,7.276558494501006,1385.199977138828,1320.7467983941515,1446.0030250245616
CONCACAF,1992-08,7.232135002211777,7.184689018038627,7.275149951042678,1383.7251848189344,1319.078985575126,1443.9677029579127
CONCACAF,1992-09,7.2311332151419005,7.1834973886557565,7.273966648828372,1382.3388152248174,1317.5080565481123,1442.2600619240263
CONCACAF,1992-10,7.230193078458066,7.182373701444476,7.272968163698042,1381.0391020544046,1316.0284140924966,1440.8207042483791
CONCACAF,1992-11,7.2293135136188775,7.1814392055663046,7.271894015563316,1379.8243020324373,1314.7991636484026,1439.2738844818891
CONCACAF,1992-12,7.228493442082939,7.180795728319037,7.271125300103924,1378.6926938661923,1313.9533945713729,1438.1679137327792
CONCACAF,1993-01,7.227731785308863,7.180215651668237,7.27026986818238,1377.642577228894,1313.1914248922137,1436.9381850418229
CONCACAF,1993-02,7.227027464755251,7.179400941151982,7.269730103179071,1376.672271770006,1312.1219849286963,1436.1627849545807
CONCACAF,1993-03,7.226379401880707,7.179079495652729,7.2689743352025395,1375.780116151694,1311.700278043198,1435.077789184389
CONCACAF,1993-04,7.225786518143841,7.178578438427262,7.268530519187355,1374.964467110713,1311.043205807061,1434.4410199997167
CONCACAF,1993-05,7.225247735003259,7.178087152880673,7.268126022183194,1374.223698545008,1310.3992659377645,1433.8609113609898
CONCACAF,1993-06,7.224761973917563,7.177791249205817,7.267810135535797,1373.5562006244236,1310.011574027854,1433.408044316624
CONCACAF,1993-07,7.224328156345364,7.177281406307053,7.267435910961346,1372.9603789248742,1309.3438436386423,1432.871728095206
CONCACAF,1993-08,7.223945203745266,7.176827245301483,7.266938843113793,1372.4346535853738,1308.7493236755017,1432.1596709247553
CONCACAF,1993-09,7.223612037575873,7.1765203735971195,7.266624941683791,1371.977458487398,1308.347767379286,1431.7101843661953
CONCACAF,1993-10,7.223327579295796,7.176251949290016,7.266269407326293,1371.5872404560307,1307.996621841593,1431.201253383803
CONCACAF,1993-11,7.223090750363635,7.1760646056574515,7.265962501221131,1371.2624584823852,1307.7515999657521,1430.7620763814762
CONCACAF,1993-12,7.222900472238002,7.175908667611302,7.265774140073519,1371.0015829668473,1307.5476877360036,1430.4926011232103
CONCACAF,1994-01,7.222755666377498,7.175793294740975,7.265628587586845,1370.803094982681,1307.3968407994307,1430.2844042765203
CONCACAF,1994-02,7.222655254240733,7.175705519043711,7.265529125674431,1370.6654855595702,1307.282088250292,1430.1421525386008
CONCACAF,1994-03,7.222598157286311,7.175761681324293,7.265472030557755,1370.5872549867117,1307.355511346156,1430.060500856825
CONCACAF,1994-04,7.222583296972838,7.175821001502573,7.265416341873364,1370.5669121350786,1307.4330676384952,1429.9808647947414
CONCACAF,1994-05,7.22260959475892,7.17569310215234,7.26546964930255,1370.6029737985014,1307.265856513606,1430.0570954096347
CONCACAF,1994-06,7.222675972103164,7.175620887562444,7.265557682431521,1370.6939640532507,1307.1714555946237,1430.1829933938388
CONCACAF,1994-07,7.222781350464176,7.1756837432643685,7.265654006045763,1370.838413635802,1307.253621594417,1430.3207605638893
CONCACAF,1994-08,7.222924651300561,7.175806327619663,7.26587201750976,1371.0348593385072,1307.413880299536,1430.6326206796741
CONCACAF,1994-09,7.223104796070927,7.17596561667211,7.266022708966518,1371.2818434229064,1307.622153518925,1430.8482210708728
CONCACAF,1994-10,7.223320706233877,7.176159841097751,7.266206489381135,1371.577913050426,1307.8761502436855,1431.1112071484615
CONCACAF,1994-11,7.22357130324802,7.176387936751068,7.266456351968436,1371.9216197302578,1308.1745050521681,1431.4688329092235
CONCACAF,1994-12,7.22385550857196,7.176669429443518,7.266706699150484,1372.3115187841845,1308.542798430743,1431.8272421105182
CONCACAF,1995-01,7.224172243664305,7.177030054467307,7.267003019535905,1372.7461688281805,1309.0147768384415,1432.2515844234774
CONCACAF,1995-02,7.2245204299836585,7.177372801913282,7.267366200229036,1373.2241312706162,1309.4635151804484,1432.7718450164373
CONCACAF,1995-03,7.224898988988631,7.177780177295669,7.267768410030083,1373.7439698268915,1309.9970672556456,1433.348235802072
CONCACAF,1995-04,7.225306842137823,7.178222366361345,7.2681941383725475,1374.3042500503734,1310.5764622307147,1433.9585826935859
CONCACAF,1995-05,7.225742910889844,7.178689769383394,7.268640725709572,1374.9035388795148,1311.1891735112126,1434.5991135031302
CONCACAF,1995-06,7.226206116703301,7.179132136059638,7.269084006086501,1375.5404042010307,1311.7693282528535,1435.2351840735914
CONCACAF,1995-07,7.226695381036795,7.179602053553104,7.269581013683183,1376.2134144290387,1312.3858964643928,1435.948684153162
CONCACAF,1995-08,7.227209625348936,7.180061255038308,7.270056326879991,1376.9211381001007,1312.9886839020137,1436.6313718962383
CONCACAF,1995-09,7.227747771098332,7.180538089981053,7.270551852624603,1377.6621434840704,1313.614911597173,1437.3434364343486
CONCACAF,1995-10,7.228308739743585,7.181039467933545,7.271086988972187,1378.4349982106942,1314.2736939671106,1438.1128172272827
CONCACAF,1995-11,7.228891452743302,7.181564285769388,7.271653640002739,1379.2382689119522,1314.9636291305346,1438.9279564020692
CONCACAF,1995-12,7.229494831556091,7.182254510212042,7.272231276630713,1380.0705208800614,1315.8715625906636,1439.7593742432773
CONCACAF,1996-01,7.230117797640556,7.182944084608048,7.272812676542472,1380.930317741142,1316.779266773926,1440.596692711797
CONCACAF,1996-02,7.230759272455304,7.183576055077307,7.273377740104874,1381.8162211445551,1317.611695355103,1441.4109512705702
CONCACAF,1996-03,7.2314181774589406,7.184224368430279,7.274011430590099,1382.7267904678697,1318.4661975967963,1442.324649203398
CONCACAF,1996-04,7.232093434110072,7.18489026662032,7.274626781957363,1383.6605825374918,1319.3444542669024,1443.2124591216138
CONCACAF,1996-05,7.232783963867304,7.185572628379997,7.275331071412645,1384.6161513649904,1320.2450317292437,1444.2292560279095
CONCACAF,1996-06,7.233488688189245,7.186270332441874,7.27600568095506,1385.5920478991077,1321.1664934952191,1445.2038755714836
CONCACAF,1996-07,7.2342065285344965,7.186982710267588,7.276666815614821,1386.5868197935079,1322.107998505856,1446.1596659700504
CONCACAF,1996-08,7.234936406361666,7.187708959147332,7.2773423991453825,1387.5990111903325,1323.0685266406333,1447.136998021163
CONCACAF,1996-09,7.235677243129365,7.188447092807745,7.27802638418009,1388.627162519562,1324.045488540563,1448.1271562858283
CONCACAF,1996-10,7.236427960296193,7.189208710806825,7.278837546563273,1389.6698103142687,1325.0542895305787,1449.3022990988593
CONCACAF,1996-11,7.237187479320757,7.189990412163778,7.279532054979366,1390.7254870418417,1326.0904912578549,1450.3092020222937
CONCACAF,1996-12,7.237954721661668,7.190716781859508,7.280275245184185,1391.7927209512088,1327.0540730994082,1451.3874578142056
CONCACAF,1997-01,7.238728608777525,7.191489658871859,7.281078096844383,1392.8700359361485,1328.08011914993,1452.553174403678
CONCACAF,1997-02,7.239508062126939,7.192254506588198,7.2818224207334055,1393.9559514148002,1329.0962867147562,1453.6347468033457
CONCACAF,1997-03,7.240292003168516,7.193044808057766,7.282579590019448,1395.0489822254003,1330.1470888482422,1454.7358114296842
CONCACAF,1997-04,7.241079353360858,7.193835784023885,7.283391339288102,1396.1476385383557,1331.1996200686813,1455.9171718458879
CONCACAF,1997-05,7.241869034162574,7.194625735012677,7.284216434309276,1397.2504257847722,1332.2516183397295,1457.1189374562737
CONCACAF,1997-06,7.242659967032272,7.1953875362235005,7.285041564181352,1398.3558446014752,1333.2669147082152,1458.3217455906924
CONCACAF,1997-07,7.243451073428553,7.196198707423788,7.285871801841667,1399.462390792641,1334.3488619645555,1459.533001939034
CONCACAF,1997-08,7.244241274810027,7.196903229320408,7.286597808780604,1400.5685553081632,1335.2892705052723,1460.5930179663635
CONCACAF,1997-09,7.2450294926353,7.197671441270756,7.287230646996506,1401.6728242387967,1336.3154498533152,1461.5176312458163
CONCACAF,1997-10,7.245814648362976,7.198486261899702,7.288228280659189,1402.7736788281984,1337.4047518195478,1462.9764161027085
CONCACAF,1997-11,7.246595663451662,7.199306691043959,7.288950335033927,1403.8695955019932,1338.50244720141,1464.0331461282026
CONCACAF,1997-12,7.247371459359965,7.200122115332323,7.289618865461741,1404.9590459139035,1339.594339430926,1465.0122244982128
CONCACAF,1998-01,7.248140957546489,7.200938819049655,7.290416583931904,1406.0404970090663,1340.6888379746363,1466.1813577016683
CONCACAF,1998-02,7.248903079469841,7.201725826457995,7.2909521217526025,1407.1124111046547,1341.7443853385084,1466.9667646135197
CONCACAF,1998-03,7.249656746588628,7.202513785294844,7.291684578257802,1408.1732459878426,1342.8020413898878,1468.0416464289221
CONCACAF,1998-04,7.250400880361455,7.203215660322097,7.292294666454213,1409.2214550312274,1343.7448513768811,1468.9375553941452
CONCACAF,1998-05,7.2511344022469295,7.2039535998414035,7.292873009416299,1410.2554873258182,1344.7368198656684,1469.787351176736
CONCACAF,1998-06,7.2518562337036565,7.204712928956912,7.293567666571085,1411.2737878316207,1345.7583053710462,1470.8087029808005
CONCACAF,1998-07,7.252565296190242,7.205456779665093,7.294098184667303,1412.2747975459188,1346.7597211299703,1471.589202235615
CONCACAF,1998-08,7.253260511165289,7.206109432912115,7.29481933534492,1413.2569536893468,1347.638975016783,1472.6508221878732
CONCACAF,1998-09,7.253940800087411,7.206782296868479,7.29552519098144,1414.2186899097705,1348.5460578941722,1473.6906677066154
CONCACAF,1998-10,7.254605084415207,7.207365245916461,7.296214600417927,1415.158436504057,1349.3324206679067,1474.7069939777543
CONCACAF,1998-11,7.255252285607287,7.20796508628922,7.29691930467024,1416.0746206578078,1350.1420475668597,1475.7465920593568
CONCACAF,1998-12,7.255881325122256,7.208548090264057,7.297584558293784,1416.9656667030565,1350.9294153469784,1476.7286642576091
CONCACAF,1999-01,7.256491348947535,7.209112620996838,7.298172877853075,1417.8303147689492,1351.6922719743852,1477.5977083333642
CONCACAF,1999-02,7.257082401185815,7.20965873992744,7.29878502126909,1418.6685777287278,1352.430658489783,1478.5024868047187
CONCACAF,1999-03,7.2576547504686015,7.210191305497427,7.299381087747457,1419.4807888855287,1353.151107939503,1479.3840352821915
CONCACAF,1999-04,7.258208665427397,7.210703627735627,7.299939565896841,1420.267283929268,1353.8445348966172,1480.2104697015668
CONCACAF,1999-05,7.258744414693711,7.211195595329125,7.300504778978615,1421.0284008681856,1354.510746459787,1481.0473404976635
CONCACAF,1999-06,7.2592622668990465,7.211673185319806,7.301078156486145,1421.764479961066,1355.1578016621436,1481.8967832601454
CONCACAF,1999-07,7.259762490674906,7.21215225691109,7.301632462501949,1422.4758636501786,1355.8071748102925,1482.7184353725781
CONCACAF,1999-08,7.2602453546528,7.2126252622809135,7.302146597403668,1423.1628964949728,1356.448630657943,1483.4809485397654
CONCACAF,1999-09,7.26071112746423,7.213080183393875,7.302575421817682,1423.8259251065078,1357.0658483020982,1484.1172378752976
CONCACAF,1999-10,7.261160077740704,7.213517317250027,7.303034303989194,1424.465298082654,1357.6591976009313,1484.7984290459965
CONCACAF,1999-11,7.261592474113725,7.2139369608494235,7.303484026662306,1425.0813659440987,1358.2290503916806,1485.4663267107037
CONCACAF,1999-12,7.2620085852148,7.214339411192121,7.303896568746444,1425.6744810711352,1358.7757804230355,1486.0792705269648
CONCACAF,2000-01,7.262408679675435,7.214724965278175,7.304292679737804,1426.2449976412743,1359.2997632884426,1486.6680395155415
CONCACAF,2000-02,7.262793026127131,7.2150950325141645,7.30467175344123,1426.7932715677014,1359.8028887111561,1487.2317030443671
CONCACAF,2000-03,7.2631618932014,7.215450250510768,7.305017810772609,1427.3196604385673,1360.2860006310054,1487.746459541723
CONCACAF,2000-04,7.263515549529741,7.2157893483021525,7.305343465413863,1427.824523457142,1360.7473485486125,1488.2310300441784
CONCACAF,2000-05,7.263854263743662,7.216112624628524,7.305699471032633,1428.3082213828554,1361.18731684233,1488.7609429222846
CONCACAF,2000-06,7.26417830447467,7.216421704760855,7.306040614753787,1428.7711164732134,1361.608097516607,1489.2689109857017
CONCACAF,2000-07,7.264487940354267,7.216765465543888,7.306338094182239,1429.2135724266152,1362.0762453933255,1489.7120037482507
CONCACAF,2000-08,7.264783440013962,7.21708441593417,7.306611713533029,1429.6359543260978,1362.5107496472176,1490.1196736417007
CONCACAF,2000-09,7.265065072085258,7.2173726904072275,7.306944212842144,1430.0386285839877,1362.903583533823,1490.6152196918497
CONCACAF,2000-10,7.265333105199658,7.217651707081907,7.3072199554009485,1430.421962887494,1363.2839097062101,1491.0263024969668
CONCACAF,2000-11,7.2655878079886715,7.217922736470221,7.307480651716682,1430.7863261452555,1363.6534499310285,1491.4150582731293
CONCACAF,2000-12,7.265829449083802,7.218186597268536,7.307723033790491,1431.1320884348365,1364.013311906777,1491.7765942438516
CONCACAF,2001-01,7.266058297116555,7.218441777497181,7.307959608090483,1431.4596209511878,1364.3614253979379,1492.129551996025
CONCACAF,2001-02,7.266274620718437,7.21868842858229,7.3081867394882085,1431.7692959560934,1364.6979880074225,1492.468499958123
CONCACAF,2001-03,7.266478688520952,7.218926701949997,7.308405274792515,1432.0614867285933,1365.0231978394354,1492.7946926570057
CONCACAF,2001-04,7.266670769155604,7.219156749026438,7.308605760411178,1432.336567516404,1365.3372534824869,1493.094006527575
CONCACAF,2001-05,7.2668511312539,7.219378721237747,7.308793699525341,1432.5949134883438,1365.6403539926882,1493.374643663846
CONCACAF,2001-06,7.267020043447347,7.219549565679297,7.308974334116045,1432.8369006877635,1365.8736857770289,1493.6444231456087
CONCACAF,2001-07,7.267177774367447,7.219726611955788,7.3091430869008995,1433.0629059869964,1366.1155301280523,1493.8965010702314
CONCACAF,2001-08,7.267324592645705,7.219924901436898,7.309291197432237,1433.2733070428364,1366.3864440453688,1494.1177792624608
CONCACAF,2001-09,7.267460766913631,7.220116853476865,7.309394310499438,1433.4684822530446,1366.6487504256388,1494.271850352052
CONCACAF,2001-10,7.267586565802726,7.2203027972155995,7.309488410219613,1433.6488107138919,1366.9028936804536,1494.4124677173243
CONCACAF,2001-11,7.2677022579444985,7.22048006118214,7.309644514345924,1433.8146721787512,1367.1452176419834,1494.6457696969571
CONCACAF,2001-12,7.267808111970449,7.220648803050588,7.309789558427014,1433.9664470177368,1367.3759316078565,1494.862574861606
CONCACAF,2002-01,7.267904396512089,7.220809180495044,7.309839705464042,1434.1045161783957,1367.5952453207524,1494.9375398051945
CONCACAF,2002-02,7.267991380200918,7.220919810466465,7.3099198724680345,1434.2292611474656,1367.7465502335558,1495.057389315703
CONCACAF,2002-03,7.268069331668445,7.22097718712857,7.310034960907423,1434.341063913694,1367.8250288715335,1495.2294628962798
CONCACAF,2002-04,7.268138519546175,7.221122906228311,7.310136251789348,1434.440306931725,1368.024361759858,1495.380923640353
CONCACAF,2002-05,7.268199212465611,7.221242720468063,7.310195781066517,1434.5273730870654,1368.188280262375,1495.4699452338791
CONCACAF,2002-06,7.268251679058262,7.221349272153012,7.310247658835897,1434.6026456621235,1368.3340708682385,1495.5475289212577
CONCACAF,2002-07,7.26829618795563,7.221378105326943,7.310291999691396,1434.6665083033288,1368.3735247979102,1495.6138444481332
CONCACAF,2002-08,7.268333007789223,7.2213991049944255,7.310325942755688,1434.7193449893416,1368.40226045782,1495.66461111583
CONCACAF,2002-09,7.268362407190543,7.221414986316459,7.310438539396662,1434.7615400003428,1368.4239926592486,1495.833027088964
CONCACAF,2002-10,7.268384654791098,7.221438371681733,7.310463472658768,1434.7934778884169,1368.4559941350326,1495.8703239478502
CONCACAF,2002-11,7.268400019222393,7.221455845494309,7.310476747261219,1434.8155434490307,1368.4799064814144,1495.8901817125138
CONCACAF,2002-12,7.268408769115931,7.2214647249468795,7.3104809488880385,1434.8281216936007,1368.4920579223822,1495.8964670327598
CONCACAF,2003-01,7.268411173103221,7.221467167095981,7.310478469772819,1434.831597823163,1368.4954000727735,1495.8927586345824
CONCACAF,2003-02,7.268407499815766,7.221463440721287,7.310469713884776,1434.8263572031399,1368.490300689195,1495.879660914071
CONCACAF,2003-03,7.268398017885072,7.221453959380134,7.310454969799532,1434.812785339206,1368.4773257870593,1495.8576057927537
CONCACAF,2003-04,7.268382995942644,7.221439176268647,7.310463385026966,1434.791267854258,1368.4570957231222,1495.870193517867
CONCACAF,2003-05,7.268362702619987,7.221358199764093,7.31047011901438,1434.7621904664868,1368.3462870123644,1495.8802664104594
CONCACAF,2003-06,7.268337406548607,7.221270013338306,7.310495514706375,1434.7259389685546,1368.2256225754254,1495.9182553635092
CONCACAF,2003-07,7.26830737636001,7.221191004357219,7.310553412580074,1434.6828992078765,1368.117524698215,1496.0048680746825
CONCACAF,2003-08,7.268272880685697,7.221212121978018,7.310518825684762,1434.6334570680076,1368.1464165664704,1495.9531268083401
CONCACAF,2003-09,7.268234188157179,7.221236676156126,7.310479765089251,1434.5779984511385,1368.1800113087645,1495.8946951318037
CONCACAF,2003-10,7.26819156740596,7.221247434801509,7.3104364086793066,1434.5169092616945,1368.1947320482345,1495.829839912661
CONCACAF,2003-11,7.268145287063545,7.221200830135168,7.310389321706448,1434.4505753910462,1368.1309694996544,1495.7594074762
CONCACAF,2003-12,7.268095615761436,7.2211507621229405,7.3103384883735645,1434.3793827033235,1368.0624718451172,1495.6833749732975
CONCACAF,2004-01,7.268042822131143,7.221097501412459,7.310284280249301,1434.3037170223395,1367.9896100369563,1495.6022989802782
CONCACAF,2004-02,7.267987174804168,7.221041318651353,7.31022697206086,1434.2239641196215,1367.9127549927848,1495.5165911767651
CONCACAF,2004-03,7.267928942412018,7.220978214216802,7.310172049598369,1434.140509703548,1367.826436497285,1495.4344559685792
CONCACAF,2004-04,7.267868393586198,7.220776844344922,7.310126613686664,1434.0537394095957,1367.5510232220977,1495.3665111062176
CONCACAF,2004-05,7.267805796958213,7.220577392899162,7.310060635312187,1433.9640387916882,1367.2782896302272,1495.2678525569274
CONCACAF,2004-06,7.267741421159569,7.2204784782468865,7.309991340625491,1433.8717933146575,1367.1430526017741,1495.164242030013
CONCACAF,2004-07,7.2676755348217705,7.220404904479792,7.30991983067276,1433.7773883478055,1367.0424703257606,1495.0573267288282
CONCACAF,2004-08,7.267608406576323,7.220330793564298,7.309846365275758,1433.6812091595752,1366.941161268258,1494.9474957832274
CONCACAF,2004-09,7.267540305054732,7.220276901059773,7.309771204256247,1433.5836409133249,1366.8674953861516,1494.8351382275885
CONCACAF,2004-10,7.267471498888503,7.220226716106653,7.3096999011928805,1433.4850686642067,1366.798900988957,1494.7285556845657
CONCACAF,2004-11,7.267402256709142,7.2201749920403735,7.3096660574818095,1433.3858773571499,1366.7282065192603,1494.6779695385026
CONCACAF,2004-12,7.267332847148152,7.220121930249465,7.3095930620173934,1433.2864518259462,1366.6556875211575,1494.568869978368
CONCACAF,2005-01,7.267263538837041,7.220067732122456,7.3095092957390735,1433.18717679344,1366.5816194887132,1494.4436798319473
CONCACAF,2005-02,7.267194600407312,7.2200125990478785,7.309454520366416,1433.0884368728166,1366.506277862726,1494.36182288947
CONCACAF,2005-03,7.267126300490472,7.219956732414262,7.30934665044244,1432.9906165699965,1366.4299380280659,1494.2006350595223
CONCACAF,2005-04,7.2670589077180265,7.219900333610138,7.309268349426274,1432.8941002871286,1366.3528753115627,1494.0836424466893
CONCACAF,2005-05,7.266992690721479,7.219843604024034,7.3091915809446855,1432.7992723271816,1366.275364980466,1493.9689486224433
CONCACAF,2005-06,7.266927918132336,7.219786745044485,7.309144061216187,1432.7065168996398,1366.1976822414658,1493.8979573394001
CONCACAF,2005-07,7.266864858582103,7.219729958060018,7.309127344579501,1432.6162181272953,1366.1201022402727,1493.8729843198716
CONCACAF,2005-08,7.2668037807022845,7.219673444459165,7.309110059205662,1432.5287600541408,1366.0429000617603,1493.8471621766182
CONCACAF,2005-09,7.2667449531243875,7.219617405630455,7.3090913820766525,1432.4445266543598,1365.9663507306782,1493.8192614510806
CONCACAF,2005-10,7.266688644479916,7.21956204296242,7.309038355704592,1432.363901842418,1365.8907292129172,1493.7400516976682
CONCACAF,2005-11,7.266635123400374,7.21950755784359,7.308944761229388,1432.2872694842508,1365.8163104173375,1493.6002524520616
CONCACAF,2005-12,7.2665846062012225,7.219454116958481,7.308855082856348,1432.2149385354883,1365.7433218016974,1493.4663148754548
CONCACAF,2006-01,7.266537099933737,7.219401748175565,7.308769332386833,1432.1469184624677,1365.6718012057524,1493.3382550149156
CONCACAF,2006-02,7.266492559333146,7.219348388832571,7.308714372438595,1432.0831439226704,1365.598931622989,1493.2561834373105
CONCACAF,2006-03,7.266450939134678,7.219265429507794,7.308675889293972,1432.0235496435103,1365.4856468456205,1493.1987192694667
CONCACAF,2006-04,7.266412194073564,7.219189945375906,7.308648121094119,1431.9680704187795,1365.3825781422897,1493.1572563522132
CONCACAF,2006-05,7.266376278885032,7.219167290625523,7.308605982355321,1431.9166411051685,1365.3516462047828,1493.0943379324926
CONCACAF,2006-06,7.266343148304309,7.219148665913005,7.308574227968499,1431.869196618856,1365.3262174733864,1493.0469264335034
CONCACAF,2006-07,7.266312757066627,7.219101185569587,7.308544620323802,1431.825671932178,1365.261393018847,1493.002721558096
CONCACAF,2006-08,7.266285059907216,7.219053430236608,7.308516738929204,1431.7860020703647,1365.1961962028638,1492.961095251428
CONCACAF,2006-09,7.2662600115613,7.21900673313138,7.308490556400663,1431.7501221083512,1365.1324470962256,1492.9220064235842
CONCACAF,2006-10,7.266237566764115,7.218961088402265,7.308463934398091,1431.7179671676638,1365.070137500965,1492.8822622583846
CONCACAF,2006-11,7.266217680250884,7.218916490197628,7.308438737987204,1431.6894724133756,1365.0092592278604,1492.8446473442993
CONCACAF,2006-12,7.26620030675684,7.218855457805081,7.308415012642787,1431.664573051134,1364.9259515320657,1492.809229421843
CONCACAF,2007-01,7.26618540101721,7.218783237086315,7.308392735058402,1431.6432043242673,1364.8273787190294,1492.7759735492966
CONCACAF,2007-02,7.266172917767225,7.218736616735277,7.3083755193799425,1431.6253015109514,1364.7637514134924,1492.750274635044
CONCACAF,2007-03,7.266162811742113,7.21873596932878,7.308357359570971,1431.6107999214596,1364.7628681750084,1492.7231669849969
CONCACAF,2007-04,7.266155037677102,7.218708992234293,7.308339180297438,1431.5996348954786,1364.7260516561723,1492.6960304855681
CONCACAF,2007-05,7.266149550307424,7.2186705502921376,7.308321778188988,1431.5917417994983,1364.6735898043592,1492.6700545751416
CONCACAF,2007-06,7.266146304368305,7.218633113912997,7.30827573214717,1431.5870560242704,1364.622502176684,1492.6013246478888
CONCACAF,2007-07,7.266145254594976,7.218596677245237,7.30822620030365,1431.585512982343,1364.572780646128,1492.5273953292503
CONCACAF,2007-08,7.2661463557226655,7.218561531900076,7.308202113607102,1431.5870481056627,1364.524822965894,1492.491445783347
CONCACAF,2007-09,7.266149562486602,7.218527740939815,7.308199149647252,1431.5915968432503,1364.4787150509683,1492.4870220623318
CONCACAF,2007-10,7.2661548296220175,7.2185217236111745,7.308198189351291,1431.5990946589473,1364.470504582712,1492.485588790975
CONCACAF,2007-11,7.266162111864138,7.218530150059779,7.308199190815149,1431.609477029233,1364.4820022927074,1492.4870834207557
CONCACAF,2007-12,7.266171363948193,7.218540216114009,7.308202112134753,1431.6226794411139,1364.4957373304487,1492.4914434204525
CONCACAF,2008-01,7.266182540609413,7.21861798145835,7.308206911406035,1431.6386373900832,1364.6018520137457,1492.4986062749254
CONCACAF,2008-02,7.266195596583025,7.218745514010239,7.308213546724923,1431.657286378152,1364.7758952581555,1492.5085094839112
CONCACAF,2008-03,7.266210486604262,7.218848382100333,7.3082219761873475,1431.6785619119523,1364.916295774014,1492.5210905608633
CONCACAF,2008-04,7.266227165408349,7.218864770346616,7.308232157889237,1431.7023995009083,1364.9386645476827,1492.5362870318006
CONCACAF,2008-05,7.266245587730517,7.218859192607516,7.308238561472399,1431.728734655482,1364.931050876652,1492.545844642321
CONCACAF,2008-06,7.266265708305995,7.218826392337492,7.308255616581455,1431.7575028854883,1364.8862806993216,1492.571300390577
CONCACAF,2008-07,7.266287481870012,7.218795506776084,7.3082745137728615,1431.7886396984802,1364.8441254638853,1492.5995060622986
CONCACAF,2008-08,7.2663108631577975,7.218766527392449,7.308292235992714,1431.8220805982062,1364.8045732781138,1492.6259584741595
CONCACAF,2008-09,7.266335806904581,7.218739445655743,7.308311557585124,1431.8577610831392,1364.7676122657465,1492.6547986657663
CONCACAF,2008-10,7.266362267845588,7.21872136635286,7.308332241519733,1431.8956166450726,1364.7429383801439,1492.6856729605427
CONCACAF,2008-11,7.266390200716053,7.218758807789182,7.3082898879069855,1431.9355827677937,1364.7940372783642,1492.6224538239003
CONCACAF,2008-12,7.266419560251202,7.218800576147145,7.3082654510109855,1431.9775949258221,1364.8510436990048,1492.5859790542847
CONCACAF,2009-01,7.266450301186263,7.218797503728818,7.308273084225373,1432.0215885832208,1364.8468502894634,1492.5973723260797
CONCACAF,2009-02,7.266482378256469,7.218821797541956,7.308282517419079,1432.067499192481,1364.8800082363377,1492.6114523771296
CONCACAF,2009-03,7.266515746197046,7.218847043179974,7.308292376600771,1432.1152621934732,1364.9144664352848,1492.6261683977239
CONCACAF,2009-04,7.266550359743224,7.218878277707778,7.308301760609295,1432.164813012474,1364.9570992631973,1492.6401752447798
CONCACAF,2009-05,7.266586173630234,7.218910723923927,7.308315518380112,1432.2160870612595,1365.0013874241954,1492.6607109647985
CONCACAF,2009-06,7.266623142593301,7.218914505978853,7.308356741853148,1432.2690197362726,1365.006549801386,1492.722244955879
CONCACAF,2009-07,7.266661221367658,7.218969807466062,7.308426582286268,1432.3235464178615,1365.0820395259932,1492.8265007117084
CONCACAF,2009-08,7.266700364688531,7.219004235473251,7.3084369085249365,1432.3796024695866,1365.1290370918252,1492.8419162305645
CONCACAF,2009-09,7.266740527291151,7.219039410237238,7.308441447254704,1432.4371232376016,1365.1770558003034,1492.8486923991034
CONCACAF,2009-10,7.266781663910748,7.219024937850295,7.30850722688812,1432.496044050103,1365.157298330505,1492.946894387932
CONCACAF,2009-11,7.2668237292825495,7.219088742580594,7.308597286079282,1432.5563002168535,1365.24440507995,1493.0813536161
CONCACAF,2009-12,7.266866678141784,7.219083872869846,7.308554346929532,1432.617827028775,1365.237757106013,1493.0172434826695
CONCACAF,2010-01,7.266910465223683,7.2190342697851335,7.308567837763112,1432.6805597576122,1365.1700380232733,1493.037385618919
CONCACAF,2010-02,7.266955045263474,7.219042426359695,7.308626972372598,1432.7444336556684,1365.1811732122821,1493.1256783274735
CONCACAF,2010-03,7.267000372996385,7.219100911732639,7.3087271361845145,1432.809383955615,1365.2610186328484,1493.275243068349
CONCACAF,2010-04,7.267046403157648,7.21915993035007,7.308811082428364,1432.8753458703652,1365.3415967957064,1493.400603499158
CONCACAF,2010-05,7.26709309048249,7.219219447567349,7.308890942401245,1432.9422545930288,1365.4228605252883,1493.5198709138251
CONCACAF,2010-06,7.2671403897061415,7.219279428739834,7.30896007534644,1433.0100452969307,1365.5047626357289,1493.6231257699671
CONCACAF,2010-07,7.2671882555638305,7.219346563556418,7.308976576048599,1433.0786531357046,1365.5964386256962,1493.647771964474
CONCACAF,2010-08,7.2672366427907855,7.2194186843010675,7.309063965480055,1433.1480132434572,1365.6949300205547,1493.7783065405035
CONCACAF,2010-09,7.267285506122238,7.219486950156097,7.309113520985986,1433.2180607350035,1365.7881635476606,1493.8523333153414
CONCACAF,2010-10,7.2673348002934155,7.219527502052867,7.309149618936593,1433.2887307061762,1365.843549947029,1493.9062593090837
CONCACAF,2010-11,7.2673844800395475,7.219581538365884,7.3091960146491965,1433.3599582342028,1365.917357096322,1493.9755717597275
CONCACAF,2010-12,7.267434500095862,7.219641926711327,7.309263464172929,1433.4316783781578,1365.9998451120418,1494.076343080024
CONCACAF,2011-01,7.267484815197588,7.21968118960488,7.309310413998636,1433.5038261794841,1366.0534792697335,1494.1464913777065
CONCACAF,2011-02,7.267535380079958,7.219707494736626,7.3093577031811225,1433.5763366625902,1366.089413932435,1494.2171500886634
CONCACAF,2011-03,7.267586149478198,7.219733508541412,7.30936366372574,1433.6491448355132,1366.1249515647637,1494.2260564175324
CONCACAF,2011-04,7.267637078127538,7.219767152957271,7.309393491941305,1433.7221856906588,1366.1709148151945,1494.2706272396113
CONCACAF,2011-05,7.267688120763208,7.219806459501661,7.309438653843118,1433.7953942056115,1366.2246153451836,1494.3381128736517
CONCACAF,2011-06,7.2677392321204355,7.219845681229437,7.309484376029826,1433.8687053440158,1366.2782021198448,1494.4064387904443
CONCACAF,2011-07,7.267790366934451,7.219884779491045,7.309530736586281,1433.9420540565295,1366.3316223189393,1494.4757218490831
CONCACAF,2011-08,7.267841479940481,7.219923715636928,7.3095794917304495,1434.0153752818521,1366.3848231141533,1494.5485869980473
CONCACAF,2011-09,7.267892525873759,7.219962451017532,7.309630660405939,1434.0886039478205,1366.4377516691868,1494.6250630444636
CONCACAF,2011-10,7.2679434594695085,7.220000946983303,7.3096830938756945,1434.1616749725795,1366.4903551398513,1494.7034335067167
CONCACAF,2011-11,7.267994235462964,7.220039164884684,7.3097364199559625,1434.2345232658242,1366.542580674194,1494.7831423199452
CONCACAF,2011-12,7.268044808589353,7.220077066072118,7.309790482275946,1434.307083730114,1366.594375412641,1494.863955928326
CONCACAF,2012-01,7.268095133583903,7.2201146118960535,7.309870608409479,1434.3792912622584,1366.6456864881643,1494.983738352637
CONCACAF,2012-02,7.268145165181843,7.220155628484878,7.309919092543625,1434.451080754777,1366.7017422704598,1495.0562231555725
CONCACAF,2012-03,7.268194858118405,7.220197356496949,7.3099672920303025,1434.5223870974262,1366.7587728464173,1495.1282859816313
CONCACAF,2012-04,7.268244167128816,7.22028117128387,7.310024131922585,1434.593145178806,1366.8733322850826,1495.2132713952365
CONCACAF,2012-05,7.268293046948306,7.220317236411954,7.310085357226591,1434.6632898880325,1366.922629633317,1495.3048191025969
CONCACAF,2012-06,7.268341452312103,7.220351857305227,7.310147829688975,1434.7327561164839,1366.9699544747202,1495.3982374027948
CONCACAF,2012-07,7.268389337955435,7.220415082627027,7.310211547105251,1434.801478759621,1367.056384343405,1495.4935233483773
CONCACAF,2012-08,7.268436658613536,7.220493373341033,7.310276507270932,1434.869392718877,1367.1634165247385,1495.5906739985894
CONCACAF,2012-09,7.268483369021631,7.220570926804672,7.310342707981532,1434.9364329036212,1367.269449211141,1495.6896864193586
CONCACAF,2012-10,7.268529423914949,7.220647673695935,7.310410147032568,1435.0025342331928,1367.3743873744288,1495.7905576832768
CONCACAF,2012-11,7.268574774138606,7.220723777722364,7.310478799410172,1435.0676260749374,1367.478454556766,1495.8932507492452
CONCACAF,2012-12,7.26861935497725,7.220799560578501,7.310548548862959,1435.1316155491775,1367.582090335234,1495.9975920823354
CONCACAF,2013-01,7.268663097825417,7.220874279371984,7.3106192563301695,1435.1944042133075,1367.6842787311411,1496.1033739802745
CONCACAF,2013-02,7.26870593407764,7.220947871962393,7.310690782751038,1435.2558936235307,1367.7849344280949,1496.2103886869238
CONCACAF,2013-03,7.268747795128457,7.221020276209309,7.310762989064803,1435.3159853337154,1367.8839720897627,1496.3184283903702
CONCACAF,2013-04,7.268788612372398,7.221091429972312,7.3108357362107,1435.3745808943863,1367.9813063608512,1496.427285221298
CONCACAF,2013-05,7.268828317204001,7.221161271110985,7.310908885127967,1435.4315818518517,1368.0768518681427,1496.536751251661
CONCACAF,2013-06,7.2688668410178,7.221229737484907,7.310945925061307,1435.4868897474591,1368.170523221587,1496.5921839014059
CONCACAF,2013-07,7.26890411520833,7.221296766953658,7.310947485957091,1435.5404061169866,1368.2622350154352,1496.594519938358
CONCACAF,2013-08,7.268940071170124,7.22136229737682,7.3109408387003345,1435.5920324901683,1368.3519018294442,1496.5845717799277
CONCACAF,2013-09,7.268974640297718,7.221426266613973,7.31097397876999,1435.641670390349,1368.4394382301173,1496.6341694725188
CONCACAF,2013-10,7.269007753985647,7.221488612524698,7.311012139398818,1435.6892213342771,1368.52475877201,1496.6912830559231
CONCACAF,2013-11,7.269039343628445,7.221549272968576,7.311025384777648,1435.7345868320285,1368.6077779990833,1496.71110757781
CONCACAF,2013-12,7.269069340620646,7.221608185805188,7.311036409511229,1435.7776683870625,1368.68841044611,1496.727608821162
CONCACAF,2014-01,7.269097676356785,7.221665288894114,7.311043964736107,1435.8183674964132,1368.7665706401394,1496.738917198886
CONCACAF,2014-02,7.269124282231398,7.2217205200949355,7.311047224885543,1435.8565856510136,1368.84217310201,1496.7437966598118
CONCACAF,2014-03,7.269149089639018,7.221744996632635,7.311046406678818,1435.8922243361553,1368.875678447952,1496.742571664329
CONCACAF,2014-04,7.26917202997418,7.221761359197287,7.311042904548595,1435.9251850320768,1368.8980770989149,1496.737329696908
CONCACAF,2014-05,7.269193034631419,7.22177512704561,7.311041986823381,1435.9553692146917,1368.9169241687339,1496.735956249624
CONCACAF,2014-06,7.26921203500527,7.221786910846916,7.311035817342601,1435.9826783564454,1368.933054844661,1496.7267221520651
CONCACAF,2014-07,7.269228962490266,7.221796973930412,7.311064439904224,1436.0070139273093,1368.9468292517888,1496.7695627994344
CONCACAF,2014-08,7.269243748480944,7.22180433111725,7.31103884183208,1436.0282773959068,1368.9568995569668,1496.7312492033338
CONCACAF,2014-09,7.269256324371836,7.221808927436887,7.311010009252308,1436.0463702307743,1368.963190432027,1496.6880961299776
CONCACAF,2014-10,7.26926662155748,7.221810707918779,7.311045021292176,1436.0611939017545,1368.9656265781505,1496.7404994674268
CONCACAF,2014-11,7.269274571432407,7.221809617592384,7.311085955562112,1436.072649881525,1368.9641327279396,1496.801768882843
CONCACAF,2014-12,7.2692801053911555,7.2218064187113535,7.311119041409135,1436.0806396472617,1368.95975183124,1496.8512916290897
CONCACAF,2015-01,7.269283154828257,7.221798257872442,7.311148848993816,1436.0850646824338,1368.9485776465767,1496.8959092420446
CONCACAF,2015-02,7.269283651138246,7.2217025094887175,7.311167292057511,1436.085826478735,1368.817505401554,1496.9235166906042
CONCACAF,2015-03,7.26928152571566,7.221603866104691,7.311124712370094,1436.0828265381474,1368.6824851346091,1496.8597797473146
CONCACAF,2015-04,7.269276709955031,7.2215485220108375,7.311189469196999,1436.0759663751394,1368.606738393899,1496.9567145380402
CONCACAF,2015-05,7.2692691352508945,7.221594831402847,7.311232674573503,1436.0651475189989,1368.6701204921935,1497.0213925191374
CONCACAF,2015-06,7.269258732997786,7.221645720223748,7.31127788548099,1436.0502715162993,1368.7397724004088,1497.089075748719
CONCACAF,2015-07,7.269245434590239,7.2216938397513495,7.311276507115042,1436.0312399334998,1368.8056372271549,1497.087012433932
CONCACAF,2015-08,7.269229171422788,7.22166645022261,7.311286913582093,1436.0079543596798,1368.7681459660905,1497.102592265228
CONCACAF,2015-09,7.269209874889969,7.221635181660895,7.311291469602023,1435.9803164094062,1368.725346680189,1497.1094132155897
CONCACAF,2015-10,7.269187476386317,7.221600445411955,7.311289579553813,1435.9482277257373,1368.6778028817475,1497.1065832876955
CONCACAF,2015-11,7.269161907306364,7.221607400211599,7.311281792055311,1435.911589983356,1368.687321864971,1497.0949242723705
CONCACAF,2015-12,7.269133099044645,7.221628217491359,7.311179435076612,1435.8703048918417,1368.7158148933852,1496.941694306253
CONCACAF,2016-01,7.269100982995698,7.221646166788337,7.3112049260222,1435.8242741990719,1368.740383169649,1496.9798529594768
CONCACAF,2016-02,7.269065490554056,7.2216658408104735,7.311144991033371,1435.7733996947582,1368.7673115915034,1496.890134234134
CONCACAF,2016-03,7.269026553114251,7.221681881619998,7.3110463011568,1435.7175832141183,1368.789267568821,1496.7424138418617
CONCACAF,2016-04,7.268984102070821,7.221694155825382,7.310942592582031,1435.6567266416776,1368.8060682836656,1496.587197108605
CONCACAF,2016-05,7.268938068818297,7.22169577458337,7.31083415816311,1435.5907319152047,1368.8082844886114,1496.4249245987558
CONCACAF,2016-06,7.268888384751219,7.221690388845308,7.310721340927876,1435.5195010297825,1368.8009142818682,1496.2561119359095
CONCACAF,2016-07,7.268834981264118,7.221680862112137,7.310633573715421,1435.442936042009,1368.7878772799422,1496.1247954748435
CONCACAF,2016-08,7.268777789751529,7.221671008595746,7.310607504946174,1435.3609390743322,1368.7743917725204,1496.0857931548824
CONCACAF,2016-09,7.268716741607986,7.221658326337424,7.3106250726633455,1435.2734123195164,1368.757033684811,1496.1120757349877
CONCACAF,2016-10,7.268651768228026,7.221641062300013,7.3105355331146535,1435.1802580452425,1368.733404615311,1495.9781205406803
CONCACAF,2016-11,7.268582801006183,7.221562712183488,7.310440714472074,1435.081378598837,1368.6261672311382,1495.8362807599328
CONCACAF,2016-12,7.268509771336989,7.221474473841049,7.310344268007987,1434.9766764121364,1368.505404337795,1495.6920195726677
CONCACAF,2017-01,7.2684326106149815,7.221383561276183,7.310245957930549,1434.8660540064807,1368.3809934248056,1495.544985170066
CONCACAF,2017-02,7.268351250234693,7.22128996335655,7.310172923713054,1434.7494139978373,1368.2529202307596,1495.4357631388198
CONCACAF,2017-03,7.268265621590661,7.221193668949812,7.3100573589741185,1434.6266591020583,1368.1211705264773,1495.262953557761
CONCACAF,2017-04,7.268175656077418,7.221094666923633,7.3099457669412375,1434.497692140266,1367.9857301155466,1495.0961036025433
CONCACAF,2017-05,7.268081285089498,7.221006260248849,7.309854081187796,1434.3624160443694,1367.8647963994174,1494.9590309326245
CONCACAF,2017-06,7.267982440021439,7.220879895841911,7.309757886810431,1434.2207338627088,1367.6919578852853,1494.8152312508973
CONCACAF,2017-07,7.267879052267771,7.220767247310403,7.309657110872854,1434.0725487658344,1367.5378980875032,1494.6645974829096
CONCACAF,2017-08,7.267771053223032,7.220651812523902,7.309551680438774,1433.9177640524065,1367.3800458075425,1494.5070226912574
CONCACAF,2017-09,7.267658374281757,7.220533686580684,7.309441522571904,1433.75628315523,1367.2185323879748,1494.3424000806215
CONCACAF,2017-10,7.267540946838477,7.2204346423678425,7.309326564335953,1433.5880096474168,1367.0831238525845,1494.1706230028738
CONCACAF,2017-11,7.267418702287731,7.220392500593094,7.309206732794632,1433.4128472486696,1367.0255140845718,1493.991584962259
CONCACAF,2017-12,7.2672915720240505,7.22034232653886,7.309081955011651,1433.2306998316997,1366.9569273130444,1493.8051796206528
CONCACAF,2018-01,7.2671594874419725,7.220219196287716,7.308952158050723,1433.04147142877,1366.7886239790128,1493.6113008029015
CONCACAF,2018-02,7.267022379936029,7.220066858118026,7.308829917115697,1432.845066238358,1366.5804254971092,1493.4287313839707
CONCACAF,2018-03,7.266880180900756,7.219888139357479,7.308708682999382,1432.6413886319515,1366.3362133291741,1493.2476876925352
CONCACAF,2018-04,7.266732821730691,7.219703495851115,7.308585707396169,1432.4303431609674,1366.0839512162647,1493.0640658317777
CONCACAF,2018-05,7.266580233820363,7.219512862167913,7.3084569419197365,1432.2118345637884,1365.8235543007263,1492.8718230633092
CONCACAF,2018-06,7.266422348564311,7.219363534715803,7.308299546151705,1431.9857677729317,1365.6196146651785,1492.6368699013578
CONCACAF,2018-07,7.266259097357068,7.219216922748501,7.308187723737653,1431.7520479223365,1365.4194135027626,1492.4699689419244
CONCACAF,2018-08,7.266090411593168,7.219067436474556,7.308072839605633,1431.5105803547715,1365.2153179325546,1492.2985176569098
CONCACAF,2018-09,7.265916222667147,7.218872864158372,7.3079531554796,1431.2612706293664,1364.9497105085004,1492.1199238957781
CONCACAF,2018-10,7.26573646197354,7.218654219549227,7.307826290032486,1431.0040245292657,1364.6513037982465,1491.9306374416235
CONCACAF,2018-11,7.26555106090688,7.218428263300064,7.307695245884032,1430.7387480693958,1364.3429868438636,1491.7351414716832
CONCACAF,2018-12,7.265359950861702,7.218194894568099,7.307529541304464,1430.465347504357,1364.0246288486796,1491.4879746483045
CONCACAF,2019-01,7.265163063232541,7.217978151318938,7.307351861589751,1430.1837293364329,1363.7290177492869,1491.2229909896523
CONCACAF,2019-02,7.264960329413933,7.217803327308997,7.307157533331073,1429.893800323713,1363.4906260232467,1490.9332325918033
CONCACAF,2019-03,7.264751680800411,7.217640489458077,7.306968387380864,1429.595467488334,1363.2686163648655,1490.651255842992
CONCACAF,2019-04,7.26453704878651,7.217472787664481,7.306773755055754,1429.2886381248402,1363.0400132480913,1490.3611555807254
CONCACAF,2019-05,7.2643163647667635,7.21730016257495,7.306572543428302,1428.9732198086479,1362.8047391359332,1490.061307507963
CONCACAF,2019-06,7.264089560135708,7.217122554836218,7.306367349563074,1428.6491204046347,1362.5627166457168,1489.755587180153
CONCACAF,2019-07,7.263856566287878,7.216941116191934,7.306158150071033,1428.3162480758358,1362.3155180268739,1489.4439634180846
CONCACAF,2019-08,7.263617314617807,7.216757315793968,7.305944921563134,1427.974511292249,1362.065146563142,1489.126405145132
CONCACAF,2019-09,7.26337173652003,7.216568414265098,7.305727640650338,1427.6238188397513,1361.8078743804763,1488.8028813887718
CONCACAF,2019-10,7.263119848604192,7.216374401323697,7.305506335410178,1427.2642015347365,1361.5436914036193,1488.4734378887317
CONCACAF,2019-11,7.26286200834038,7.216175462686596,7.305249503918833,1426.8961770735752,1361.2728544796921,1488.0912001595095
CONCACAF,2019-12,7.262598658413786,7.215971833070248,7.304984744639415,1426.5203844165019,1360.9956870433552,1487.6972663184126
CONCACAF,2020-01,7.262330241509611,7.215763747191104,7.304740161110995,1426.1374619718113,1360.7125123611102,1487.3334445659805
CONCACAF,2020-02,7.262057200313049,7.215517571736629,7.30449024404069,1425.7480475553084,1360.377579173499,1486.961780996719
CONCACAF,2020-03,7.261779977509292,7.215251850038663,7.304138805962677,1425.3527783531626,1360.0161450972955,1486.4392981766423
CONCACAF,2020-04,7.261499015783541,7.21498124244861,7.3038283773891415,1424.952290888149,1359.648164176643,1485.9779369222238
CONCACAF,2020-05,7.26121475782099,7.214703985649761,7.303524319712412,1424.547220989265,1359.2712449208718,1485.5261822147288
CONCACAF,2020-06,7.260927646306833,7.214424738363048,7.30321403763759,1424.1382037647352,1358.8917256664463,1485.0653212502154
CONCACAF,2020-07,7.2606381239262685,7.214143916438296,7.302903559175319,1423.725873578388,1358.510173660871,1484.6043120196744
CONCACAF,2020-08,7.260346633364491,7.213826161055164,7.302590925543962,1423.3108640293885,1358.0785691162862,1484.1402473721334
CONCACAF,2020-09,7.260053617306696,7.213494940890051,7.302305213603279,1422.89380793534,1357.6288190036348,1483.7162713390271
CONCACAF,2020-10,7.259759518438081,7.213204034801975,7.301968270852777,1422.4753373187361,1357.2339330492734,1483.2164282915644
CONCACAF,2020-11,7.2594647794438405,7.2130322866568894,7.301634321640508,1422.0560833967488,1357.0008521788732,1482.7211921181565
CONCACAF,2020-12,7.25916984300917,7.21275162895528,7.301349616295937,1421.636676574362,1356.6200539732479,1482.2991132542722
CONCACAF,2021-01,7.258875151819267,7.2124719451797485,7.3009950812738404,1421.2177464408326,1356.2406838473596,1481.7736800575876
CONCACAF,2021-02,7.258581148559326,7.212193644544157,7.300688992273321,1420.799921769464,1355.8632955305197,1481.320195366132
CONCACAF,2021-03,7.258288275914542,7.211917136262362,7.300378779038391,1420.383830520702,1355.4884421403297,1480.8607411731498
CONCACAF,2021-04,7.257996976570113,7.211642829548225,7.30006633389649,1419.9700998485341,1355.1166761917284,1480.3981250917154
CONCACAF,2021-05,7.257707693211234,7.211370408789483,7.299752243327528,1419.5593561101782,1354.7475676193064,1479.9332188296385
CONCACAF,2021-06,7.2574208685231,7.211072647010584,7.299404838952593,1419.1522248790666,1354.344237773833,1479.4191729241415
CONCACAF,2021-07,7.257136945190909,7.210762110462046,7.299135021485464,1418.7493309611168,1353.9237312515572,1479.0200535664806
CONCACAF,2021-08,7.256856365899854,7.210443996827405,7.298842516500674,1418.351298414261,1353.493099278544,1478.5874961231673
CONCACAF,2021-09,7.256579573335133,7.21013208721913,7.298544893946688,1417.9587505712573,1353.0709967227472,1478.147500764201
CONCACAF,2021-10,7.256307010181941,7.209831632222096,7.298248944419243,1417.5723100657583,1352.664514235591,1477.7101084815883
CONCACAF,2021-11,7.256039119125473,7.209536363780793,7.297956386532015,1417.1925988616254,1352.2651689674415,1477.2778559649232
CONCACAF,2021-12,7.255776342850926,7.209246784126751,7.297692412813823,1416.8202382854997,1351.8736336379798,1476.8879447989634
CONCACAF,2022-01,7.255519124043496,7.208963410781577,7.2974459200147885,1416.4558490626184,1351.4906009497108,1476.5239473275922
CONCACAF,2022-02,7.255267905388378,7.2087110189471995,7.297195527510831,1416.100051355855,1351.14953831212,1476.1542830526514
CONCACAF,2022-03,7.255023129570768,7.208474346117478,7.296917334143824,1415.7534648080073,1350.8297958975174,1475.7436838935216
CONCACAF,2022-04,7.254785239275863,7.20822887637834,7.296714438013585,1415.4167085873114,1350.49824888527,1475.4442915573043
CONCACAF,2022-05,7.254554677188858,7.207996366891611,7.296487353606409,1415.0904014361772,1350.1842819414799,1475.1092794679018
CONCACAF,2022-06,7.254331885994946,7.207777439006204,7.2962727044657285,1414.7751617231538,1349.8887216223068,1474.7926829811734
CONCACAF,2022-07,7.254117308379329,7.20757598952828,7.296065744449915,1414.471607498122,1349.6168143923576,1474.4874909647924
CONCACAF,2022-08,7.253911387027199,7.207328545770131,7.295865347931438,1414.180356550698,1349.2829008820268,1474.1920381284797
CONCACAF,2022-09,7.253714564623752,7.207199157839797,7.295596196626297,1413.9020264718724,1349.1083317264092,1473.7953111943655
CONCACAF,2022-10,7.253527283854182,7.207056459234934,7.2954138544079665,1413.6372347188694,1348.9158306614772,1473.5266007805471
CONCACAF,2022-11,7.2533499874036895,7.206913440685844,7.295272634766166,1413.386598683231,1348.7229259494738,1473.318524549611
CONCACAF,2022-12,7.253183117957468,7.206787654559597,7.295141775579247,1413.1507357621333,1348.553288135442,1473.125739934304
CONCACAF,2023-01,7.253027118200711,7.206679721429309,7.295021679503578,1412.9302634329415,1348.407745364392,1472.948834039458
CONCACAF,2023-02,7.252882430818618,7.206590261868099,7.29490819523749,1412.725799330999,1348.2871266949712,1472.7816864747128
CONCACAF,2023-03,7.252749498496382,7.206506373483815,7.294793417525547,1412.5379613306695,1348.174029316098,1472.6126535100798
CONCACAF,2023-04,7.252628763919201,7.2063643425965145,7.2946109179779794,1412.3673676296346,1347.98256019756,1472.3439268945374
CONCACAF,2023-05,7.252520669772269,7.206233501042138,7.294447095062978,1412.2146368364536,1347.8061990844767,1472.1027430064257
CONCACAF,2023-06,7.252425658740784,7.20611426373956,7.294354730720728,1412.0803880614033,1347.6454992205286,1471.9667801536732
CONCACAF,2023-07,7.2523441735099405,7.206007045607662,7.294245782421201,1411.9652410106073,1347.501014119034,1471.80642240983
CONCACAF,2023-08,7.252276656764935,7.205830208032797,7.294199007781976,1411.8698160834633,1347.2627422506635,1471.7375813306294
CONCACAF,2023-09,7.252223551190962,7.205659555188399,7.294180196848205,1411.794734473396,1347.0328440001338,1471.7098951460307
CONCACAF,2023-10,7.2521852994732185,7.205495354444309,7.294165700177103,1411.740618271938,1346.8116754462287,1471.6885591341227
CONCACAF,2023-11,7.252162344296901,7.205337849578262,7.294071234522906,1411.708090576171,1346.5995608608914,1471.5495419320348
CONCACAF,2023-12,7.252155128347202,7.205207804887811,7.294021111949514,1411.697775599536,1346.4244535705855,1471.47578646786
CONCACAF,2024-01,7.252164094309322,7.2052191701171155,7.294092739514424,1411.7102987860465,1346.4397566213818,1471.5811876653538
CONCACAF,2024-02,7.252189684868454,7.205260272991452,7.294088814712946,1411.7462869279161,1346.4950997845488,1471.5754123146437
CONCACAF,2024-03,7.252232342709794,7.2053120793632655,7.2940536885256595,1411.8063682866396,1346.5648590635003,1471.5237233301002
CONCACAF,2024-04,7.2522925105185365,7.205390709721909,7.2941347870900595,1411.8911727175405,1346.6707438468331,1471.6430660857811
CONCACAF,2024-05,7.252370630979882,7.205439311292272,7.294262382313322,1412.001331797833,1346.7361956282625,1471.8308520619762
CONCACAF,2024-06,7.252467146779022,7.20557853141216,7.294376035932443,1412.1374789582135,1346.9237032329222,1471.99814038739
CONCACAF,2024-07,7.252582500601155,7.205731674019995,7.294514391202529,1412.3002496180231,1347.1299944773982,1472.2018131756383
CONCACAF,2024-08,7.252717135131474,7.205865357309762,7.294581868165949,1412.4902813240242,1347.3101003156912,1472.3011576237138
CONCACAF,2024-09,7.252871493055178,7.205964175260118,7.294866809726745,1412.7082138928156,1347.4432464386055,1472.7207357792408
CONCACAF,2024-10,7.253046017057459,7.206091895442541,7.294937823665529,1412.9546895569379,1347.6153468196915,1472.8253232623404
CONCACAF,2024-11,7.253241149823517,7.206241882504211,7.2950803098626125,1413.2303531147097,1347.8174818593918,1473.0351957136122
CONCACAF,2024-12,7.253457334038545,7.206522709980554,7.295322614018651,1413.5358520838397,1348.196038893194,1473.3921616621508
CONCACAF,2025-01,7.25369501238774,7.2067930009030015,7.295719450578857,1413.8718368588613,1348.5604931111698,1473.976973100908
CONCACAF,2025-02,7.253954627556298,7.207337522067605,7.2960441759658545,1414.23896087245,1349.2950150915724,1474.455688878179
CONCACAF,2025-03,7.254236622229414,7.207722625295333,7.296347146238917,1414.6378807606636,1349.8147325219645,1474.9024724957856
CONCACAF,2025-04,7.254541439092285,7.208062316294621,7.296596981013494,1415.069256532169,1350.2733289628666,1475.2710013221047
CONCACAF,2025-05,7.2548695208301055,7.208422818357879,7.296820458057216,1415.5337517415242,1350.7601923561956,1475.6007278363384
CONCACAF,2025-06,7.255221310128072,7.208799038214188,7.297196454010779,1416.0320336665588,1351.2684707491974,1476.155650807439
CONCACAF,2025-07,7.25559724967138,7.209193340324084,7.29762901768551,1416.5647734899287,1351.8013840242988,1476.7943201538865
CONCACAF,2025-08,7.255997782145227,7.209582052804156,7.298193368478198,1417.1326464849242,1352.3269507701652,1477.6279854152492
CONCACAF,2025-09,7.256423350234807,7.209749454706889,7.298728046130522,1417.7363322055828,1352.553353621452,1478.4182514014942
CONCACAF,2025-10,7.256874396625315,7.209945483741227,7.29923643596546,1418.3765146811884,1352.818516525735,1479.170055321924
CONCACAF,2025-11,7.257351364001949,7.210230421247957,7.299662515153585,1419.0538826152542,1353.2040385752462,1479.8004341245778
CONCACAF,2025-12,7.257854695049906,7.210823760221897,7.300297650434506,1419.7691295890431,1354.0071854668865,1480.7406053375767
CONCACAF,2026-01,7.258384832454377,7.21173806521492,7.300934716500051,1420.522954269721,1355.2457271143276,1481.6842363923315
CONCACAF,2026-02,7.258942218900562,7.212572026869108,7.301800593942049,1421.3160606232518,1356.3764221119238,1482.967747817218
CONCACAF,2026-03,7.259527297073655,7.2131663918836715,7.302529169321198,1422.1491581320986,1357.1828455215855,1484.0485957243711
CONCACAF,2026-04,7.260140509658853,7.213731549280625,7.30328293122218,1423.0229620178327,1357.9500847197048,1485.167636244755
CONCACAF,2026-05,7.26078229934135,7.214348394771986,7.304076394754424,1423.9381934687867,1358.7879896143609,1486.3465302417355
CONCACAF,2026-06,7.261453108806345,7.214667476442868,7.304805144661887,1424.8955798728039,1359.2216197811015,1487.4301003091268
CONCACAF,2026-07,7.26215338073903,7.215239200202933,7.305774285657144,1425.8958550552193,1359.998941237413,1488.872328320081
CONCACAF,2026-08,7.262883557824604,7.2158383956496595,7.30658167175935,1426.9397595222133,1360.8140907534846,1490.0749087097029
OFC,1992-01,7.303647084906447,7.266651957635589,7.340460921489288,1486.079703333578,1431.748864678444,1541.4224247418726
OFC,1992-02,7.305165230293735,7.268975190874163,7.341610779572279,1488.3250267009223,1435.0790211423212,1543.1958611265006
OFC,1992-03,7.306645804831704,7.270900809449013,7.3421659453948855,1490.5190381535253,1437.8450942892307,1544.0528324709726
OFC,1992-04,7.3080892374773025,7.273129974634892,7.3430283028696435,1492.662040883271,1441.053865370381,1545.3849283758889
OFC,1992-05,7.309495957187491,7.275169544121449,7.343811649085222,1494.7543518267285,1443.995992505627,1546.5959777254625
OFC,1992-06,7.310866392919226,7.277149600948854,7.345123102628663,1496.7963013783747,1446.8580191292615,1548.6255934873109
OFC,1992-07,7.312200973629458,7.278414929362753,7.34582835288578,1498.7882331019698,1448.6899284262572,1549.7181473811718
OFC,1992-08,7.313500128275144,7.280044569558924,7.346858976136256,1500.7305034404098,1451.0526972051296,1551.3161461243865
OFC,1992-09,7.314764285813241,7.281692335877619,7.347738818740133,1502.6234814242166,1453.4456635100546,1552.6816622208473
OFC,1992-10,7.315993875200701,7.2830822950139185,7.348931244339135,1504.467548378988,1455.4672984947908,1554.5342230911099
OFC,1992-11,7.31718932539448,7.284348262627143,7.349912815512312,1506.2630976321047,1457.3110392172289,1556.0608587332931
OFC,1992-12,7.3183510653515365,7.28567506762335,7.35071703516153,1508.0105342188624,1459.2458904509624,1557.3127782857318
OFC,1993-01,7.31947952402882,7.286743560594726,7.351881082040145,1509.710274588325,1460.8059175921153,1559.1266162903578
OFC,1993-02,7.320575130383288,7.287941081693799,7.352847145907738,1511.362746309189,1462.5563111653087,1560.6335613600306
OFC,1993-03,7.321638313371898,7.289162297934638,7.354082726223583,1512.968387775815,1464.343500334213,1562.56303977255
OFC,1993-04,7.3226695019516015,7.290162829538968,7.3551232952741925,1514.5276479147074,1465.809357478267,1564.1898584701687
OFC,1993-05,7.323669125079355,7.291049230098802,7.356569213443355,1516.040985891718,1467.109225739723,1566.4531722944632
OFC,1993-06,7.324637611712117,7.292277802001342,7.357600619169671,1517.5088708201158,1468.9127820343842,1568.0696513699208
OFC,1993-07,7.325575390806835,7.293358179975216,7.358240280917739,1518.9317814697924,1470.500620691948,1569.0730118639483
OFC,1993-08,7.326482891320469,7.294105963376359,7.359327202151817,1520.3102059778548,1471.6006477194849,1570.7793907951575
OFC,1993-09,7.327360542209977,7.29487237485666,7.359776370325169,1521.6446415607425,1472.728931659434,1571.48509298482
OFC,1993-10,7.328208772432308,7.2954696906889405,7.360682161189986,1522.93559422812,1473.608878773095,1572.909175102867
OFC,1993-11,7.32902801094442,7.2963490041197625,7.36152717445016,1524.1835784987734,1474.9052129329216,1574.2388655001423
OFC,1993-12,7.329818686703269,7.297162139530692,7.3621369989530185,1525.3891171186408,1476.1049981909814,1575.199168140363
OFC,1994-01,7.330581228665809,7.297891272230308,7.362911684480636,1526.5527407812106,1477.1816671359472,1576.4199337294503
OFC,1994-02,7.331316065788993,7.298697729816312,7.363659458139307,1527.674987850489,1478.3734321577303,1577.5991707791027
OFC,1994-03,7.332023627029781,7.299438221082754,7.364217250003121,1528.7564040866678,1479.468559842844,1578.4793882358465
OFC,1994-04,7.332704341345124,7.300151790254212,7.365175673834373,1529.7975423746925,1480.5246397513092,1579.9929655818707
OFC,1994-05,7.333358637691979,7.300609957430442,7.365763555459834,1530.798962455925,1481.2031230894293,1580.9220876469578
OFC,1994-06,7.3339869450273,7.301207227893718,7.366279538322986,1531.7612306630122,1482.088066956467,1581.7380288212007
OFC,1994-07,7.334589692308042,7.301858196797643,7.366954581391728,1532.6849196581468,1483.0531766353074,1582.8061302509902
OFC,1994-08,7.335167308491162,7.302333098939027,7.367688050684684,1533.5706081748895,1483.7576461110643,1583.96749411985
OFC,1994-09,7.335720222533615,7.303119724734589,7.368194091626435,1534.4188807636563,1484.9252680304169,1584.7692494442754
OFC,1994-10,7.336248863392353,7.3035264014183445,7.368765119787064,1535.230327541037,1485.5292747047035,1585.6744555428584
OFC,1994-11,7.336753660024332,7.303741613829175,7.369371273431145,1536.0055439430926,1485.8490137205667,1586.635909231738
OFC,1994-12,7.337235041386512,7.304078461544666,7.369820509062052,1536.7451304827268,1486.3496023706352,1587.348845184951
OFC,1995-01,7.33769343643584,7.30465379947179,7.3703143129843145,1537.449692511274,1487.2050015820394,1588.1328763284746
OFC,1995-02,7.338129274129278,7.304933753976503,7.370742476777367,1538.1198399844418,1487.6214095825685,1588.813002105483
OFC,1995-03,7.338542983423779,7.305202748482365,7.371137321082153,1538.7561872326778,1488.0216255140524,1589.4404597581604
OFC,1995-04,7.338934993276296,7.305398871593531,7.371559025429714,1539.3593527360993,1488.3134895685318,1590.1108749163411
OFC,1995-05,7.339305732643787,7.30559078726753,7.371915635339699,1539.929958904092,1488.599147550017,1590.6780253262893
OFC,1995-06,7.339655630483206,7.306041593566494,7.3722686634605505,1540.4686318596528,1489.2703690682306,1591.2396785404603
OFC,1995-07,7.339985115751506,7.3066456009913,7.372615380185022,1540.9760012285756,1490.170171023732,1591.7914835955705
OFC,1995-08,7.340294617405645,7.307241825066622,7.3729228971215965,1541.4526999335944,1491.05891127599,1592.2810617652497
OFC,1995-09,7.340584564402579,7.307618631665491,7.373176383047357,1541.8993639935204,1491.6208577398863,1592.684733732999
OFC,1995-10,7.3408553856992595,7.307826646094678,7.3733722745254555,1542.3166323274859,1491.9311686714673,1592.996757919798
OFC,1995-11,7.341107510252643,7.308160297675199,7.3736658593878825,1542.7051465643613,1492.4290370393073,1593.4645060417713
OFC,1995-12,7.341341367019686,7.308456255161478,7.373886214026489,1543.0655508573989,1492.870800303956,1593.8156720129325
OFC,1996-01,7.341557384957343,7.308713038379613,7.374034633398361,1543.3984917041819,1493.254193264881,1594.052242743133
OFC,1996-02,7.341755993022567,7.3089536667698995,7.3742293091206825,1543.704617771938,1493.6135539551776,1594.362596168883
OFC,1996-03,7.341937620172317,7.309183800452921,7.374405618884079,1543.9845797282649,1493.957324297216,1594.6437230194597
OFC,1996-04,7.342102695363544,7.3094890843414175,7.374557819685326,1544.239030077319,1494.4134748728886,1594.886449609098
OFC,1996-05,7.342251647553206,7.309677881334057,7.3746656661132075,1544.4686230015284,1494.6956422863432,1595.0584592744017
OFC,1996-06,7.342384905698257,7.309857791175067,7.374653436523785,1544.6740142088556,1494.964576922458,1595.0389529250626
OFC,1996-07,7.342502898755653,7.310044781902015,7.3748323351944105,1544.8558607856567,1495.2441475693358,1595.3243284112132
OFC,1996-08,7.342606055682347,7.31019403881882,7.374881429604346,1545.01482105518,1495.4673397574963,1595.4026519320273
OFC,1996-09,7.342694805435296,7.31034061301324,7.37490571797845,1545.1515544417239,1495.6865527422935,1595.4414020169315
OFC,1996-10,7.342769576971455,7.310472817197976,7.374910172640163,1545.266721340491,1495.8843020137983,1595.4485091856798
OFC,1996-11,7.3428307992477775,7.310541737049034,7.374761705060004,1545.3609829931636,1495.9874015707908,1595.2116550525366
OFC,1996-12,7.342878901221222,7.310523592740004,7.374858352719968,1545.4350013692185,1495.9602597921705,1595.3658353418455
OFC,1997-01,7.342914311848739,7.310520699010599,7.374860089089739,1545.4894390530087,1495.9559295436188,1595.3686054109735
OFC,1997-02,7.342937460087288,7.31062287662247,7.374831819007646,1545.5249591366196,1496.1087906928426,1595.3235071637162
OFC,1997-03,7.34294877489382,7.310727530025691,7.374768426391991,1545.5422251185244,1496.2653712905546,1595.2223765397764
OFC,1997-04,7.342948685225294,7.310674200396097,7.374704791985185,1545.5419008080364,1496.18557844273,1595.1208687049445
OFC,1997-05,7.342937620038662,7.310894473510305,7.374645570916078,1545.5246502355858,1496.5151864344093,1595.026410259132
OFC,1997-06,7.342916008290882,7.310754892046987,7.374671693233425,1545.491137568809,1496.306312851283,1595.0680729289631
OFC,1997-07,7.342884278938906,7.310867271650976,7.374476649999401,1545.4420270344708,1496.4744764542922,1594.7569981286001
OFC,1997-08,7.342842860939692,7.310936636961762,7.374380483398556,1545.3779828462089,1496.5782835021766,1594.6036410154302
OFC,1997-09,7.342792183250192,7.311062195239333,7.374088103066829,1545.2996691381165,1496.7662030589304,1594.1374786186936
OFC,1997-10,7.3427326748273645,7.311142947512375,7.3737766714616875,1545.2077499041488,1496.8870756056274,1593.6410939768994
OFC,1997-11,7.342664764628163,7.311039121327576,7.373496474387834,1545.1028889433578,1496.7316673439018,1593.1946316247906
OFC,1997-12,7.342588881609542,7.310929004580941,7.373634580580003,1544.9857498109525,1496.5668610680432,1593.4146666087593
OFC,1998-01,7.342505454728457,7.310842072449075,7.373601339665875,1544.8569957751768,1496.4367669629717,1593.3616995155148
OFC,1998-02,7.342414912941864,7.310666998700957,7.373193560113649,1544.7172897800008,1496.1748031009786,1592.7120980736106
OFC,1998-03,7.342317685206718,7.31067643230163,7.373317735342949,1544.567294413617,1496.1889177309054,1592.9098794365498
OFC,1998-04,7.342214200479971,7.310592571125783,7.373182655934412,1544.4076718827364,1496.0634508084845,1592.6947272102746
OFC,1998-05,7.342104887718582,7.310486096452684,7.372966928856547,1544.2390839926736,1495.9041673204829,1592.3511789226618
OFC,1998-06,7.341990175879505,7.310298576315546,7.373032629825775,1544.0621921332088,1495.6236804549599,1592.4557973721235
OFC,1998-07,7.341870493919694,7.3101593108247105,7.373033991791424,1543.8776572702295,1495.415406100247,1592.4579657229685
OFC,1998-08,7.341746270796106,7.310099427063992,7.372940373012847,1543.6861399431225,1495.3258585837268,1592.3088888147738
OFC,1998-09,7.3416179354656945,7.309861527798343,7.3727885010291425,1543.4883002679255,1494.9701631404937,1592.0670797778362
OFC,1998-10,7.341485916885415,7.30977412635099,7.3728068994087765,1543.2847979462183,1494.8395086025816,1592.096371693727
OFC,1998-11,7.341350644012223,7.309701942271865,7.372818216681981,1543.0762922797423,1494.7316103779383,1592.1143902384854
OFC,1998-12,7.3412125458030735,7.309565536116781,7.3725830047200756,1542.863442190745,1494.5277298671976,1591.7399497161223
OFC,1999-01,7.341071987831285,7.309463073597571,7.372372624340489,1542.6468088873053,1494.3746057121043,1591.4051138451816
OFC,1999-02,7.340929082135625,7.309353149578188,7.372152545615232,1542.4265640369101,1494.2103459365346,1591.0549200568314
OFC,1999-03,7.3407838773712255,7.309283602159699,7.372041516087736,1542.2027822498408,1494.1064311517218,1590.878278409017
OFC,1999-04,7.340636422193221,7.309126710247712,7.372018120560415,1541.9755384765017,1493.872036245644,1590.8410599247427
OFC,1999-05,7.340486765256741,7.3090153475914,7.371987283163362,1541.744907985502,1493.7056840460273,1590.7920035741895
OFC,1999-06,7.3403349552169175,7.308807623078956,7.371936056624865,1541.510966342212,1493.3954368907705,1590.7105099245825
OFC,1999-07,7.3401810407288846,7.308638681829332,7.371760015052292,1541.273789387784,1493.1431642894966,1590.4305034642766
OFC,1999-08,7.340025070447771,7.308486090890166,7.371478431597531,1541.0334532186425,1492.9153406102107,1589.982732204019
OFC,1999-09,7.339867093028712,7.308336634655341,7.371392841442791,1540.790034166452,1492.6922308032285,1589.8466486024647
OFC,1999-10,7.339707157126837,7.3081879227491005,7.371276394813962,1540.5436087785502,1492.4702659385925,1589.6615244188076
OFC,1999-11,7.339545311397279,7.30810443075579,7.371172688644948,1540.2942537988554,1492.3456620106406,1589.4966753352417
OFC,1999-12,7.339381604495169,7.3080090012507375,7.371072118849753,1540.042046149251,1492.2032554228913,1589.3368280547431
OFC,2000-01,7.339216085075641,7.30775529281417,7.370931316754824,1539.7870629114395,1491.8247182942375,1589.1130617611584
OFC,2000-02,7.339048801793826,7.307579830548649,7.370650942620051,1539.5293813092717,1491.5629826272261,1588.6675796688298
OFC,2000-03,7.338879803304853,7.307432391830993,7.370656943306639,1539.2690786915534,1491.3430846030024,1588.6771113636757
OFC,2000-04,7.338709138263859,7.30727988781219,7.370618494791247,1539.0062325153249,1491.1156671024924,1588.6160300689944
OFC,2000-05,7.338536855325973,7.307104021599491,7.370499116900503,1538.7409203296152,1490.8534520952828,1588.4263966289977
OFC,2000-06,7.338363003146326,7.3069806928734415,7.370335008972644,1538.4732197596743,1490.669599143281,1588.1657437371884
OFC,2000-07,7.3381876303800535,7.306723369150691,7.370022290093413,1538.2032084916816,1490.2860632003353,1587.669173699207
OFC,2000-08,7.338010785682284,7.306452840834595,7.370005793720866,1537.9309642579256,1489.8829539625592,1587.6429816637626
OFC,2000-09,7.337832517708151,7.306200729672865,7.369949150748636,1537.6565648224648,1489.5073842465902,1587.5530553302087
OFC,2000-10,7.337652875112786,7.306100487743313,7.3698025009964745,1537.3800879672635,1489.3580816218396,1587.3202582526478
OFC,2000-11,7.337471906551321,7.306009328236401,7.369481414348634,1537.1016114788,1489.222319201154,1586.810673520561
OFC,2000-12,7.337289660678887,7.305865228764717,7.369105312173594,1536.8212131351538,1489.0077384180204,1586.2139847879077
OFC,2001-01,7.337106186150619,7.3056320923431315,7.368965761488507,1536.5389706935696,1488.6606359339426,1585.992640343843
OFC,2001-02,7.336921531621646,7.305429467995851,7.3687630237988735,1536.2549618784908,1488.3590272074316,1585.671132148921
OFC,2001-03,7.3367357457471005,7.305310548982948,7.368555649535953,1535.9692643700726,1488.182043519844,1585.3423395299135
OFC,2001-04,7.336548877182115,7.305155980687202,7.368497526402057,1535.681955793172,1487.9520356904036,1585.2501963026782
OFC,2001-05,7.3363609745818215,7.3050592265147385,7.3681424855763975,1535.393113706803,1487.8080769282747,1584.6874685833225
OFC,2001-06,7.336172086601351,7.30494443187059,7.367771755881985,1535.1028155940746,1487.6372946798008,1584.1000858989137
OFC,2001-07,7.335982261895836,7.3047279531249965,7.367403619100035,1534.8111388526,1487.3152886052487,1583.517027691366
OFC,2001-08,7.335791549120408,7.304483155374911,7.3672265267356805,1534.5181607853733,1486.9512404871714,1583.2366248984172
OFC,2001-09,7.335599996930201,7.304300971942983,7.367213637933825,1534.223958592125,1486.6803686152498,1583.2162186514572
OFC,2001-10,7.3354076539803446,7.304093816663082,7.367069359951623,1533.9286093611481,1486.372425543829,1582.9878117018422
OFC,2001-11,7.335214568925971,7.303917720542789,7.366734226026075,1533.6321900615899,1486.110704140097,1582.4573952930496
OFC,2001-12,7.335020790422213,7.303749094221534,7.36639585374807,1533.3347775362201,1485.8601281097574,1581.922042501323
OFC,2002-01,7.334826367124202,7.30349156395642,7.366052413387848,1533.03644849467,1485.4775232215186,1581.378861529427
OFC,2002-02,7.334631347687071,7.303229521025855,7.365794945682639,1532.7372795071299,1485.0883153270245,1580.971764357102
OFC,2002-03,7.334435780765949,7.3030099766069965,7.3659687387637645,1532.437346998529,1484.7623082441905,1581.2465209849033
OFC,2002-04,7.334239715015972,7.302714039297105,7.366140687763052,1532.1367272431737,1484.3229769138027,1581.5184202391654
OFC,2002-05,7.33404319909227,7.302358954253607,7.366148835504065,1531.8354963598542,1483.7960093229287,1581.5313030106545
OFC,2002-06,7.333846281649973,7.302118794915819,7.365864272336491,1531.5337303074186,1483.4397048689173,1581.0813222007737
OFC,2002-07,7.333649011344216,7.301882367565016,7.36574532837584,1531.2315048808143,1483.0890204035989,1580.8932722644101
OFC,2002-08,7.33345143683013,7.301639010588796,7.365441878854685,1530.928895707586,1482.728144355167,1580.4136244169079
OFC,2002-09,7.333253606762846,7.301394563654447,7.3652292146974,1530.6259782448462,1482.3657403425848,1580.0775626344612
OFC,2002-10,7.333055569797497,7.301192595409495,7.365122477793059,1530.3228277767043,1482.066379669169,1579.908918611211
OFC,2002-11,7.3328573745892145,7.300903240344808,7.364884669305551,1530.019519412157,1481.6375982435682,1579.5332473607978
OFC,2002-12,7.33265906979313,7.300751181738009,7.364616967763065,1529.7161280834375,1481.4123196366563,1579.1104604860413
OFC,2003-01,7.332460704064377,7.300640553173351,7.364364873209144,1529.4127285448355,1481.2484425803768,1578.7124255453352
OFC,2003-02,7.332262326058085,7.300525106508023,7.364169225600847,1529.1093953719605,1481.0774482325044,1578.4035851495519
OFC,2003-03,7.332063984429388,7.300232564613,7.364020574953034,1528.8062029614762,1480.644233878328,1578.1689717858374
OFC,2003-04,7.331865727833415,7.299977931258448,7.363698854597153,1528.5032255312897,1480.26725969713,1577.661323686081
OFC,2003-05,7.331667604925304,7.299790677009116,7.363395400274685,1528.2005371211899,1479.990099204833,1577.1826481905223
OFC,2003-06,7.331469664360181,7.29969586849929,7.3632332927136845,1527.898211593952,1479.849791276136,1576.9269956678675
OFC,2003-07,7.33127195479318,7.299533905925932,7.36307383498106,1527.5963226368942,1479.6101302012178,1576.6755628987303
OFC,2003-08,7.331074524879433,7.29924810970979,7.36291246106388,1527.2949437638804,1479.1873227764052,1576.4211501062696
OFC,2003-09,7.330877423274073,7.299118768339253,7.362749249052607,1526.9941483177872,1478.9960150299628,1576.1638818736087
OFC,2003-10,7.330680698632229,7.299063570935674,7.362578657493266,1526.694009473421,1478.9143807558874,1575.8950241692332
OFC,2003-11,7.330484399609036,7.298949812318479,7.362402536772655,1526.394600240878,1478.7461511655004,1575.617499305638
OFC,2003-12,7.330288574859623,7.298735630756124,7.36222473687735,1526.0959934693658,1478.429464611923,1575.3373787055496
OFC,2004-01,7.330093273039126,7.298518267529968,7.361985712936162,1525.7982618514745,1478.1081433368515,1574.9608802093983
OFC,2004-02,7.329898542802674,7.298393673345579,7.361766090180473,1525.5014779278856,1477.9239911522575,1574.6150213050512
OFC,2004-03,7.329704432805398,7.298217772844659,7.361499524742037,1525.205714092543,1477.6640470787488,1574.195340393399
OFC,2004-04,7.329510991702433,7.297872384863592,7.361292555090505,1524.911042598267,1477.1537672275665,1573.8695620808255
OFC,2004-05,7.329318268148909,7.297665383819066,7.360972298601252,1524.6175355628118,1476.848026421188,1573.3656044652842
OFC,2004-06,7.329126310799958,7.297373454796016,7.360692625098714,1524.3252649753758,1476.416954620748,1572.9256422586818
OFC,2004-07,7.328935168310711,7.29714309654619,7.360429882980924,1524.0343027035547,1476.0768891135242,1572.5124260543946
OFC,2004-08,7.328744889336304,7.297034932891512,7.360258714696497,1523.7447205007393,1475.9172397438592,1572.2432842974122
OFC,2004-09,7.328555522531864,7.296718016099713,7.360082880380877,1523.456590013959,1475.4495708740392,1571.9668496866861
OFC,2004-10,7.328367116552525,7.296483015186713,7.359906687001234,1523.169982792172,1475.1028795466543,1571.6898998982572
OFC,2004-11,7.32817972005342,7.296139669623214,7.359731972753523,1522.8849702949951,1474.5964964667453,1571.415325037205
OFC,2004-12,7.327993381689679,7.2958879622434525,7.359559726672248,1522.6016239018782,1474.2253763448384,1571.1446775685392
OFC,2005-01,7.327808150116436,7.295602840652973,7.359486072470464,1522.3200149217264,1473.8051028806317,1571.0289604507234
OFC,2005-02,7.3276240739888205,7.295268514390971,7.359434069467445,1522.0402146029558,1473.3124534042888,1570.9472644044072
OFC,2005-03,7.327441201961967,7.294995535493153,7.3593817273991675,1521.7622941439988,1472.9103251020815,1570.8650400101276
OFC,2005-04,7.3272595826910045,7.294630973509706,7.359296774752891,1521.4863247042508,1472.3734558212432,1570.7315963999993
OFC,2005-05,7.3270792648310685,7.29428846805099,7.359115430007065,1521.2123774154536,1471.8692462255822,1570.4467792616008
OFC,2005-06,7.326900297037287,7.294126402787892,7.3589339795604225,1520.9405233935233,1471.6307277752014,1570.1618491191155
OFC,2005-07,7.326722727964796,7.293774784918702,7.358750529837603,1520.6708337508258,1471.11336609562,1569.8738321488781
OFC,2005-08,7.326546606268725,7.293486353974281,7.358557403116726,1520.4033796088795,1470.6891126157684,1569.5706742507905
OFC,2005-09,7.326371980604206,7.2931927181036444,7.358364385116523,1520.1382321115123,1470.2573289627926,1569.2677462739866
OFC,2005-10,7.32619889962637,7.293020750184013,7.358171563547988,1519.8754624384562,1470.0045137149962,1568.965185762942
OFC,2005-11,7.326027411990352,7.29289305317391,7.357969214722818,1519.6151418193772,1469.816811708003,1568.6477394168407
OFC,2005-12,7.325857545845625,7.292762401476972,7.357770813531823,1519.3573106119898,1469.6247923210376,1568.3365487251779
OFC,2006-01,7.3256892473190405,7.292633241422193,7.357609060791482,1519.1018855585105,1469.4349883045418,1568.082886508886
OFC,2006-02,7.325522442031792,7.2924722954801355,7.357423894230967,1518.8487526858146,1469.198506891975,1567.7925569042975
OFC,2006-03,7.325357055605075,7.29219035578863,7.3572863753637225,1518.5977982430038,1468.7843373191722,1567.5769707889708
OFC,2006-04,7.325193013660082,7.291942973104129,7.357153845605736,1518.3489086888926,1468.4210298726202,1567.3692347885292
OFC,2006-05,7.325030241818007,7.2918286803112355,7.357016786595203,1518.1019706798531,1468.2532095687695,1567.1544266964124
OFC,2006-06,7.324868665700046,7.291709338107348,7.356882389605433,1517.8568710580375,1468.0779959478582,1566.9438197664642
OFC,2006-07,7.324708210927391,7.2915707847258115,7.356814060759647,1517.613496839966,1467.8746049759538,1566.8367560308745
OFC,2006-08,7.324548803121238,7.2913311838122725,7.356819855783619,1517.371735205473,1467.522943804145,1566.8458358736004
OFC,2006-09,7.3243903679027795,7.291098804015405,7.356742407941445,1517.1314734870252,1467.181958515605,1566.7244917437476
OFC,2006-10,7.324232830893211,7.290867297495658,7.356542427832417,1516.8925991594015,1466.842334393701,1566.4112095814762
OFC,2006-11,7.324076117713726,7.2907599801118135,7.356300903749316,1516.654999829732,1466.6849257981298,1566.032930800092
OFC,2006-12,7.323920153985519,7.290670875878261,7.356179449271491,1516.4185632279034,1466.5542462287463,1565.8427407760041
OFC,2007-01,7.323764865329783,7.2904292622991145,7.3561101547086825,1516.1831771973243,1466.1999483588302,1565.7342394198572
OFC,2007-02,7.323610177367712,7.2901920248140115,7.356033217566026,1515.9487296860498,1465.8521504248022,1565.6137797277129
OFC,2007-03,7.323456015720502,7.290016588689352,7.35594432146381,1515.7151087382645,1465.595009343774,1565.474608895994
OFC,2007-04,7.323302306009346,7.289924077927589,7.355646906455423,1515.482202486133,1465.4594335376553,1565.0090834353252
OFC,2007-05,7.32314897385544,7.289847519477642,7.35550949248105,1515.2498991419952,1465.3472442504137,1564.7940431353372
OFC,2007-06,7.322995944879974,7.2897784930799086,7.355315954400324,1515.0180869909327,1465.2460997001124,1564.4912254897645
OFC,2007-07,7.3228431447041435,7.289716052990662,7.355282352679014,1514.7866543836872,1465.154612147091,1564.4386565222042
OFC,2007-08,7.322690498949147,7.289643460676019,7.3551309269354945,1514.5554897299332,1465.0482567907293,1564.2017781727957
OFC,2007-09,7.322537933236172,7.289600182827459,7.35503671935339,1514.3244814919144,1464.9848547673464,1564.054425408604
OFC,2007-10,7.322385373186418,7.28941325576659,7.354841852147589,1514.0935181784325,1464.7110350698165,1563.7496724624907
OFC,2007-11,7.322232744421077,7.289077466201085,7.354693896076854,1513.8624883391897,1464.2192821645206,1563.5183235483314
OFC,2007-12,7.322079972561341,7.288883438031474,7.354686689591196,1513.6312805594916,1463.9352099356322,1563.5070556503795
OFC,2008-01,7.321926983228408,7.288676550080531,7.354569342115354,1513.3997834553063,1463.6323707756676,1563.323593040868
OFC,2008-02,7.321773702043471,7.288563912772589,7.354449775369312,1513.1678856686704,1463.4675206005954,1563.1366828418363
OFC,2008-03,7.321620054627721,7.288336394434689,7.354329475743981,1512.9354758634588,1463.134592652422,1562.9486495554834
OFC,2008-04,7.321465966602356,7.288160619662088,7.354208328420232,1512.7024427215085,1462.8774332437117,1562.759314153081
OFC,2008-05,7.32131136358857,7.287875054137371,7.354095334985279,1512.4686749390885,1462.4597452952012,1562.5827426610476
OFC,2008-06,7.321156171207552,7.2877039922736095,7.3541300237565945,1512.2340612237335,1462.2095956467401,1562.6369469032152
OFC,2008-07,7.321000315080504,7.287643294194668,7.354149862523485,1511.998490291429,1462.1208463286714,1562.6679480086252
OFC,2008-08,7.320843720828614,7.287415444595948,7.354021057492559,1511.7618508641472,1461.7877393599733,1562.4666814216646
OFC,2008-09,7.320686314073078,7.287326171727078,7.353793884934553,1511.5240316677368,1461.6572471448692,1562.11177258228
OFC,2008-10,7.320528020435092,7.287282703612297,7.353675167502054,1511.2849214301762,1461.5937135351753,1561.9263336075976
OFC,2008-11,7.320368765535847,7.287095497755187,7.353572473075984,1511.044408880163,1461.32011971975,1561.7659405258737
OFC,2008-12,7.320208474996539,7.28711909989362,7.353505721227191,1510.8023827460731,1461.354610762426,1561.661693666942
OFC,2009-01,7.320047074438362,7.287164195033387,7.353375399816043,1510.5587317552647,1461.420511891704,1561.4581897798055
OFC,2009-02,7.319884489482509,7.287074582357871,7.353231766081481,1510.313344633735,1461.289556564372,1561.2339264774228
OFC,2009-03,7.3197206457501744,7.286884410698864,7.353035718591307,1510.0661101061335,1461.0116868965092,1560.9278804626836
OFC,2009-04,7.319555468862555,7.28674300020971,7.352786890147278,1509.8169168961267,1460.8050988186535,1560.539526072706
OFC,2009-05,7.3193888844408415,7.286507844231991,7.352745818727353,1509.5656537271154,1460.4616220767502,1560.4754332712723
OFC,2009-06,7.3192208181062295,7.286327794181518,7.352540124840467,1509.3122093233012,1460.1986896340152,1560.1544861518116
OFC,2009-07,7.319051195479912,7.28623564223055,7.352225583523832,1509.0564724111143,1460.0641360182592,1559.6638304929431
OFC,2009-08,7.318879942183085,7.286085205113059,7.352047618380219,1508.7983317209814,1459.8445044833952,1559.3862890481134
OFC,2009-09,7.318706983836941,7.2859333211500585,7.351876433341147,1508.5376759894555,1459.6227941870293,1559.119368299917
OFC,2009-10,7.318532246062675,7.285711808068947,7.3516560260787385,1508.274393961694,1459.2995045148823,1558.7757651083177
OFC,2009-11,7.318355654481482,7.285462036004276,7.351327010685976,1508.0083743942855,1458.9350577206626,1558.2629884833948
OFC,2009-12,7.318177134714554,7.285291024296553,7.351150276285835,1507.7395060584317,1458.685584905573,1557.987613836381
OFC,2010-01,7.317996612383087,7.285036518700802,7.350865691430097,1507.4676777434818,1458.314387669263,1557.5442976256275
OFC,2010-02,7.317814013108274,7.284771944610046,7.350581214532158,1507.1927782608097,1457.9286068648846,1557.1012759149792
OFC,2010-03,7.317629262511307,7.284575588060499,7.350296879312092,1506.9146964480517,1457.642360763001,1556.6586009962737
OFC,2010-04,7.317442286213386,7.2844586928402295,7.3500334876974005,1506.6333211736865,1457.4719805444242,1556.2486434705984
OFC,2010-05,7.3172530098357,7.2843768780434,7.349721613404513,1506.34854134197,1457.3527426296944,1555.7633644756968
OFC,2010-06,7.317061358999444,7.284280719010267,7.3495896956505975,1506.0602458982137,1457.2126112052836,1555.558144788678
OFC,2010-07,7.316867259325814,7.284085783259681,7.349453282425509,1505.7683238344216,1456.9285754877783,1555.345960383653
OFC,2010-08,7.316670636436004,7.28388198321774,7.349239381653592,1505.4726641952627,1456.6316861324976,1555.0133062952693
OFC,2010-09,7.316471415951206,7.283458967342752,7.3489708285029876,1505.173156084402,1456.0156365668563,1554.5957590171165
OFC,2010-10,7.316269523492615,7.283222182367708,7.348700526196137,1504.869688671175,1455.6709148618331,1554.1756057129123
OFC,2010-11,7.316064884681426,7.283157988866197,7.348562130362397,1504.5621511976067,1455.5774742822484,1553.9605282763712
OFC,2010-12,7.315857425138832,7.282838115222724,7.348448648095316,1504.2504329857784,1455.1119457458133,1553.7841911550377
OFC,2011-01,7.315647070486028,7.28263466916749,7.34828975363377,1503.9344234455455,1454.8159404606984,1553.537324055077
OFC,2011-02,7.315433746344208,7.282344285726741,7.348146544626337,1503.6140120825864,1454.3935461835179,1553.314859457088
OFC,2011-03,7.315217378334564,7.282055139893787,7.347925753848854,1503.28908850681,1453.973074825958,1552.9719388066364
OFC,2011-04,7.314997892078294,7.281745689389848,7.347559880666465,1502.9595424410982,1453.52321177476,1552.403855009977
OFC,2011-05,7.31477521319659,7.281546213353607,7.3474011188183175,1502.62526373039,1453.2332977696817,1552.1574121864212
OFC,2011-06,7.314549267310643,7.281418604500027,7.347435653029178,1502.2861423511094,1453.0478639596195,1552.2110126567288
OFC,2011-07,7.314319980041655,7.281209918858584,7.3473712602949,1501.9420684209372,1452.7446654444311,1552.1110644662162
OFC,2011-08,7.314087277010813,7.280900318205363,7.347126686201306,1501.592932208911,1452.294964377227,1551.731504868416
OFC,2011-09,7.313851083839314,7.280589823423868,7.346789042025254,1501.238624145873,1451.8441043789333,1551.2076614345222
OFC,2011-10,7.313611326148353,7.2802243663023445,7.34645007452374,1500.8790348352547,1451.3136144944724,1550.6819437198697
OFC,2011-11,7.313367929559121,7.279909647307753,7.34618635451163,1500.5140550641868,1450.8569304677997,1550.2730524310884
OFC,2011-12,7.313120819692815,7.279594792761366,7.346064313459644,1500.143575814954,1450.400193468523,1550.0838643743239
OFC,2012-01,7.312869922170627,7.279282390795878,7.345933619666383,1499.7674882767838,1449.9471563668808,1549.881289752528
OFC,2012-02,7.3126151626137545,7.278965988736249,7.345701759429642,1499.3856838579522,1449.4884629830808,1549.5219754940379
OFC,2012-03,7.3123564666433865,7.278651992507962,7.345436481829157,1498.998054198234,1449.0334005895108,1549.110976527228
OFC,2012-04,7.312093759880721,7.278344433137299,7.345152884146943,1498.60449118168,1448.58780483273,1548.6717145777372
OFC,2012-05,7.311826967946952,7.278078027325148,7.34485114776758,1498.204886949709,1448.201944039882,1548.2044945024952
OFC,2012-06,7.311556016463272,7.277933823327626,7.344542677365229,1497.799133914536,1447.9931226110693,1547.7269929123972
OFC,2012-07,7.311280831050876,7.277720022386049,7.344266413450116,1497.3871247729244,1447.683573467223,1547.2994707593948
OFC,2012-08,7.311001337330959,7.2774977397882985,7.34395818952298,1496.9687525202462,1447.361814766853,1546.8226296229564
OFC,2012-09,7.310717460924712,7.277274093277256,7.343621999907166,1496.5439104648742,1447.0381533234631,1546.302691224488
OFC,2012-10,7.3104291274533315,7.277044014009052,7.343252242236999,1496.1124922428892,1446.7052579898975,1545.731039659568
OFC,2012-11,7.310136290078606,7.2767565509816405,7.342928492311179,1495.674433302117,1446.289443353496,1545.230691174337
OFC,2012-12,7.3098390121247006,7.276417981139709,7.342571142735333,1495.229835212851,1445.7998563689314,1544.6786057038926
OFC,2013-01,7.309537384456373,7.276084644637334,7.342242058421874,1494.7788410656517,1445.3179990073577,1544.1703611367125
OFC,2013-02,7.309231497938381,7.275756977310065,7.341940694357816,1494.3215939581007,1444.8444928232148,1543.7050736510853
OFC,2013-03,7.308921443435485,7.275453049262534,7.341632315641997,1493.8582369773142,1444.4054307741892,1543.2291010799656
OFC,2013-04,7.3086073118124455,7.2751354154041765,7.34141797539523,1493.3889131829578,1443.9467115879443,1542.8983577448516
OFC,2013-05,7.308289193934018,7.274883636860111,7.3412657493176345,1492.913765590766,1443.5832025126404,1542.6635039147418
OFC,2013-06,7.3079671806649635,7.274584276310559,7.3410073845856365,1492.432937156575,1443.151115608652,1542.264985879241
OFC,2013-07,7.307641362870041,7.274257503861512,7.3406729894414475,1491.9465707608706,1442.6796103355841,1541.7493496422694
OFC,2013-08,7.307311831414007,7.2739742502907365,7.3403320703618125,1491.4548091938286,1442.2710241258837,1541.223834546569
OFC,2013-09,7.306978677161624,7.273654962855808,7.339984835750187,1490.9577951408799,1441.810598545441,1540.6887723732193
OFC,2013-10,7.306641990977647,7.2733210091542855,7.339619963012086,1490.4556711687826,1441.329180960299,1540.1267200739128
OFC,2013-11,7.306301863726839,7.273043547213337,7.3392536083591295,1489.9485797121915,1440.92932248053,1539.562585760542
OFC,2013-12,7.305958386273955,7.27274506849415,7.3389599804449475,1489.43666306075,1440.499300074156,1539.1105859458225
OFC,2014-01,7.305611649483757,7.27239421831451,7.338665001880146,1488.9200633466885,1439.993989238528,1538.6566427938349
OFC,2014-02,7.305261744221002,7.272077653400922,7.3383686675766,1488.398922532917,1439.5382096937562,1538.2007502623962
OFC,2014-03,7.304908761350449,7.271792041919918,7.338088165772655,1487.873382401642,1439.1271197737228,1537.7693416713764
OFC,2014-04,7.304552791736858,7.271444580023436,7.3377814248841595,1487.3435845434863,1438.6271651129555,1537.2977171047598
OFC,2014-05,7.304193926244985,7.271021658785196,7.337261614680333,1486.809670347102,1438.0188674304713,1536.498823738688
OFC,2014-06,7.303832255739592,7.270634315920066,7.337110883895643,1486.2717809893038,1437.4619689572953,1536.267241734285
OFC,2014-07,7.303467871085439,7.2702057585661635,7.336809596918047,1485.7300574257026,1436.846066027591,1535.804453923408
OFC,2014-08,7.3031008631472805,7.269776023788429,7.336263328471274,1485.1846403818352,1436.228735962523,1534.9657219707146
OFC,2014-09,7.302731322789879,7.2693593142678665,7.335867506872188,1484.6356703448016,1435.6303704366526,1534.3582691402441
OFC,2014-10,7.302359340877991,7.269001414048361,7.335431193716077,1484.0832875554102,1435.1166499425547,1533.6889558078112
OFC,2014-11,7.301985008276376,7.268636120184607,7.334949534972643,1483.5276320008045,1434.5925064090754,1532.950419046377
OFC,2014-12,7.301608415849794,7.268274862446328,7.334461733186165,1482.9688434076065,1434.07434234869,1532.2028246539812
OFC,2015-01,7.301229654463003,7.26790980251482,7.33397133744999,1482.4070612355526,1433.5509150206149,1531.4516226396704
OFC,2015-02,7.300848814980764,7.267578671624007,7.333468410021365,1481.842424671615,1433.0763004188232,1530.6816071042208
OFC,2015-03,7.300465988267829,7.267159402906735,7.3329155344642425,1481.2750726246309,1432.4755822938362,1529.8355647628725
OFC,2015-04,7.300081265188966,7.266819581182644,7.332352113484482,1480.7051437204238,1431.9888790889697,1528.9738666832602
OFC,2015-05,7.299694736608929,7.266394528938984,7.331785039898736,1480.1327762974042,1431.3803379021024,1528.1070728076932
OFC,2015-06,7.299306493392476,7.266039071960215,7.331342012572926,1479.5581084026742,1430.87163419015,1527.4302287511025
OFC,2015-07,7.298916626404369,7.265627054527517,7.3309406475710395,1478.981277788617,1430.2822115748581,1526.8172938614782
OFC,2015-08,7.298525226509364,7.265326833801175,7.3305053797574615,1478.4024219099674,1429.8528762459746,1526.1528639289959
OFC,2015-09,7.298132384572222,7.264998995963222,7.330095026749681,1477.8216779213735,1429.3841929870298,1525.5267309968724
OFC,2015-10,7.297738191457702,7.264591768033687,7.3296921497970775,1477.2391826754476,1428.8022260450764,1524.912255204169
OFC,2015-11,7.29734273803056,7.264261981847399,7.329303219875832,1476.6550727212825,1428.3311062944447,1524.3192865161393
OFC,2015-12,7.296946115155557,7.263835370164545,7.328878793691651,1476.0694843034642,1427.7218925366863,1523.6724627484966
OFC,2016-01,7.296548413697453,7.2632435517324465,7.32847254147623,1475.4825533615629,1426.8771894703968,1523.0535932920238
OFC,2016-02,7.296149724521005,7.262656107785927,7.328193844145528,1474.8944155300865,1426.0392254965755,1522.6291820538033
OFC,2016-03,7.2957501384909715,7.262122668588417,7.327852518412134,1474.3052061389237,1425.2787229972896,1522.1095591645262
OFC,2016-04,7.295349746472113,7.26166293368684,7.327506743480428,1473.7150602142638,1424.623623119817,1521.5833425930264
OFC,2016-05,7.294948639329189,7.261361590083219,7.327156854486939,1473.1241124799694,1424.1943867931,1521.0510493901022
OFC,2016-06,7.294546907926955,7.261071353772942,7.326782132759872,1472.5324973594372,1423.7810942838692,1520.4811849298924
OFC,2016-07,7.294144643130172,7.260856634457319,7.326315444744419,1471.9403489779281,1423.4754132005814,1519.7717602412215
OFC,2016-08,7.2937419358036015,7.260659162553824,7.326030893403734,1471.3478011653474,1423.194344760188,1519.339368620018
OFC,2016-09,7.293338876811997,7.26028312451035,7.325401708465341,1470.754987459507,1422.659270924786,1518.3837292503806
OFC,2016-10,7.292935557020121,7.259810694499544,7.324929128652468,1470.1620411098506,1421.9873232225582,1517.66634572125
OFC,2016-11,7.292532067292732,7.25932600844506,7.324648476747123,1469.569095081626,1421.2982713389279,1517.2404661797655
OFC,2016-12,7.292128498494587,7.2589175296734565,7.324364274218591,1468.9762820605338,1420.7178199203508,1516.8093207537645
OFC,2017-01,7.291724941490446,7.258633770846604,7.324077262846438,1468.383734457833,1420.3147374711903,1516.3740395473733
OFC,2017-02,7.291321487145071,7.258120317323387,7.323677632213153,1467.791584415893,1419.5856572463267,1515.7681698524668
OFC,2017-03,7.290918226323214,7.257680553296464,7.323051492292682,1467.1999638142115,1418.9615120336084,1514.8193840828658
OFC,2017-04,7.290515249889641,7.25716543139864,7.322499374630902,1466.609004275891,1418.230761855151,1513.9832562331012
OFC,2017-05,7.290112648709106,7.256713920441917,7.321938196905281,1466.0188371745508,1417.5905600375136,1513.1338825059602
OFC,2017-06,7.289710513646369,7.256276644177271,7.321451782812322,1465.4295936417063,1416.9708164969907,1512.3980505238728
OFC,2017-07,7.289308935566192,7.256035090360032,7.321061948310769,1464.8414045745994,1416.6285840232113,1511.8085801925236
OFC,2017-08,7.28890800533333,7.255795078495289,7.320677819919757,1464.254400644461,1416.2886192733956,1511.2279633047078
OFC,2017-09,7.288507813812543,7.255559549461544,7.320293281969451,1463.6687123052375,1415.9550832054376,1510.646950917316
OFC,2017-10,7.288108451868589,7.255168041290807,7.319902307682584,1463.0844698027634,1415.4008312207857,1510.0564417926942
OFC,2017-11,7.28771001036623,7.254739122557272,7.319516378628553,1462.5018031843642,1414.7938675657454,1509.4737798586498
OFC,2017-12,7.287312580170222,7.254349341761588,7.319123445549158,1461.9208423089183,1414.2425151868874,1508.88077378291
OFC,2018-01,7.286916252145326,7.253971608430739,7.318608355886399,1461.3417168573612,1413.7084095050595,1508.1037656245103
OFC,2018-02,7.286521117156298,7.253541997195141,7.3180709109130095,1460.7645563436188,1413.1011949273197,1507.2934624835957
OFC,2018-03,7.286127266067899,7.25312748836794,7.3176633152148245,1460.1894901259964,1412.5155733891534,1506.6792205808497
OFC,2018-04,7.285734789744887,7.252708876417686,7.3172601064566205,1459.616647419006,1411.9244016324872,1506.071836208123
OFC,2018-05,7.285343779052022,7.25230977152759,7.316907635718554,1459.046157305621,1411.3610078691106,1505.541082663413
OFC,2018-06,7.284954324854061,7.251966069369202,7.316613096214862,1458.4781487499833,1410.8760033682586,1505.0977064379417
OFC,2018-07,7.284566518015764,7.251517855882951,7.31628936986047,1457.9127506105503,1410.2437713183376,1504.6105457723904
OFC,2018-08,7.284180449401893,7.2511438326981965,7.315968521098549,1457.350091653663,1409.7164060807042,1504.1278704167437
OFC,2018-09,7.283796209877201,7.250794041385163,7.315606197361756,1456.7903005675669,1409.2233857542337,1503.5829879306098
OFC,2018-10,7.28341389030645,7.250428440455055,7.315180070456644,1456.2335059768711,1408.7082666754272,1502.942407239083
OFC,2018-11,7.283033581554399,7.249995932643672,7.314710214811379,1455.6798364574292,1408.0991209593508,1502.2364075538874
OFC,2018-12,7.282655374485805,7.249645948882624,7.314242286873032,1455.1294205516701,1407.6063953621342,1501.5336344488535
OFC,2019-01,7.282279359965429,7.249322344950354,7.313868935436086,1454.582386784368,1407.1509621781602,1500.9731390622949
OFC,2019-02,7.281905628858031,7.248951308564431,7.31361084764805,1454.038863678831,1406.628954762675,1500.5858052179144
OFC,2019-03,7.281534272028365,7.248586845759884,7.313356503906138,1453.4989797735454,1406.116384209497,1500.2041895121552
OFC,2019-04,7.2811653803411955,7.248230359822152,7.313212760197878,1452.9628636392536,1405.6152129268896,1499.9885597116959
OFC,2019-05,7.2807990446612765,7.247848243697603,7.313072708827439,1452.430643896457,1405.0782073036717,1499.778498962002
OFC,2019-06,7.280435355853371,7.247497829363698,7.312809851016079,1451.9024492333704,1404.5859341786165,1499.3843229790891
OFC,2019-07,7.280074404782235,7.247200478033377,7.312544509784974,1451.3784084243139,1404.1683411383099,1498.986526880598
OFC,2019-08,7.279716282312629,7.246804224292229,7.3122532982989235,1450.8586503485337,1403.6120438986961,1498.5500680689643
OFC,2019-09,7.27936107930931,7.24628387753082,7.312016430889755,1450.3433040094724,1402.8818687679657,1498.1951524025544
OFC,2019-10,7.279008855562053,7.245915512585272,7.3117214961997865,1449.8324537083315,1402.3651914310917,1497.7533480267007
OFC,2019-11,7.2786595465606725,7.245643063383828,7.311396374437163,1449.326004526042,1401.9831705219663,1497.2664747792562
OFC,2019-12,7.278313056720001,7.245317266177154,7.310943016542334,1448.8238168543012,1401.5264830234203,1496.5878311401284
OFC,2020-01,7.277969290454869,7.244892951700494,7.3105929908641105,1448.32575120398,1400.9319207267815,1496.0640802527237
OFC,2020-02,7.277628152180108,7.244467696543872,7.310256782761927,1447.8316681669728,1400.3362938828814,1495.561176000263
OFC,2020-03,7.277289546310548,7.24411857876507,7.310046641953962,1447.3414283809884,1399.847496733312,1495.2469288779694
OFC,2020-04,7.276953377261021,7.243786485787116,7.309842108694352,1446.8548924972588,1399.3826943969352,1494.9411323571962
OFC,2020-05,7.276619549446357,7.243588217156661,7.30954868343597,1446.3719211511434,1399.1052682273014,1494.5025438711903
OFC,2020-06,7.276287967281387,7.243391259791439,7.3093740343674645,1445.8923749356493,1398.8297316212854,1494.2415532434495
OFC,2020-07,7.275958535180944,7.243014972947786,7.309204002710726,1445.4161143778433,1398.3034695267968,1493.9875065737704
OFC,2020-08,7.275631157559855,7.24266466242276,7.308829613142347,1444.94299991814,1397.81371447019,1493.4282784217457
OFC,2020-09,7.2753057388329525,7.242355273524543,7.308576400721695,1444.4728918924843,1397.3813143988964,1493.0501704266694
OFC,2020-10,7.2749821834150685,7.242102841935051,7.308153050216191,1444.0056505174039,1397.0286148276941,1492.4182231336
OFC,2020-11,7.2746603957210345,7.241688479144227,7.307732089554361,1443.5411358779215,1396.4498578349333,1491.790112355696
OFC,2020-12,7.274340280165679,7.241442454536101,7.30744662151537,1443.0792079183384,1396.106339364385,1491.3643183377087
OFC,2021-01,7.274021741163833,7.2414095730740815,7.307282113670105,1442.619726435877,1396.060439312232,1491.1189960086435
OFC,2021-02,7.27370468313033,7.241016253920751,7.307116298949975,1442.1625510771592,1395.511448227419,1490.8717657939228
OFC,2021-03,7.273389010479997,7.240582586446811,7.306948537616895,1441.707541337544,1394.9063877548422,1490.6216750484411
OFC,2021-04,7.273074627627669,7.240178023729199,7.306778189932783,1441.254556563307,1394.342174868119,1490.367771778423
OFC,2021-05,7.272761438988175,7.23995869293781,7.306598833456472,1440.8034559566415,1394.0363871862396,1490.1004846590827
OFC,2021-06,7.272449348976345,7.239604462715369,7.306327582758665,1440.3540985835027,1393.5426640049436,1489.6963450776898
OFC,2021-07,7.27213826200701,7.239272803837887,7.305617261342727,1439.9063433842787,1393.0805598959357,1488.638557575208
OFC,2021-08,7.271828082495003,7.2389373036344375,7.305065072106202,1439.4600491872695,1392.6132593084449,1487.8167742486596
OFC,2021-09,7.271518714855153,7.238575937587168,7.304476804583686,1439.0150747249963,1392.1101069971928,1486.9418025466384
OFC,2021-10,7.2712100635022905,7.23824912800905,7.304372735589636,1438.5712786533204,1391.6552264102816,1486.7870620042734
OFC,2021-11,7.270902032851248,7.23791961980509,7.304259128830209,1438.128519573359,1391.1967400984258,1486.6181612183639
OFC,2021-12,7.270594527316856,7.237594643242639,7.303954710236001,1437.686656056216,1390.7447072325017,1486.165675883357
OFC,2022-01,7.270287451313945,7.237242982206994,7.303654686752307,1437.245546670507,1390.255722475288,1485.719860100107
OFC,2022-02,7.269980709257345,7.236952893827688,7.303344673922295,1436.8050500126694,1389.8524839546112,1485.25934349164
OFC,2022-03,7.269674205561888,7.2365781003154375,7.303012314447422,1436.3650247400699,1389.3316738494834,1484.7657828113238
OFC,2022-04,7.269367844642405,7.236248587692353,7.302880233035118,1435.9253296068925,1388.8739472960644,1484.5696826091723
OFC,2022-05,7.269061530913726,7.2359243169475675,7.302461309890525,1435.4858235027982,1388.4236496185226,1483.9478996482242
OFC,2022-06,7.268755168790682,7.235576842323758,7.302023778513256,1435.0463654943599,1387.9412905929307,1483.298770441261
OFC,2022-07,7.2684486626881055,7.235191232713112,7.301763832219529,1434.6068148692698,1387.4061903389697,1482.9132360580015
OFC,2022-08,7.268141917020826,7.23483140951383,7.301500326974519,1434.167031183294,1386.9070592098756,1482.5225286577056
OFC,2022-09,7.267834836203674,7.234551411369584,7.301034012675258,1433.7268743099887,1386.518782255753,1481.8313682400765
OFC,2022-10,7.267527324651481,7.234319201286085,7.300745214746772,1433.2862044931674,1386.1968558945073,1481.403480073974
OFC,2022-11,7.2672192867790795,7.234079947523324,7.3004789242071695,1432.844882402096,1385.865242718116,1481.0090508050039
OFC,2022-12,7.2669106270012955,7.233786575610241,7.300195394271932,1432.402769189433,1385.458728382403,1480.5891989487461
OFC,2023-01,7.266601249732965,7.233510594995676,7.299945463550605,1431.9597265518942,1385.0764213938203,1480.219199488307
OFC,2023-02,7.266291059388918,7.233210087501844,7.29961822538409,1431.5156167936245,1384.6602580779406,1479.7348945287754
OFC,2023-03,7.265979960383981,7.232925332001879,7.299285033277557,1431.070302892291,1384.266024750216,1479.2419407230511
OFC,2023-04,7.265667857132991,7.232698958823018,7.299039245163597,1430.6236485678762,1383.9526994305654,1478.8784058388478
OFC,2023-05,7.265354654050776,7.23239425259816,7.298749692145066,1430.1755183541518,1383.5310645958857,1478.4502567526026
OFC,2023-06,7.265040255552166,7.23205812751713,7.298576681081569,1429.7257776728463,1383.0661032436865,1478.1944884262102
OFC,2023-07,7.264724566051993,7.231823676067523,7.298431452167876,1429.2742929104818,1382.7418801493916,1477.9798264130206
OFC,2023-08,7.264407489965088,7.231555413507619,7.298130064307927,1428.8209314978649,1382.3709922977537,1477.5344490116604
OFC,2023-09,7.264088931706281,7.231330491628607,7.297730981800353,1428.3655619922363,1382.060101445759,1476.9449080667293
OFC,2023-10,7.263768795690405,7.230975939032942,7.297475730830791,1427.9080541620576,1381.570176271019,1476.5679643393596
OFC,2023-11,7.263446986332289,7.230791526109957,7.297061298153512,1427.4482790744164,1381.3154220446202,1475.9561534266393
OFC,2023-12,7.263123408046762,7.230429028750926,7.296583699652312,1426.986109185054,1380.814786441271,1475.2514090305626
OFC,2024-01,7.26279796524866,7.230118214837753,7.296243423531499,1426.5214184309918,1380.385676515909,1474.7495015220518
OFC,2024-02,7.26247056235281,7.230000411973793,7.295913526523716,1426.0540823257354,1380.2230727082658,1474.2630659428576
OFC,2024-03,7.262141103774043,7.229854961951024,7.295761945847493,1425.5839780570589,1380.022333899893,1474.0396118002068
OFC,2024-04,7.261809493927192,7.229614477998783,7.295507094971838,1425.110984587347,1379.690500681722,1473.6639991688994
OFC,2024-05,7.261475637227088,7.229195859000833,7.295164316469783,1424.6349827564673,1379.1130570100306,1473.158945898666
OFC,2024-06,7.261139438088557,7.228956727287963,7.294664543837677,1424.1558553871719,1378.7833065485454,1472.4228848820057
OFC,2024-07,7.260800800926437,7.2285527469362005,7.294130553992356,1423.6734873930159,1378.226417858255,1471.6368361637897
OFC,2024-08,7.2604596301555535,7.228256993004577,7.293656771539219,1423.1877658887443,1377.8188620606868,1470.939766390223
OFC,2024-09,7.260115830190739,7.227944718331348,7.293234681923211,1422.6985803031687,1377.3886724313388,1470.319029166137
OFC,2024-10,7.2597693054468255,7.227462240041137,7.292993087987504,1422.2058224944901,1376.7242726548925,1469.9638505252406
OFC,2024-11,7.259419960338643,7.227092414288193,7.292419863229175,1421.709386868047,1376.2152177795258,1469.1214730575814
OFC,2024-12,7.259067699281021,7.226774890463419,7.291983695910191,1421.209170496487,1375.7783056927583,1468.4808292604675
OFC,2025-01,7.258712426688793,7.22619433074028,7.29167898424774,1420.7050732423256,1374.9798160970145,1468.0334341914534
OFC,2025-02,7.258354046976788,7.225685358418952,7.29123473305795,1420.1969978828695,1374.2801675851736,1467.3814038435123
OFC,2025-03,7.257992464559838,7.225350035472587,7.2908321374667855,1419.684850237496,1373.8194202839184,1466.79076210621
OFC,2025-04,7.2576275838527735,7.224733162430611,7.290851863777717,1419.168539297257,1372.9722061886105,1466.8196969432017
OFC,2025-05,7.257259309270425,7.224116389074989,7.290680562233886,1418.6479773567794,1372.125654631372,1466.5684590120597
OFC,2025-06,7.256887545227622,7.223488306868344,7.2910246745067315,1418.1230801484464,1371.2641174961384,1467.0731997963478
OFC,2025-07,7.2565121961392,7.222795373701133,7.290654492890535,1417.593766978844,1370.3142528459628,1466.53021679306
OFC,2025-08,7.256133166419986,7.221988215640591,7.290155780962995,1417.0599608674179,1369.2086383475203,1465.7990233756757
OFC,2025-09,7.255750360484811,7.221386784144185,7.289841976104238,1416.5215886873482,1368.3854006924587,1465.3391203158433
OFC,2025-10,7.255363682748506,7.2209404083095405,7.289496333778214,1415.978581308607,1367.7747229368772,1464.832724614403
OFC,2025-11,7.254973037625905,7.219914812461526,7.289518110058408,1415.4308737431527,1366.3726579164252,1464.864624408941
OFC,2025-12,7.254578329531834,7.219013407468726,7.289399640613652,1414.8784052922647,1365.1415577518003,1464.6910938066587
OFC,2026-01,7.254179462881128,7.218095412164396,7.289625518794935,1414.32111969598,1363.888941081124,1465.0219712858961
OFC,2026-02,7.253776342088615,7.217055478593841,7.289932718828974,1413.7589652845872,1362.4713225119904,1465.4720962334366
OFC,2026-03,7.253368871569128,7.216185447452232,7.290205873135699,1413.1918951321832,1361.2864455488047,1465.872449924943
OFC,2026-04,7.252956955737497,7.215675562554024,7.290569758405608,1412.6198672122434,1360.592523123367,1466.4059565302339
OFC,2026-05,7.2525404990085525,7.2148976944027625,7.291018397700809,1412.0428445551777,1359.5345729788078,1467.0639930718894
OFC,2026-06,7.252119405797126,7.214345488497385,7.290987976827158,1411.4607954078563,1358.784037964086,1467.0193856333228
OFC,2026-07,7.251693580518047,7.213473413242246,7.2914569153977355,1410.8736933950765,1357.5995943709413,1467.7074661627091
OFC,2026-08,7.251262927586149,7.212347133888562,7.291545388469427,1410.281517682924,1356.071416146992,1467.8373417269333
AFC,1992-01,7.314078346841278,7.283677821215926,7.3449029252776326,1501.537207204556,1456.3343250157611,1548.2846606355715
AFC,1992-02,7.3147676912748585,7.2847008669610265,7.34520276573509,1502.5693990187933,1457.824984201178,1548.7489686778874
AFC,1992-03,7.315446222620357,7.28560411044767,7.3458267264846455,1503.5863885323201,1459.1423499966447,1549.7156267764499
AFC,1992-04,7.316114017955033,7.2866999519976545,7.346505834736023,1504.588233347944,1460.7422155434017,1550.7684089882503
AFC,1992-05,7.316771154356149,7.287374289487924,7.346923541386651,1505.5749931497778,1461.7275809055654,1551.416311475768
AFC,1992-06,7.317417708900973,7.287865967791718,7.347362624968853,1506.546729655604,1462.4464571334427,1552.0976638531524
AFC,1992-07,7.3180537586667604,7.288597270868088,7.347962186258715,1507.5035065695272,1463.5163402312874,1553.0285182175098
AFC,1992-08,7.318679380730779,7.289280539819375,7.348503167247792,1508.445389534971,1464.516656686787,1553.8689045662832
AFC,1992-09,7.31929465217029,7.289861424230889,7.348966349111342,1509.3724460879737,1465.3676188471238,1554.5887950296628
AFC,1992-10,7.319899650062556,7.290503142511893,7.349409821711357,1510.284745610825,1466.3082738486778,1555.2783654820075
AFC,1992-11,7.32049445148484,7.291140584627099,7.349725100022651,1511.182359286089,1467.24325855608,1555.7687889386416
AFC,1992-12,7.321079133514406,7.29170051532281,7.350189808035452,1512.0653600509715,1468.065043210872,1556.491937277254
AFC,1993-01,7.3216537732285145,7.292207272893587,7.350675427114756,1512.933822552079,1468.8091844766975,1557.247982224367
AFC,1993-02,7.32221844770443,7.292778418323538,7.351175815171383,1513.7878231005975,1469.6483279899899,1558.027404125444
AFC,1993-03,7.322773234019417,7.293206827407531,7.3516760597008055,1514.6274396278695,1470.2780733215072,1558.8069940292282
AFC,1993-04,7.3233182092507345,7.293650943756678,7.352110589822244,1515.4527516413968,1470.9311928714662,1559.4844890428249
AFC,1993-05,7.323853450475646,7.294211875380622,7.3526489058385325,1516.2638401813106,1471.7565163716117,1560.3242104525275
AFC,1993-06,7.324379034771416,7.294716667274159,7.3530362383697785,1517.0607877772748,1472.4996344579963,1560.928692025397
AFC,1993-07,7.324895039215308,7.295103555556723,7.353252061762592,1517.8436784058629,1473.0694375602968,1561.265614963568
AFC,1993-08,7.325401540884582,7.295568778049281,7.35355594217325,1518.6125974484312,1473.7549026586257,1561.7401257515626
AFC,1993-09,7.325898616856503,7.296029134340705,7.354165110574207,1519.3676316494746,1474.4335113294862,1562.6917757740034
AFC,1993-10,7.326386344208333,7.296516255616251,7.354521787641077,1520.1088690754827,1475.1519134449013,1563.2492542439925
AFC,1993-11,7.326864800017335,7.2968680774130235,7.3553018478108205,1520.8363990743378,1475.6709958353315,1564.469155721359
AFC,1993-12,7.32733406136077,7.297217826035969,7.355653261897501,1521.5503122352263,1476.1872004921695,1565.019029948105
AFC,1994-01,7.327794205315904,7.2976021654567615,7.3560022182798255,1522.250700349086,1476.7546654802752,1565.5652494898782
AFC,1994-02,7.328245308959999,7.2981326227475325,7.356533373094794,1522.9376563696317,1477.538228799154,1566.3970259814296
AFC,1994-03,7.3286874493703165,7.298609256458462,7.357021804252335,1523.6112743749234,1478.2426409323998,1567.16228995813
AFC,1994-04,7.3291207036241195,7.298945459758342,7.357488565631698,1524.2716495295101,1478.7397145419186,1567.893951751028
AFC,1994-05,7.329545148798671,7.2993947117628455,7.357984171279882,1524.9188780471736,1479.404190572794,1568.6712013879412
AFC,1994-06,7.329960861971235,7.299922467959285,7.35839856550933,1525.5530571542542,1480.1851622054269,1569.321385625594
AFC,1994-07,7.330367920219073,7.300268253104315,7.358911934331167,1526.174285053577,1480.6970763763838,1570.1272327577199
AFC,1994-08,7.330766400619448,7.300791119152463,7.359402645604337,1526.7826608890118,1481.471485324744,1570.8978999344206
AFC,1994-09,7.331156380249624,7.301226910126186,7.359773577700691,1527.378284710636,1482.1172372082328,1571.480704427565
AFC,1994-10,7.331537936186861,7.301625124034557,7.3600442952250535,1527.9612574405355,1482.7075544562367,1571.906190970299
AFC,1994-11,7.331911145508424,7.301967387402051,7.3603790716804465,1528.5316808392552,1483.2151178478805,1572.43251681361
AFC,1994-12,7.332276085291576,7.302334012599562,7.360836501282798,1529.0896574728868,1483.7590021147805,1573.1519563943268
AFC,1995-01,7.33263283261358,7.302582139385772,7.361236540698383,1529.6352906808156,1484.127207725866,1573.7814058175854
AFC,1995-02,7.332981464551697,7.302862003256111,7.361641359240465,1530.1686845441413,1484.5426192680404,1574.4186305444325
AFC,1995-03,7.3333220581831915,7.30324167985331,7.36202518384697,1530.6899438547619,1485.1063728360582,1575.0230465309482
AFC,1995-04,7.333654690585325,7.303615542763293,7.36234152867515,1531.1991740851333,1485.6617034321578,1575.5213758298555
AFC,1995-05,7.33397943883536,7.303983156406361,7.362623624396015,1531.696481358734,1486.2079539658862,1575.9658869292336
AFC,1995-06,7.334296380010563,7.30434463277503,7.362899968351466,1532.1819724212046,1486.7452806274478,1576.4014566204276
AFC,1995-07,7.3346055911881916,7.304703150588479,7.363170586278882,1532.6557546121926,1487.2784000845545,1576.828117851905
AFC,1995-08,7.334907149445511,7.30505472097636,7.363435503915648,1533.1179358379095,1487.8013744792886,1577.2459037964072
AFC,1995-09,7.335201131859786,7.305399378332304,7.363694746999146,1533.5686245443965,1488.3142441348366,1577.6548478464777
AFC,1995-10,7.335487615508277,7.3056573187863,7.364062936323361,1534.0079296914994,1488.698189704516,1578.2358284001982
AFC,1995-11,7.3357666774682455,7.306014512364905,7.3644625921273095,1534.435960727585,1489.2300394151725,1578.8667036110694
AFC,1995-12,7.336038394816958,7.306308889374887,7.364830669859977,1534.8528275649717,1489.6684982422883,1579.4479557675506
AFC,1996-01,7.336302844631675,7.306537173270231,7.365074375173077,1535.2586405560971,1490.0086037810572,1579.832922804401
AFC,1996-02,7.336560103989659,7.306890802801698,7.365299303741574,1535.6535104704303,1490.5356085624135,1580.1883120608243
AFC,1996-03,7.336810249968176,7.307088093007883,7.365487937032823,1536.0375484721226,1490.8297050871624,1580.4864162827512
AFC,1996-04,7.337053359644484,7.307246846990384,7.365750285718886,1536.4108660984018,1491.0663990433363,1580.9011091863124
AFC,1996-05,7.337289510095848,7.307511212710146,7.3660443995985005,1536.7735752387307,1491.4606379814202,1581.36614256182
AFC,1996-06,7.337518778399533,7.307792804911037,7.3663317489393005,1537.1257881147117,1491.880680799466,1581.8206123608886
AFC,1996-07,7.337741241632797,7.308063520954177,7.366576417364728,1537.4676172607485,1492.284612025377,1582.2076813036374
AFC,1996-08,7.337956976872908,7.308328012778434,7.366803983159817,1537.7991755054845,1492.679362809776,1582.5677785992282
AFC,1996-09,7.338166061197126,7.308583957204667,7.366949645003433,1538.120575953995,1493.0614570123118,1582.7983150985347
AFC,1996-10,7.338368571682712,7.308832911086432,7.3671040119212305,1538.4319319707522,1493.4332088654126,1583.0426656944492
AFC,1996-11,7.3385645854069335,7.3089421274211,7.367314909357285,1538.7333571633674,1493.5963215701877,1583.3765607977887
AFC,1996-12,7.338754179447051,7.308995693630561,7.3676002165112555,1539.0249653671046,1493.6763273679726,1583.8283738546988
AFC,1997-01,7.338937430880326,7.309125507292666,7.367766612727115,1539.3068706301713,1493.870239255071,1584.0919391118603
AFC,1997-02,7.339114416784022,7.309409786051216,7.367887411482642,1539.579187199794,1494.294975272872,1584.2833080340856
AFC,1997-03,7.339285214235403,7.309563731638337,7.368076113055724,1539.8420295090737,1494.525033035339,1584.5822923960634
AFC,1997-04,7.339449900311732,7.309800310377002,7.368258482188698,1540.095512164622,1494.8786476535304,1584.871297205527
AFC,1997-05,7.339608552090269,7.31011850399676,7.368506761384663,1540.339749934996,1495.3543849095188,1585.2648361143135
AFC,1997-06,7.33976124664828,7.3102475311697965,7.368644941905903,1540.5748577399077,1495.547338143624,1585.4839044710238
AFC,1997-07,7.339908061063026,7.310399445878967,7.368871998826225,1540.8009506402313,1495.7745508872524,1585.8439405492034
AFC,1997-08,7.3400490724117695,7.3106134308867246,7.369098362781158,1541.0181438288023,1496.0946585540046,1586.2029591310177
AFC,1997-09,7.340184357771776,7.310738030904109,7.369318488617241,1541.2265526220053,1496.2810834727647,1586.552161837786
AFC,1997-10,7.340313994220305,7.310831310210959,7.3695322180106535,1541.4262924521574,1496.420662042347,1586.8912909082967
AFC,1997-11,7.340438058834621,7.310927561399801,7.369739392637586,1541.6174788606897,1496.5647013262592,1587.2200885563839
AFC,1997-12,7.340556628691988,7.311139404719204,7.369938611028662,1541.8002274921205,1496.881772597125,1587.5363232308503
AFC,1998-01,7.340669780869666,7.311387484375656,7.370127888906096,1541.9746540888254,1497.253166278512,1587.8368367804078
AFC,1998-02,7.340777592444919,7.311465248683276,7.370237687834582,1542.140874486608,1497.3696017103423,1588.0111893764588
AFC,1998-03,7.34088014049501,7.311648842177423,7.370409643073068,1542.2990046110654,1497.6445353790682,1588.2842797514595
AFC,1998-04,7.340977502097203,7.311694599903636,7.370642609290636,1542.449160474752,1497.7130645884022,1588.6543391399932
AFC,1998-05,7.341069754328757,7.311821439069102,7.370687171237707,1542.5914581751447,1497.903045176929,1588.725134685718
AFC,1998-06,7.341156974266941,7.311951675097127,7.370723589987717,1542.7260138934028,1498.098138760231,1588.7829959338321
AFC,1998-07,7.341239238989011,7.312064219566055,7.370816005345045,1542.8529438939297,1498.2667509780458,1588.929829525421
AFC,1998-08,7.341316625572235,7.312126434649797,7.370759655557975,1542.9723645247332,1498.3599686885993,1588.8402987704053
AFC,1998-09,7.3413892110938725,7.312245232756391,7.370778194825052,1543.0843922185827,1498.5379816126817,1588.8697581484837
AFC,1998-10,7.341457072631188,7.3123283474400065,7.370815231223355,1543.1891434949664,1498.6625377631308,1588.9286084770172
AFC,1998-11,7.341520287261445,7.312288737047325,7.37085968837588,1543.2867349628489,1498.60317581147,1588.9992493592058
AFC,1998-12,7.341578932061904,7.312291601952348,7.370898799368369,1543.3772833242226,1498.6074691477247,1589.061398060343
AFC,1999-01,7.341633085072421,7.31243252143015,7.370932627268818,1543.460906888364,1498.8186670124685,1589.1151538094541
AFC,1999-02,7.3416828281832105,7.312612016320043,7.370961276531862,1543.5377301366689,1499.0877216127858,1589.1606817511
AFC,1999-03,7.341728244247082,7.312661342397509,7.370984861958796,1543.6078792443484,1499.1616674693355,1589.1981636213668
AFC,1999-04,7.341769416116842,7.312622527621058,7.371003498350918,1543.6714805696595,1499.1034788933089,1589.2277812983737
AFC,1999-05,7.341806426645298,7.31261535379893,7.371122825777387,1543.7286606449577,1499.092724591743,1589.4174275223106
AFC,1999-06,7.341839358685256,7.312680303311645,7.371287766306591,1543.779546167918,1499.190093214986,1589.67960444503
AFC,1999-07,7.341868295089527,7.312742236869957,7.371441000991786,1543.824263992917,1499.2829463163914,1589.9232148733597
AFC,1999-08,7.341893318710917,7.312799579271786,7.371582750889723,1543.8629411225934,1499.3689212959628,1590.148601480638
AFC,1999-09,7.341914512402232,7.3127965086277715,7.371618527745435,1543.8957046995683,1499.3643170606367,1590.2054931164068
AFC,1999-10,7.341931959016281,7.312824503703235,7.371628990510913,1543.9226819983417,1499.4062924930458,1590.2221310411824
AFC,1999-11,7.341945741405872,7.312857895936775,7.371614395058887,1543.9440004173548,1499.456362039063,1590.1989212192602
AFC,1999-12,7.3419559424238106,7.312840817908615,7.3716379178495615,1543.9597874712276,1499.4307544604992,1590.236327553993
AFC,2000-01,7.341962644922905,7.312831920511364,7.371652748518222,1543.970170783165,1499.4174132967416,1590.2599120813616
AFC,2000-02,7.341965931755966,7.312818237006318,7.371656373944536,1543.9752780775377,1499.3968961788173,1590.265677603975
AFC,2000-03,7.341965885775795,7.312811938951984,7.371656476994334,1543.9752371726313,1499.3874528981016,1590.2658415385083
AFC,2000-04,7.341962589835204,7.312800615028712,7.371654000725684,1543.9701759735747,1499.3704740524138,1590.2619036621027
AFC,2000-05,7.341956126786999,7.3127649033584765,7.371645703299147,1543.9602224654384,1499.3169299846375,1590.2487083414694
AFC,2000-06,7.341946579483989,7.312792759596533,7.3716051669050815,1543.9455047065057,1499.3586959818765,1590.184246704083
AFC,2000-07,7.341934030778979,7.312808060295925,7.371570776542669,1543.926150821723,1499.3816375852336,1590.1295607220281
AFC,2000-08,7.341918563524779,7.3127911591471975,7.371582709903975,1543.9022889963207,1499.3562965524509,1590.1485363374866
AFC,2000-09,7.341900260574194,7.312748538158676,7.371558672106273,1543.8740474696099,1499.292393729606,1590.1103131495593
AFC,2000-10,7.341879204780034,7.312703146503132,7.371476636752697,1543.841554528958,1499.2243398023634,1589.9798736597652
AFC,2000-11,7.341855478995105,7.312655093399445,7.371388977099152,1543.8049385039365,1499.1522990915757,1589.840503510472
AFC,2000-12,7.341829166072214,7.312647274285067,7.371296007624446,1543.7643277606433,1499.1405771089148,1589.6927050426916
AFC,2001-01,7.34180034886417,7.312614912966623,7.371203340095896,1543.7198506962097,1499.0920637110798,1589.5454006536145
AFC,2001-02,7.3417691102237805,7.312587049688965,7.371210694038666,1543.6716357334726,1499.050294699917,1589.5570893205324
AFC,2001-03,7.341735533003852,7.312567597979725,7.371216527173813,1543.6198113158327,1499.0211360329697,1589.5663607232489
AFC,2001-04,7.341699700057192,7.312549040338626,7.371220887889194,1543.5645059022843,1498.9933181888866,1589.573291738084
AFC,2001-05,7.341661694236609,7.31253203233162,7.371223824572672,1543.5058479626255,1498.9678235978486,1589.5779592532153
AFC,2001-06,7.34162159839491,7.312484266704135,7.371225385612104,1543.4439659728414,1498.8962260177746,1589.5804401675573
AFC,2001-07,7.341579495384901,7.3123908353560765,7.371225619395352,1543.37898841067,1498.7561883902838,1589.5808113896871
AFC,2001-08,7.341535468059393,7.312291991092596,7.371224574310272,1543.3110437513408,1498.608052242789,1589.5791498367978
AFC,2001-09,7.34148959927119,7.312188188218575,7.371222298744727,1543.2402604634945,1498.4525005063367,1589.5755324337065
AFC,2001-10,7.3414419718731025,7.312081617980374,7.3712188410865735,1543.166767005276,1498.2928186098366,1589.570036111873
AFC,2001-11,7.341392668717935,7.3119736366513965,7.371207245338314,1543.0906918206113,1498.1310396755362,1589.5516039375052
AFC,2001-12,7.341341772658498,7.311879757814236,7.371136557951246,1543.0121633356548,1497.9904034545511,1589.4392466955796
AFC,2002-01,7.3412893665475965,7.311839231646709,7.371033976655189,1542.93130995542,1497.9296968696628,1589.276208634194
AFC,2002-02,7.34123553323804,7.311803728724387,7.370928754268688,1542.8482600605857,1497.876516932127,1589.1089906444029
AFC,2002-03,7.341180355582634,7.311756258099477,7.370821047692206,1542.7631420044772,1497.8054136273006,1588.937843374876
AFC,2002-04,7.341123916434188,7.311647958749443,7.3707110138262095,1542.676084110232,1497.6432110045118,1588.7630173955713
AFC,2002-05,7.341066298645507,7.311579722308173,7.370598809571165,1542.5872146681343,1497.5410210173923,1588.5847631916429
AFC,2002-06,7.341007585069403,7.311560699367932,7.370483745082365,1542.4966619331346,1497.5125347837463,1588.401985633567
AFC,2002-07,7.340947858558678,7.311544631452759,7.370363023005235,1542.4045541225425,1497.4884740188159,1588.2102413695877
AFC,2002-08,7.340887201966143,7.311532799542022,7.370240560086541,1542.3110194138983,1497.4707557532722,1588.015755799839
AFC,2002-09,7.340825698144605,7.311484132746723,7.370198218282787,1542.2161859430205,1497.3978795807104,1587.9485151283777
AFC,2002-10,7.34076342994687,7.311380721704985,7.370220730363102,1542.1201818022337,1497.243038949285,1587.9842610714973
AFC,2002-11,7.340700480225749,7.311274666194367,7.370168809561823,1542.0231350387708,1497.0842562043265,1587.9018134328128
AFC,2002-12,7.340636931834044,7.311160147241337,7.370022275037638,1541.9251736533506,1496.912821908895,1587.6691480471743
AFC,2003-01,7.340572867624568,7.311045245157802,7.369883793351865,1541.8264255989402,1496.7408343660593,1587.4493001674305
AFC,2003-02,7.3405083704501255,7.310930809060748,7.369756752382536,1541.7270187796823,1496.5695642913283,1587.2476420221187
AFC,2003-03,7.340443523163525,7.310821711557703,7.369621429457522,1541.6270810500096,1496.4063006659812,1587.0328660834573
AFC,2003-04,7.340378408617574,7.310712864821943,7.369487352479358,1541.5267402139314,1496.2434301134758,1586.820096645596
AFC,2003-05,7.34031310966508,7.3106044501819625,7.369365038785702,1541.4261240244955,1496.081223794028,1586.626019653011
AFC,2003-06,7.340247709158849,7.310490573863086,7.369287694241169,1541.3253601834285,1495.9108648381107,1586.5033064293955
AFC,2003-07,7.34018228995169,7.310367334794784,7.369208260057293,1541.2245763409524,1495.7265211047074,1586.3772879341627
AFC,2003-08,7.34011693489641,7.31024461827754,7.369127484822012,1541.1239000957755,1495.5429817347576,1586.249152666711
AFC,2003-09,7.340051726845819,7.31012301668125,7.369009444851141,1541.0234589952595,1495.3611322423012,1586.0619229220424
AFC,2003-10,7.339986748652721,7.310036773198636,7.368925012865268,1540.9233805357655,1495.2321726510424,1585.9280142342893
AFC,2003-11,7.339922083169924,7.309973190749328,7.368850935496123,1540.8237921631699,1495.1371051587714,1585.810537189005
AFC,2003-12,7.339857813250237,7.30987095928956,7.368748442612641,1540.724821273561,1494.9842629384839,1585.6480111950202
AFC,2004-01,7.339794021746467,7.3097731697147665,7.368603237338308,1540.6265952141093,1494.8380761851756,1585.4177838018568
AFC,2004-02,7.339730791511421,7.309670771844313,7.368531798040398,1540.5292412841118,1494.6850160103647,1585.304526669667
AFC,2004-03,7.339668205397907,7.3095764687369975,7.368525028771478,1540.4328867362117,1494.544069102752,1585.2937950373255
AFC,2004-04,7.3396063462587335,7.3094857540604785,7.368463735117438,1540.3376587777955,1494.408498061866,1585.1966295545342
AFC,2004-05,7.339545296946706,7.309429127610323,7.3683833207442335,1540.243684572563,1494.3238774260305,1585.0691620849948
AFC,2004-06,7.3394851403146335,7.309414718965196,7.368307325477221,1540.151091242271,1494.3023464106034,1584.9487091089584
AFC,2004-07,7.339425959215322,7.309414936240382,7.3682303892101375,1540.0600058686553,1494.3026712546425,1584.82677435985
AFC,2004-08,7.33936783650158,7.309340688288093,7.368153104345837,1539.9705554955224,1494.19172631676,1584.704296943637
AFC,2004-09,7.339310855026215,7.309261978374954,7.368072911396991,1539.8828671310216,1494.0741231932946,1584.5772202051094
AFC,2004-10,7.339255097642035,7.309222295780063,7.367990683128813,1539.7970677500866,1494.0148357185656,1584.4469281262982
AFC,2004-11,7.339200647201848,7.309187853996748,7.3679085904176755,1539.7132842970532,1493.9633799878213,1584.316861580421
AFC,2004-12,7.339147586558459,7.3091545384791115,7.367826757841026,1539.6316436884524,1493.913608640717,1584.1872178628528
AFC,2005-01,7.339095998564677,7.309109912145198,7.367745309976314,1539.5522728159774,1493.8469422407293,1584.0581942049967
AFC,2005-02,7.339045966073311,7.309064511970175,7.367696604263246,1539.475298549623,1493.7791230520197,1583.9810429240829
AFC,2005-03,7.338997571937165,7.309022544577347,7.367657390881797,1539.4008477410016,1493.7164348877156,1583.91893061608
AFC,2005-04,7.338950899009049,7.308926547976686,7.36758629008589,1539.3290472268332,1493.573050151687,1583.8063167405924
AFC,2005-05,7.338906030141772,7.3088259667041156,7.367493046654992,1539.2600238326083,1493.422832187122,1583.658644358396
AFC,2005-06,7.338863048188137,7.308731452979226,7.367401261991797,1539.1939043764257,1493.2816893903732,1583.5132959315329
AFC,2005-07,7.338822036000956,7.308640089050955,7.367382973963403,1539.1308156730072,1493.14526331304,1583.4843366107837
AFC,2005-08,7.3387830764330335,7.308598890979316,7.367405383953999,1539.0708845378808,1493.0837498635344,1583.5198224330131
AFC,2005-09,7.338746252337179,7.308601605958839,7.367409193249899,1539.014237791745,1493.087803651708,1583.5258544661835
AFC,2005-10,7.338711646566199,7.308603429414005,7.367366462047407,1538.961002265005,1493.0905264118073,1583.4581903202502
AFC,2005-11,7.3386793419729,7.308604352839026,7.367322435825013,1538.91130480248,1493.0919054225728,1583.3884790728484
AFC,2005-12,7.3386493973729685,7.308604368820621,7.367277118426183,1538.8652353321863,1493.0919295977494,1583.316727167957
AFC,2006-01,7.338621775433592,7.308603474315534,7.367230528073164,1538.8227360725518,1493.0905943807475,1583.242963823638
AFC,2006-02,7.338596414784837,7.308603372911468,7.367178499633391,1538.783712360216,1493.0904428991194,1583.1605926741338
AFC,2006-03,7.33857325405677,7.308573327660237,7.3671251036337235,1538.7480695855018,1493.045582801423,1583.0760609162433
AFC,2006-04,7.338552231879455,7.308531618703498,7.367070457134625,1538.715713188807,1492.983310270847,1582.9895542619572
AFC,2006-05,7.338533286882961,7.308495327850374,7.367014584718283,1538.6865486570919,1492.9291294392517,1582.901111957756
AFC,2006-06,7.338516357697352,7.308512989445911,7.366976593873821,1538.6604815204623,1492.9554972836931,1582.8409774934973
AFC,2006-07,7.3385013829526935,7.308543303107199,7.366977182507401,1538.6374173488534,1493.0007552943591,1582.84190812093
AFC,2006-08,7.338488301279052,7.308547303086656,7.36698000728943,1538.6172617488066,1493.0067271341688,1582.8463782981594
AFC,2006-09,7.338477051306495,7.308528467811492,7.366984981184003,1538.599920360341,1492.9786058944728,1582.854250295341
AFC,2006-10,7.338467571665086,7.308552462790132,7.366992017155211,1538.5852988539273,1493.0144303547775,1582.8653864020514
AFC,2006-11,7.338459800984892,7.308562312769545,7.367001028167148,1538.573302927551,1493.029136541115,1582.8796489243664
AFC,2006-12,7.338453677895979,7.308552105089053,7.367011927183903,1538.563838303875,1493.0138962471954,1582.8969001820672
AFC,2007-01,7.338449141028414,7.308540938440756,7.367023491466557,1538.5568107274987,1492.9972243729728,1582.9152044836933
AFC,2007-02,7.33844612901226,7.308527560187292,7.367036671838184,1538.5521259623106,1492.9772508366166,1582.936067411315
AFC,2007-03,7.338444580477585,7.3085133657477215,7.367054312257244,1538.5496897889366,1492.9560590472554,1582.963990972783
AFC,2007-04,7.338444434054456,7.308497004305702,7.367067636668843,1538.549408002287,1492.931632268348,1582.9850831254912
AFC,2007-05,7.338445628372937,7.30848399382982,7.367091696083194,1538.551186409195,1492.9122086748644,1583.0231693267601
AFC,2007-06,7.338448102063094,7.308466579430521,7.367110345142641,1538.554930826153,1492.886210780676,1583.0526914462193
AFC,2007-07,7.338451793754993,7.3084507964899865,7.367114700149563,1538.5605470771445,1492.8626487574213,1583.0595856850323
AFC,2007-08,7.338456642078702,7.30846330409371,7.367161126270378,1538.5679409915701,1492.8813210394455,1583.1330826929623
AFC,2007-09,7.338462585664284,7.308491828044814,7.36718872166538,1538.5770184022692,1492.923904564577,1583.1767705513928
AFC,2007-10,7.338469563141807,7.308525857218514,7.367268947707564,1538.5876851436371,1492.9747083250786,1583.303787600455
AFC,2007-11,7.338477513141337,7.3085763768487695,7.367333044221377,1538.599847049839,1493.05013475885,1583.4052751043744
AFC,2007-12,7.338486374292938,7.3086448427791995,7.367329716644041,1538.6134099531143,1493.1523613939803,1583.4000062121445
AFC,2008-01,7.338496085226677,7.308716259524889,7.3673279423473526,1538.628279682184,1493.259001425373,1583.3971967947393
AFC,2008-02,7.33850658457262,7.308705636921448,7.367330584694193,1538.6443620607463,1493.2431390092368,1583.401380680307
AFC,2008-03,7.338517810960835,7.3087293598632925,7.36735627228646,1538.6615629060686,1493.2785636281808,1583.4420549491404
AFC,2008-04,7.3385297030213845,7.3087743666742,7.3673609501991875,1538.6797880276804,1493.345773310967,1583.4494622075533
AFC,2008-05,7.338542199384334,7.3088215554941165,7.367366921127421,1538.698943226153,1493.4162450675067,1583.458916990316
AFC,2008-06,7.338555238679755,7.308871136479598,7.367374127356845,1538.7189342919814,1493.4902931120887,1583.4703279392343
AFC,2008-07,7.338568759537707,7.308929259479049,7.36738251117314,1538.7396670045564,1493.577100720944,1583.4836037009095
AFC,2008-08,7.338582700588259,7.308980910850993,7.367392014861993,1538.7610471312357,1493.6542471646633,1583.498652925673
AFC,2008-09,7.338597000461477,7.308966759920304,7.367402580709087,1538.78298042651,1493.6331100362524,1583.515384266551
AFC,2008-10,7.338611597787428,7.3090779356288325,7.367419861839265,1538.8053726312603,1493.7991758755866,1583.5427496314087
AFC,2008-11,7.3386264311961735,7.309162909508899,7.367456695856559,1538.8281294721155,1493.9261170698778,1583.601078881957
AFC,2008-12,7.338641439317786,7.309220932703452,7.367493833071086,1538.8511566609025,1494.0128041077419,1583.6598904373839
AFC,2009-01,7.338656560782326,7.309213263492298,7.367531208019277,1538.8743598941933,1494.0013469088594,1583.719080675787
AFC,2009-02,7.338671734219861,7.309208664815459,7.36756875523757,1538.8976448529456,1493.9944753551115,1583.7785459602223
AFC,2009-03,7.338686898260456,7.309206271595507,7.367602601083015,1538.920917202241,1493.9908978738108,1583.8321505236133
AFC,2009-04,7.3387019915341805,7.309203566992863,7.367582382175944,1538.9440825911179,1493.9868558073886,1583.8001274635212
AFC,2009-05,7.338716952671097,7.309200517831515,7.367512247336623,1538.9670466524979,1493.982299601113,1583.689052776873
AFC,2009-06,7.338731720301274,7.309194502259982,7.367530252822847,1538.989715003212,1493.9733123102508,1583.7175684148508
AFC,2009-07,7.338746233054774,7.309183233486373,7.367545797879185,1539.0119932441173,1493.9564773999211,1583.7421870733347
AFC,2009-08,7.338760429561666,7.309171559585852,7.367561264265712,1539.0337869603145,1493.939037656267,1583.7666815408597
AFC,2009-09,7.338774248452014,7.309161387322369,7.367577090759541,1539.0550017214564,1493.9238411597842,1583.7917469095985
AFC,2009-10,7.3387876283558855,7.309156135842203,7.367590125185634,1539.0755430821553,1493.9159951242461,1583.812390764599
AFC,2009-11,7.338800507903345,7.309172948062336,7.367558736003087,1539.0953165824847,1493.9411112431676,1583.7626770888924
AFC,2009-12,7.338812825724461,7.309179328052866,7.367582010642101,1539.1142277485767,1493.9506426480216,1583.799539005876
AFC,2010-01,7.338824520449297,7.3091587843869545,7.367604940455453,1539.1321820933163,1493.9199516737142,1583.8358556368823
AFC,2010-02,7.338835530707918,7.309227661584069,7.367625491892121,1539.149085117129,1494.0228525782154,1583.8684059841482
AFC,2010-03,7.338845795130394,7.309209513105403,7.367617409691263,1539.1648423088682,1493.9957386240487,1583.8556049293381
AFC,2010-04,7.338855252346786,7.309185522308728,7.367633368727423,1539.1793591467942,1493.9598968936136,1583.8808819558797
AFC,2010-05,7.338863840987163,7.3091625690905415,7.367649029303929,1539.1925410996507,1493.9256059288116,1583.9056866559038
AFC,2010-06,7.3388714996815905,7.309156889685134,7.367664326355406,1539.2042936278403,1493.9171211524892,1583.9299159480395
AFC,2010-07,7.338878167060135,7.309180254352909,7.3676791948164775,1539.2145221846893,1493.952026531945,1583.9534667452322
AFC,2010-08,7.338883781752861,7.309166845022632,7.367693569621767,1539.223132217815,1493.9319936852562,1583.9762359551514
AFC,2010-09,7.338888282389835,7.3091589737515115,7.367707385705898,1539.230029170584,1493.9202345707706,1583.9981204806613
AFC,2010-10,7.338891607601123,7.309219773403266,7.367719592392949,1539.235118483669,1494.0110671644725,1584.0174559045847
AFC,2010-11,7.338893696016792,7.3093024514916,7.36773044739417,1539.2383055967027,1494.1345942524163,1584.0346504313065
AFC,2010-12,7.338894486266906,7.309383286525282,7.3677370476838995,1539.2394959500223,1494.2553775594838,1584.0451055330593
AFC,2011-01,7.338893916981532,7.309462164308365,7.367721794954842,1539.2385949865156,1494.3732457689339,1584.0209447425116
AFC,2011-02,7.338891926790736,7.309521552351634,7.367705391104287,1539.2355081535607,1494.4619962931492,1583.994960963102
AFC,2011-03,7.338888454324583,7.309570227410793,7.367687961881092,1539.2301409050601,1494.5347412442527,1583.967353440311
AFC,2011-04,7.3388834382131405,7.309627559504445,7.367669827277774,1539.222398703573,1494.6204290945923,1583.9386291253843
AFC,2011-05,7.338876817086473,7.309680794081796,7.367650171825041,1539.212187022542,1494.699997660035,1583.9074963694306
AFC,2011-06,7.338868529574647,7.309704301990627,7.367627741457342,1539.1994113486148,1494.7351360901748,1583.8719690091584
AFC,2011-07,7.338858514307731,7.309666245214409,7.367582074512825,1539.183977184065,1494.6782520028407,1583.7996400843235
AFC,2011-08,7.338846709915786,7.309627282379723,7.36758463929592,1539.165790049303,1494.6200158931133,1583.8037021683424
AFC,2011-09,7.33883305502888,7.309587376867147,7.367563379407732,1539.1447554854867,1494.5603731902595,1583.7700310687694
AFC,2011-10,7.33881748827708,7.309546492057253,7.367541083562995,1539.1207790572262,1494.4992693361517,1583.7347200422428
AFC,2011-11,7.338799948290452,7.309504591330618,7.367517715676917,1539.0937663553846,1494.4366497857989,1583.6977120350527
AFC,2011-12,7.338780373699061,7.3094620436111235,7.367493239664704,1539.0636229999718,1494.3730659646103,1583.6589500057719
AFC,2012-01,7.338758703132973,7.309419974734406,7.367467619441565,1539.030254643137,1494.3102002659198,1583.618376926087
AFC,2012-02,7.338734875222253,7.309376665821511,7.367440818922707,1538.9935669722515,1494.2454845604068,1583.5759357816403
AFC,2012-03,7.338708828596968,7.309376688856166,7.367412802023337,1538.953465713093,1494.245519064996,1583.5315695729173
AFC,2012-04,7.338680501887185,7.309340595807733,7.367383532658664,1538.909856633117,1494.1915882151031,1583.4852213161373
AFC,2012-05,7.338649833722967,7.309275496701803,7.3673517030402,1538.862645544829,1494.0943207824587,1583.4348201750104
AFC,2012-06,7.338616762734385,7.30920791217832,7.367317789230476,1538.8117383092488,1493.993346495184,1583.3811205302077
AFC,2012-07,7.3385812275515,7.30914814001681,7.367282733032516,1538.7570408394683,1493.9040499251532,1583.3256140845087
AFC,2012-08,7.338543166804381,7.309115913121817,7.367213427083008,1538.6984591043051,1493.8559068789345,1583.2158840509612
AFC,2012-09,7.3385025191230895,7.309083037544953,7.367173518769515,1538.6358991320485,1493.8067964058253,1583.1527018502413
AFC,2012-10,7.338459223137697,7.3090489252620126,7.367143102246835,1538.5692670143019,1493.7558402498316,1583.1045485638729
AFC,2012-11,7.3384132429197155,7.309013705589207,7.367112790202371,1538.4985080571576,1493.7032317364599,1583.0565621371154
AFC,2012-12,7.338364644306452,7.308977884670488,7.367072345804658,1538.4237242092715,1493.6497269463275,1582.9925376358055
AFC,2013-01,7.338313518576662,7.3089272421094025,7.3669823897074656,1538.3450565889848,1493.5740865897512,1582.850144334449
AFC,2013-02,7.338259957009102,7.308844208113047,7.366888433349961,1538.2626463277627,1493.4500740724302,1582.7014325764314
AFC,2013-03,7.338204050882529,7.308758768740616,7.36679214768557,1538.1766345650003,1493.3224799277377,1582.5490485441217
AFC,2013-04,7.338145891475697,7.30867104136696,7.366701205825335,1538.0871624430163,1493.1914803309605,1582.4051350756072
AFC,2013-05,7.338085570067364,7.308587565297052,7.366606243367011,1537.99437110222,1493.0668397604147,1582.2548730793255
AFC,2013-06,7.338023177936284,7.308521473572123,7.366505359460804,1537.8984016764769,1492.9681637022256,1582.095257047725
AFC,2013-07,7.337958806361214,7.308452500171189,7.366398765203124,1537.7993952886532,1492.8651922548772,1581.9266237497852
AFC,2013-08,7.337892546620909,7.308382097536551,7.366286671690374,1537.6974930463423,1492.7600943032385,1581.7493099717396
AFC,2013-09,7.337824489994125,7.308309047643894,7.366204737532319,1537.5928360377836,1492.6510523053369,1581.6197158629811
AFC,2013-10,7.337754727759618,7.3082334681388685,7.3661137652930435,1537.4855653279635,1492.538242718969,1581.4758389676563
AFC,2013-11,7.337683351196145,7.3081554766671255,7.366000892346885,1537.3758219549,1492.4218419789165,1581.2973433701818
AFC,2013-12,7.337610451582461,7.308075190874316,7.365917677918723,1537.263746926114,1492.3020264925349,1581.1657619278535
AFC,2014-01,7.3375361201973215,7.307992728406091,7.3658430088052445,1537.1494812152907,1492.1789726355464,1581.0477020352314
AFC,2014-02,7.337460448319484,7.307917363963402,7.365757187172459,1537.0331657591169,1492.06651961967,1580.912019950447
AFC,2014-03,7.3373835272277015,7.307886503548344,7.365678810980628,1536.9149414543112,1492.020474630801,1580.7881192231516
AFC,2014-04,7.337305448200731,7.307796175973632,7.365606998124067,1536.794949154837,1491.8857100332943,1580.6746026767003
AFC,2014-05,7.3372263025173305,7.307730469375148,7.365549029208568,1536.673329669301,1491.7876866283304,1580.582975478067
AFC,2014-06,7.337146181456253,7.307601151750135,7.365490494710639,1536.5502237585347,1491.5947845837718,1580.4904596767392
AFC,2014-07,7.337065176296257,7.3074905430136825,7.36543146886438,1536.4257721333668,1491.429810307019,1580.3971727438154
AFC,2014-08,7.336983378316096,7.307358416471025,7.365378403416925,1536.300115452571,1491.232765835644,1580.313310472594
AFC,2014-09,7.336900878794528,7.307262972717313,7.365347667952275,1536.1733943210081,1491.0904437503314,1580.2647392306785
AFC,2014-10,7.336817769010307,7.307161831151192,7.365316525514792,1536.0457492879486,1490.9396403030014,1580.2155264136363
AFC,2014-11,7.33673414024219,7.3070867032043605,7.365284845703641,1535.9173208455786,1490.8276331441145,1580.1654660209047
AFC,2014-12,7.336650083768933,7.307003043878536,7.365252575528446,1535.7882494276912,1490.702916762923,1580.1144744361582
AFC,2015-01,7.336565690869291,7.306864797175667,7.365220026206107,1535.6586754085647,1490.496846197862,1580.0630435502262
AFC,2015-02,7.336481052822021,7.306760746202168,7.365148998032186,1535.5287391020222,1490.341766768957,1579.9508185438578
AFC,2015-03,7.336396260905876,7.306656113947077,7.365076707801364,1535.3985807606746,1490.1858374570988,1579.8366076782002
AFC,2015-04,7.336311406399616,7.306552701721439,7.365001242609644,1535.2683405753507,1490.0317421711673,1579.7173894879816
AFC,2015-05,7.336226580581995,7.306430367519967,7.364906741078215,1535.1381586747073,1489.849471020631,1579.5681108476947
AFC,2015-06,7.336141874731768,7.306244872216698,7.364854928188354,1535.0081751250257,1489.5731363434284,1579.4862709924969
AFC,2015-07,7.336057380127693,7.306036050283515,7.364806310092637,1534.8785299301912,1489.262113293223,1579.4094812129686
AFC,2015-08,7.335973188048524,7.305917450310012,7.364730048380383,1534.7493630318538,1489.0854975323555,1579.2890373856787
AFC,2015-09,7.335889389773017,7.305897557780294,7.3646523923697735,1534.6208143097736,1489.0558784155457,1579.166401014086
AFC,2015-10,7.335806076579929,7.305828061101696,7.364569674142067,1534.4930235823495,1488.952398203725,1579.0357804201003
AFC,2015-11,7.335723339748016,7.305679454710166,7.364485825133864,1534.3661306073307,1488.7311442465077,1578.9033853342544
AFC,2015-12,7.3356412705560325,7.305569393295863,7.364428507518779,1534.2402750827075,1488.5673008923509,1578.8128890448288
AFC,2016-01,7.335559960282735,7.305574226081338,7.364334066412712,1534.115596647791,1488.574496288011,1578.6637912157112
AFC,2016-02,7.33547950020688,7.305522003488523,7.3642618464735285,1533.9922348844684,1488.496762815163,1578.5497844080223
AFC,2016-03,7.335399981607223,7.3054252784431775,7.364190281159908,1533.8703293186443,1488.3527938089012,1578.436819153242
AFC,2016-04,7.335321495762519,7.305329586157827,7.364119476194778,1533.7500194218644,1488.2103758876744,1578.32506209605
AFC,2016-05,7.335244133951525,7.305219355681918,7.364049537301068,1533.6314446131173,1488.0463379903001,1578.214679836227
AFC,2016-06,7.335167987452996,7.305063319936151,7.363980570201702,1533.5147442608238,1487.8141671800795,1578.105838930015
AFC,2016-07,7.335093147545688,7.304923830116631,7.363912680619608,1533.400057685003,1487.6066467803084,1577.9987058916452
AFC,2016-08,7.335019705508358,7.3048424900669895,7.363845974277715,1533.2875241596214,1487.485649814883,1577.8934471950463
AFC,2016-09,7.334947752619761,7.304802900810607,7.3638067534913585,1533.177282915124,1487.4267635918563,1577.8315621248337
AFC,2016-10,7.3348773801586535,7.304761376505867,7.363771002172385,1533.0694731411486,1487.3650024202427,1577.775153066873
AFC,2016-11,7.334808679403792,7.304673053914682,7.363735670973725,1532.9642339894162,1487.233640391687,1577.7194086941315
AFC,2016-12,7.334741741633929,7.304587663155726,7.363688764868769,1532.861704576807,1487.1066494977097,1577.6454056005412
AFC,2017-01,7.334676658127822,7.3045044018462635,7.363662473778346,1532.7620239886182,1486.9828358952257,1577.6039281283067
AFC,2017-02,7.33461352016423,7.304423390402592,7.363512939206189,1532.6653312819988,1486.8623778380993,1577.3680402625746
AFC,2017-03,7.334552419021906,7.304347652606037,7.3634146027141885,1532.5717654895673,1486.7497692537077,1577.2129362214437
AFC,2017-04,7.334493445979606,7.304274351892059,7.36336182025352,1532.4814656232143,1486.640792664169,1577.1296899368845
AFC,2017-05,7.334436692316087,7.304203505053813,7.363311213546001,1532.3945706780794,1486.5354722383381,1577.0498794365856
AFC,2017-06,7.334382249310102,7.304169969188325,7.363262887916248,1532.3112196367151,1486.4856208362896,1576.973670299519
AFC,2017-07,7.33433020824041,7.304094618069306,7.3632169486888746,1532.2315514734275,1486.373616684632,1576.901228096141
AFC,2017-08,7.334280660385766,7.304018276793163,7.3631735011884984,1532.1557051588018,1486.260149336872,1576.8327183922504
AFC,2017-09,7.334233697024927,7.303947023678724,7.363132650739734,1532.083819664406,1486.1542524348872,1576.7683067530052
AFC,2017-10,7.334189409436646,7.303881050223888,7.363093507971625,1532.0160339676793,1486.0562089343896,1576.706589660777
AFC,2017-11,7.334147888899681,7.303820547926555,7.36305709949775,1531.9524870569976,1485.9663018384256,1576.6491860024444
AFC,2017-12,7.334109226692788,7.303764855687923,7.363023652152886,1531.8933179369237,1485.883547358007,1576.596453024638
AFC,2018-01,7.3340735140947215,7.303716722795989,7.362993273557134,1531.838665633641,1485.8120292018407,1576.548559934865
AFC,2018-02,7.334040842384238,7.303684861032929,7.362966071330596,1531.7886692005627,1485.7646893697693,1576.5056759641031
AFC,2018-03,7.334011302840094,7.303670186553496,7.362942153093374,1531.743467724129,1485.74288674331,1576.4679703721004
AFC,2018-04,7.3339849867410445,7.303660400166073,7.362921626465571,1531.7032003297854,1485.7283468258443,1576.435612452861
AFC,2018-05,7.333961985365847,7.303655622977758,7.362904599067287,1531.6680061881416,1485.7212493272361,1576.4087715402989
AFC,2018-06,7.333942389993255,7.303655976095643,7.362891178518625,1531.6380245213138,1485.7217740642423,1576.3876170140936
AFC,2018-07,7.333926291902026,7.303661879756491,7.3628814654414265,1531.613394609453,1485.730545351661,1576.3723072661994
AFC,2018-08,7.3339137823709155,7.303673521583043,7.362874873742437,1531.594255797452,1485.7478420696118,1576.3619174547641
AFC,2018-09,7.33390495267868,7.30369051170405,7.362872108356823,1531.5807475018398,1485.7730853250507,1576.3575593388575
AFC,2018-10,7.333899894104075,7.303666680405938,7.362873275007514,1531.5730092178592,1485.7376775837681,1576.359399521472
AFC,2018-11,7.333898697925854,7.303639069527026,7.362877753798522,1531.5711805267279,1485.6966555423646,1576.3664599661452
AFC,2018-12,7.333901455422776,7.303669032317971,7.362884673962295,1531.5754011030851,1485.7411718694007,1576.3773669381592
AFC,2019-01,7.333908257873596,7.30370505179222,7.362895978910802,1531.5858107226259,1485.7946884429984,1576.3951863066545
AFC,2019-02,7.33391919655707,7.303746423862815,7.362911778570193,1531.6025492699164,1485.8561601029166,1576.4200915853705
AFC,2019-03,7.333934362751954,7.303793263634562,7.362932182866609,1531.6257567464013,1485.9257588772039,1576.4522563935848
AFC,2019-04,7.333953847737003,7.303832200138755,7.362957301726199,1531.6555732785937,1485.9836167348221,1576.4918544640923
AFC,2019-05,7.333977742790974,7.303901053337568,7.362987245075107,1531.6921391264545,1486.0859350811154,1576.5390596513728
AFC,2019-06,7.3340061391926215,7.303962474852123,7.363022122839481,1531.7355946919615,1486.1772156814188,1576.5940459399553
AFC,2019-07,7.334039128220703,7.303993835765032,7.3630604916694775,1531.786080527864,1486.2238242284263,1576.6545370897638
AFC,2019-08,7.334076801153973,7.304004858061569,7.3631026098737395,1531.843737346629,1486.2402057643046,1576.7209414269785
AFC,2019-09,7.334119249271189,7.304034016163625,7.363147520267439,1531.9087060295794,1486.283542311085,1576.7917501966294
AFC,2019-10,7.3341665061717665,7.304143689250529,7.3631967641616916,1531.9810393595453,1486.4465566084095,1576.8693962255966
AFC,2019-11,7.334218374737777,7.304243770110616,7.363250680629782,1532.0604371426646,1486.5953288447313,1576.9544158341525
AFC,2019-12,7.33427460017195,7.304406113090482,7.363278445958369,1532.1465109316018,1486.8366871534147,1576.9982006797338
AFC,2020-01,7.334334927677017,7.304547189036255,7.3632066776882334,1532.2388722655755,1487.0464588287841,1576.8850275183386
AFC,2020-02,7.334399102455709,7.304591311314754,7.363233370774577,1532.3371326478114,1487.1120718848838,1576.9271202080245
AFC,2020-03,7.334466869710757,7.304640844549183,7.363312005882675,1532.4409035244203,1487.1857351451908,1577.0511257349972
AFC,2020-04,7.334537974644891,7.304703185592235,7.363369048862396,1532.5497962647114,1487.2784506583562,1577.1410877485387
AFC,2020-05,7.334612162460843,7.304871106756424,7.3634775661003875,1532.6634221429376,1487.5282172528332,1577.3122440169232
AFC,2020-06,7.3346891783613435,7.30509615223478,7.363564054598955,1532.781392321471,1487.86301714763,1577.448669409143
AFC,2020-07,7.334768767549125,7.305138963960915,7.36366239450251,1532.9033178354105,1487.926715780317,1577.6038031362257
AFC,2020-08,7.334850675226916,7.305223089843353,7.363775314106823,1533.0288095786245,1488.0518943388583,1577.7819555272463
AFC,2020-09,7.334934646597449,7.3053638410677095,7.36381537664647,1533.1574782912237,1488.2613549985588,1577.8451669323854
AFC,2020-10,7.335020426863455,7.305519012733217,7.363891727860276,1533.2889345484705,1488.4923079674888,1577.9656417252515
AFC,2020-11,7.335107761227665,7.305672530196269,7.363924981165907,1533.422788751121,1488.720835032952,1578.018115251838
AFC,2020-12,7.33519639489281,7.305799981567828,7.363947392002639,1533.5586511172098,1488.9105875657326,1578.0534806920216
AFC,2021-01,7.335286073061619,7.30582585851074,7.3639703650858195,1533.6961316752606,1488.9491166021082,1578.0897344229288
AFC,2021-02,7.335376540936826,7.305859810475408,7.364094029057414,1533.8348402589486,1488.99966915065,1578.284898799105
AFC,2021-03,7.335467543721161,7.306014653163102,7.3642626417358645,1533.974386503194,1489.2302477208868,1578.5510396321893
AFC,2021-04,7.335558826617353,7.306161499078233,7.364323151714534,1534.1143798417006,1489.4489511300594,1578.6465606192303
AFC,2021-05,7.335650134828136,7.306310553095546,7.3644932666933025,1534.2544295059379,1489.6709762375656,1578.915134991835
AFC,2021-06,7.335741213556239,7.306398640822837,7.364669473053915,1534.394144525565,1489.8022035991903,1579.1933747481053
AFC,2021-07,7.335831808004395,7.306487164979625,7.364768558820759,1534.533133730302,1489.9340928902577,1579.3498578289884
AFC,2021-08,7.3359216633753315,7.30657245294818,7.364996097894233,1534.6710057532512,1490.0611721776615,1579.70926232941
AFC,2021-09,7.336010524871783,7.306664318123655,7.365166677724978,1534.807369035661,1490.1980630329783,1579.978751868146
AFC,2021-10,7.336098137696479,7.306760042342694,7.3652539879298455,1534.9418318331452,1490.3407176272847,1580.1167065700497
AFC,2021-11,7.336184247052151,7.30684778921082,7.365335080643754,1535.0740022233524,1490.4714965818741,1580.244847841198
AFC,2021-12,7.336268598141529,7.306938684634738,7.365412798594458,1535.2034881150864,1490.606980402545,1580.3676661283328
AFC,2022-01,7.336350936167344,7.307032358910128,7.365486807632401,1535.3298972588814,1490.7466187320258,1580.4846320649742
AFC,2022-02,7.336431006332329,7.307126602210838,7.365575942512345,1535.4528372590325,1490.887118543506,1580.6255145372575
AFC,2022-03,7.336508553839212,7.307226427994237,7.365742907360812,1535.5719155870797,1491.0359539301642,1580.8894448260698
AFC,2022-04,7.336583323890727,7.307327835667589,7.365847455820839,1535.6867395967504,1491.1871634501977,1581.054733124993
AFC,2022-05,7.336655061689602,7.307421341609333,7.365911881171766,1535.7969165403576,1491.3266050796956,1581.1565972968601
AFC,2022-06,7.336723512438572,7.307516238483051,7.365963301401528,1535.902053586656,1491.4681342632175,1581.2379027060788
AFC,2022-07,7.336788421340363,7.307615218082279,7.366005782665933,1536.0017578401519,1491.6157661390662,1581.305076784196
AFC,2022-08,7.336849533597709,7.307698667133636,7.366040384881634,1536.0956363618761,1491.740245080587,1581.3597941891705
AFC,2022-09,7.336906594413342,7.3077084308311635,7.366066693261184,1536.183296191609,1491.7548100572137,1581.4013976425053
AFC,2022-10,7.336959348989989,7.307718474958117,7.3660842930171375,1536.2643443715638,1491.7697934996224,1581.4292301256492
AFC,2022-11,7.337007542530386,7.307822425766742,7.366092769362049,1536.3383879715266,1491.9248725936404,1581.442634938502
AFC,2022-12,7.337050920237259,7.30788819142192,7.366091707508473,1536.4050341154452,1492.0229938059654,1581.4409557607644
AFC,2023-01,7.337089227313343,7.30792091066946,7.366192657539718,1536.463890009481,1492.0718119480823,1581.6006100073853
AFC,2023-02,7.337122208961367,7.307953641113185,7.36620808471002,1536.5145629715012,1492.120648519303,1581.6250104349972
AFC,2023-03,7.337149610384063,7.308070735631285,7.366222555713279,1536.5566604620265,1492.2953782303669,1581.6478996895612
AFC,2023-04,7.337171176784161,7.308001690093864,7.36623602646771,1536.5897901166259,1492.1923451179023,1581.669207734755
AFC,2023-05,7.337186653364394,7.307946128050557,7.366248452891525,1536.6135597797515,1492.109438301943,1581.6888645449383
AFC,2023-06,7.337195785327489,7.307889710609761,7.366302425422936,1536.6275775400186,1492.0252595493423,1581.7742353409285
AFC,2023-07,7.337198317876181,7.307924027393548,7.366342085544514,1536.6314517669184,1492.076461933604,1581.8369693791492
AFC,2023-08,7.337193996213198,7.307949697428781,7.36636138309771,1536.624791148968,1492.1147640778931,1581.8674929901304
AFC,2023-09,7.337182565541273,7.307979155645742,7.366363215763313,1536.607204733287,1492.1587197755402,1581.8703903879405
AFC,2023-10,7.337163771063137,7.307969348125956,7.366346412767406,1536.5783019665992,1492.1440854615066,1581.8438091802088
AFC,2023-11,7.33713735798152,7.30798089783938,7.366311005292553,1536.5376927376506,1492.1613194140077,1581.7878003475912
AFC,2023-12,7.337103071499154,7.307976846341975,7.366273431619794,1536.4849874210443,1492.155273969322,1581.7283675119206
AFC,2024-01,7.3370606568187675,7.307866647117009,7.366184745926224,1536.419796922476,1491.9908489310326,1581.588097115111
AFC,2024-02,7.337009859143095,7.307685101378234,7.366090508170832,1536.3417327253758,1491.7200086485075,1581.4390587565947
AFC,2024-03,7.336950423674866,7.3076560677792495,7.365975205197209,1536.250406938936,1491.676701177985,1581.2567246299793
AFC,2024-04,7.336882095616809,7.307611926516071,7.365831305513698,1536.1454323475293,1491.6108609420553,1581.029198660824
AFC,2024-05,7.336804620171659,7.307343330306922,7.365668778678062,1536.0264224614943,1491.2102692984724,1580.7722598675332
AFC,2024-06,7.336717742542145,7.307229638083677,7.365438085729885,1535.8929915692986,1491.0407404899383,1580.4076290547068
AFC,2024-07,7.336621207930999,7.3072085379560745,7.365326470575921,1535.7447547910504,1491.0092788168965,1580.231241400104
AFC,2024-08,7.33651476154095,7.307050563292128,7.365297189743672,1535.5813281333608,1490.7737560460973,1580.1849715770813
AFC,2024-09,7.336398148574731,7.306874356369894,7.36521304128161,1535.402328545541,1490.5110957962454,1580.0520076859154
AFC,2024-10,7.336271114235073,7.306689374424701,7.365100338215265,1535.2073739771265,1490.235406155777,1579.8739402965844
AFC,2024-11,7.336133403724705,7.3064954357546865,7.365016503864375,1534.99608343671,1489.9464239838708,1579.7414981460024
AFC,2024-12,7.335984762246358,7.3063016183462395,7.365003092475536,1534.7680770520758,1489.6576733584657,1579.7203117817785
AFC,2025-01,7.3358249350027664,7.306100456607545,7.364868802226109,1534.5229761316236,1489.3580396297255,1579.5081861692718
AFC,2025-02,7.3356536671966595,7.305854378839485,7.364762785834405,1534.2604032270579,1488.9915834837652,1579.3407400963006
AFC,2025-03,7.335470704030766,7.305517224561414,7.364520548015289,1533.9799821973395,1488.4896462685313,1578.958211104924
AFC,2025-04,7.335275790707819,7.305399468672038,7.364422366333779,1533.6813382738806,1488.3143795280535,1578.8031932206727
AFC,2025-05,7.335068672430551,7.305203555591854,7.364185148147872,1533.3640981269582,1488.0228277733406,1578.428717691992
AFC,2025-06,7.334849094401688,7.304904659215305,7.363996033975959,1533.027889933342,1487.5781284720254,1578.1302432752177
AFC,2025-07,7.334616801823967,7.304699538390534,7.363959866500226,1532.6723434451164,1487.273026273725,1578.0731660095223
AFC,2025-08,7.334371539900116,7.304369866791888,7.363780233923462,1532.2970900596627,1486.782796227883,1577.7897193249598
AFC,2025-09,7.334113053832864,7.3040103847673885,7.363654839567136,1531.9017628908066,1486.2484197822928,1577.591884501834
AFC,2025-10,7.333841088824945,7.303864752886089,7.363353409320219,1531.4859968410976,1486.031990371162,1577.1164225767989
AFC,2025-11,7.33355539007909,7.303574042487095,7.363006262895783,1531.049428675192,1485.6000482089066,1576.5690313172277
AFC,2025-12,7.333255702798028,7.303253143198326,7.363180275162567,1530.5916970943372,1485.1233967081234,1576.8433931776622
AFC,2026-01,7.332941772184492,7.302885624994878,7.363021236731757,1530.112442811922,1484.5776874116484,1576.592634385217
AFC,2026-02,7.3326133434412135,7.302588097104802,7.362809585351683,1529.6113086300677,1484.1360495286654,1576.2589850993702
AFC,2026-03,7.332270161770918,7.302257558177913,7.3625815157163474,1529.0879395172456,1483.6455658575428,1575.8995343069384
AFC,2026-04,7.331911972376344,7.301922749059821,7.362330171527951,1528.5419826868972,1483.1489109439522,1575.503489222115
AFC,2026-05,7.331538520460219,7.301303024899344,7.362048423255722,1527.9730876770097,1482.2300524835405,1575.0596495368798
AFC,2026-06,7.331149551225272,7.300622671396254,7.36182938598732,1527.380906430651,1481.2219550469006,1574.7146907051424
AFC,2026-07,7.330744809874237,7.299982672023321,7.361489473501594,1526.7650933774232,1480.274277209154,1574.1795164417729
AFC,2026-08,7.3303240416098445,7.299152349656469,7.361188519356949,1526.125305515794,1479.0456828071813,1573.705831805342
